ISO-10303-21;
HEADER;
FILE_DESCRIPTION(('Open CASCADE Model'),'2;1');
FILE_NAME('Open CASCADE Shape Model','2026-09-24T11:07:15',('Author'),(
    'Open CASCADE'),'Open CASCADE STEP processor 7.9','Open CASCADE 7.9'
  ,'Unknown');
FILE_SCHEMA(('AUTOMOTIVE_DESIGN { 1 0 10303 214 1 1 1 1 }'));
ENDSEC;
DATA;
#1 = APPLICATION_PROTOCOL_DEFINITION('international standard',
  'automotive_design',2000,#2);
#2 = APPLICATION_CONTEXT(
  'core data for automotive mechanical design processes');
#3 = SHAPE_DEFINITION_REPRESENTATION(#4,#10);
#4 = PRODUCT_DEFINITION_SHAPE('','',#5);
#5 = PRODUCT_DEFINITION('design','',#6,#9);
#6 = PRODUCT_DEFINITION_FORMATION('','',#7);
#7 = PRODUCT('Open CASCADE STEP translator 7.9 5',
  'Open CASCADE STEP translator 7.9 5','',(#8));
#8 = PRODUCT_CONTEXT('',#2,'mechanical');
#9 = PRODUCT_DEFINITION_CONTEXT('part definition',#2,'design');
#10 = SHAPE_REPRESENTATION('',(#11,#15,#19,#23),#27);
#11 = AXIS2_PLACEMENT_3D('',#12,#13,#14);
#12 = CARTESIAN_POINT('',(0.,0.,0.));
#13 = DIRECTION('',(0.,0.,1.));
#14 = DIRECTION('',(1.,0.,-0.));
#15 = AXIS2_PLACEMENT_3D('',#16,#17,#18);
#16 = CARTESIAN_POINT('',(0.,0.,0.));
#17 = DIRECTION('',(0.,0.,1.));
#18 = DIRECTION('',(1.,0.,-0.));
#19 = AXIS2_PLACEMENT_3D('',#20,#21,#22);
#20 = CARTESIAN_POINT('',(0.,0.,0.));
#21 = DIRECTION('',(0.,0.,1.));
#22 = DIRECTION('',(1.,0.,-0.));
#23 = AXIS2_PLACEMENT_3D('',#24,#25,#26);
#24 = CARTESIAN_POINT('',(0.,0.,0.));
#25 = DIRECTION('',(0.,0.,1.));
#26 = DIRECTION('',(1.,0.,-0.));
#27 = ( GEOMETRIC_REPRESENTATION_CONTEXT(3) 
GLOBAL_UNCERTAINTY_ASSIGNED_CONTEXT((#31)) GLOBAL_UNIT_ASSIGNED_CONTEXT(
(#28,#29,#30)) REPRESENTATION_CONTEXT('Context #1',
  '3D Context with UNIT and UNCERTAINTY') );
#28 = ( LENGTH_UNIT() NAMED_UNIT(*) SI_UNIT(.MILLI.,.METRE.) );
#29 = ( NAMED_UNIT(*) PLANE_ANGLE_UNIT() SI_UNIT($,.RADIAN.) );
#30 = ( NAMED_UNIT(*) SI_UNIT($,.STERADIAN.) SOLID_ANGLE_UNIT() );
#31 = UNCERTAINTY_MEASURE_WITH_UNIT(LENGTH_MEASURE(1.E-06),#28,
  'distance_accuracy_value','confusion accuracy');
#32 = PRODUCT_RELATED_PRODUCT_CATEGORY('part',$,(#7));
#33 = SHAPE_DEFINITION_REPRESENTATION(#34,#40);
#34 = PRODUCT_DEFINITION_SHAPE('','',#35);
#35 = PRODUCT_DEFINITION('design','',#36,#39);
#36 = PRODUCT_DEFINITION_FORMATION('','',#37);
#37 = PRODUCT('Open CASCADE STEP translator 7.9 5.1',
  'Open CASCADE STEP translator 7.9 5.1','',(#38));
#38 = PRODUCT_CONTEXT('',#2,'mechanical');
#39 = PRODUCT_DEFINITION_CONTEXT('part definition',#2,'design');
#40 = ADVANCED_BREP_SHAPE_REPRESENTATION('',(#11,#41),#5157);
#41 = MANIFOLD_SOLID_BREP('',#42);
#42 = CLOSED_SHELL('',(#43,#163,#698,#748,#802,#1051,#1206,#1308,#1357,
    #1432,#1459,#1486,#1513,#1520,#1962,#2009,#2056,#2416,#2858,#2905,
    #2952,#3312,#3364,#3416,#3468,#3520,#3792,#3818,#3845,#3851,#4030,
    #4057,#4084,#4111,#4138,#4202,#4235,#4293,#4320,#4327,#4354,#4381,
    #4445,#4478,#4536,#4563,#4570,#4625,#4680,#4735,#4790,#4817,#4844,
    #4851,#4878,#4905,#4960,#5015,#5070,#5125,#5129,#5133,#5137,#5141,
    #5145,#5149,#5153));
#43 = ADVANCED_FACE('',(#44),#58,.F.);
#44 = FACE_BOUND('',#45,.F.);
#45 = EDGE_LOOP('',(#46,#81,#109,#137));
#46 = ORIENTED_EDGE('',*,*,#47,.F.);
#47 = EDGE_CURVE('',#48,#50,#52,.T.);
#48 = VERTEX_POINT('',#49);
#49 = CARTESIAN_POINT('',(-34.,-20.,8.));
#50 = VERTEX_POINT('',#51);
#51 = CARTESIAN_POINT('',(-34.,20.,8.));
#52 = SURFACE_CURVE('',#53,(#57,#69),.PCURVE_S1.);
#53 = LINE('',#54,#55);
#54 = CARTESIAN_POINT('',(-34.,-23.,8.));
#55 = VECTOR('',#56,1.);
#56 = DIRECTION('',(0.,1.,0.));
#57 = PCURVE('',#58,#63);
#58 = PLANE('',#59);
#59 = AXIS2_PLACEMENT_3D('',#60,#61,#62);
#60 = CARTESIAN_POINT('',(-34.,-23.,0.));
#61 = DIRECTION('',(1.,0.,0.));
#62 = DIRECTION('',(0.,0.,1.));
#63 = DEFINITIONAL_REPRESENTATION('',(#64),#68);
#64 = LINE('',#65,#66);
#65 = CARTESIAN_POINT('',(8.,0.));
#66 = VECTOR('',#67,1.);
#67 = DIRECTION('',(0.,-1.));
#68 = ( GEOMETRIC_REPRESENTATION_CONTEXT(2) 
PARAMETRIC_REPRESENTATION_CONTEXT() REPRESENTATION_CONTEXT('2D SPACE',''
  ) );
#69 = PCURVE('',#70,#75);
#70 = PLANE('',#71);
#71 = AXIS2_PLACEMENT_3D('',#72,#73,#74);
#72 = CARTESIAN_POINT('',(-34.,-23.,8.));
#73 = DIRECTION('',(0.,0.,1.));
#74 = DIRECTION('',(1.,0.,0.));
#75 = DEFINITIONAL_REPRESENTATION('',(#76),#80);
#76 = LINE('',#77,#78);
#77 = CARTESIAN_POINT('',(0.,0.));
#78 = VECTOR('',#79,1.);
#79 = DIRECTION('',(0.,1.));
#80 = ( GEOMETRIC_REPRESENTATION_CONTEXT(2) 
PARAMETRIC_REPRESENTATION_CONTEXT() REPRESENTATION_CONTEXT('2D SPACE',''
  ) );
#81 = ORIENTED_EDGE('',*,*,#82,.F.);
#82 = EDGE_CURVE('',#83,#48,#85,.T.);
#83 = VERTEX_POINT('',#84);
#84 = CARTESIAN_POINT('',(-34.,-20.,0.));
#85 = SURFACE_CURVE('',#86,(#90,#97),.PCURVE_S1.);
#86 = LINE('',#87,#88);
#87 = CARTESIAN_POINT('',(-34.,-20.,0.));
#88 = VECTOR('',#89,1.);
#89 = DIRECTION('',(0.,0.,1.));
#90 = PCURVE('',#58,#91);
#91 = DEFINITIONAL_REPRESENTATION('',(#92),#96);
#92 = LINE('',#93,#94);
#93 = CARTESIAN_POINT('',(0.,-3.));
#94 = VECTOR('',#95,1.);
#95 = DIRECTION('',(1.,0.));
#96 = ( GEOMETRIC_REPRESENTATION_CONTEXT(2) 
PARAMETRIC_REPRESENTATION_CONTEXT() REPRESENTATION_CONTEXT('2D SPACE',''
  ) );
#97 = PCURVE('',#98,#103);
#98 = CYLINDRICAL_SURFACE('',#99,3.);
#99 = AXIS2_PLACEMENT_3D('',#100,#101,#102);
#100 = CARTESIAN_POINT('',(-31.,-20.,0.));
#101 = DIRECTION('',(0.,0.,1.));
#102 = DIRECTION('',(-1.,-0.,0.));
#103 = DEFINITIONAL_REPRESENTATION('',(#104),#108);
#104 = LINE('',#105,#106);
#105 = CARTESIAN_POINT('',(0.,0.));
#106 = VECTOR('',#107,1.);
#107 = DIRECTION('',(0.,1.));
#108 = ( GEOMETRIC_REPRESENTATION_CONTEXT(2) 
PARAMETRIC_REPRESENTATION_CONTEXT() REPRESENTATION_CONTEXT('2D SPACE',''
  ) );
#109 = ORIENTED_EDGE('',*,*,#110,.T.);
#110 = EDGE_CURVE('',#83,#111,#113,.T.);
#111 = VERTEX_POINT('',#112);
#112 = CARTESIAN_POINT('',(-34.,20.,0.));
#113 = SURFACE_CURVE('',#114,(#118,#125),.PCURVE_S1.);
#114 = LINE('',#115,#116);
#115 = CARTESIAN_POINT('',(-34.,-23.,0.));
#116 = VECTOR('',#117,1.);
#117 = DIRECTION('',(0.,1.,0.));
#118 = PCURVE('',#58,#119);
#119 = DEFINITIONAL_REPRESENTATION('',(#120),#124);
#120 = LINE('',#121,#122);
#121 = CARTESIAN_POINT('',(0.,0.));
#122 = VECTOR('',#123,1.);
#123 = DIRECTION('',(0.,-1.));
#124 = ( GEOMETRIC_REPRESENTATION_CONTEXT(2) 
PARAMETRIC_REPRESENTATION_CONTEXT() REPRESENTATION_CONTEXT('2D SPACE',''
  ) );
#125 = PCURVE('',#126,#131);
#126 = PLANE('',#127);
#127 = AXIS2_PLACEMENT_3D('',#128,#129,#130);
#128 = CARTESIAN_POINT('',(-34.,-23.,0.));
#129 = DIRECTION('',(0.,0.,1.));
#130 = DIRECTION('',(1.,0.,0.));
#131 = DEFINITIONAL_REPRESENTATION('',(#132),#136);
#132 = LINE('',#133,#134);
#133 = CARTESIAN_POINT('',(0.,0.));
#134 = VECTOR('',#135,1.);
#135 = DIRECTION('',(0.,1.));
#136 = ( GEOMETRIC_REPRESENTATION_CONTEXT(2) 
PARAMETRIC_REPRESENTATION_CONTEXT() REPRESENTATION_CONTEXT('2D SPACE',''
  ) );
#137 = ORIENTED_EDGE('',*,*,#138,.T.);
#138 = EDGE_CURVE('',#111,#50,#139,.T.);
#139 = SURFACE_CURVE('',#140,(#144,#151),.PCURVE_S1.);
#140 = LINE('',#141,#142);
#141 = CARTESIAN_POINT('',(-34.,20.,0.));
#142 = VECTOR('',#143,1.);
#143 = DIRECTION('',(0.,0.,1.));
#144 = PCURVE('',#58,#145);
#145 = DEFINITIONAL_REPRESENTATION('',(#146),#150);
#146 = LINE('',#147,#148);
#147 = CARTESIAN_POINT('',(0.,-43.));
#148 = VECTOR('',#149,1.);
#149 = DIRECTION('',(1.,0.));
#150 = ( GEOMETRIC_REPRESENTATION_CONTEXT(2) 
PARAMETRIC_REPRESENTATION_CONTEXT() REPRESENTATION_CONTEXT('2D SPACE',''
  ) );
#151 = PCURVE('',#152,#157);
#152 = CYLINDRICAL_SURFACE('',#153,3.);
#153 = AXIS2_PLACEMENT_3D('',#154,#155,#156);
#154 = CARTESIAN_POINT('',(-31.,20.,0.));
#155 = DIRECTION('',(0.,0.,1.));
#156 = DIRECTION('',(-1.,-0.,0.));
#157 = DEFINITIONAL_REPRESENTATION('',(#158),#162);
#158 = LINE('',#159,#160);
#159 = CARTESIAN_POINT('',(-0.,0.));
#160 = VECTOR('',#161,1.);
#161 = DIRECTION('',(-0.,1.));
#162 = ( GEOMETRIC_REPRESENTATION_CONTEXT(2) 
PARAMETRIC_REPRESENTATION_CONTEXT() REPRESENTATION_CONTEXT('2D SPACE',''
  ) );
#163 = ADVANCED_FACE('',(#164,#470,#584),#70,.T.);
#164 = FACE_BOUND('',#165,.T.);
#165 = EDGE_LOOP('',(#166,#167,#191,#219,#252,#280,#309,#337,#365,#393,
    #421,#444));
#166 = ORIENTED_EDGE('',*,*,#47,.F.);
#167 = ORIENTED_EDGE('',*,*,#168,.T.);
#168 = EDGE_CURVE('',#48,#169,#171,.T.);
#169 = VERTEX_POINT('',#170);
#170 = CARTESIAN_POINT('',(-31.,-23.,8.));
#171 = SURFACE_CURVE('',#172,(#177,#184),.PCURVE_S1.);
#172 = CIRCLE('',#173,3.);
#173 = AXIS2_PLACEMENT_3D('',#174,#175,#176);
#174 = CARTESIAN_POINT('',(-31.,-20.,8.));
#175 = DIRECTION('',(0.,0.,1.));
#176 = DIRECTION('',(0.,-1.,0.));
#177 = PCURVE('',#70,#178);
#178 = DEFINITIONAL_REPRESENTATION('',(#179),#183);
#179 = CIRCLE('',#180,3.);
#180 = AXIS2_PLACEMENT_2D('',#181,#182);
#181 = CARTESIAN_POINT('',(3.,3.));
#182 = DIRECTION('',(0.,-1.));
#183 = ( GEOMETRIC_REPRESENTATION_CONTEXT(2) 
PARAMETRIC_REPRESENTATION_CONTEXT() REPRESENTATION_CONTEXT('2D SPACE',''
  ) );
#184 = PCURVE('',#98,#185);
#185 = DEFINITIONAL_REPRESENTATION('',(#186),#190);
#186 = LINE('',#187,#188);
#187 = CARTESIAN_POINT('',(-4.712388980385,8.));
#188 = VECTOR('',#189,1.);
#189 = DIRECTION('',(1.,0.));
#190 = ( GEOMETRIC_REPRESENTATION_CONTEXT(2) 
PARAMETRIC_REPRESENTATION_CONTEXT() REPRESENTATION_CONTEXT('2D SPACE',''
  ) );
#191 = ORIENTED_EDGE('',*,*,#192,.T.);
#192 = EDGE_CURVE('',#169,#193,#195,.T.);
#193 = VERTEX_POINT('',#194);
#194 = CARTESIAN_POINT('',(31.,-23.,8.));
#195 = SURFACE_CURVE('',#196,(#200,#207),.PCURVE_S1.);
#196 = LINE('',#197,#198);
#197 = CARTESIAN_POINT('',(-34.,-23.,8.));
#198 = VECTOR('',#199,1.);
#199 = DIRECTION('',(1.,0.,0.));
#200 = PCURVE('',#70,#201);
#201 = DEFINITIONAL_REPRESENTATION('',(#202),#206);
#202 = LINE('',#203,#204);
#203 = CARTESIAN_POINT('',(0.,0.));
#204 = VECTOR('',#205,1.);
#205 = DIRECTION('',(1.,0.));
#206 = ( GEOMETRIC_REPRESENTATION_CONTEXT(2) 
PARAMETRIC_REPRESENTATION_CONTEXT() REPRESENTATION_CONTEXT('2D SPACE',''
  ) );
#207 = PCURVE('',#208,#213);
#208 = PLANE('',#209);
#209 = AXIS2_PLACEMENT_3D('',#210,#211,#212);
#210 = CARTESIAN_POINT('',(-34.,-23.,0.));
#211 = DIRECTION('',(0.,1.,0.));
#212 = DIRECTION('',(0.,0.,1.));
#213 = DEFINITIONAL_REPRESENTATION('',(#214),#218);
#214 = LINE('',#215,#216);
#215 = CARTESIAN_POINT('',(8.,0.));
#216 = VECTOR('',#217,1.);
#217 = DIRECTION('',(0.,1.));
#218 = ( GEOMETRIC_REPRESENTATION_CONTEXT(2) 
PARAMETRIC_REPRESENTATION_CONTEXT() REPRESENTATION_CONTEXT('2D SPACE',''
  ) );
#219 = ORIENTED_EDGE('',*,*,#220,.F.);
#220 = EDGE_CURVE('',#221,#193,#223,.T.);
#221 = VERTEX_POINT('',#222);
#222 = CARTESIAN_POINT('',(34.,-20.,8.));
#223 = SURFACE_CURVE('',#224,(#229,#240),.PCURVE_S1.);
#224 = CIRCLE('',#225,3.);
#225 = AXIS2_PLACEMENT_3D('',#226,#227,#228);
#226 = CARTESIAN_POINT('',(31.,-20.,8.));
#227 = DIRECTION('',(-0.,-0.,-1.));
#228 = DIRECTION('',(0.,-1.,0.));
#229 = PCURVE('',#70,#230);
#230 = DEFINITIONAL_REPRESENTATION('',(#231),#239);
#231 = ( BOUNDED_CURVE() B_SPLINE_CURVE(2,(#232,#233,#234,#235,#236,#237
,#238),.UNSPECIFIED.,.T.,.F.) B_SPLINE_CURVE_WITH_KNOTS((1,2,2,2,2,1),(
    -2.094395102393,0.,2.094395102393,4.188790204786,6.28318530718,
8.377580409573),.UNSPECIFIED.) CURVE() GEOMETRIC_REPRESENTATION_ITEM() 
RATIONAL_B_SPLINE_CURVE((1.,0.5,1.,0.5,1.,0.5,1.)) REPRESENTATION_ITEM(
  '') );
#232 = CARTESIAN_POINT('',(65.,0.));
#233 = CARTESIAN_POINT('',(59.803847577293,0.));
#234 = CARTESIAN_POINT('',(62.401923788647,4.5));
#235 = CARTESIAN_POINT('',(65.,9.));
#236 = CARTESIAN_POINT('',(67.598076211353,4.5));
#237 = CARTESIAN_POINT('',(70.196152422707,4.440892098501E-15));
#238 = CARTESIAN_POINT('',(65.,0.));
#239 = ( GEOMETRIC_REPRESENTATION_CONTEXT(2) 
PARAMETRIC_REPRESENTATION_CONTEXT() REPRESENTATION_CONTEXT('2D SPACE',''
  ) );
#240 = PCURVE('',#241,#246);
#241 = CYLINDRICAL_SURFACE('',#242,3.);
#242 = AXIS2_PLACEMENT_3D('',#243,#244,#245);
#243 = CARTESIAN_POINT('',(31.,-20.,0.));
#244 = DIRECTION('',(0.,0.,1.));
#245 = DIRECTION('',(1.,0.,-0.));
#246 = DEFINITIONAL_REPRESENTATION('',(#247),#251);
#247 = LINE('',#248,#249);
#248 = CARTESIAN_POINT('',(4.712388980385,8.));
#249 = VECTOR('',#250,1.);
#250 = DIRECTION('',(-1.,0.));
#251 = ( GEOMETRIC_REPRESENTATION_CONTEXT(2) 
PARAMETRIC_REPRESENTATION_CONTEXT() REPRESENTATION_CONTEXT('2D SPACE',''
  ) );
#252 = ORIENTED_EDGE('',*,*,#253,.T.);
#253 = EDGE_CURVE('',#221,#254,#256,.T.);
#254 = VERTEX_POINT('',#255);
#255 = CARTESIAN_POINT('',(34.,20.,8.));
#256 = SURFACE_CURVE('',#257,(#261,#268),.PCURVE_S1.);
#257 = LINE('',#258,#259);
#258 = CARTESIAN_POINT('',(34.,-23.,8.));
#259 = VECTOR('',#260,1.);
#260 = DIRECTION('',(0.,1.,0.));
#261 = PCURVE('',#70,#262);
#262 = DEFINITIONAL_REPRESENTATION('',(#263),#267);
#263 = LINE('',#264,#265);
#264 = CARTESIAN_POINT('',(68.,0.));
#265 = VECTOR('',#266,1.);
#266 = DIRECTION('',(0.,1.));
#267 = ( GEOMETRIC_REPRESENTATION_CONTEXT(2) 
PARAMETRIC_REPRESENTATION_CONTEXT() REPRESENTATION_CONTEXT('2D SPACE',''
  ) );
#268 = PCURVE('',#269,#274);
#269 = PLANE('',#270);
#270 = AXIS2_PLACEMENT_3D('',#271,#272,#273);
#271 = CARTESIAN_POINT('',(34.,-23.,0.));
#272 = DIRECTION('',(1.,0.,0.));
#273 = DIRECTION('',(0.,0.,1.));
#274 = DEFINITIONAL_REPRESENTATION('',(#275),#279);
#275 = LINE('',#276,#277);
#276 = CARTESIAN_POINT('',(8.,0.));
#277 = VECTOR('',#278,1.);
#278 = DIRECTION('',(0.,-1.));
#279 = ( GEOMETRIC_REPRESENTATION_CONTEXT(2) 
PARAMETRIC_REPRESENTATION_CONTEXT() REPRESENTATION_CONTEXT('2D SPACE',''
  ) );
#280 = ORIENTED_EDGE('',*,*,#281,.T.);
#281 = EDGE_CURVE('',#254,#282,#284,.T.);
#282 = VERTEX_POINT('',#283);
#283 = CARTESIAN_POINT('',(31.,23.,8.));
#284 = SURFACE_CURVE('',#285,(#290,#297),.PCURVE_S1.);
#285 = CIRCLE('',#286,3.);
#286 = AXIS2_PLACEMENT_3D('',#287,#288,#289);
#287 = CARTESIAN_POINT('',(31.,20.,8.));
#288 = DIRECTION('',(0.,0.,1.));
#289 = DIRECTION('',(0.,-1.,0.));
#290 = PCURVE('',#70,#291);
#291 = DEFINITIONAL_REPRESENTATION('',(#292),#296);
#292 = CIRCLE('',#293,3.);
#293 = AXIS2_PLACEMENT_2D('',#294,#295);
#294 = CARTESIAN_POINT('',(65.,43.));
#295 = DIRECTION('',(0.,-1.));
#296 = ( GEOMETRIC_REPRESENTATION_CONTEXT(2) 
PARAMETRIC_REPRESENTATION_CONTEXT() REPRESENTATION_CONTEXT('2D SPACE',''
  ) );
#297 = PCURVE('',#298,#303);
#298 = CYLINDRICAL_SURFACE('',#299,3.);
#299 = AXIS2_PLACEMENT_3D('',#300,#301,#302);
#300 = CARTESIAN_POINT('',(31.,20.,0.));
#301 = DIRECTION('',(0.,0.,1.));
#302 = DIRECTION('',(1.,0.,-0.));
#303 = DEFINITIONAL_REPRESENTATION('',(#304),#308);
#304 = LINE('',#305,#306);
#305 = CARTESIAN_POINT('',(-1.570796326795,8.));
#306 = VECTOR('',#307,1.);
#307 = DIRECTION('',(1.,0.));
#308 = ( GEOMETRIC_REPRESENTATION_CONTEXT(2) 
PARAMETRIC_REPRESENTATION_CONTEXT() REPRESENTATION_CONTEXT('2D SPACE',''
  ) );
#309 = ORIENTED_EDGE('',*,*,#310,.F.);
#310 = EDGE_CURVE('',#311,#282,#313,.T.);
#311 = VERTEX_POINT('',#312);
#312 = CARTESIAN_POINT('',(8.,23.,8.));
#313 = SURFACE_CURVE('',#314,(#318,#325),.PCURVE_S1.);
#314 = LINE('',#315,#316);
#315 = CARTESIAN_POINT('',(-34.,23.,8.));
#316 = VECTOR('',#317,1.);
#317 = DIRECTION('',(1.,0.,0.));
#318 = PCURVE('',#70,#319);
#319 = DEFINITIONAL_REPRESENTATION('',(#320),#324);
#320 = LINE('',#321,#322);
#321 = CARTESIAN_POINT('',(0.,46.));
#322 = VECTOR('',#323,1.);
#323 = DIRECTION('',(1.,0.));
#324 = ( GEOMETRIC_REPRESENTATION_CONTEXT(2) 
PARAMETRIC_REPRESENTATION_CONTEXT() REPRESENTATION_CONTEXT('2D SPACE',''
  ) );
#325 = PCURVE('',#326,#331);
#326 = PLANE('',#327);
#327 = AXIS2_PLACEMENT_3D('',#328,#329,#330);
#328 = CARTESIAN_POINT('',(-34.,23.,0.));
#329 = DIRECTION('',(0.,1.,0.));
#330 = DIRECTION('',(0.,0.,1.));
#331 = DEFINITIONAL_REPRESENTATION('',(#332),#336);
#332 = LINE('',#333,#334);
#333 = CARTESIAN_POINT('',(8.,0.));
#334 = VECTOR('',#335,1.);
#335 = DIRECTION('',(0.,1.));
#336 = ( GEOMETRIC_REPRESENTATION_CONTEXT(2) 
PARAMETRIC_REPRESENTATION_CONTEXT() REPRESENTATION_CONTEXT('2D SPACE',''
  ) );
#337 = ORIENTED_EDGE('',*,*,#338,.F.);
#338 = EDGE_CURVE('',#339,#311,#341,.T.);
#339 = VERTEX_POINT('',#340);
#340 = CARTESIAN_POINT('',(8.,16.,8.));
#341 = SURFACE_CURVE('',#342,(#346,#353),.PCURVE_S1.);
#342 = LINE('',#343,#344);
#343 = CARTESIAN_POINT('',(8.,16.,8.));
#344 = VECTOR('',#345,1.);
#345 = DIRECTION('',(0.,1.,0.));
#346 = PCURVE('',#70,#347);
#347 = DEFINITIONAL_REPRESENTATION('',(#348),#352);
#348 = LINE('',#349,#350);
#349 = CARTESIAN_POINT('',(42.,39.));
#350 = VECTOR('',#351,1.);
#351 = DIRECTION('',(0.,1.));
#352 = ( GEOMETRIC_REPRESENTATION_CONTEXT(2) 
PARAMETRIC_REPRESENTATION_CONTEXT() REPRESENTATION_CONTEXT('2D SPACE',''
  ) );
#353 = PCURVE('',#354,#359);
#354 = PLANE('',#355);
#355 = AXIS2_PLACEMENT_3D('',#356,#357,#358);
#356 = CARTESIAN_POINT('',(8.,16.,8.));
#357 = DIRECTION('',(1.,0.,0.));
#358 = DIRECTION('',(0.,0.,1.));
#359 = DEFINITIONAL_REPRESENTATION('',(#360),#364);
#360 = LINE('',#361,#362);
#361 = CARTESIAN_POINT('',(0.,0.));
#362 = VECTOR('',#363,1.);
#363 = DIRECTION('',(0.,-1.));
#364 = ( GEOMETRIC_REPRESENTATION_CONTEXT(2) 
PARAMETRIC_REPRESENTATION_CONTEXT() REPRESENTATION_CONTEXT('2D SPACE',''
  ) );
#365 = ORIENTED_EDGE('',*,*,#366,.F.);
#366 = EDGE_CURVE('',#367,#339,#369,.T.);
#367 = VERTEX_POINT('',#368);
#368 = CARTESIAN_POINT('',(-8.,16.,8.));
#369 = SURFACE_CURVE('',#370,(#374,#381),.PCURVE_S1.);
#370 = LINE('',#371,#372);
#371 = CARTESIAN_POINT('',(-8.,16.,8.));
#372 = VECTOR('',#373,1.);
#373 = DIRECTION('',(1.,0.,0.));
#374 = PCURVE('',#70,#375);
#375 = DEFINITIONAL_REPRESENTATION('',(#376),#380);
#376 = LINE('',#377,#378);
#377 = CARTESIAN_POINT('',(26.,39.));
#378 = VECTOR('',#379,1.);
#379 = DIRECTION('',(1.,0.));
#380 = ( GEOMETRIC_REPRESENTATION_CONTEXT(2) 
PARAMETRIC_REPRESENTATION_CONTEXT() REPRESENTATION_CONTEXT('2D SPACE',''
  ) );
#381 = PCURVE('',#382,#387);
#382 = PLANE('',#383);
#383 = AXIS2_PLACEMENT_3D('',#384,#385,#386);
#384 = CARTESIAN_POINT('',(-8.,16.,8.));
#385 = DIRECTION('',(0.,1.,0.));
#386 = DIRECTION('',(0.,0.,1.));
#387 = DEFINITIONAL_REPRESENTATION('',(#388),#392);
#388 = LINE('',#389,#390);
#389 = CARTESIAN_POINT('',(0.,0.));
#390 = VECTOR('',#391,1.);
#391 = DIRECTION('',(0.,1.));
#392 = ( GEOMETRIC_REPRESENTATION_CONTEXT(2) 
PARAMETRIC_REPRESENTATION_CONTEXT() REPRESENTATION_CONTEXT('2D SPACE',''
  ) );
#393 = ORIENTED_EDGE('',*,*,#394,.T.);
#394 = EDGE_CURVE('',#367,#395,#397,.T.);
#395 = VERTEX_POINT('',#396);
#396 = CARTESIAN_POINT('',(-8.,23.,8.));
#397 = SURFACE_CURVE('',#398,(#402,#409),.PCURVE_S1.);
#398 = LINE('',#399,#400);
#399 = CARTESIAN_POINT('',(-8.,16.,8.));
#400 = VECTOR('',#401,1.);
#401 = DIRECTION('',(0.,1.,0.));
#402 = PCURVE('',#70,#403);
#403 = DEFINITIONAL_REPRESENTATION('',(#404),#408);
#404 = LINE('',#405,#406);
#405 = CARTESIAN_POINT('',(26.,39.));
#406 = VECTOR('',#407,1.);
#407 = DIRECTION('',(0.,1.));
#408 = ( GEOMETRIC_REPRESENTATION_CONTEXT(2) 
PARAMETRIC_REPRESENTATION_CONTEXT() REPRESENTATION_CONTEXT('2D SPACE',''
  ) );
#409 = PCURVE('',#410,#415);
#410 = PLANE('',#411);
#411 = AXIS2_PLACEMENT_3D('',#412,#413,#414);
#412 = CARTESIAN_POINT('',(-8.,16.,8.));
#413 = DIRECTION('',(1.,0.,0.));
#414 = DIRECTION('',(0.,0.,1.));
#415 = DEFINITIONAL_REPRESENTATION('',(#416),#420);
#416 = LINE('',#417,#418);
#417 = CARTESIAN_POINT('',(0.,0.));
#418 = VECTOR('',#419,1.);
#419 = DIRECTION('',(0.,-1.));
#420 = ( GEOMETRIC_REPRESENTATION_CONTEXT(2) 
PARAMETRIC_REPRESENTATION_CONTEXT() REPRESENTATION_CONTEXT('2D SPACE',''
  ) );
#421 = ORIENTED_EDGE('',*,*,#422,.F.);
#422 = EDGE_CURVE('',#423,#395,#425,.T.);
#423 = VERTEX_POINT('',#424);
#424 = CARTESIAN_POINT('',(-31.,23.,8.));
#425 = SURFACE_CURVE('',#426,(#430,#437),.PCURVE_S1.);
#426 = LINE('',#427,#428);
#427 = CARTESIAN_POINT('',(-34.,23.,8.));
#428 = VECTOR('',#429,1.);
#429 = DIRECTION('',(1.,0.,0.));
#430 = PCURVE('',#70,#431);
#431 = DEFINITIONAL_REPRESENTATION('',(#432),#436);
#432 = LINE('',#433,#434);
#433 = CARTESIAN_POINT('',(0.,46.));
#434 = VECTOR('',#435,1.);
#435 = DIRECTION('',(1.,0.));
#436 = ( GEOMETRIC_REPRESENTATION_CONTEXT(2) 
PARAMETRIC_REPRESENTATION_CONTEXT() REPRESENTATION_CONTEXT('2D SPACE',''
  ) );
#437 = PCURVE('',#326,#438);
#438 = DEFINITIONAL_REPRESENTATION('',(#439),#443);
#439 = LINE('',#440,#441);
#440 = CARTESIAN_POINT('',(8.,0.));
#441 = VECTOR('',#442,1.);
#442 = DIRECTION('',(0.,1.));
#443 = ( GEOMETRIC_REPRESENTATION_CONTEXT(2) 
PARAMETRIC_REPRESENTATION_CONTEXT() REPRESENTATION_CONTEXT('2D SPACE',''
  ) );
#444 = ORIENTED_EDGE('',*,*,#445,.F.);
#445 = EDGE_CURVE('',#50,#423,#446,.T.);
#446 = SURFACE_CURVE('',#447,(#452,#463),.PCURVE_S1.);
#447 = CIRCLE('',#448,3.);
#448 = AXIS2_PLACEMENT_3D('',#449,#450,#451);
#449 = CARTESIAN_POINT('',(-31.,20.,8.));
#450 = DIRECTION('',(-0.,-0.,-1.));
#451 = DIRECTION('',(0.,-1.,0.));
#452 = PCURVE('',#70,#453);
#453 = DEFINITIONAL_REPRESENTATION('',(#454),#462);
#454 = ( BOUNDED_CURVE() B_SPLINE_CURVE(2,(#455,#456,#457,#458,#459,#460
,#461),.UNSPECIFIED.,.T.,.F.) B_SPLINE_CURVE_WITH_KNOTS((1,2,2,2,2,1),(
    -2.094395102393,0.,2.094395102393,4.188790204786,6.28318530718,
8.377580409573),.UNSPECIFIED.) CURVE() GEOMETRIC_REPRESENTATION_ITEM() 
RATIONAL_B_SPLINE_CURVE((1.,0.5,1.,0.5,1.,0.5,1.)) REPRESENTATION_ITEM(
  '') );
#455 = CARTESIAN_POINT('',(3.,40.));
#456 = CARTESIAN_POINT('',(-2.196152422707,40.));
#457 = CARTESIAN_POINT('',(0.401923788647,44.5));
#458 = CARTESIAN_POINT('',(3.,49.));
#459 = CARTESIAN_POINT('',(5.598076211353,44.5));
#460 = CARTESIAN_POINT('',(8.196152422707,40.));
#461 = CARTESIAN_POINT('',(3.,40.));
#462 = ( GEOMETRIC_REPRESENTATION_CONTEXT(2) 
PARAMETRIC_REPRESENTATION_CONTEXT() REPRESENTATION_CONTEXT('2D SPACE',''
  ) );
#463 = PCURVE('',#152,#464);
#464 = DEFINITIONAL_REPRESENTATION('',(#465),#469);
#465 = LINE('',#466,#467);
#466 = CARTESIAN_POINT('',(1.570796326795,8.));
#467 = VECTOR('',#468,1.);
#468 = DIRECTION('',(-1.,0.));
#469 = ( GEOMETRIC_REPRESENTATION_CONTEXT(2) 
PARAMETRIC_REPRESENTATION_CONTEXT() REPRESENTATION_CONTEXT('2D SPACE',''
  ) );
#470 = FACE_BOUND('',#471,.T.);
#471 = EDGE_LOOP('',(#472,#502,#530,#558));
#472 = ORIENTED_EDGE('',*,*,#473,.F.);
#473 = EDGE_CURVE('',#474,#476,#478,.T.);
#474 = VERTEX_POINT('',#475);
#475 = CARTESIAN_POINT('',(-27.5,17.286842105263,8.));
#476 = VERTEX_POINT('',#477);
#477 = CARTESIAN_POINT('',(-27.5,-17.28684210526,8.));
#478 = SURFACE_CURVE('',#479,(#483,#490),.PCURVE_S1.);
#479 = LINE('',#480,#481);
#480 = CARTESIAN_POINT('',(-27.5,17.286842105263,8.));
#481 = VECTOR('',#482,1.);
#482 = DIRECTION('',(0.,-1.,0.));
#483 = PCURVE('',#70,#484);
#484 = DEFINITIONAL_REPRESENTATION('',(#485),#489);
#485 = LINE('',#486,#487);
#486 = CARTESIAN_POINT('',(6.5,40.286842105263));
#487 = VECTOR('',#488,1.);
#488 = DIRECTION('',(0.,-1.));
#489 = ( GEOMETRIC_REPRESENTATION_CONTEXT(2) 
PARAMETRIC_REPRESENTATION_CONTEXT() REPRESENTATION_CONTEXT('2D SPACE',''
  ) );
#490 = PCURVE('',#491,#496);
#491 = PLANE('',#492);
#492 = AXIS2_PLACEMENT_3D('',#493,#494,#495);
#493 = CARTESIAN_POINT('',(-27.5,-1.746000824833E-16,26.122357823109));
#494 = DIRECTION('',(1.,0.,0.));
#495 = DIRECTION('',(-0.,0.,1.));
#496 = DEFINITIONAL_REPRESENTATION('',(#497),#501);
#497 = LINE('',#498,#499);
#498 = CARTESIAN_POINT('',(-18.1223578231,-17.28684210526));
#499 = VECTOR('',#500,1.);
#500 = DIRECTION('',(0.,1.));
#501 = ( GEOMETRIC_REPRESENTATION_CONTEXT(2) 
PARAMETRIC_REPRESENTATION_CONTEXT() REPRESENTATION_CONTEXT('2D SPACE',''
  ) );
#502 = ORIENTED_EDGE('',*,*,#503,.T.);
#503 = EDGE_CURVE('',#474,#504,#506,.T.);
#504 = VERTEX_POINT('',#505);
#505 = CARTESIAN_POINT('',(-18.5,17.286842105263,8.));
#506 = SURFACE_CURVE('',#507,(#511,#518),.PCURVE_S1.);
#507 = LINE('',#508,#509);
#508 = CARTESIAN_POINT('',(-27.5,17.286842105263,8.));
#509 = VECTOR('',#510,1.);
#510 = DIRECTION('',(1.,0.,0.));
#511 = PCURVE('',#70,#512);
#512 = DEFINITIONAL_REPRESENTATION('',(#513),#517);
#513 = LINE('',#514,#515);
#514 = CARTESIAN_POINT('',(6.5,40.286842105263));
#515 = VECTOR('',#516,1.);
#516 = DIRECTION('',(1.,0.));
#517 = ( GEOMETRIC_REPRESENTATION_CONTEXT(2) 
PARAMETRIC_REPRESENTATION_CONTEXT() REPRESENTATION_CONTEXT('2D SPACE',''
  ) );
#518 = PCURVE('',#519,#524);
#519 = PLANE('',#520);
#520 = AXIS2_PLACEMENT_3D('',#521,#522,#523);
#521 = CARTESIAN_POINT('',(-27.5,17.286842105263,8.));
#522 = DIRECTION('',(0.,1.,0.));
#523 = DIRECTION('',(0.,0.,1.));
#524 = DEFINITIONAL_REPRESENTATION('',(#525),#529);
#525 = LINE('',#526,#527);
#526 = CARTESIAN_POINT('',(0.,0.));
#527 = VECTOR('',#528,1.);
#528 = DIRECTION('',(0.,1.));
#529 = ( GEOMETRIC_REPRESENTATION_CONTEXT(2) 
PARAMETRIC_REPRESENTATION_CONTEXT() REPRESENTATION_CONTEXT('2D SPACE',''
  ) );
#530 = ORIENTED_EDGE('',*,*,#531,.T.);
#531 = EDGE_CURVE('',#504,#532,#534,.T.);
#532 = VERTEX_POINT('',#533);
#533 = CARTESIAN_POINT('',(-18.5,-17.28684210526,8.));
#534 = SURFACE_CURVE('',#535,(#539,#546),.PCURVE_S1.);
#535 = LINE('',#536,#537);
#536 = CARTESIAN_POINT('',(-18.5,17.286842105263,8.));
#537 = VECTOR('',#538,1.);
#538 = DIRECTION('',(0.,-1.,0.));
#539 = PCURVE('',#70,#540);
#540 = DEFINITIONAL_REPRESENTATION('',(#541),#545);
#541 = LINE('',#542,#543);
#542 = CARTESIAN_POINT('',(15.5,40.286842105263));
#543 = VECTOR('',#544,1.);
#544 = DIRECTION('',(0.,-1.));
#545 = ( GEOMETRIC_REPRESENTATION_CONTEXT(2) 
PARAMETRIC_REPRESENTATION_CONTEXT() REPRESENTATION_CONTEXT('2D SPACE',''
  ) );
#546 = PCURVE('',#547,#552);
#547 = PLANE('',#548);
#548 = AXIS2_PLACEMENT_3D('',#549,#550,#551);
#549 = CARTESIAN_POINT('',(-18.5,-1.746000824833E-16,26.122357823109));
#550 = DIRECTION('',(1.,0.,0.));
#551 = DIRECTION('',(-0.,0.,1.));
#552 = DEFINITIONAL_REPRESENTATION('',(#553),#557);
#553 = LINE('',#554,#555);
#554 = CARTESIAN_POINT('',(-18.1223578231,-17.28684210526));
#555 = VECTOR('',#556,1.);
#556 = DIRECTION('',(0.,1.));
#557 = ( GEOMETRIC_REPRESENTATION_CONTEXT(2) 
PARAMETRIC_REPRESENTATION_CONTEXT() REPRESENTATION_CONTEXT('2D SPACE',''
  ) );
#558 = ORIENTED_EDGE('',*,*,#559,.F.);
#559 = EDGE_CURVE('',#476,#532,#560,.T.);
#560 = SURFACE_CURVE('',#561,(#565,#572),.PCURVE_S1.);
#561 = LINE('',#562,#563);
#562 = CARTESIAN_POINT('',(-27.5,-17.28684210526,8.));
#563 = VECTOR('',#564,1.);
#564 = DIRECTION('',(1.,0.,0.));
#565 = PCURVE('',#70,#566);
#566 = DEFINITIONAL_REPRESENTATION('',(#567),#571);
#567 = LINE('',#568,#569);
#568 = CARTESIAN_POINT('',(6.5,5.713157894737));
#569 = VECTOR('',#570,1.);
#570 = DIRECTION('',(1.,0.));
#571 = ( GEOMETRIC_REPRESENTATION_CONTEXT(2) 
PARAMETRIC_REPRESENTATION_CONTEXT() REPRESENTATION_CONTEXT('2D SPACE',''
  ) );
#572 = PCURVE('',#573,#578);
#573 = PLANE('',#574);
#574 = AXIS2_PLACEMENT_3D('',#575,#576,#577);
#575 = CARTESIAN_POINT('',(-27.5,-17.28684210526,8.));
#576 = DIRECTION('',(0.,1.,0.));
#577 = DIRECTION('',(0.,0.,1.));
#578 = DEFINITIONAL_REPRESENTATION('',(#579),#583);
#579 = LINE('',#580,#581);
#580 = CARTESIAN_POINT('',(0.,0.));
#581 = VECTOR('',#582,1.);
#582 = DIRECTION('',(0.,1.));
#583 = ( GEOMETRIC_REPRESENTATION_CONTEXT(2) 
PARAMETRIC_REPRESENTATION_CONTEXT() REPRESENTATION_CONTEXT('2D SPACE',''
  ) );
#584 = FACE_BOUND('',#585,.T.);
#585 = EDGE_LOOP('',(#586,#616,#644,#672));
#586 = ORIENTED_EDGE('',*,*,#587,.T.);
#587 = EDGE_CURVE('',#588,#590,#592,.T.);
#588 = VERTEX_POINT('',#589);
#589 = CARTESIAN_POINT('',(18.5,-16.68157894736,8.));
#590 = VERTEX_POINT('',#591);
#591 = CARTESIAN_POINT('',(18.5,16.681578947368,8.));
#592 = SURFACE_CURVE('',#593,(#597,#604),.PCURVE_S1.);
#593 = LINE('',#594,#595);
#594 = CARTESIAN_POINT('',(18.5,-16.68157894736,8.));
#595 = VECTOR('',#596,1.);
#596 = DIRECTION('',(0.,1.,0.));
#597 = PCURVE('',#70,#598);
#598 = DEFINITIONAL_REPRESENTATION('',(#599),#603);
#599 = LINE('',#600,#601);
#600 = CARTESIAN_POINT('',(52.5,6.318421052632));
#601 = VECTOR('',#602,1.);
#602 = DIRECTION('',(0.,1.));
#603 = ( GEOMETRIC_REPRESENTATION_CONTEXT(2) 
PARAMETRIC_REPRESENTATION_CONTEXT() REPRESENTATION_CONTEXT('2D SPACE',''
  ) );
#604 = PCURVE('',#605,#610);
#605 = PLANE('',#606);
#606 = AXIS2_PLACEMENT_3D('',#607,#608,#609);
#607 = CARTESIAN_POINT('',(18.5,-2.625415892908E-16,26.106401974852));
#608 = DIRECTION('',(1.,0.,0.));
#609 = DIRECTION('',(-0.,0.,1.));
#610 = DEFINITIONAL_REPRESENTATION('',(#611),#615);
#611 = LINE('',#612,#613);
#612 = CARTESIAN_POINT('',(-18.10640197485,16.681578947368));
#613 = VECTOR('',#614,1.);
#614 = DIRECTION('',(0.,-1.));
#615 = ( GEOMETRIC_REPRESENTATION_CONTEXT(2) 
PARAMETRIC_REPRESENTATION_CONTEXT() REPRESENTATION_CONTEXT('2D SPACE',''
  ) );
#616 = ORIENTED_EDGE('',*,*,#617,.T.);
#617 = EDGE_CURVE('',#590,#618,#620,.T.);
#618 = VERTEX_POINT('',#619);
#619 = CARTESIAN_POINT('',(27.5,16.681578947368,8.));
#620 = SURFACE_CURVE('',#621,(#625,#632),.PCURVE_S1.);
#621 = LINE('',#622,#623);
#622 = CARTESIAN_POINT('',(18.5,16.681578947368,8.));
#623 = VECTOR('',#624,1.);
#624 = DIRECTION('',(1.,0.,0.));
#625 = PCURVE('',#70,#626);
#626 = DEFINITIONAL_REPRESENTATION('',(#627),#631);
#627 = LINE('',#628,#629);
#628 = CARTESIAN_POINT('',(52.5,39.681578947368));
#629 = VECTOR('',#630,1.);
#630 = DIRECTION('',(1.,0.));
#631 = ( GEOMETRIC_REPRESENTATION_CONTEXT(2) 
PARAMETRIC_REPRESENTATION_CONTEXT() REPRESENTATION_CONTEXT('2D SPACE',''
  ) );
#632 = PCURVE('',#633,#638);
#633 = PLANE('',#634);
#634 = AXIS2_PLACEMENT_3D('',#635,#636,#637);
#635 = CARTESIAN_POINT('',(18.5,16.681578947368,8.));
#636 = DIRECTION('',(0.,1.,0.));
#637 = DIRECTION('',(0.,0.,1.));
#638 = DEFINITIONAL_REPRESENTATION('',(#639),#643);
#639 = LINE('',#640,#641);
#640 = CARTESIAN_POINT('',(0.,0.));
#641 = VECTOR('',#642,1.);
#642 = DIRECTION('',(0.,1.));
#643 = ( GEOMETRIC_REPRESENTATION_CONTEXT(2) 
PARAMETRIC_REPRESENTATION_CONTEXT() REPRESENTATION_CONTEXT('2D SPACE',''
  ) );
#644 = ORIENTED_EDGE('',*,*,#645,.F.);
#645 = EDGE_CURVE('',#646,#618,#648,.T.);
#646 = VERTEX_POINT('',#647);
#647 = CARTESIAN_POINT('',(27.5,-16.68157894736,8.));
#648 = SURFACE_CURVE('',#649,(#653,#660),.PCURVE_S1.);
#649 = LINE('',#650,#651);
#650 = CARTESIAN_POINT('',(27.5,-16.68157894736,8.));
#651 = VECTOR('',#652,1.);
#652 = DIRECTION('',(0.,1.,0.));
#653 = PCURVE('',#70,#654);
#654 = DEFINITIONAL_REPRESENTATION('',(#655),#659);
#655 = LINE('',#656,#657);
#656 = CARTESIAN_POINT('',(61.5,6.318421052632));
#657 = VECTOR('',#658,1.);
#658 = DIRECTION('',(0.,1.));
#659 = ( GEOMETRIC_REPRESENTATION_CONTEXT(2) 
PARAMETRIC_REPRESENTATION_CONTEXT() REPRESENTATION_CONTEXT('2D SPACE',''
  ) );
#660 = PCURVE('',#661,#666);
#661 = PLANE('',#662);
#662 = AXIS2_PLACEMENT_3D('',#663,#664,#665);
#663 = CARTESIAN_POINT('',(27.5,-2.625415892908E-16,26.106401974852));
#664 = DIRECTION('',(1.,0.,0.));
#665 = DIRECTION('',(-0.,0.,1.));
#666 = DEFINITIONAL_REPRESENTATION('',(#667),#671);
#667 = LINE('',#668,#669);
#668 = CARTESIAN_POINT('',(-18.10640197485,16.681578947368));
#669 = VECTOR('',#670,1.);
#670 = DIRECTION('',(0.,-1.));
#671 = ( GEOMETRIC_REPRESENTATION_CONTEXT(2) 
PARAMETRIC_REPRESENTATION_CONTEXT() REPRESENTATION_CONTEXT('2D SPACE',''
  ) );
#672 = ORIENTED_EDGE('',*,*,#673,.F.);
#673 = EDGE_CURVE('',#588,#646,#674,.T.);
#674 = SURFACE_CURVE('',#675,(#679,#686),.PCURVE_S1.);
#675 = LINE('',#676,#677);
#676 = CARTESIAN_POINT('',(18.5,-16.68157894736,8.));
#677 = VECTOR('',#678,1.);
#678 = DIRECTION('',(1.,0.,0.));
#679 = PCURVE('',#70,#680);
#680 = DEFINITIONAL_REPRESENTATION('',(#681),#685);
#681 = LINE('',#682,#683);
#682 = CARTESIAN_POINT('',(52.5,6.318421052632));
#683 = VECTOR('',#684,1.);
#684 = DIRECTION('',(1.,0.));
#685 = ( GEOMETRIC_REPRESENTATION_CONTEXT(2) 
PARAMETRIC_REPRESENTATION_CONTEXT() REPRESENTATION_CONTEXT('2D SPACE',''
  ) );
#686 = PCURVE('',#687,#692);
#687 = PLANE('',#688);
#688 = AXIS2_PLACEMENT_3D('',#689,#690,#691);
#689 = CARTESIAN_POINT('',(18.5,-16.68157894736,8.));
#690 = DIRECTION('',(0.,1.,0.));
#691 = DIRECTION('',(0.,0.,1.));
#692 = DEFINITIONAL_REPRESENTATION('',(#693),#697);
#693 = LINE('',#694,#695);
#694 = CARTESIAN_POINT('',(0.,0.));
#695 = VECTOR('',#696,1.);
#696 = DIRECTION('',(0.,1.));
#697 = ( GEOMETRIC_REPRESENTATION_CONTEXT(2) 
PARAMETRIC_REPRESENTATION_CONTEXT() REPRESENTATION_CONTEXT('2D SPACE',''
  ) );
#698 = ADVANCED_FACE('',(#699),#98,.T.);
#699 = FACE_BOUND('',#700,.T.);
#700 = EDGE_LOOP('',(#701,#725,#746,#747));
#701 = ORIENTED_EDGE('',*,*,#702,.T.);
#702 = EDGE_CURVE('',#83,#703,#705,.T.);
#703 = VERTEX_POINT('',#704);
#704 = CARTESIAN_POINT('',(-31.,-23.,0.));
#705 = SURFACE_CURVE('',#706,(#711,#718),.PCURVE_S1.);
#706 = CIRCLE('',#707,3.);
#707 = AXIS2_PLACEMENT_3D('',#708,#709,#710);
#708 = CARTESIAN_POINT('',(-31.,-20.,0.));
#709 = DIRECTION('',(0.,0.,1.));
#710 = DIRECTION('',(0.,-1.,0.));
#711 = PCURVE('',#98,#712);
#712 = DEFINITIONAL_REPRESENTATION('',(#713),#717);
#713 = LINE('',#714,#715);
#714 = CARTESIAN_POINT('',(-4.712388980385,0.));
#715 = VECTOR('',#716,1.);
#716 = DIRECTION('',(1.,0.));
#717 = ( GEOMETRIC_REPRESENTATION_CONTEXT(2) 
PARAMETRIC_REPRESENTATION_CONTEXT() REPRESENTATION_CONTEXT('2D SPACE',''
  ) );
#718 = PCURVE('',#126,#719);
#719 = DEFINITIONAL_REPRESENTATION('',(#720),#724);
#720 = CIRCLE('',#721,3.);
#721 = AXIS2_PLACEMENT_2D('',#722,#723);
#722 = CARTESIAN_POINT('',(3.,3.));
#723 = DIRECTION('',(0.,-1.));
#724 = ( GEOMETRIC_REPRESENTATION_CONTEXT(2) 
PARAMETRIC_REPRESENTATION_CONTEXT() REPRESENTATION_CONTEXT('2D SPACE',''
  ) );
#725 = ORIENTED_EDGE('',*,*,#726,.T.);
#726 = EDGE_CURVE('',#703,#169,#727,.T.);
#727 = SURFACE_CURVE('',#728,(#732,#739),.PCURVE_S1.);
#728 = LINE('',#729,#730);
#729 = CARTESIAN_POINT('',(-31.,-23.,0.));
#730 = VECTOR('',#731,1.);
#731 = DIRECTION('',(0.,0.,1.));
#732 = PCURVE('',#98,#733);
#733 = DEFINITIONAL_REPRESENTATION('',(#734),#738);
#734 = LINE('',#735,#736);
#735 = CARTESIAN_POINT('',(1.570796326795,0.));
#736 = VECTOR('',#737,1.);
#737 = DIRECTION('',(0.,1.));
#738 = ( GEOMETRIC_REPRESENTATION_CONTEXT(2) 
PARAMETRIC_REPRESENTATION_CONTEXT() REPRESENTATION_CONTEXT('2D SPACE',''
  ) );
#739 = PCURVE('',#208,#740);
#740 = DEFINITIONAL_REPRESENTATION('',(#741),#745);
#741 = LINE('',#742,#743);
#742 = CARTESIAN_POINT('',(0.,3.));
#743 = VECTOR('',#744,1.);
#744 = DIRECTION('',(1.,0.));
#745 = ( GEOMETRIC_REPRESENTATION_CONTEXT(2) 
PARAMETRIC_REPRESENTATION_CONTEXT() REPRESENTATION_CONTEXT('2D SPACE',''
  ) );
#746 = ORIENTED_EDGE('',*,*,#168,.F.);
#747 = ORIENTED_EDGE('',*,*,#82,.F.);
#748 = ADVANCED_FACE('',(#749),#152,.T.);
#749 = FACE_BOUND('',#750,.F.);
#750 = EDGE_LOOP('',(#751,#779,#800,#801));
#751 = ORIENTED_EDGE('',*,*,#752,.T.);
#752 = EDGE_CURVE('',#111,#753,#755,.T.);
#753 = VERTEX_POINT('',#754);
#754 = CARTESIAN_POINT('',(-31.,23.,0.));
#755 = SURFACE_CURVE('',#756,(#761,#768),.PCURVE_S1.);
#756 = CIRCLE('',#757,3.);
#757 = AXIS2_PLACEMENT_3D('',#758,#759,#760);
#758 = CARTESIAN_POINT('',(-31.,20.,0.));
#759 = DIRECTION('',(-0.,-0.,-1.));
#760 = DIRECTION('',(0.,-1.,0.));
#761 = PCURVE('',#152,#762);
#762 = DEFINITIONAL_REPRESENTATION('',(#763),#767);
#763 = LINE('',#764,#765);
#764 = CARTESIAN_POINT('',(1.570796326795,-0.));
#765 = VECTOR('',#766,1.);
#766 = DIRECTION('',(-1.,0.));
#767 = ( GEOMETRIC_REPRESENTATION_CONTEXT(2) 
PARAMETRIC_REPRESENTATION_CONTEXT() REPRESENTATION_CONTEXT('2D SPACE',''
  ) );
#768 = PCURVE('',#126,#769);
#769 = DEFINITIONAL_REPRESENTATION('',(#770),#778);
#770 = ( BOUNDED_CURVE() B_SPLINE_CURVE(2,(#771,#772,#773,#774,#775,#776
,#777),.UNSPECIFIED.,.T.,.F.) B_SPLINE_CURVE_WITH_KNOTS((1,2,2,2,2,1),(
    -2.094395102393,0.,2.094395102393,4.188790204786,6.28318530718,
8.377580409573),.UNSPECIFIED.) CURVE() GEOMETRIC_REPRESENTATION_ITEM() 
RATIONAL_B_SPLINE_CURVE((1.,0.5,1.,0.5,1.,0.5,1.)) REPRESENTATION_ITEM(
  '') );
#771 = CARTESIAN_POINT('',(3.,40.));
#772 = CARTESIAN_POINT('',(-2.196152422707,40.));
#773 = CARTESIAN_POINT('',(0.401923788647,44.5));
#774 = CARTESIAN_POINT('',(3.,49.));
#775 = CARTESIAN_POINT('',(5.598076211353,44.5));
#776 = CARTESIAN_POINT('',(8.196152422707,40.));
#777 = CARTESIAN_POINT('',(3.,40.));
#778 = ( GEOMETRIC_REPRESENTATION_CONTEXT(2) 
PARAMETRIC_REPRESENTATION_CONTEXT() REPRESENTATION_CONTEXT('2D SPACE',''
  ) );
#779 = ORIENTED_EDGE('',*,*,#780,.T.);
#780 = EDGE_CURVE('',#753,#423,#781,.T.);
#781 = SURFACE_CURVE('',#782,(#786,#793),.PCURVE_S1.);
#782 = LINE('',#783,#784);
#783 = CARTESIAN_POINT('',(-31.,23.,0.));
#784 = VECTOR('',#785,1.);
#785 = DIRECTION('',(0.,0.,1.));
#786 = PCURVE('',#152,#787);
#787 = DEFINITIONAL_REPRESENTATION('',(#788),#792);
#788 = LINE('',#789,#790);
#789 = CARTESIAN_POINT('',(-1.570796326795,0.));
#790 = VECTOR('',#791,1.);
#791 = DIRECTION('',(-0.,1.));
#792 = ( GEOMETRIC_REPRESENTATION_CONTEXT(2) 
PARAMETRIC_REPRESENTATION_CONTEXT() REPRESENTATION_CONTEXT('2D SPACE',''
  ) );
#793 = PCURVE('',#326,#794);
#794 = DEFINITIONAL_REPRESENTATION('',(#795),#799);
#795 = LINE('',#796,#797);
#796 = CARTESIAN_POINT('',(0.,3.));
#797 = VECTOR('',#798,1.);
#798 = DIRECTION('',(1.,0.));
#799 = ( GEOMETRIC_REPRESENTATION_CONTEXT(2) 
PARAMETRIC_REPRESENTATION_CONTEXT() REPRESENTATION_CONTEXT('2D SPACE',''
  ) );
#800 = ORIENTED_EDGE('',*,*,#445,.F.);
#801 = ORIENTED_EDGE('',*,*,#138,.F.);
#802 = ADVANCED_FACE('',(#803,#927,#958,#989,#1020),#126,.F.);
#803 = FACE_BOUND('',#804,.F.);
#804 = EDGE_LOOP('',(#805,#806,#807,#830,#858,#881,#905,#926));
#805 = ORIENTED_EDGE('',*,*,#110,.F.);
#806 = ORIENTED_EDGE('',*,*,#702,.T.);
#807 = ORIENTED_EDGE('',*,*,#808,.T.);
#808 = EDGE_CURVE('',#703,#809,#811,.T.);
#809 = VERTEX_POINT('',#810);
#810 = CARTESIAN_POINT('',(31.,-23.,0.));
#811 = SURFACE_CURVE('',#812,(#816,#823),.PCURVE_S1.);
#812 = LINE('',#813,#814);
#813 = CARTESIAN_POINT('',(-34.,-23.,0.));
#814 = VECTOR('',#815,1.);
#815 = DIRECTION('',(1.,0.,0.));
#816 = PCURVE('',#126,#817);
#817 = DEFINITIONAL_REPRESENTATION('',(#818),#822);
#818 = LINE('',#819,#820);
#819 = CARTESIAN_POINT('',(0.,0.));
#820 = VECTOR('',#821,1.);
#821 = DIRECTION('',(1.,0.));
#822 = ( GEOMETRIC_REPRESENTATION_CONTEXT(2) 
PARAMETRIC_REPRESENTATION_CONTEXT() REPRESENTATION_CONTEXT('2D SPACE',''
  ) );
#823 = PCURVE('',#208,#824);
#824 = DEFINITIONAL_REPRESENTATION('',(#825),#829);
#825 = LINE('',#826,#827);
#826 = CARTESIAN_POINT('',(0.,0.));
#827 = VECTOR('',#828,1.);
#828 = DIRECTION('',(0.,1.));
#829 = ( GEOMETRIC_REPRESENTATION_CONTEXT(2) 
PARAMETRIC_REPRESENTATION_CONTEXT() REPRESENTATION_CONTEXT('2D SPACE',''
  ) );
#830 = ORIENTED_EDGE('',*,*,#831,.F.);
#831 = EDGE_CURVE('',#832,#809,#834,.T.);
#832 = VERTEX_POINT('',#833);
#833 = CARTESIAN_POINT('',(34.,-20.,0.));
#834 = SURFACE_CURVE('',#835,(#840,#851),.PCURVE_S1.);
#835 = CIRCLE('',#836,3.);
#836 = AXIS2_PLACEMENT_3D('',#837,#838,#839);
#837 = CARTESIAN_POINT('',(31.,-20.,0.));
#838 = DIRECTION('',(-0.,-0.,-1.));
#839 = DIRECTION('',(0.,-1.,0.));
#840 = PCURVE('',#126,#841);
#841 = DEFINITIONAL_REPRESENTATION('',(#842),#850);
#842 = ( BOUNDED_CURVE() B_SPLINE_CURVE(2,(#843,#844,#845,#846,#847,#848
,#849),.UNSPECIFIED.,.T.,.F.) B_SPLINE_CURVE_WITH_KNOTS((1,2,2,2,2,1),(
    -2.094395102393,0.,2.094395102393,4.188790204786,6.28318530718,
8.377580409573),.UNSPECIFIED.) CURVE() GEOMETRIC_REPRESENTATION_ITEM() 
RATIONAL_B_SPLINE_CURVE((1.,0.5,1.,0.5,1.,0.5,1.)) REPRESENTATION_ITEM(
  '') );
#843 = CARTESIAN_POINT('',(65.,0.));
#844 = CARTESIAN_POINT('',(59.803847577293,0.));
#845 = CARTESIAN_POINT('',(62.401923788647,4.5));
#846 = CARTESIAN_POINT('',(65.,9.));
#847 = CARTESIAN_POINT('',(67.598076211353,4.5));
#848 = CARTESIAN_POINT('',(70.196152422707,4.440892098501E-15));
#849 = CARTESIAN_POINT('',(65.,0.));
#850 = ( GEOMETRIC_REPRESENTATION_CONTEXT(2) 
PARAMETRIC_REPRESENTATION_CONTEXT() REPRESENTATION_CONTEXT('2D SPACE',''
  ) );
#851 = PCURVE('',#241,#852);
#852 = DEFINITIONAL_REPRESENTATION('',(#853),#857);
#853 = LINE('',#854,#855);
#854 = CARTESIAN_POINT('',(4.712388980385,-0.));
#855 = VECTOR('',#856,1.);
#856 = DIRECTION('',(-1.,0.));
#857 = ( GEOMETRIC_REPRESENTATION_CONTEXT(2) 
PARAMETRIC_REPRESENTATION_CONTEXT() REPRESENTATION_CONTEXT('2D SPACE',''
  ) );
#858 = ORIENTED_EDGE('',*,*,#859,.T.);
#859 = EDGE_CURVE('',#832,#860,#862,.T.);
#860 = VERTEX_POINT('',#861);
#861 = CARTESIAN_POINT('',(34.,20.,0.));
#862 = SURFACE_CURVE('',#863,(#867,#874),.PCURVE_S1.);
#863 = LINE('',#864,#865);
#864 = CARTESIAN_POINT('',(34.,-23.,0.));
#865 = VECTOR('',#866,1.);
#866 = DIRECTION('',(0.,1.,0.));
#867 = PCURVE('',#126,#868);
#868 = DEFINITIONAL_REPRESENTATION('',(#869),#873);
#869 = LINE('',#870,#871);
#870 = CARTESIAN_POINT('',(68.,0.));
#871 = VECTOR('',#872,1.);
#872 = DIRECTION('',(0.,1.));
#873 = ( GEOMETRIC_REPRESENTATION_CONTEXT(2) 
PARAMETRIC_REPRESENTATION_CONTEXT() REPRESENTATION_CONTEXT('2D SPACE',''
  ) );
#874 = PCURVE('',#269,#875);
#875 = DEFINITIONAL_REPRESENTATION('',(#876),#880);
#876 = LINE('',#877,#878);
#877 = CARTESIAN_POINT('',(0.,0.));
#878 = VECTOR('',#879,1.);
#879 = DIRECTION('',(0.,-1.));
#880 = ( GEOMETRIC_REPRESENTATION_CONTEXT(2) 
PARAMETRIC_REPRESENTATION_CONTEXT() REPRESENTATION_CONTEXT('2D SPACE',''
  ) );
#881 = ORIENTED_EDGE('',*,*,#882,.T.);
#882 = EDGE_CURVE('',#860,#883,#885,.T.);
#883 = VERTEX_POINT('',#884);
#884 = CARTESIAN_POINT('',(31.,23.,0.));
#885 = SURFACE_CURVE('',#886,(#891,#898),.PCURVE_S1.);
#886 = CIRCLE('',#887,3.);
#887 = AXIS2_PLACEMENT_3D('',#888,#889,#890);
#888 = CARTESIAN_POINT('',(31.,20.,0.));
#889 = DIRECTION('',(0.,0.,1.));
#890 = DIRECTION('',(0.,-1.,0.));
#891 = PCURVE('',#126,#892);
#892 = DEFINITIONAL_REPRESENTATION('',(#893),#897);
#893 = CIRCLE('',#894,3.);
#894 = AXIS2_PLACEMENT_2D('',#895,#896);
#895 = CARTESIAN_POINT('',(65.,43.));
#896 = DIRECTION('',(0.,-1.));
#897 = ( GEOMETRIC_REPRESENTATION_CONTEXT(2) 
PARAMETRIC_REPRESENTATION_CONTEXT() REPRESENTATION_CONTEXT('2D SPACE',''
  ) );
#898 = PCURVE('',#298,#899);
#899 = DEFINITIONAL_REPRESENTATION('',(#900),#904);
#900 = LINE('',#901,#902);
#901 = CARTESIAN_POINT('',(-1.570796326795,0.));
#902 = VECTOR('',#903,1.);
#903 = DIRECTION('',(1.,0.));
#904 = ( GEOMETRIC_REPRESENTATION_CONTEXT(2) 
PARAMETRIC_REPRESENTATION_CONTEXT() REPRESENTATION_CONTEXT('2D SPACE',''
  ) );
#905 = ORIENTED_EDGE('',*,*,#906,.F.);
#906 = EDGE_CURVE('',#753,#883,#907,.T.);
#907 = SURFACE_CURVE('',#908,(#912,#919),.PCURVE_S1.);
#908 = LINE('',#909,#910);
#909 = CARTESIAN_POINT('',(-34.,23.,0.));
#910 = VECTOR('',#911,1.);
#911 = DIRECTION('',(1.,0.,0.));
#912 = PCURVE('',#126,#913);
#913 = DEFINITIONAL_REPRESENTATION('',(#914),#918);
#914 = LINE('',#915,#916);
#915 = CARTESIAN_POINT('',(0.,46.));
#916 = VECTOR('',#917,1.);
#917 = DIRECTION('',(1.,0.));
#918 = ( GEOMETRIC_REPRESENTATION_CONTEXT(2) 
PARAMETRIC_REPRESENTATION_CONTEXT() REPRESENTATION_CONTEXT('2D SPACE',''
  ) );
#919 = PCURVE('',#326,#920);
#920 = DEFINITIONAL_REPRESENTATION('',(#921),#925);
#921 = LINE('',#922,#923);
#922 = CARTESIAN_POINT('',(0.,0.));
#923 = VECTOR('',#924,1.);
#924 = DIRECTION('',(0.,1.));
#925 = ( GEOMETRIC_REPRESENTATION_CONTEXT(2) 
PARAMETRIC_REPRESENTATION_CONTEXT() REPRESENTATION_CONTEXT('2D SPACE',''
  ) );
#926 = ORIENTED_EDGE('',*,*,#752,.F.);
#927 = FACE_BOUND('',#928,.F.);
#928 = EDGE_LOOP('',(#929));
#929 = ORIENTED_EDGE('',*,*,#930,.F.);
#930 = EDGE_CURVE('',#931,#931,#933,.T.);
#931 = VERTEX_POINT('',#932);
#932 = CARTESIAN_POINT('',(-10.65,-13.,0.));
#933 = SURFACE_CURVE('',#934,(#939,#946),.PCURVE_S1.);
#934 = CIRCLE('',#935,2.35);
#935 = AXIS2_PLACEMENT_3D('',#936,#937,#938);
#936 = CARTESIAN_POINT('',(-13.,-13.,0.));
#937 = DIRECTION('',(0.,0.,1.));
#938 = DIRECTION('',(1.,0.,0.));
#939 = PCURVE('',#126,#940);
#940 = DEFINITIONAL_REPRESENTATION('',(#941),#945);
#941 = CIRCLE('',#942,2.35);
#942 = AXIS2_PLACEMENT_2D('',#943,#944);
#943 = CARTESIAN_POINT('',(21.,10.));
#944 = DIRECTION('',(1.,0.));
#945 = ( GEOMETRIC_REPRESENTATION_CONTEXT(2) 
PARAMETRIC_REPRESENTATION_CONTEXT() REPRESENTATION_CONTEXT('2D SPACE',''
  ) );
#946 = PCURVE('',#947,#952);
#947 = CONICAL_SURFACE('',#948,2.35,0.463647609001);
#948 = AXIS2_PLACEMENT_3D('',#949,#950,#951);
#949 = CARTESIAN_POINT('',(-13.,-13.,0.));
#950 = DIRECTION('',(-0.,-0.,-1.));
#951 = DIRECTION('',(1.,0.,0.));
#952 = DEFINITIONAL_REPRESENTATION('',(#953),#957);
#953 = LINE('',#954,#955);
#954 = CARTESIAN_POINT('',(-0.,-0.));
#955 = VECTOR('',#956,1.);
#956 = DIRECTION('',(-1.,-0.));
#957 = ( GEOMETRIC_REPRESENTATION_CONTEXT(2) 
PARAMETRIC_REPRESENTATION_CONTEXT() REPRESENTATION_CONTEXT('2D SPACE',''
  ) );
#958 = FACE_BOUND('',#959,.F.);
#959 = EDGE_LOOP('',(#960));
#960 = ORIENTED_EDGE('',*,*,#961,.F.);
#961 = EDGE_CURVE('',#962,#962,#964,.T.);
#962 = VERTEX_POINT('',#963);
#963 = CARTESIAN_POINT('',(15.35,-13.,0.));
#964 = SURFACE_CURVE('',#965,(#970,#977),.PCURVE_S1.);
#965 = CIRCLE('',#966,2.35);
#966 = AXIS2_PLACEMENT_3D('',#967,#968,#969);
#967 = CARTESIAN_POINT('',(13.,-13.,0.));
#968 = DIRECTION('',(0.,0.,1.));
#969 = DIRECTION('',(1.,0.,0.));
#970 = PCURVE('',#126,#971);
#971 = DEFINITIONAL_REPRESENTATION('',(#972),#976);
#972 = CIRCLE('',#973,2.35);
#973 = AXIS2_PLACEMENT_2D('',#974,#975);
#974 = CARTESIAN_POINT('',(47.,10.));
#975 = DIRECTION('',(1.,0.));
#976 = ( GEOMETRIC_REPRESENTATION_CONTEXT(2) 
PARAMETRIC_REPRESENTATION_CONTEXT() REPRESENTATION_CONTEXT('2D SPACE',''
  ) );
#977 = PCURVE('',#978,#983);
#978 = CONICAL_SURFACE('',#979,2.35,0.463647609001);
#979 = AXIS2_PLACEMENT_3D('',#980,#981,#982);
#980 = CARTESIAN_POINT('',(13.,-13.,0.));
#981 = DIRECTION('',(-0.,-0.,-1.));
#982 = DIRECTION('',(1.,0.,0.));
#983 = DEFINITIONAL_REPRESENTATION('',(#984),#988);
#984 = LINE('',#985,#986);
#985 = CARTESIAN_POINT('',(-0.,-0.));
#986 = VECTOR('',#987,1.);
#987 = DIRECTION('',(-1.,-0.));
#988 = ( GEOMETRIC_REPRESENTATION_CONTEXT(2) 
PARAMETRIC_REPRESENTATION_CONTEXT() REPRESENTATION_CONTEXT('2D SPACE',''
  ) );
#989 = FACE_BOUND('',#990,.F.);
#990 = EDGE_LOOP('',(#991));
#991 = ORIENTED_EDGE('',*,*,#992,.F.);
#992 = EDGE_CURVE('',#993,#993,#995,.T.);
#993 = VERTEX_POINT('',#994);
#994 = CARTESIAN_POINT('',(-10.65,13.,0.));
#995 = SURFACE_CURVE('',#996,(#1001,#1008),.PCURVE_S1.);
#996 = CIRCLE('',#997,2.35);
#997 = AXIS2_PLACEMENT_3D('',#998,#999,#1000);
#998 = CARTESIAN_POINT('',(-13.,13.,0.));
#999 = DIRECTION('',(0.,0.,1.));
#1000 = DIRECTION('',(1.,0.,0.));
#1001 = PCURVE('',#126,#1002);
#1002 = DEFINITIONAL_REPRESENTATION('',(#1003),#1007);
#1003 = CIRCLE('',#1004,2.35);
#1004 = AXIS2_PLACEMENT_2D('',#1005,#1006);
#1005 = CARTESIAN_POINT('',(21.,36.));
#1006 = DIRECTION('',(1.,0.));
#1007 = ( GEOMETRIC_REPRESENTATION_CONTEXT(2) 
PARAMETRIC_REPRESENTATION_CONTEXT() REPRESENTATION_CONTEXT('2D SPACE',''
  ) );
#1008 = PCURVE('',#1009,#1014);
#1009 = CONICAL_SURFACE('',#1010,2.35,0.463647609001);
#1010 = AXIS2_PLACEMENT_3D('',#1011,#1012,#1013);
#1011 = CARTESIAN_POINT('',(-13.,13.,0.));
#1012 = DIRECTION('',(-0.,-0.,-1.));
#1013 = DIRECTION('',(1.,0.,0.));
#1014 = DEFINITIONAL_REPRESENTATION('',(#1015),#1019);
#1015 = LINE('',#1016,#1017);
#1016 = CARTESIAN_POINT('',(-0.,-0.));
#1017 = VECTOR('',#1018,1.);
#1018 = DIRECTION('',(-1.,-0.));
#1019 = ( GEOMETRIC_REPRESENTATION_CONTEXT(2) 
PARAMETRIC_REPRESENTATION_CONTEXT() REPRESENTATION_CONTEXT('2D SPACE',''
  ) );
#1020 = FACE_BOUND('',#1021,.F.);
#1021 = EDGE_LOOP('',(#1022));
#1022 = ORIENTED_EDGE('',*,*,#1023,.F.);
#1023 = EDGE_CURVE('',#1024,#1024,#1026,.T.);
#1024 = VERTEX_POINT('',#1025);
#1025 = CARTESIAN_POINT('',(15.35,13.,0.));
#1026 = SURFACE_CURVE('',#1027,(#1032,#1039),.PCURVE_S1.);
#1027 = CIRCLE('',#1028,2.35);
#1028 = AXIS2_PLACEMENT_3D('',#1029,#1030,#1031);
#1029 = CARTESIAN_POINT('',(13.,13.,0.));
#1030 = DIRECTION('',(0.,0.,1.));
#1031 = DIRECTION('',(1.,0.,0.));
#1032 = PCURVE('',#126,#1033);
#1033 = DEFINITIONAL_REPRESENTATION('',(#1034),#1038);
#1034 = CIRCLE('',#1035,2.35);
#1035 = AXIS2_PLACEMENT_2D('',#1036,#1037);
#1036 = CARTESIAN_POINT('',(47.,36.));
#1037 = DIRECTION('',(1.,0.));
#1038 = ( GEOMETRIC_REPRESENTATION_CONTEXT(2) 
PARAMETRIC_REPRESENTATION_CONTEXT() REPRESENTATION_CONTEXT('2D SPACE',''
  ) );
#1039 = PCURVE('',#1040,#1045);
#1040 = CONICAL_SURFACE('',#1041,2.35,0.463647609001);
#1041 = AXIS2_PLACEMENT_3D('',#1042,#1043,#1044);
#1042 = CARTESIAN_POINT('',(13.,13.,0.));
#1043 = DIRECTION('',(-0.,-0.,-1.));
#1044 = DIRECTION('',(1.,0.,0.));
#1045 = DEFINITIONAL_REPRESENTATION('',(#1046),#1050);
#1046 = LINE('',#1047,#1048);
#1047 = CARTESIAN_POINT('',(-0.,-0.));
#1048 = VECTOR('',#1049,1.);
#1049 = DIRECTION('',(-1.,-0.));
#1050 = ( GEOMETRIC_REPRESENTATION_CONTEXT(2) 
PARAMETRIC_REPRESENTATION_CONTEXT() REPRESENTATION_CONTEXT('2D SPACE',''
  ) );
#1051 = ADVANCED_FACE('',(#1052),#326,.T.);
#1052 = FACE_BOUND('',#1053,.T.);
#1053 = EDGE_LOOP('',(#1054,#1055,#1056,#1057,#1085,#1111,#1137,#1163,
    #1184,#1185));
#1054 = ORIENTED_EDGE('',*,*,#906,.F.);
#1055 = ORIENTED_EDGE('',*,*,#780,.T.);
#1056 = ORIENTED_EDGE('',*,*,#422,.T.);
#1057 = ORIENTED_EDGE('',*,*,#1058,.T.);
#1058 = EDGE_CURVE('',#395,#1059,#1061,.T.);
#1059 = VERTEX_POINT('',#1060);
#1060 = CARTESIAN_POINT('',(-3.,23.,8.));
#1061 = SURFACE_CURVE('',#1062,(#1066,#1073),.PCURVE_S1.);
#1062 = LINE('',#1063,#1064);
#1063 = CARTESIAN_POINT('',(-34.,23.,8.));
#1064 = VECTOR('',#1065,1.);
#1065 = DIRECTION('',(1.,0.,0.));
#1066 = PCURVE('',#326,#1067);
#1067 = DEFINITIONAL_REPRESENTATION('',(#1068),#1072);
#1068 = LINE('',#1069,#1070);
#1069 = CARTESIAN_POINT('',(8.,0.));
#1070 = VECTOR('',#1071,1.);
#1071 = DIRECTION('',(0.,1.));
#1072 = ( GEOMETRIC_REPRESENTATION_CONTEXT(2) 
PARAMETRIC_REPRESENTATION_CONTEXT() REPRESENTATION_CONTEXT('2D SPACE',''
  ) );
#1073 = PCURVE('',#1074,#1079);
#1074 = PLANE('',#1075);
#1075 = AXIS2_PLACEMENT_3D('',#1076,#1077,#1078);
#1076 = CARTESIAN_POINT('',(-8.,16.,8.));
#1077 = DIRECTION('',(0.,0.,1.));
#1078 = DIRECTION('',(1.,0.,0.));
#1079 = DEFINITIONAL_REPRESENTATION('',(#1080),#1084);
#1080 = LINE('',#1081,#1082);
#1081 = CARTESIAN_POINT('',(-26.,7.));
#1082 = VECTOR('',#1083,1.);
#1083 = DIRECTION('',(1.,0.));
#1084 = ( GEOMETRIC_REPRESENTATION_CONTEXT(2) 
PARAMETRIC_REPRESENTATION_CONTEXT() REPRESENTATION_CONTEXT('2D SPACE',''
  ) );
#1085 = ORIENTED_EDGE('',*,*,#1086,.T.);
#1086 = EDGE_CURVE('',#1059,#1087,#1089,.T.);
#1087 = VERTEX_POINT('',#1088);
#1088 = CARTESIAN_POINT('',(-3.,23.,1.));
#1089 = SURFACE_CURVE('',#1090,(#1094,#1100),.PCURVE_S1.);
#1090 = LINE('',#1091,#1092);
#1091 = CARTESIAN_POINT('',(-3.,23.,2.900980486407));
#1092 = VECTOR('',#1093,1.);
#1093 = DIRECTION('',(0.,0.,-1.));
#1094 = PCURVE('',#326,#1095);
#1095 = DEFINITIONAL_REPRESENTATION('',(#1096),#1099);
#1096 = B_SPLINE_CURVE_WITH_KNOTS('',1,(#1097,#1098),.UNSPECIFIED.,.F.,
  .F.,(2,2),(-5.099019513593,2.900980486407),.PIECEWISE_BEZIER_KNOTS.);
#1097 = CARTESIAN_POINT('',(8.,31.));
#1098 = CARTESIAN_POINT('',(0.,31.));
#1099 = ( GEOMETRIC_REPRESENTATION_CONTEXT(2) 
PARAMETRIC_REPRESENTATION_CONTEXT() REPRESENTATION_CONTEXT('2D SPACE',''
  ) );
#1100 = PCURVE('',#1101,#1106);
#1101 = PLANE('',#1102);
#1102 = AXIS2_PLACEMENT_3D('',#1103,#1104,#1105);
#1103 = CARTESIAN_POINT('',(-3.,36.198039027186,5.801960972814));
#1104 = DIRECTION('',(1.,0.,0.));
#1105 = DIRECTION('',(-0.,0.,1.));
#1106 = DEFINITIONAL_REPRESENTATION('',(#1107),#1110);
#1107 = B_SPLINE_CURVE_WITH_KNOTS('',1,(#1108,#1109),.UNSPECIFIED.,.F.,
  .F.,(2,2),(-5.099019513593,2.900980486407),.PIECEWISE_BEZIER_KNOTS.);
#1108 = CARTESIAN_POINT('',(2.198039027186,13.198039027186));
#1109 = CARTESIAN_POINT('',(-5.801960972814,13.198039027186));
#1110 = ( GEOMETRIC_REPRESENTATION_CONTEXT(2) 
PARAMETRIC_REPRESENTATION_CONTEXT() REPRESENTATION_CONTEXT('2D SPACE',''
  ) );
#1111 = ORIENTED_EDGE('',*,*,#1112,.T.);
#1112 = EDGE_CURVE('',#1087,#1113,#1115,.T.);
#1113 = VERTEX_POINT('',#1114);
#1114 = CARTESIAN_POINT('',(3.,23.,1.));
#1115 = SURFACE_CURVE('',#1116,(#1120,#1126),.PCURVE_S1.);
#1116 = LINE('',#1117,#1118);
#1117 = CARTESIAN_POINT('',(-18.5,23.,1.));
#1118 = VECTOR('',#1119,1.);
#1119 = DIRECTION('',(1.,0.,-0.));
#1120 = PCURVE('',#326,#1121);
#1121 = DEFINITIONAL_REPRESENTATION('',(#1122),#1125);
#1122 = B_SPLINE_CURVE_WITH_KNOTS('',1,(#1123,#1124),.UNSPECIFIED.,.F.,
  .F.,(2,2),(15.5,21.5),.PIECEWISE_BEZIER_KNOTS.);
#1123 = CARTESIAN_POINT('',(1.,31.));
#1124 = CARTESIAN_POINT('',(1.,37.));
#1125 = ( GEOMETRIC_REPRESENTATION_CONTEXT(2) 
PARAMETRIC_REPRESENTATION_CONTEXT() REPRESENTATION_CONTEXT('2D SPACE',''
  ) );
#1126 = PCURVE('',#1127,#1132);
#1127 = PLANE('',#1128);
#1128 = AXIS2_PLACEMENT_3D('',#1129,#1130,#1131);
#1129 = CARTESIAN_POINT('',(-3.,18.,0.));
#1130 = DIRECTION('',(0.,-0.196116135138,0.980580675691));
#1131 = DIRECTION('',(0.,0.980580675691,0.196116135138));
#1132 = DEFINITIONAL_REPRESENTATION('',(#1133),#1136);
#1133 = B_SPLINE_CURVE_WITH_KNOTS('',1,(#1134,#1135),.UNSPECIFIED.,.F.,
  .F.,(2,2),(15.5,21.5),.PIECEWISE_BEZIER_KNOTS.);
#1134 = CARTESIAN_POINT('',(5.099019513593,0.));
#1135 = CARTESIAN_POINT('',(5.099019513593,-6.));
#1136 = ( GEOMETRIC_REPRESENTATION_CONTEXT(2) 
PARAMETRIC_REPRESENTATION_CONTEXT() REPRESENTATION_CONTEXT('2D SPACE',''
  ) );
#1137 = ORIENTED_EDGE('',*,*,#1138,.F.);
#1138 = EDGE_CURVE('',#1139,#1113,#1141,.T.);
#1139 = VERTEX_POINT('',#1140);
#1140 = CARTESIAN_POINT('',(3.,23.,8.));
#1141 = SURFACE_CURVE('',#1142,(#1146,#1152),.PCURVE_S1.);
#1142 = LINE('',#1143,#1144);
#1143 = CARTESIAN_POINT('',(3.,23.,2.900980486407));
#1144 = VECTOR('',#1145,1.);
#1145 = DIRECTION('',(0.,0.,-1.));
#1146 = PCURVE('',#326,#1147);
#1147 = DEFINITIONAL_REPRESENTATION('',(#1148),#1151);
#1148 = B_SPLINE_CURVE_WITH_KNOTS('',1,(#1149,#1150),.UNSPECIFIED.,.F.,
  .F.,(2,2),(-5.099019513593,2.900980486407),.PIECEWISE_BEZIER_KNOTS.);
#1149 = CARTESIAN_POINT('',(8.,37.));
#1150 = CARTESIAN_POINT('',(0.,37.));
#1151 = ( GEOMETRIC_REPRESENTATION_CONTEXT(2) 
PARAMETRIC_REPRESENTATION_CONTEXT() REPRESENTATION_CONTEXT('2D SPACE',''
  ) );
#1152 = PCURVE('',#1153,#1158);
#1153 = PLANE('',#1154);
#1154 = AXIS2_PLACEMENT_3D('',#1155,#1156,#1157);
#1155 = CARTESIAN_POINT('',(3.,36.198039027186,5.801960972814));
#1156 = DIRECTION('',(1.,0.,0.));
#1157 = DIRECTION('',(-0.,0.,1.));
#1158 = DEFINITIONAL_REPRESENTATION('',(#1159),#1162);
#1159 = B_SPLINE_CURVE_WITH_KNOTS('',1,(#1160,#1161),.UNSPECIFIED.,.F.,
  .F.,(2,2),(-5.099019513593,2.900980486407),.PIECEWISE_BEZIER_KNOTS.);
#1160 = CARTESIAN_POINT('',(2.198039027186,13.198039027186));
#1161 = CARTESIAN_POINT('',(-5.801960972814,13.198039027186));
#1162 = ( GEOMETRIC_REPRESENTATION_CONTEXT(2) 
PARAMETRIC_REPRESENTATION_CONTEXT() REPRESENTATION_CONTEXT('2D SPACE',''
  ) );
#1163 = ORIENTED_EDGE('',*,*,#1164,.T.);
#1164 = EDGE_CURVE('',#1139,#311,#1165,.T.);
#1165 = SURFACE_CURVE('',#1166,(#1170,#1177),.PCURVE_S1.);
#1166 = LINE('',#1167,#1168);
#1167 = CARTESIAN_POINT('',(-34.,23.,8.));
#1168 = VECTOR('',#1169,1.);
#1169 = DIRECTION('',(1.,0.,0.));
#1170 = PCURVE('',#326,#1171);
#1171 = DEFINITIONAL_REPRESENTATION('',(#1172),#1176);
#1172 = LINE('',#1173,#1174);
#1173 = CARTESIAN_POINT('',(8.,0.));
#1174 = VECTOR('',#1175,1.);
#1175 = DIRECTION('',(0.,1.));
#1176 = ( GEOMETRIC_REPRESENTATION_CONTEXT(2) 
PARAMETRIC_REPRESENTATION_CONTEXT() REPRESENTATION_CONTEXT('2D SPACE',''
  ) );
#1177 = PCURVE('',#1074,#1178);
#1178 = DEFINITIONAL_REPRESENTATION('',(#1179),#1183);
#1179 = LINE('',#1180,#1181);
#1180 = CARTESIAN_POINT('',(-26.,7.));
#1181 = VECTOR('',#1182,1.);
#1182 = DIRECTION('',(1.,0.));
#1183 = ( GEOMETRIC_REPRESENTATION_CONTEXT(2) 
PARAMETRIC_REPRESENTATION_CONTEXT() REPRESENTATION_CONTEXT('2D SPACE',''
  ) );
#1184 = ORIENTED_EDGE('',*,*,#310,.T.);
#1185 = ORIENTED_EDGE('',*,*,#1186,.F.);
#1186 = EDGE_CURVE('',#883,#282,#1187,.T.);
#1187 = SURFACE_CURVE('',#1188,(#1192,#1199),.PCURVE_S1.);
#1188 = LINE('',#1189,#1190);
#1189 = CARTESIAN_POINT('',(31.,23.,0.));
#1190 = VECTOR('',#1191,1.);
#1191 = DIRECTION('',(0.,0.,1.));
#1192 = PCURVE('',#326,#1193);
#1193 = DEFINITIONAL_REPRESENTATION('',(#1194),#1198);
#1194 = LINE('',#1195,#1196);
#1195 = CARTESIAN_POINT('',(0.,65.));
#1196 = VECTOR('',#1197,1.);
#1197 = DIRECTION('',(1.,0.));
#1198 = ( GEOMETRIC_REPRESENTATION_CONTEXT(2) 
PARAMETRIC_REPRESENTATION_CONTEXT() REPRESENTATION_CONTEXT('2D SPACE',''
  ) );
#1199 = PCURVE('',#298,#1200);
#1200 = DEFINITIONAL_REPRESENTATION('',(#1201),#1205);
#1201 = LINE('',#1202,#1203);
#1202 = CARTESIAN_POINT('',(1.570796326795,0.));
#1203 = VECTOR('',#1204,1.);
#1204 = DIRECTION('',(0.,1.));
#1205 = ( GEOMETRIC_REPRESENTATION_CONTEXT(2) 
PARAMETRIC_REPRESENTATION_CONTEXT() REPRESENTATION_CONTEXT('2D SPACE',''
  ) );
#1206 = ADVANCED_FACE('',(#1207),#410,.F.);
#1207 = FACE_BOUND('',#1208,.F.);
#1208 = EDGE_LOOP('',(#1209,#1239,#1260,#1261,#1284));
#1209 = ORIENTED_EDGE('',*,*,#1210,.F.);
#1210 = EDGE_CURVE('',#1211,#1213,#1215,.T.);
#1211 = VERTEX_POINT('',#1212);
#1212 = CARTESIAN_POINT('',(-8.,16.,14.));
#1213 = VERTEX_POINT('',#1214);
#1214 = CARTESIAN_POINT('',(-8.,61.,14.));
#1215 = SURFACE_CURVE('',#1216,(#1220,#1227),.PCURVE_S1.);
#1216 = LINE('',#1217,#1218);
#1217 = CARTESIAN_POINT('',(-8.,16.,14.));
#1218 = VECTOR('',#1219,1.);
#1219 = DIRECTION('',(0.,1.,0.));
#1220 = PCURVE('',#410,#1221);
#1221 = DEFINITIONAL_REPRESENTATION('',(#1222),#1226);
#1222 = LINE('',#1223,#1224);
#1223 = CARTESIAN_POINT('',(6.,0.));
#1224 = VECTOR('',#1225,1.);
#1225 = DIRECTION('',(0.,-1.));
#1226 = ( GEOMETRIC_REPRESENTATION_CONTEXT(2) 
PARAMETRIC_REPRESENTATION_CONTEXT() REPRESENTATION_CONTEXT('2D SPACE',''
  ) );
#1227 = PCURVE('',#1228,#1233);
#1228 = PLANE('',#1229);
#1229 = AXIS2_PLACEMENT_3D('',#1230,#1231,#1232);
#1230 = CARTESIAN_POINT('',(-8.,16.,14.));
#1231 = DIRECTION('',(0.,0.,1.));
#1232 = DIRECTION('',(1.,0.,0.));
#1233 = DEFINITIONAL_REPRESENTATION('',(#1234),#1238);
#1234 = LINE('',#1235,#1236);
#1235 = CARTESIAN_POINT('',(0.,0.));
#1236 = VECTOR('',#1237,1.);
#1237 = DIRECTION('',(0.,1.));
#1238 = ( GEOMETRIC_REPRESENTATION_CONTEXT(2) 
PARAMETRIC_REPRESENTATION_CONTEXT() REPRESENTATION_CONTEXT('2D SPACE',''
  ) );
#1239 = ORIENTED_EDGE('',*,*,#1240,.F.);
#1240 = EDGE_CURVE('',#367,#1211,#1241,.T.);
#1241 = SURFACE_CURVE('',#1242,(#1246,#1253),.PCURVE_S1.);
#1242 = LINE('',#1243,#1244);
#1243 = CARTESIAN_POINT('',(-8.,16.,8.));
#1244 = VECTOR('',#1245,1.);
#1245 = DIRECTION('',(0.,0.,1.));
#1246 = PCURVE('',#410,#1247);
#1247 = DEFINITIONAL_REPRESENTATION('',(#1248),#1252);
#1248 = LINE('',#1249,#1250);
#1249 = CARTESIAN_POINT('',(0.,0.));
#1250 = VECTOR('',#1251,1.);
#1251 = DIRECTION('',(1.,0.));
#1252 = ( GEOMETRIC_REPRESENTATION_CONTEXT(2) 
PARAMETRIC_REPRESENTATION_CONTEXT() REPRESENTATION_CONTEXT('2D SPACE',''
  ) );
#1253 = PCURVE('',#382,#1254);
#1254 = DEFINITIONAL_REPRESENTATION('',(#1255),#1259);
#1255 = LINE('',#1256,#1257);
#1256 = CARTESIAN_POINT('',(0.,0.));
#1257 = VECTOR('',#1258,1.);
#1258 = DIRECTION('',(1.,0.));
#1259 = ( GEOMETRIC_REPRESENTATION_CONTEXT(2) 
PARAMETRIC_REPRESENTATION_CONTEXT() REPRESENTATION_CONTEXT('2D SPACE',''
  ) );
#1260 = ORIENTED_EDGE('',*,*,#394,.T.);
#1261 = ORIENTED_EDGE('',*,*,#1262,.T.);
#1262 = EDGE_CURVE('',#395,#1263,#1265,.T.);
#1263 = VERTEX_POINT('',#1264);
#1264 = CARTESIAN_POINT('',(-8.,61.,8.));
#1265 = SURFACE_CURVE('',#1266,(#1270,#1277),.PCURVE_S1.);
#1266 = LINE('',#1267,#1268);
#1267 = CARTESIAN_POINT('',(-8.,16.,8.));
#1268 = VECTOR('',#1269,1.);
#1269 = DIRECTION('',(0.,1.,0.));
#1270 = PCURVE('',#410,#1271);
#1271 = DEFINITIONAL_REPRESENTATION('',(#1272),#1276);
#1272 = LINE('',#1273,#1274);
#1273 = CARTESIAN_POINT('',(0.,0.));
#1274 = VECTOR('',#1275,1.);
#1275 = DIRECTION('',(0.,-1.));
#1276 = ( GEOMETRIC_REPRESENTATION_CONTEXT(2) 
PARAMETRIC_REPRESENTATION_CONTEXT() REPRESENTATION_CONTEXT('2D SPACE',''
  ) );
#1277 = PCURVE('',#1074,#1278);
#1278 = DEFINITIONAL_REPRESENTATION('',(#1279),#1283);
#1279 = LINE('',#1280,#1281);
#1280 = CARTESIAN_POINT('',(0.,0.));
#1281 = VECTOR('',#1282,1.);
#1282 = DIRECTION('',(0.,1.));
#1283 = ( GEOMETRIC_REPRESENTATION_CONTEXT(2) 
PARAMETRIC_REPRESENTATION_CONTEXT() REPRESENTATION_CONTEXT('2D SPACE',''
  ) );
#1284 = ORIENTED_EDGE('',*,*,#1285,.T.);
#1285 = EDGE_CURVE('',#1263,#1213,#1286,.T.);
#1286 = SURFACE_CURVE('',#1287,(#1291,#1297),.PCURVE_S1.);
#1287 = LINE('',#1288,#1289);
#1288 = CARTESIAN_POINT('',(-8.,61.,8.));
#1289 = VECTOR('',#1290,1.);
#1290 = DIRECTION('',(0.,0.,1.));
#1291 = PCURVE('',#410,#1292);
#1292 = DEFINITIONAL_REPRESENTATION('',(#1293),#1296);
#1293 = B_SPLINE_CURVE_WITH_KNOTS('',1,(#1294,#1295),.UNSPECIFIED.,.F.,
  .F.,(2,2),(0.,6.),.PIECEWISE_BEZIER_KNOTS.);
#1294 = CARTESIAN_POINT('',(0.,-45.));
#1295 = CARTESIAN_POINT('',(6.,-45.));
#1296 = ( GEOMETRIC_REPRESENTATION_CONTEXT(2) 
PARAMETRIC_REPRESENTATION_CONTEXT() REPRESENTATION_CONTEXT('2D SPACE',''
  ) );
#1297 = PCURVE('',#1298,#1303);
#1298 = PLANE('',#1299);
#1299 = AXIS2_PLACEMENT_3D('',#1300,#1301,#1302);
#1300 = CARTESIAN_POINT('',(-28.5,61.,8.));
#1301 = DIRECTION('',(0.,1.,0.));
#1302 = DIRECTION('',(0.,0.,1.));
#1303 = DEFINITIONAL_REPRESENTATION('',(#1304),#1307);
#1304 = B_SPLINE_CURVE_WITH_KNOTS('',1,(#1305,#1306),.UNSPECIFIED.,.F.,
  .F.,(2,2),(0.,6.),.PIECEWISE_BEZIER_KNOTS.);
#1305 = CARTESIAN_POINT('',(0.,20.5));
#1306 = CARTESIAN_POINT('',(6.,20.5));
#1307 = ( GEOMETRIC_REPRESENTATION_CONTEXT(2) 
PARAMETRIC_REPRESENTATION_CONTEXT() REPRESENTATION_CONTEXT('2D SPACE',''
  ) );
#1308 = ADVANCED_FACE('',(#1309),#382,.F.);
#1309 = FACE_BOUND('',#1310,.F.);
#1310 = EDGE_LOOP('',(#1311,#1312,#1313,#1336));
#1311 = ORIENTED_EDGE('',*,*,#366,.F.);
#1312 = ORIENTED_EDGE('',*,*,#1240,.T.);
#1313 = ORIENTED_EDGE('',*,*,#1314,.T.);
#1314 = EDGE_CURVE('',#1211,#1315,#1317,.T.);
#1315 = VERTEX_POINT('',#1316);
#1316 = CARTESIAN_POINT('',(8.,16.,14.));
#1317 = SURFACE_CURVE('',#1318,(#1322,#1329),.PCURVE_S1.);
#1318 = LINE('',#1319,#1320);
#1319 = CARTESIAN_POINT('',(-8.,16.,14.));
#1320 = VECTOR('',#1321,1.);
#1321 = DIRECTION('',(1.,0.,0.));
#1322 = PCURVE('',#382,#1323);
#1323 = DEFINITIONAL_REPRESENTATION('',(#1324),#1328);
#1324 = LINE('',#1325,#1326);
#1325 = CARTESIAN_POINT('',(6.,0.));
#1326 = VECTOR('',#1327,1.);
#1327 = DIRECTION('',(0.,1.));
#1328 = ( GEOMETRIC_REPRESENTATION_CONTEXT(2) 
PARAMETRIC_REPRESENTATION_CONTEXT() REPRESENTATION_CONTEXT('2D SPACE',''
  ) );
#1329 = PCURVE('',#1228,#1330);
#1330 = DEFINITIONAL_REPRESENTATION('',(#1331),#1335);
#1331 = LINE('',#1332,#1333);
#1332 = CARTESIAN_POINT('',(0.,0.));
#1333 = VECTOR('',#1334,1.);
#1334 = DIRECTION('',(1.,0.));
#1335 = ( GEOMETRIC_REPRESENTATION_CONTEXT(2) 
PARAMETRIC_REPRESENTATION_CONTEXT() REPRESENTATION_CONTEXT('2D SPACE',''
  ) );
#1336 = ORIENTED_EDGE('',*,*,#1337,.F.);
#1337 = EDGE_CURVE('',#339,#1315,#1338,.T.);
#1338 = SURFACE_CURVE('',#1339,(#1343,#1350),.PCURVE_S1.);
#1339 = LINE('',#1340,#1341);
#1340 = CARTESIAN_POINT('',(8.,16.,8.));
#1341 = VECTOR('',#1342,1.);
#1342 = DIRECTION('',(0.,0.,1.));
#1343 = PCURVE('',#382,#1344);
#1344 = DEFINITIONAL_REPRESENTATION('',(#1345),#1349);
#1345 = LINE('',#1346,#1347);
#1346 = CARTESIAN_POINT('',(0.,16.));
#1347 = VECTOR('',#1348,1.);
#1348 = DIRECTION('',(1.,0.));
#1349 = ( GEOMETRIC_REPRESENTATION_CONTEXT(2) 
PARAMETRIC_REPRESENTATION_CONTEXT() REPRESENTATION_CONTEXT('2D SPACE',''
  ) );
#1350 = PCURVE('',#354,#1351);
#1351 = DEFINITIONAL_REPRESENTATION('',(#1352),#1356);
#1352 = LINE('',#1353,#1354);
#1353 = CARTESIAN_POINT('',(0.,0.));
#1354 = VECTOR('',#1355,1.);
#1355 = DIRECTION('',(1.,0.));
#1356 = ( GEOMETRIC_REPRESENTATION_CONTEXT(2) 
PARAMETRIC_REPRESENTATION_CONTEXT() REPRESENTATION_CONTEXT('2D SPACE',''
  ) );
#1357 = ADVANCED_FACE('',(#1358),#354,.T.);
#1358 = FACE_BOUND('',#1359,.T.);
#1359 = EDGE_LOOP('',(#1360,#1383,#1384,#1385,#1408));
#1360 = ORIENTED_EDGE('',*,*,#1361,.F.);
#1361 = EDGE_CURVE('',#1315,#1362,#1364,.T.);
#1362 = VERTEX_POINT('',#1363);
#1363 = CARTESIAN_POINT('',(8.,61.,14.));
#1364 = SURFACE_CURVE('',#1365,(#1369,#1376),.PCURVE_S1.);
#1365 = LINE('',#1366,#1367);
#1366 = CARTESIAN_POINT('',(8.,16.,14.));
#1367 = VECTOR('',#1368,1.);
#1368 = DIRECTION('',(0.,1.,0.));
#1369 = PCURVE('',#354,#1370);
#1370 = DEFINITIONAL_REPRESENTATION('',(#1371),#1375);
#1371 = LINE('',#1372,#1373);
#1372 = CARTESIAN_POINT('',(6.,0.));
#1373 = VECTOR('',#1374,1.);
#1374 = DIRECTION('',(0.,-1.));
#1375 = ( GEOMETRIC_REPRESENTATION_CONTEXT(2) 
PARAMETRIC_REPRESENTATION_CONTEXT() REPRESENTATION_CONTEXT('2D SPACE',''
  ) );
#1376 = PCURVE('',#1228,#1377);
#1377 = DEFINITIONAL_REPRESENTATION('',(#1378),#1382);
#1378 = LINE('',#1379,#1380);
#1379 = CARTESIAN_POINT('',(16.,0.));
#1380 = VECTOR('',#1381,1.);
#1381 = DIRECTION('',(0.,1.));
#1382 = ( GEOMETRIC_REPRESENTATION_CONTEXT(2) 
PARAMETRIC_REPRESENTATION_CONTEXT() REPRESENTATION_CONTEXT('2D SPACE',''
  ) );
#1383 = ORIENTED_EDGE('',*,*,#1337,.F.);
#1384 = ORIENTED_EDGE('',*,*,#338,.T.);
#1385 = ORIENTED_EDGE('',*,*,#1386,.T.);
#1386 = EDGE_CURVE('',#311,#1387,#1389,.T.);
#1387 = VERTEX_POINT('',#1388);
#1388 = CARTESIAN_POINT('',(8.,61.,8.));
#1389 = SURFACE_CURVE('',#1390,(#1394,#1401),.PCURVE_S1.);
#1390 = LINE('',#1391,#1392);
#1391 = CARTESIAN_POINT('',(8.,16.,8.));
#1392 = VECTOR('',#1393,1.);
#1393 = DIRECTION('',(0.,1.,0.));
#1394 = PCURVE('',#354,#1395);
#1395 = DEFINITIONAL_REPRESENTATION('',(#1396),#1400);
#1396 = LINE('',#1397,#1398);
#1397 = CARTESIAN_POINT('',(0.,0.));
#1398 = VECTOR('',#1399,1.);
#1399 = DIRECTION('',(0.,-1.));
#1400 = ( GEOMETRIC_REPRESENTATION_CONTEXT(2) 
PARAMETRIC_REPRESENTATION_CONTEXT() REPRESENTATION_CONTEXT('2D SPACE',''
  ) );
#1401 = PCURVE('',#1074,#1402);
#1402 = DEFINITIONAL_REPRESENTATION('',(#1403),#1407);
#1403 = LINE('',#1404,#1405);
#1404 = CARTESIAN_POINT('',(16.,0.));
#1405 = VECTOR('',#1406,1.);
#1406 = DIRECTION('',(0.,1.));
#1407 = ( GEOMETRIC_REPRESENTATION_CONTEXT(2) 
PARAMETRIC_REPRESENTATION_CONTEXT() REPRESENTATION_CONTEXT('2D SPACE',''
  ) );
#1408 = ORIENTED_EDGE('',*,*,#1409,.T.);
#1409 = EDGE_CURVE('',#1387,#1362,#1410,.T.);
#1410 = SURFACE_CURVE('',#1411,(#1415,#1421),.PCURVE_S1.);
#1411 = LINE('',#1412,#1413);
#1412 = CARTESIAN_POINT('',(8.,61.,8.));
#1413 = VECTOR('',#1414,1.);
#1414 = DIRECTION('',(0.,0.,1.));
#1415 = PCURVE('',#354,#1416);
#1416 = DEFINITIONAL_REPRESENTATION('',(#1417),#1420);
#1417 = B_SPLINE_CURVE_WITH_KNOTS('',1,(#1418,#1419),.UNSPECIFIED.,.F.,
  .F.,(2,2),(0.,6.),.PIECEWISE_BEZIER_KNOTS.);
#1418 = CARTESIAN_POINT('',(0.,-45.));
#1419 = CARTESIAN_POINT('',(6.,-45.));
#1420 = ( GEOMETRIC_REPRESENTATION_CONTEXT(2) 
PARAMETRIC_REPRESENTATION_CONTEXT() REPRESENTATION_CONTEXT('2D SPACE',''
  ) );
#1421 = PCURVE('',#1422,#1427);
#1422 = PLANE('',#1423);
#1423 = AXIS2_PLACEMENT_3D('',#1424,#1425,#1426);
#1424 = CARTESIAN_POINT('',(-28.5,61.,8.));
#1425 = DIRECTION('',(0.,1.,0.));
#1426 = DIRECTION('',(0.,0.,1.));
#1427 = DEFINITIONAL_REPRESENTATION('',(#1428),#1431);
#1428 = B_SPLINE_CURVE_WITH_KNOTS('',1,(#1429,#1430),.UNSPECIFIED.,.F.,
  .F.,(2,2),(0.,6.),.PIECEWISE_BEZIER_KNOTS.);
#1429 = CARTESIAN_POINT('',(0.,36.5));
#1430 = CARTESIAN_POINT('',(6.,36.5));
#1431 = ( GEOMETRIC_REPRESENTATION_CONTEXT(2) 
PARAMETRIC_REPRESENTATION_CONTEXT() REPRESENTATION_CONTEXT('2D SPACE',''
  ) );
#1432 = ADVANCED_FACE('',(#1433),#298,.T.);
#1433 = FACE_BOUND('',#1434,.T.);
#1434 = EDGE_LOOP('',(#1435,#1436,#1437,#1438));
#1435 = ORIENTED_EDGE('',*,*,#882,.T.);
#1436 = ORIENTED_EDGE('',*,*,#1186,.T.);
#1437 = ORIENTED_EDGE('',*,*,#281,.F.);
#1438 = ORIENTED_EDGE('',*,*,#1439,.F.);
#1439 = EDGE_CURVE('',#860,#254,#1440,.T.);
#1440 = SURFACE_CURVE('',#1441,(#1445,#1452),.PCURVE_S1.);
#1441 = LINE('',#1442,#1443);
#1442 = CARTESIAN_POINT('',(34.,20.,0.));
#1443 = VECTOR('',#1444,1.);
#1444 = DIRECTION('',(0.,0.,1.));
#1445 = PCURVE('',#298,#1446);
#1446 = DEFINITIONAL_REPRESENTATION('',(#1447),#1451);
#1447 = LINE('',#1448,#1449);
#1448 = CARTESIAN_POINT('',(0.,0.));
#1449 = VECTOR('',#1450,1.);
#1450 = DIRECTION('',(0.,1.));
#1451 = ( GEOMETRIC_REPRESENTATION_CONTEXT(2) 
PARAMETRIC_REPRESENTATION_CONTEXT() REPRESENTATION_CONTEXT('2D SPACE',''
  ) );
#1452 = PCURVE('',#269,#1453);
#1453 = DEFINITIONAL_REPRESENTATION('',(#1454),#1458);
#1454 = LINE('',#1455,#1456);
#1455 = CARTESIAN_POINT('',(0.,-43.));
#1456 = VECTOR('',#1457,1.);
#1457 = DIRECTION('',(1.,0.));
#1458 = ( GEOMETRIC_REPRESENTATION_CONTEXT(2) 
PARAMETRIC_REPRESENTATION_CONTEXT() REPRESENTATION_CONTEXT('2D SPACE',''
  ) );
#1459 = ADVANCED_FACE('',(#1460),#269,.T.);
#1460 = FACE_BOUND('',#1461,.T.);
#1461 = EDGE_LOOP('',(#1462,#1463,#1484,#1485));
#1462 = ORIENTED_EDGE('',*,*,#253,.F.);
#1463 = ORIENTED_EDGE('',*,*,#1464,.F.);
#1464 = EDGE_CURVE('',#832,#221,#1465,.T.);
#1465 = SURFACE_CURVE('',#1466,(#1470,#1477),.PCURVE_S1.);
#1466 = LINE('',#1467,#1468);
#1467 = CARTESIAN_POINT('',(34.,-20.,0.));
#1468 = VECTOR('',#1469,1.);
#1469 = DIRECTION('',(0.,0.,1.));
#1470 = PCURVE('',#269,#1471);
#1471 = DEFINITIONAL_REPRESENTATION('',(#1472),#1476);
#1472 = LINE('',#1473,#1474);
#1473 = CARTESIAN_POINT('',(0.,-3.));
#1474 = VECTOR('',#1475,1.);
#1475 = DIRECTION('',(1.,0.));
#1476 = ( GEOMETRIC_REPRESENTATION_CONTEXT(2) 
PARAMETRIC_REPRESENTATION_CONTEXT() REPRESENTATION_CONTEXT('2D SPACE',''
  ) );
#1477 = PCURVE('',#241,#1478);
#1478 = DEFINITIONAL_REPRESENTATION('',(#1479),#1483);
#1479 = LINE('',#1480,#1481);
#1480 = CARTESIAN_POINT('',(-0.,0.));
#1481 = VECTOR('',#1482,1.);
#1482 = DIRECTION('',(-0.,1.));
#1483 = ( GEOMETRIC_REPRESENTATION_CONTEXT(2) 
PARAMETRIC_REPRESENTATION_CONTEXT() REPRESENTATION_CONTEXT('2D SPACE',''
  ) );
#1484 = ORIENTED_EDGE('',*,*,#859,.T.);
#1485 = ORIENTED_EDGE('',*,*,#1439,.T.);
#1486 = ADVANCED_FACE('',(#1487),#241,.T.);
#1487 = FACE_BOUND('',#1488,.F.);
#1488 = EDGE_LOOP('',(#1489,#1490,#1511,#1512));
#1489 = ORIENTED_EDGE('',*,*,#831,.T.);
#1490 = ORIENTED_EDGE('',*,*,#1491,.T.);
#1491 = EDGE_CURVE('',#809,#193,#1492,.T.);
#1492 = SURFACE_CURVE('',#1493,(#1497,#1504),.PCURVE_S1.);
#1493 = LINE('',#1494,#1495);
#1494 = CARTESIAN_POINT('',(31.,-23.,0.));
#1495 = VECTOR('',#1496,1.);
#1496 = DIRECTION('',(0.,0.,1.));
#1497 = PCURVE('',#241,#1498);
#1498 = DEFINITIONAL_REPRESENTATION('',(#1499),#1503);
#1499 = LINE('',#1500,#1501);
#1500 = CARTESIAN_POINT('',(-1.570796326795,0.));
#1501 = VECTOR('',#1502,1.);
#1502 = DIRECTION('',(-0.,1.));
#1503 = ( GEOMETRIC_REPRESENTATION_CONTEXT(2) 
PARAMETRIC_REPRESENTATION_CONTEXT() REPRESENTATION_CONTEXT('2D SPACE',''
  ) );
#1504 = PCURVE('',#208,#1505);
#1505 = DEFINITIONAL_REPRESENTATION('',(#1506),#1510);
#1506 = LINE('',#1507,#1508);
#1507 = CARTESIAN_POINT('',(0.,65.));
#1508 = VECTOR('',#1509,1.);
#1509 = DIRECTION('',(1.,0.));
#1510 = ( GEOMETRIC_REPRESENTATION_CONTEXT(2) 
PARAMETRIC_REPRESENTATION_CONTEXT() REPRESENTATION_CONTEXT('2D SPACE',''
  ) );
#1511 = ORIENTED_EDGE('',*,*,#220,.F.);
#1512 = ORIENTED_EDGE('',*,*,#1464,.F.);
#1513 = ADVANCED_FACE('',(#1514),#208,.F.);
#1514 = FACE_BOUND('',#1515,.F.);
#1515 = EDGE_LOOP('',(#1516,#1517,#1518,#1519));
#1516 = ORIENTED_EDGE('',*,*,#808,.F.);
#1517 = ORIENTED_EDGE('',*,*,#726,.T.);
#1518 = ORIENTED_EDGE('',*,*,#192,.T.);
#1519 = ORIENTED_EDGE('',*,*,#1491,.F.);
#1520 = ADVANCED_FACE('',(#1521),#491,.F.);
#1521 = FACE_BOUND('',#1522,.F.);
#1522 = EDGE_LOOP('',(#1523,#1524,#1547,#1575,#1603,#1631,#1857,#1885,
    #1913,#1941));
#1523 = ORIENTED_EDGE('',*,*,#473,.F.);
#1524 = ORIENTED_EDGE('',*,*,#1525,.T.);
#1525 = EDGE_CURVE('',#474,#1526,#1528,.T.);
#1526 = VERTEX_POINT('',#1527);
#1527 = CARTESIAN_POINT('',(-27.5,17.286842105263,16.));
#1528 = SURFACE_CURVE('',#1529,(#1533,#1540),.PCURVE_S1.);
#1529 = LINE('',#1530,#1531);
#1530 = CARTESIAN_POINT('',(-27.5,17.286842105263,8.));
#1531 = VECTOR('',#1532,1.);
#1532 = DIRECTION('',(0.,0.,1.));
#1533 = PCURVE('',#491,#1534);
#1534 = DEFINITIONAL_REPRESENTATION('',(#1535),#1539);
#1535 = LINE('',#1536,#1537);
#1536 = CARTESIAN_POINT('',(-18.1223578231,-17.28684210526));
#1537 = VECTOR('',#1538,1.);
#1538 = DIRECTION('',(1.,0.));
#1539 = ( GEOMETRIC_REPRESENTATION_CONTEXT(2) 
PARAMETRIC_REPRESENTATION_CONTEXT() REPRESENTATION_CONTEXT('2D SPACE',''
  ) );
#1540 = PCURVE('',#519,#1541);
#1541 = DEFINITIONAL_REPRESENTATION('',(#1542),#1546);
#1542 = LINE('',#1543,#1544);
#1543 = CARTESIAN_POINT('',(0.,0.));
#1544 = VECTOR('',#1545,1.);
#1545 = DIRECTION('',(1.,0.));
#1546 = ( GEOMETRIC_REPRESENTATION_CONTEXT(2) 
PARAMETRIC_REPRESENTATION_CONTEXT() REPRESENTATION_CONTEXT('2D SPACE',''
  ) );
#1547 = ORIENTED_EDGE('',*,*,#1548,.T.);
#1548 = EDGE_CURVE('',#1526,#1549,#1551,.T.);
#1549 = VERTEX_POINT('',#1550);
#1550 = CARTESIAN_POINT('',(-27.5,28.5,16.));
#1551 = SURFACE_CURVE('',#1552,(#1556,#1563),.PCURVE_S1.);
#1552 = LINE('',#1553,#1554);
#1553 = CARTESIAN_POINT('',(-27.5,15.5,16.));
#1554 = VECTOR('',#1555,1.);
#1555 = DIRECTION('',(0.,1.,0.));
#1556 = PCURVE('',#491,#1557);
#1557 = DEFINITIONAL_REPRESENTATION('',(#1558),#1562);
#1558 = LINE('',#1559,#1560);
#1559 = CARTESIAN_POINT('',(-10.1223578231,-15.5));
#1560 = VECTOR('',#1561,1.);
#1561 = DIRECTION('',(0.,-1.));
#1562 = ( GEOMETRIC_REPRESENTATION_CONTEXT(2) 
PARAMETRIC_REPRESENTATION_CONTEXT() REPRESENTATION_CONTEXT('2D SPACE',''
  ) );
#1563 = PCURVE('',#1564,#1569);
#1564 = PLANE('',#1565);
#1565 = AXIS2_PLACEMENT_3D('',#1566,#1567,#1568);
#1566 = CARTESIAN_POINT('',(-27.5,15.5,16.));
#1567 = DIRECTION('',(0.,0.,1.));
#1568 = DIRECTION('',(1.,0.,0.));
#1569 = DEFINITIONAL_REPRESENTATION('',(#1570),#1574);
#1570 = LINE('',#1571,#1572);
#1571 = CARTESIAN_POINT('',(0.,0.));
#1572 = VECTOR('',#1573,1.);
#1573 = DIRECTION('',(0.,1.));
#1574 = ( GEOMETRIC_REPRESENTATION_CONTEXT(2) 
PARAMETRIC_REPRESENTATION_CONTEXT() REPRESENTATION_CONTEXT('2D SPACE',''
  ) );
#1575 = ORIENTED_EDGE('',*,*,#1576,.T.);
#1576 = EDGE_CURVE('',#1549,#1577,#1579,.T.);
#1577 = VERTEX_POINT('',#1578);
#1578 = CARTESIAN_POINT('',(-27.5,28.5,26.));
#1579 = SURFACE_CURVE('',#1580,(#1584,#1591),.PCURVE_S1.);
#1580 = LINE('',#1581,#1582);
#1581 = CARTESIAN_POINT('',(-27.5,28.5,16.));
#1582 = VECTOR('',#1583,1.);
#1583 = DIRECTION('',(0.,0.,1.));
#1584 = PCURVE('',#491,#1585);
#1585 = DEFINITIONAL_REPRESENTATION('',(#1586),#1590);
#1586 = LINE('',#1587,#1588);
#1587 = CARTESIAN_POINT('',(-10.1223578231,-28.5));
#1588 = VECTOR('',#1589,1.);
#1589 = DIRECTION('',(1.,0.));
#1590 = ( GEOMETRIC_REPRESENTATION_CONTEXT(2) 
PARAMETRIC_REPRESENTATION_CONTEXT() REPRESENTATION_CONTEXT('2D SPACE',''
  ) );
#1591 = PCURVE('',#1592,#1597);
#1592 = PLANE('',#1593);
#1593 = AXIS2_PLACEMENT_3D('',#1594,#1595,#1596);
#1594 = CARTESIAN_POINT('',(-27.5,28.5,16.));
#1595 = DIRECTION('',(0.,1.,0.));
#1596 = DIRECTION('',(0.,0.,1.));
#1597 = DEFINITIONAL_REPRESENTATION('',(#1598),#1602);
#1598 = LINE('',#1599,#1600);
#1599 = CARTESIAN_POINT('',(0.,0.));
#1600 = VECTOR('',#1601,1.);
#1601 = DIRECTION('',(1.,0.));
#1602 = ( GEOMETRIC_REPRESENTATION_CONTEXT(2) 
PARAMETRIC_REPRESENTATION_CONTEXT() REPRESENTATION_CONTEXT('2D SPACE',''
  ) );
#1603 = ORIENTED_EDGE('',*,*,#1604,.F.);
#1604 = EDGE_CURVE('',#1605,#1577,#1607,.T.);
#1605 = VERTEX_POINT('',#1606);
#1606 = CARTESIAN_POINT('',(-27.5,13.286842105263,26.));
#1607 = SURFACE_CURVE('',#1608,(#1612,#1619),.PCURVE_S1.);
#1608 = LINE('',#1609,#1610);
#1609 = CARTESIAN_POINT('',(-27.5,-28.5,26.));
#1610 = VECTOR('',#1611,1.);
#1611 = DIRECTION('',(0.,1.,0.));
#1612 = PCURVE('',#491,#1613);
#1613 = DEFINITIONAL_REPRESENTATION('',(#1614),#1618);
#1614 = LINE('',#1615,#1616);
#1615 = CARTESIAN_POINT('',(-0.122357823109,28.5));
#1616 = VECTOR('',#1617,1.);
#1617 = DIRECTION('',(0.,-1.));
#1618 = ( GEOMETRIC_REPRESENTATION_CONTEXT(2) 
PARAMETRIC_REPRESENTATION_CONTEXT() REPRESENTATION_CONTEXT('2D SPACE',''
  ) );
#1619 = PCURVE('',#1620,#1625);
#1620 = PLANE('',#1621);
#1621 = AXIS2_PLACEMENT_3D('',#1622,#1623,#1624);
#1622 = CARTESIAN_POINT('',(-50.,-50.,26.));
#1623 = DIRECTION('',(0.,0.,1.));
#1624 = DIRECTION('',(1.,0.,0.));
#1625 = DEFINITIONAL_REPRESENTATION('',(#1626),#1630);
#1626 = LINE('',#1627,#1628);
#1627 = CARTESIAN_POINT('',(22.5,21.5));
#1628 = VECTOR('',#1629,1.);
#1629 = DIRECTION('',(0.,1.));
#1630 = ( GEOMETRIC_REPRESENTATION_CONTEXT(2) 
PARAMETRIC_REPRESENTATION_CONTEXT() REPRESENTATION_CONTEXT('2D SPACE',''
  ) );
#1631 = ORIENTED_EDGE('',*,*,#1632,.T.);
#1632 = EDGE_CURVE('',#1605,#1633,#1635,.T.);
#1633 = VERTEX_POINT('',#1634);
#1634 = CARTESIAN_POINT('',(-27.5,-13.28684210526,26.));
#1635 = SURFACE_CURVE('',#1636,(#1705,#1777),.PCURVE_S1.);
#1636 = B_SPLINE_CURVE_WITH_KNOTS('',7,(#1637,#1638,#1639,#1640,#1641,
    #1642,#1643,#1644,#1645,#1646,#1647,#1648,#1649,#1650,#1651,#1652,
    #1653,#1654,#1655,#1656,#1657,#1658,#1659,#1660,#1661,#1662,#1663,
    #1664,#1665,#1666,#1667,#1668,#1669,#1670,#1671,#1672,#1673,#1674,
    #1675,#1676,#1677,#1678,#1679,#1680,#1681,#1682,#1683,#1684,#1685,
    #1686,#1687,#1688,#1689,#1690,#1691,#1692,#1693,#1694,#1695,#1696,
    #1697,#1698,#1699,#1700,#1701,#1702,#1703,#1704),.UNSPECIFIED.,.F.,
  .F.,(8,6,6,6,6,6,6,6,6,6,6,8),(0.,0.182889287709,0.269436666844,
    0.350512172632,0.39739152907,0.428463518508,0.49999957488,
    0.602605754609,0.649485431486,0.730561491455,0.817109462174,1.),
  .UNSPECIFIED.);
#1637 = CARTESIAN_POINT('',(-27.5,13.286842105263,26.));
#1638 = CARTESIAN_POINT('',(-27.5,13.286842105263,24.870049421336));
#1639 = CARTESIAN_POINT('',(-27.5,13.189158726173,23.740147668863));
#1640 = CARTESIAN_POINT('',(-27.5,12.993807074777,22.620287350862));
#1641 = CARTESIAN_POINT('',(-27.5,12.701461799569,21.520702938296));
#1642 = CARTESIAN_POINT('',(-27.5,12.313663487912,20.451819492492));
#1643 = CARTESIAN_POINT('',(-27.5,11.832915763065,19.424226035376));
#1644 = CARTESIAN_POINT('',(-27.5,10.99324820503,17.986899909904));
#1645 = CARTESIAN_POINT('',(-27.5,10.703573641723,17.536872631879));
#1646 = CARTESIAN_POINT('',(-27.5,10.394354834319,17.099660784896));
#1647 = CARTESIAN_POINT('',(-27.5,10.06607797542,16.676423023039));
#1648 = CARTESIAN_POINT('',(-27.5,9.719310340565,16.268317578454));
#1649 = CARTESIAN_POINT('',(-27.5,9.354710809927,15.876493688284));
#1650 = CARTESIAN_POINT('',(-27.5,8.615500708876,15.151344102917));
#1651 = CARTESIAN_POINT('',(-27.5,8.242975902108,14.815881206886));
#1652 = CARTESIAN_POINT('',(-27.5,7.856098451812,14.496631498699));
#1653 = CARTESIAN_POINT('',(-27.5,7.455574052425,14.19450581868));
#1654 = CARTESIAN_POINT('',(-27.5,7.042185992109,13.91038280886));
#1655 = CARTESIAN_POINT('',(-27.5,6.616802767174,13.645098470133));
#1656 = CARTESIAN_POINT('',(-27.5,5.928046379786,13.257381763408));
#1657 = CARTESIAN_POINT('',(-27.5,5.672014156959,13.121890100983));
#1658 = CARTESIAN_POINT('',(-27.5,5.412478194509,12.99310641578));
#1659 = CARTESIAN_POINT('',(-27.5,5.149632627263,12.871173321102));
#1660 = CARTESIAN_POINT('',(-27.5,4.883680123344,12.756225033847));
#1661 = CARTESIAN_POINT('',(-27.5,4.614832216115,12.648386617856));
#1662 = CARTESIAN_POINT('',(-27.5,4.163342431407,12.481085916499));
#1663 = CARTESIAN_POINT('',(-27.5,3.982199856662,12.417572475518));
#1664 = CARTESIAN_POINT('',(-27.5,3.799946035504,12.357266479848));
#1665 = CARTESIAN_POINT('',(-27.5,3.61664643943,12.300199289911));
#1666 = CARTESIAN_POINT('',(-27.5,3.432367887823,12.246400051004));
#1667 = CARTESIAN_POINT('',(-27.5,3.247178547954,12.195895693297));
#1668 = CARTESIAN_POINT('',(-27.5,2.632855551448,12.040078951172));
#1669 = CARTESIAN_POINT('',(-27.5,2.200095084741,11.949040109025));
#1670 = CARTESIAN_POINT('',(-27.5,1.763727188217,11.875897846315));
#1671 = CARTESIAN_POINT('',(-27.5,1.324629842799,11.820883591873));
#1672 = CARTESIAN_POINT('',(-27.5,0.883698317171,11.784154214275));
#1673 = CARTESIAN_POINT('',(-27.5,0.441845127973,11.765789473684));
#1674 = CARTESIAN_POINT('',(-27.5,-0.633750907049,11.765789473684));
#1675 = CARTESIAN_POINT('',(-27.5,-1.267547631199,11.803570597957));
#1676 = CARTESIAN_POINT('',(-27.5,-1.898603480472,11.879142132171));
#1677 = CARTESIAN_POINT('',(-27.5,-2.524238978626,11.992150389131));
#1678 = CARTESIAN_POINT('',(-27.5,-3.141873727688,12.141936995085));
#1679 = CARTESIAN_POINT('',(-27.5,-3.749024510908,12.327559345064));
#1680 = CARTESIAN_POINT('',(-27.5,-4.614832216111,12.648386617855));
#1681 = CARTESIAN_POINT('',(-27.5,-4.88368012334,12.756225033846));
#1682 = CARTESIAN_POINT('',(-27.5,-5.14963262726,12.8711733211));
#1683 = CARTESIAN_POINT('',(-27.5,-5.412478194506,12.993106415778));
#1684 = CARTESIAN_POINT('',(-27.5,-5.672014156956,13.121890100981));
#1685 = CARTESIAN_POINT('',(-27.5,-5.928046379783,13.257381763406));
#1686 = CARTESIAN_POINT('',(-27.5,-6.616802767172,13.645098470132));
#1687 = CARTESIAN_POINT('',(-27.5,-7.042185992105,13.910382808857));
#1688 = CARTESIAN_POINT('',(-27.5,-7.455574052423,14.194505818678));
#1689 = CARTESIAN_POINT('',(-27.5,-7.85609845181,14.496631498697));
#1690 = CARTESIAN_POINT('',(-27.5,-8.242975902104,14.815881206883));
#1691 = CARTESIAN_POINT('',(-27.5,-8.615500708873,15.151344102915));
#1692 = CARTESIAN_POINT('',(-27.5,-9.354710809924,15.876493688281));
#1693 = CARTESIAN_POINT('',(-27.5,-9.719310340562,16.268317578452));
#1694 = CARTESIAN_POINT('',(-27.5,-10.06607797541,16.676423023037));
#1695 = CARTESIAN_POINT('',(-27.5,-10.39435483431,17.099660784893));
#1696 = CARTESIAN_POINT('',(-27.5,-10.70357364172,17.536872631876));
#1697 = CARTESIAN_POINT('',(-27.5,-10.99324820502,17.986899909901));
#1698 = CARTESIAN_POINT('',(-27.5,-11.83291576306,19.424226035373));
#1699 = CARTESIAN_POINT('',(-27.5,-12.31366348791,20.451819492488));
#1700 = CARTESIAN_POINT('',(-27.5,-12.70146179956,21.520702938302));
#1701 = CARTESIAN_POINT('',(-27.5,-12.99380707477,22.62028735085));
#1702 = CARTESIAN_POINT('',(-27.5,-13.18915872617,23.740147668869));
#1703 = CARTESIAN_POINT('',(-27.5,-13.28684210526,24.870049421334));
#1704 = CARTESIAN_POINT('',(-27.5,-13.28684210526,26.));
#1705 = PCURVE('',#491,#1706);
#1706 = DEFINITIONAL_REPRESENTATION('',(#1707),#1776);
#1707 = B_SPLINE_CURVE_WITH_KNOTS('',7,(#1708,#1709,#1710,#1711,#1712,
    #1713,#1714,#1715,#1716,#1717,#1718,#1719,#1720,#1721,#1722,#1723,
    #1724,#1725,#1726,#1727,#1728,#1729,#1730,#1731,#1732,#1733,#1734,
    #1735,#1736,#1737,#1738,#1739,#1740,#1741,#1742,#1743,#1744,#1745,
    #1746,#1747,#1748,#1749,#1750,#1751,#1752,#1753,#1754,#1755,#1756,
    #1757,#1758,#1759,#1760,#1761,#1762,#1763,#1764,#1765,#1766,#1767,
    #1768,#1769,#1770,#1771,#1772,#1773,#1774,#1775),.UNSPECIFIED.,.F.,
  .F.,(8,6,6,6,6,6,6,6,6,6,6,8),(0.,0.182889287709,0.269436666844,
    0.350512172632,0.39739152907,0.428463518508,0.49999957488,
    0.602605754609,0.649485431486,0.730561491455,0.817109462174,1.),
  .UNSPECIFIED.);
#1708 = CARTESIAN_POINT('',(-0.122357823109,-13.28684210526));
#1709 = CARTESIAN_POINT('',(-1.252308401773,-13.28684210526));
#1710 = CARTESIAN_POINT('',(-2.382210154246,-13.18915872617));
#1711 = CARTESIAN_POINT('',(-3.502070472247,-12.99380707477));
#1712 = CARTESIAN_POINT('',(-4.601654884813,-12.70146179956));
#1713 = CARTESIAN_POINT('',(-5.670538330617,-12.31366348791));
#1714 = CARTESIAN_POINT('',(-6.698131787733,-11.83291576306));
#1715 = CARTESIAN_POINT('',(-8.135457913205,-10.99324820503));
#1716 = CARTESIAN_POINT('',(-8.58548519123,-10.70357364172));
#1717 = CARTESIAN_POINT('',(-9.022697038213,-10.39435483431));
#1718 = CARTESIAN_POINT('',(-9.44593480007,-10.06607797542));
#1719 = CARTESIAN_POINT('',(-9.854040244655,-9.719310340565));
#1720 = CARTESIAN_POINT('',(-10.24586413482,-9.354710809927));
#1721 = CARTESIAN_POINT('',(-10.97101372019,-8.615500708876));
#1722 = CARTESIAN_POINT('',(-11.30647661622,-8.242975902108));
#1723 = CARTESIAN_POINT('',(-11.62572632441,-7.856098451812));
#1724 = CARTESIAN_POINT('',(-11.92785200442,-7.455574052425));
#1725 = CARTESIAN_POINT('',(-12.21197501424,-7.042185992109));
#1726 = CARTESIAN_POINT('',(-12.47725935297,-6.616802767174));
#1727 = CARTESIAN_POINT('',(-12.8649760597,-5.928046379786));
#1728 = CARTESIAN_POINT('',(-13.00046772212,-5.672014156959));
#1729 = CARTESIAN_POINT('',(-13.12925140732,-5.412478194509));
#1730 = CARTESIAN_POINT('',(-13.251184502,-5.149632627263));
#1731 = CARTESIAN_POINT('',(-13.36613278926,-4.883680123344));
#1732 = CARTESIAN_POINT('',(-13.47397120525,-4.614832216115));
#1733 = CARTESIAN_POINT('',(-13.64127190661,-4.163342431407));
#1734 = CARTESIAN_POINT('',(-13.70478534759,-3.982199856662));
#1735 = CARTESIAN_POINT('',(-13.76509134326,-3.799946035504));
#1736 = CARTESIAN_POINT('',(-13.82215853319,-3.61664643943));
#1737 = CARTESIAN_POINT('',(-13.8759577721,-3.432367887823));
#1738 = CARTESIAN_POINT('',(-13.92646212981,-3.247178547954));
#1739 = CARTESIAN_POINT('',(-14.08227887193,-2.632855551448));
#1740 = CARTESIAN_POINT('',(-14.17331771408,-2.200095084741));
#1741 = CARTESIAN_POINT('',(-14.24645997679,-1.763727188217));
#1742 = CARTESIAN_POINT('',(-14.30147423123,-1.324629842799));
#1743 = CARTESIAN_POINT('',(-14.33820360883,-0.883698317171));
#1744 = CARTESIAN_POINT('',(-14.35656834942,-0.441845127973));
#1745 = CARTESIAN_POINT('',(-14.35656834942,0.633750907049));
#1746 = CARTESIAN_POINT('',(-14.31878722515,1.267547631199));
#1747 = CARTESIAN_POINT('',(-14.24321569093,1.898603480472));
#1748 = CARTESIAN_POINT('',(-14.13020743397,2.524238978626));
#1749 = CARTESIAN_POINT('',(-13.98042082802,3.141873727688));
#1750 = CARTESIAN_POINT('',(-13.79479847804,3.749024510908));
#1751 = CARTESIAN_POINT('',(-13.47397120525,4.614832216111));
#1752 = CARTESIAN_POINT('',(-13.36613278926,4.88368012334));
#1753 = CARTESIAN_POINT('',(-13.251184502,5.14963262726));
#1754 = CARTESIAN_POINT('',(-13.12925140733,5.412478194506));
#1755 = CARTESIAN_POINT('',(-13.00046772212,5.672014156956));
#1756 = CARTESIAN_POINT('',(-12.8649760597,5.928046379783));
#1757 = CARTESIAN_POINT('',(-12.47725935297,6.616802767172));
#1758 = CARTESIAN_POINT('',(-12.21197501425,7.042185992105));
#1759 = CARTESIAN_POINT('',(-11.92785200443,7.455574052423));
#1760 = CARTESIAN_POINT('',(-11.62572632441,7.85609845181));
#1761 = CARTESIAN_POINT('',(-11.30647661622,8.242975902104));
#1762 = CARTESIAN_POINT('',(-10.97101372019,8.615500708873));
#1763 = CARTESIAN_POINT('',(-10.24586413482,9.354710809924));
#1764 = CARTESIAN_POINT('',(-9.854040244657,9.719310340562));
#1765 = CARTESIAN_POINT('',(-9.445934800072,10.066077975418));
#1766 = CARTESIAN_POINT('',(-9.022697038216,10.394354834317));
#1767 = CARTESIAN_POINT('',(-8.585485191233,10.703573641721));
#1768 = CARTESIAN_POINT('',(-8.135457913208,10.993248205028));
#1769 = CARTESIAN_POINT('',(-6.698131787736,11.832915763063));
#1770 = CARTESIAN_POINT('',(-5.670538330621,12.313663487912));
#1771 = CARTESIAN_POINT('',(-4.601654884807,12.701461799566));
#1772 = CARTESIAN_POINT('',(-3.502070472259,12.993807074779));
#1773 = CARTESIAN_POINT('',(-2.38221015424,13.189158726172));
#1774 = CARTESIAN_POINT('',(-1.252308401775,13.286842105263));
#1775 = CARTESIAN_POINT('',(-0.122357823109,13.286842105263));
#1776 = ( GEOMETRIC_REPRESENTATION_CONTEXT(2) 
PARAMETRIC_REPRESENTATION_CONTEXT() REPRESENTATION_CONTEXT('2D SPACE',''
  ) );
#1777 = PCURVE('',#1778,#1786);
#1778 = SURFACE_OF_LINEAR_EXTRUSION('',#1779,#1784);
#1779 = ELLIPSE('',#1780,14.234210526316,13.286842105263);
#1780 = AXIS2_PLACEMENT_3D('',#1781,#1782,#1783);
#1781 = CARTESIAN_POINT('',(-28.5,0.,26.));
#1782 = DIRECTION('',(1.,0.,-0.));
#1783 = DIRECTION('',(0.,1.110223024625E-16,1.));
#1784 = VECTOR('',#1785,1.);
#1785 = DIRECTION('',(-1.,-0.,-0.));
#1786 = DEFINITIONAL_REPRESENTATION('',(#1787),#1856);
#1787 = B_SPLINE_CURVE_WITH_KNOTS('',7,(#1788,#1789,#1790,#1791,#1792,
    #1793,#1794,#1795,#1796,#1797,#1798,#1799,#1800,#1801,#1802,#1803,
    #1804,#1805,#1806,#1807,#1808,#1809,#1810,#1811,#1812,#1813,#1814,
    #1815,#1816,#1817,#1818,#1819,#1820,#1821,#1822,#1823,#1824,#1825,
    #1826,#1827,#1828,#1829,#1830,#1831,#1832,#1833,#1834,#1835,#1836,
    #1837,#1838,#1839,#1840,#1841,#1842,#1843,#1844,#1845,#1846,#1847,
    #1848,#1849,#1850,#1851,#1852,#1853,#1854,#1855),.UNSPECIFIED.,.F.,
  .F.,(8,6,6,6,6,6,6,6,6,6,6,8),(0.,0.182889287709,0.269436666844,
    0.350512172632,0.39739152907,0.428463518508,0.49999957488,
    0.602605754609,0.649485431486,0.730561491455,0.817109462174,1.),
  .UNSPECIFIED.);
#1788 = CARTESIAN_POINT('',(4.712388980385,-1.));
#1789 = CARTESIAN_POINT('',(4.633006244224,-1.));
#1790 = CARTESIAN_POINT('',(4.553626923821,-1.));
#1791 = CARTESIAN_POINT('',(4.474136081522,-1.));
#1792 = CARTESIAN_POINT('',(4.394435586813,-1.));
#1793 = CARTESIAN_POINT('',(4.314433895972,-1.));
#1794 = CARTESIAN_POINT('',(4.234043419491,-1.));
#1795 = CARTESIAN_POINT('',(4.11492167207,-1.));
#1796 = CARTESIAN_POINT('',(4.076555552814,-1.));
#1797 = CARTESIAN_POINT('',(4.038080833054,-1.));
#1798 = CARTESIAN_POINT('',(3.999492110931,-1.));
#1799 = CARTESIAN_POINT('',(3.960785221743,-1.));
#1800 = CARTESIAN_POINT('',(3.921957579726,-1.));
#1801 = CARTESIAN_POINT('',(3.846521976143,-1.));
#1802 = CARTESIAN_POINT('',(3.809928415642,-1.));
#1803 = CARTESIAN_POINT('',(3.773228061009,-1.));
#1804 = CARTESIAN_POINT('',(3.736421892034,-1.));
#1805 = CARTESIAN_POINT('',(3.699511932398,-1.));
#1806 = CARTESIAN_POINT('',(3.662501857343,-1.));
#1807 = CARTESIAN_POINT('',(3.603943740959,-1.));
#1808 = CARTESIAN_POINT('',(3.582458031383,-1.));
#1809 = CARTESIAN_POINT('',(3.560941965723,-1.));
#1810 = CARTESIAN_POINT('',(3.539396792129,-1.));
#1811 = CARTESIAN_POINT('',(3.517823893285,-1.));
#1812 = CARTESIAN_POINT('',(3.496224845012,-1.));
#1813 = CARTESIAN_POINT('',(3.460269342783,-1.));
#1814 = CARTESIAN_POINT('',(3.445926501517,-1.));
#1815 = CARTESIAN_POINT('',(3.431573464026,-1.));
#1816 = CARTESIAN_POINT('',(3.417210768949,-1.));
#1817 = CARTESIAN_POINT('',(3.402838980617,-1.));
#1818 = CARTESIAN_POINT('',(3.38845868905,-1.));
#1819 = CARTESIAN_POINT('',(3.340945061297,-1.));
#1820 = CARTESIAN_POINT('',(3.307777130378,-1.));
#1821 = CARTESIAN_POINT('',(3.274575311045,-1.));
#1822 = CARTESIAN_POINT('',(3.241347581553,-1.));
#1823 = CARTESIAN_POINT('',(3.208101931842,-1.));
#1824 = CARTESIAN_POINT('',(3.174846990811,-1.));
#1825 = CARTESIAN_POINT('',(3.093895021449,-1.));
#1826 = CARTESIAN_POINT('',(3.046193957689,-1.));
#1827 = CARTESIAN_POINT('',(2.99852186112,-1.));
#1828 = CARTESIAN_POINT('',(2.950903263985,-1.));
#1829 = CARTESIAN_POINT('',(2.903359249421,-1.));
#1830 = CARTESIAN_POINT('',(2.855911193566,-1.));
#1831 = CARTESIAN_POINT('',(2.786960462168,-1.));
#1832 = CARTESIAN_POINT('',(2.765361413895,-1.));
#1833 = CARTESIAN_POINT('',(2.743788515051,-1.));
#1834 = CARTESIAN_POINT('',(2.722243341456,-1.));
#1835 = CARTESIAN_POINT('',(2.700727275797,-1.));
#1836 = CARTESIAN_POINT('',(2.679241566221,-1.));
#1837 = CARTESIAN_POINT('',(2.620683449837,-1.));
#1838 = CARTESIAN_POINT('',(2.583673374782,-1.));
#1839 = CARTESIAN_POINT('',(2.546763415146,-1.));
#1840 = CARTESIAN_POINT('',(2.509957246171,-1.));
#1841 = CARTESIAN_POINT('',(2.473256891538,-1.));
#1842 = CARTESIAN_POINT('',(2.436663331037,-1.));
#1843 = CARTESIAN_POINT('',(2.361227727454,-1.));
#1844 = CARTESIAN_POINT('',(2.322400085436,-1.));
#1845 = CARTESIAN_POINT('',(2.283693196249,-1.));
#1846 = CARTESIAN_POINT('',(2.245104474126,-1.));
#1847 = CARTESIAN_POINT('',(2.206629754366,-1.));
#1848 = CARTESIAN_POINT('',(2.16826363511,-1.));
#1849 = CARTESIAN_POINT('',(2.049141887688,-1.));
#1850 = CARTESIAN_POINT('',(1.968751411208,-1.));
#1851 = CARTESIAN_POINT('',(1.888749720364,-1.));
#1852 = CARTESIAN_POINT('',(1.80904922566,-1.));
#1853 = CARTESIAN_POINT('',(1.729558383357,-1.));
#1854 = CARTESIAN_POINT('',(1.650179062956,-1.));
#1855 = CARTESIAN_POINT('',(1.570796326795,-1.));
#1856 = ( GEOMETRIC_REPRESENTATION_CONTEXT(2) 
PARAMETRIC_REPRESENTATION_CONTEXT() REPRESENTATION_CONTEXT('2D SPACE',''
  ) );
#1857 = ORIENTED_EDGE('',*,*,#1858,.F.);
#1858 = EDGE_CURVE('',#1859,#1633,#1861,.T.);
#1859 = VERTEX_POINT('',#1860);
#1860 = CARTESIAN_POINT('',(-27.5,-28.5,26.));
#1861 = SURFACE_CURVE('',#1862,(#1866,#1873),.PCURVE_S1.);
#1862 = LINE('',#1863,#1864);
#1863 = CARTESIAN_POINT('',(-27.5,-28.5,26.));
#1864 = VECTOR('',#1865,1.);
#1865 = DIRECTION('',(0.,1.,0.));
#1866 = PCURVE('',#491,#1867);
#1867 = DEFINITIONAL_REPRESENTATION('',(#1868),#1872);
#1868 = LINE('',#1869,#1870);
#1869 = CARTESIAN_POINT('',(-0.122357823109,28.5));
#1870 = VECTOR('',#1871,1.);
#1871 = DIRECTION('',(0.,-1.));
#1872 = ( GEOMETRIC_REPRESENTATION_CONTEXT(2) 
PARAMETRIC_REPRESENTATION_CONTEXT() REPRESENTATION_CONTEXT('2D SPACE',''
  ) );
#1873 = PCURVE('',#1874,#1879);
#1874 = PLANE('',#1875);
#1875 = AXIS2_PLACEMENT_3D('',#1876,#1877,#1878);
#1876 = CARTESIAN_POINT('',(-50.,-50.,26.));
#1877 = DIRECTION('',(0.,0.,1.));
#1878 = DIRECTION('',(1.,0.,0.));
#1879 = DEFINITIONAL_REPRESENTATION('',(#1880),#1884);
#1880 = LINE('',#1881,#1882);
#1881 = CARTESIAN_POINT('',(22.5,21.5));
#1882 = VECTOR('',#1883,1.);
#1883 = DIRECTION('',(0.,1.));
#1884 = ( GEOMETRIC_REPRESENTATION_CONTEXT(2) 
PARAMETRIC_REPRESENTATION_CONTEXT() REPRESENTATION_CONTEXT('2D SPACE',''
  ) );
#1885 = ORIENTED_EDGE('',*,*,#1886,.F.);
#1886 = EDGE_CURVE('',#1887,#1859,#1889,.T.);
#1887 = VERTEX_POINT('',#1888);
#1888 = CARTESIAN_POINT('',(-27.5,-28.5,16.));
#1889 = SURFACE_CURVE('',#1890,(#1894,#1901),.PCURVE_S1.);
#1890 = LINE('',#1891,#1892);
#1891 = CARTESIAN_POINT('',(-27.5,-28.5,16.));
#1892 = VECTOR('',#1893,1.);
#1893 = DIRECTION('',(0.,0.,1.));
#1894 = PCURVE('',#491,#1895);
#1895 = DEFINITIONAL_REPRESENTATION('',(#1896),#1900);
#1896 = LINE('',#1897,#1898);
#1897 = CARTESIAN_POINT('',(-10.1223578231,28.5));
#1898 = VECTOR('',#1899,1.);
#1899 = DIRECTION('',(1.,0.));
#1900 = ( GEOMETRIC_REPRESENTATION_CONTEXT(2) 
PARAMETRIC_REPRESENTATION_CONTEXT() REPRESENTATION_CONTEXT('2D SPACE',''
  ) );
#1901 = PCURVE('',#1902,#1907);
#1902 = PLANE('',#1903);
#1903 = AXIS2_PLACEMENT_3D('',#1904,#1905,#1906);
#1904 = CARTESIAN_POINT('',(-27.5,-28.5,16.));
#1905 = DIRECTION('',(0.,1.,0.));
#1906 = DIRECTION('',(0.,0.,1.));
#1907 = DEFINITIONAL_REPRESENTATION('',(#1908),#1912);
#1908 = LINE('',#1909,#1910);
#1909 = CARTESIAN_POINT('',(0.,0.));
#1910 = VECTOR('',#1911,1.);
#1911 = DIRECTION('',(1.,0.));
#1912 = ( GEOMETRIC_REPRESENTATION_CONTEXT(2) 
PARAMETRIC_REPRESENTATION_CONTEXT() REPRESENTATION_CONTEXT('2D SPACE',''
  ) );
#1913 = ORIENTED_EDGE('',*,*,#1914,.T.);
#1914 = EDGE_CURVE('',#1887,#1915,#1917,.T.);
#1915 = VERTEX_POINT('',#1916);
#1916 = CARTESIAN_POINT('',(-27.5,-17.28684210526,16.));
#1917 = SURFACE_CURVE('',#1918,(#1922,#1929),.PCURVE_S1.);
#1918 = LINE('',#1919,#1920);
#1919 = CARTESIAN_POINT('',(-27.5,-28.5,16.));
#1920 = VECTOR('',#1921,1.);
#1921 = DIRECTION('',(0.,1.,0.));
#1922 = PCURVE('',#491,#1923);
#1923 = DEFINITIONAL_REPRESENTATION('',(#1924),#1928);
#1924 = LINE('',#1925,#1926);
#1925 = CARTESIAN_POINT('',(-10.1223578231,28.5));
#1926 = VECTOR('',#1927,1.);
#1927 = DIRECTION('',(0.,-1.));
#1928 = ( GEOMETRIC_REPRESENTATION_CONTEXT(2) 
PARAMETRIC_REPRESENTATION_CONTEXT() REPRESENTATION_CONTEXT('2D SPACE',''
  ) );
#1929 = PCURVE('',#1930,#1935);
#1930 = PLANE('',#1931);
#1931 = AXIS2_PLACEMENT_3D('',#1932,#1933,#1934);
#1932 = CARTESIAN_POINT('',(-27.5,-28.5,16.));
#1933 = DIRECTION('',(0.,0.,1.));
#1934 = DIRECTION('',(1.,0.,0.));
#1935 = DEFINITIONAL_REPRESENTATION('',(#1936),#1940);
#1936 = LINE('',#1937,#1938);
#1937 = CARTESIAN_POINT('',(0.,0.));
#1938 = VECTOR('',#1939,1.);
#1939 = DIRECTION('',(0.,1.));
#1940 = ( GEOMETRIC_REPRESENTATION_CONTEXT(2) 
PARAMETRIC_REPRESENTATION_CONTEXT() REPRESENTATION_CONTEXT('2D SPACE',''
  ) );
#1941 = ORIENTED_EDGE('',*,*,#1942,.F.);
#1942 = EDGE_CURVE('',#476,#1915,#1943,.T.);
#1943 = SURFACE_CURVE('',#1944,(#1948,#1955),.PCURVE_S1.);
#1944 = LINE('',#1945,#1946);
#1945 = CARTESIAN_POINT('',(-27.5,-17.28684210526,8.));
#1946 = VECTOR('',#1947,1.);
#1947 = DIRECTION('',(0.,0.,1.));
#1948 = PCURVE('',#491,#1949);
#1949 = DEFINITIONAL_REPRESENTATION('',(#1950),#1954);
#1950 = LINE('',#1951,#1952);
#1951 = CARTESIAN_POINT('',(-18.1223578231,17.286842105263));
#1952 = VECTOR('',#1953,1.);
#1953 = DIRECTION('',(1.,0.));
#1954 = ( GEOMETRIC_REPRESENTATION_CONTEXT(2) 
PARAMETRIC_REPRESENTATION_CONTEXT() REPRESENTATION_CONTEXT('2D SPACE',''
  ) );
#1955 = PCURVE('',#573,#1956);
#1956 = DEFINITIONAL_REPRESENTATION('',(#1957),#1961);
#1957 = LINE('',#1958,#1959);
#1958 = CARTESIAN_POINT('',(0.,0.));
#1959 = VECTOR('',#1960,1.);
#1960 = DIRECTION('',(1.,0.));
#1961 = ( GEOMETRIC_REPRESENTATION_CONTEXT(2) 
PARAMETRIC_REPRESENTATION_CONTEXT() REPRESENTATION_CONTEXT('2D SPACE',''
  ) );
#1962 = ADVANCED_FACE('',(#1963),#519,.T.);
#1963 = FACE_BOUND('',#1964,.T.);
#1964 = EDGE_LOOP('',(#1965,#1988,#1989,#1990));
#1965 = ORIENTED_EDGE('',*,*,#1966,.F.);
#1966 = EDGE_CURVE('',#504,#1967,#1969,.T.);
#1967 = VERTEX_POINT('',#1968);
#1968 = CARTESIAN_POINT('',(-18.5,17.286842105263,16.));
#1969 = SURFACE_CURVE('',#1970,(#1974,#1981),.PCURVE_S1.);
#1970 = LINE('',#1971,#1972);
#1971 = CARTESIAN_POINT('',(-18.5,17.286842105263,8.));
#1972 = VECTOR('',#1973,1.);
#1973 = DIRECTION('',(0.,0.,1.));
#1974 = PCURVE('',#519,#1975);
#1975 = DEFINITIONAL_REPRESENTATION('',(#1976),#1980);
#1976 = LINE('',#1977,#1978);
#1977 = CARTESIAN_POINT('',(0.,9.));
#1978 = VECTOR('',#1979,1.);
#1979 = DIRECTION('',(1.,0.));
#1980 = ( GEOMETRIC_REPRESENTATION_CONTEXT(2) 
PARAMETRIC_REPRESENTATION_CONTEXT() REPRESENTATION_CONTEXT('2D SPACE',''
  ) );
#1981 = PCURVE('',#547,#1982);
#1982 = DEFINITIONAL_REPRESENTATION('',(#1983),#1987);
#1983 = LINE('',#1984,#1985);
#1984 = CARTESIAN_POINT('',(-18.1223578231,-17.28684210526));
#1985 = VECTOR('',#1986,1.);
#1986 = DIRECTION('',(1.,0.));
#1987 = ( GEOMETRIC_REPRESENTATION_CONTEXT(2) 
PARAMETRIC_REPRESENTATION_CONTEXT() REPRESENTATION_CONTEXT('2D SPACE',''
  ) );
#1988 = ORIENTED_EDGE('',*,*,#503,.F.);
#1989 = ORIENTED_EDGE('',*,*,#1525,.T.);
#1990 = ORIENTED_EDGE('',*,*,#1991,.T.);
#1991 = EDGE_CURVE('',#1526,#1967,#1992,.T.);
#1992 = SURFACE_CURVE('',#1993,(#1997,#2003),.PCURVE_S1.);
#1993 = LINE('',#1994,#1995);
#1994 = CARTESIAN_POINT('',(-27.5,17.286842105263,16.));
#1995 = VECTOR('',#1996,1.);
#1996 = DIRECTION('',(1.,0.,0.));
#1997 = PCURVE('',#519,#1998);
#1998 = DEFINITIONAL_REPRESENTATION('',(#1999),#2002);
#1999 = B_SPLINE_CURVE_WITH_KNOTS('',1,(#2000,#2001),.UNSPECIFIED.,.F.,
  .F.,(2,2),(0.,9.),.PIECEWISE_BEZIER_KNOTS.);
#2000 = CARTESIAN_POINT('',(8.,0.));
#2001 = CARTESIAN_POINT('',(8.,9.));
#2002 = ( GEOMETRIC_REPRESENTATION_CONTEXT(2) 
PARAMETRIC_REPRESENTATION_CONTEXT() REPRESENTATION_CONTEXT('2D SPACE',''
  ) );
#2003 = PCURVE('',#1564,#2004);
#2004 = DEFINITIONAL_REPRESENTATION('',(#2005),#2008);
#2005 = B_SPLINE_CURVE_WITH_KNOTS('',1,(#2006,#2007),.UNSPECIFIED.,.F.,
  .F.,(2,2),(0.,9.),.PIECEWISE_BEZIER_KNOTS.);
#2006 = CARTESIAN_POINT('',(0.,1.786842105263));
#2007 = CARTESIAN_POINT('',(9.,1.786842105263));
#2008 = ( GEOMETRIC_REPRESENTATION_CONTEXT(2) 
PARAMETRIC_REPRESENTATION_CONTEXT() REPRESENTATION_CONTEXT('2D SPACE',''
  ) );
#2009 = ADVANCED_FACE('',(#2010),#573,.F.);
#2010 = FACE_BOUND('',#2011,.F.);
#2011 = EDGE_LOOP('',(#2012,#2035,#2036,#2037));
#2012 = ORIENTED_EDGE('',*,*,#2013,.F.);
#2013 = EDGE_CURVE('',#532,#2014,#2016,.T.);
#2014 = VERTEX_POINT('',#2015);
#2015 = CARTESIAN_POINT('',(-18.5,-17.28684210526,16.));
#2016 = SURFACE_CURVE('',#2017,(#2021,#2028),.PCURVE_S1.);
#2017 = LINE('',#2018,#2019);
#2018 = CARTESIAN_POINT('',(-18.5,-17.28684210526,8.));
#2019 = VECTOR('',#2020,1.);
#2020 = DIRECTION('',(0.,0.,1.));
#2021 = PCURVE('',#573,#2022);
#2022 = DEFINITIONAL_REPRESENTATION('',(#2023),#2027);
#2023 = LINE('',#2024,#2025);
#2024 = CARTESIAN_POINT('',(0.,9.));
#2025 = VECTOR('',#2026,1.);
#2026 = DIRECTION('',(1.,0.));
#2027 = ( GEOMETRIC_REPRESENTATION_CONTEXT(2) 
PARAMETRIC_REPRESENTATION_CONTEXT() REPRESENTATION_CONTEXT('2D SPACE',''
  ) );
#2028 = PCURVE('',#547,#2029);
#2029 = DEFINITIONAL_REPRESENTATION('',(#2030),#2034);
#2030 = LINE('',#2031,#2032);
#2031 = CARTESIAN_POINT('',(-18.1223578231,17.286842105263));
#2032 = VECTOR('',#2033,1.);
#2033 = DIRECTION('',(1.,0.));
#2034 = ( GEOMETRIC_REPRESENTATION_CONTEXT(2) 
PARAMETRIC_REPRESENTATION_CONTEXT() REPRESENTATION_CONTEXT('2D SPACE',''
  ) );
#2035 = ORIENTED_EDGE('',*,*,#559,.F.);
#2036 = ORIENTED_EDGE('',*,*,#1942,.T.);
#2037 = ORIENTED_EDGE('',*,*,#2038,.T.);
#2038 = EDGE_CURVE('',#1915,#2014,#2039,.T.);
#2039 = SURFACE_CURVE('',#2040,(#2044,#2050),.PCURVE_S1.);
#2040 = LINE('',#2041,#2042);
#2041 = CARTESIAN_POINT('',(-27.5,-17.28684210526,16.));
#2042 = VECTOR('',#2043,1.);
#2043 = DIRECTION('',(1.,0.,0.));
#2044 = PCURVE('',#573,#2045);
#2045 = DEFINITIONAL_REPRESENTATION('',(#2046),#2049);
#2046 = B_SPLINE_CURVE_WITH_KNOTS('',1,(#2047,#2048),.UNSPECIFIED.,.F.,
  .F.,(2,2),(0.,9.),.PIECEWISE_BEZIER_KNOTS.);
#2047 = CARTESIAN_POINT('',(8.,0.));
#2048 = CARTESIAN_POINT('',(8.,9.));
#2049 = ( GEOMETRIC_REPRESENTATION_CONTEXT(2) 
PARAMETRIC_REPRESENTATION_CONTEXT() REPRESENTATION_CONTEXT('2D SPACE',''
  ) );
#2050 = PCURVE('',#1930,#2051);
#2051 = DEFINITIONAL_REPRESENTATION('',(#2052),#2055);
#2052 = B_SPLINE_CURVE_WITH_KNOTS('',1,(#2053,#2054),.UNSPECIFIED.,.F.,
  .F.,(2,2),(0.,9.),.PIECEWISE_BEZIER_KNOTS.);
#2053 = CARTESIAN_POINT('',(0.,11.213157894737));
#2054 = CARTESIAN_POINT('',(9.,11.213157894737));
#2055 = ( GEOMETRIC_REPRESENTATION_CONTEXT(2) 
PARAMETRIC_REPRESENTATION_CONTEXT() REPRESENTATION_CONTEXT('2D SPACE',''
  ) );
#2056 = ADVANCED_FACE('',(#2057),#547,.T.);
#2057 = FACE_BOUND('',#2058,.T.);
#2058 = EDGE_LOOP('',(#2059,#2060,#2061,#2084,#2107,#2130,#2348,#2371,
    #2394,#2415));
#2059 = ORIENTED_EDGE('',*,*,#531,.F.);
#2060 = ORIENTED_EDGE('',*,*,#1966,.T.);
#2061 = ORIENTED_EDGE('',*,*,#2062,.T.);
#2062 = EDGE_CURVE('',#1967,#2063,#2065,.T.);
#2063 = VERTEX_POINT('',#2064);
#2064 = CARTESIAN_POINT('',(-18.5,28.5,16.));
#2065 = SURFACE_CURVE('',#2066,(#2070,#2077),.PCURVE_S1.);
#2066 = LINE('',#2067,#2068);
#2067 = CARTESIAN_POINT('',(-18.5,15.5,16.));
#2068 = VECTOR('',#2069,1.);
#2069 = DIRECTION('',(0.,1.,0.));
#2070 = PCURVE('',#547,#2071);
#2071 = DEFINITIONAL_REPRESENTATION('',(#2072),#2076);
#2072 = LINE('',#2073,#2074);
#2073 = CARTESIAN_POINT('',(-10.1223578231,-15.5));
#2074 = VECTOR('',#2075,1.);
#2075 = DIRECTION('',(0.,-1.));
#2076 = ( GEOMETRIC_REPRESENTATION_CONTEXT(2) 
PARAMETRIC_REPRESENTATION_CONTEXT() REPRESENTATION_CONTEXT('2D SPACE',''
  ) );
#2077 = PCURVE('',#1564,#2078);
#2078 = DEFINITIONAL_REPRESENTATION('',(#2079),#2083);
#2079 = LINE('',#2080,#2081);
#2080 = CARTESIAN_POINT('',(9.,0.));
#2081 = VECTOR('',#2082,1.);
#2082 = DIRECTION('',(0.,1.));
#2083 = ( GEOMETRIC_REPRESENTATION_CONTEXT(2) 
PARAMETRIC_REPRESENTATION_CONTEXT() REPRESENTATION_CONTEXT('2D SPACE',''
  ) );
#2084 = ORIENTED_EDGE('',*,*,#2085,.T.);
#2085 = EDGE_CURVE('',#2063,#2086,#2088,.T.);
#2086 = VERTEX_POINT('',#2087);
#2087 = CARTESIAN_POINT('',(-18.5,28.5,26.));
#2088 = SURFACE_CURVE('',#2089,(#2093,#2100),.PCURVE_S1.);
#2089 = LINE('',#2090,#2091);
#2090 = CARTESIAN_POINT('',(-18.5,28.5,16.));
#2091 = VECTOR('',#2092,1.);
#2092 = DIRECTION('',(0.,0.,1.));
#2093 = PCURVE('',#547,#2094);
#2094 = DEFINITIONAL_REPRESENTATION('',(#2095),#2099);
#2095 = LINE('',#2096,#2097);
#2096 = CARTESIAN_POINT('',(-10.1223578231,-28.5));
#2097 = VECTOR('',#2098,1.);
#2098 = DIRECTION('',(1.,0.));
#2099 = ( GEOMETRIC_REPRESENTATION_CONTEXT(2) 
PARAMETRIC_REPRESENTATION_CONTEXT() REPRESENTATION_CONTEXT('2D SPACE',''
  ) );
#2100 = PCURVE('',#1592,#2101);
#2101 = DEFINITIONAL_REPRESENTATION('',(#2102),#2106);
#2102 = LINE('',#2103,#2104);
#2103 = CARTESIAN_POINT('',(0.,9.));
#2104 = VECTOR('',#2105,1.);
#2105 = DIRECTION('',(1.,0.));
#2106 = ( GEOMETRIC_REPRESENTATION_CONTEXT(2) 
PARAMETRIC_REPRESENTATION_CONTEXT() REPRESENTATION_CONTEXT('2D SPACE',''
  ) );
#2107 = ORIENTED_EDGE('',*,*,#2108,.F.);
#2108 = EDGE_CURVE('',#2109,#2086,#2111,.T.);
#2109 = VERTEX_POINT('',#2110);
#2110 = CARTESIAN_POINT('',(-18.5,13.286842105263,26.));
#2111 = SURFACE_CURVE('',#2112,(#2116,#2123),.PCURVE_S1.);
#2112 = LINE('',#2113,#2114);
#2113 = CARTESIAN_POINT('',(-18.5,-28.5,26.));
#2114 = VECTOR('',#2115,1.);
#2115 = DIRECTION('',(0.,1.,0.));
#2116 = PCURVE('',#547,#2117);
#2117 = DEFINITIONAL_REPRESENTATION('',(#2118),#2122);
#2118 = LINE('',#2119,#2120);
#2119 = CARTESIAN_POINT('',(-0.122357823109,28.5));
#2120 = VECTOR('',#2121,1.);
#2121 = DIRECTION('',(0.,-1.));
#2122 = ( GEOMETRIC_REPRESENTATION_CONTEXT(2) 
PARAMETRIC_REPRESENTATION_CONTEXT() REPRESENTATION_CONTEXT('2D SPACE',''
  ) );
#2123 = PCURVE('',#1620,#2124);
#2124 = DEFINITIONAL_REPRESENTATION('',(#2125),#2129);
#2125 = LINE('',#2126,#2127);
#2126 = CARTESIAN_POINT('',(31.5,21.5));
#2127 = VECTOR('',#2128,1.);
#2128 = DIRECTION('',(0.,1.));
#2129 = ( GEOMETRIC_REPRESENTATION_CONTEXT(2) 
PARAMETRIC_REPRESENTATION_CONTEXT() REPRESENTATION_CONTEXT('2D SPACE',''
  ) );
#2130 = ORIENTED_EDGE('',*,*,#2131,.T.);
#2131 = EDGE_CURVE('',#2109,#2132,#2134,.T.);
#2132 = VERTEX_POINT('',#2133);
#2133 = CARTESIAN_POINT('',(-18.5,-13.28684210526,26.));
#2134 = SURFACE_CURVE('',#2135,(#2204,#2276),.PCURVE_S1.);
#2135 = B_SPLINE_CURVE_WITH_KNOTS('',7,(#2136,#2137,#2138,#2139,#2140,
    #2141,#2142,#2143,#2144,#2145,#2146,#2147,#2148,#2149,#2150,#2151,
    #2152,#2153,#2154,#2155,#2156,#2157,#2158,#2159,#2160,#2161,#2162,
    #2163,#2164,#2165,#2166,#2167,#2168,#2169,#2170,#2171,#2172,#2173,
    #2174,#2175,#2176,#2177,#2178,#2179,#2180,#2181,#2182,#2183,#2184,
    #2185,#2186,#2187,#2188,#2189,#2190,#2191,#2192,#2193,#2194,#2195,
    #2196,#2197,#2198,#2199,#2200,#2201,#2202,#2203),.UNSPECIFIED.,.F.,
  .F.,(8,6,6,6,6,6,6,6,6,6,6,8),(0.,0.182889287709,0.269436666844,
    0.350512172632,0.39739152907,0.428463518508,0.49999957488,
    0.602605754609,0.649485431486,0.730561491455,0.817109462174,1.),
  .UNSPECIFIED.);
#2136 = CARTESIAN_POINT('',(-18.5,13.286842105263,26.));
#2137 = CARTESIAN_POINT('',(-18.5,13.286842105263,24.870049421336));
#2138 = CARTESIAN_POINT('',(-18.5,13.189158726173,23.740147668863));
#2139 = CARTESIAN_POINT('',(-18.5,12.993807074777,22.620287350862));
#2140 = CARTESIAN_POINT('',(-18.5,12.701461799569,21.520702938296));
#2141 = CARTESIAN_POINT('',(-18.5,12.313663487912,20.451819492492));
#2142 = CARTESIAN_POINT('',(-18.5,11.832915763065,19.424226035376));
#2143 = CARTESIAN_POINT('',(-18.5,10.99324820503,17.986899909904));
#2144 = CARTESIAN_POINT('',(-18.5,10.703573641723,17.536872631879));
#2145 = CARTESIAN_POINT('',(-18.5,10.394354834319,17.099660784896));
#2146 = CARTESIAN_POINT('',(-18.5,10.06607797542,16.676423023039));
#2147 = CARTESIAN_POINT('',(-18.5,9.719310340565,16.268317578454));
#2148 = CARTESIAN_POINT('',(-18.5,9.354710809927,15.876493688284));
#2149 = CARTESIAN_POINT('',(-18.5,8.615500708876,15.151344102917));
#2150 = CARTESIAN_POINT('',(-18.5,8.242975902108,14.815881206886));
#2151 = CARTESIAN_POINT('',(-18.5,7.856098451812,14.496631498699));
#2152 = CARTESIAN_POINT('',(-18.5,7.455574052425,14.19450581868));
#2153 = CARTESIAN_POINT('',(-18.5,7.042185992109,13.91038280886));
#2154 = CARTESIAN_POINT('',(-18.5,6.616802767174,13.645098470133));
#2155 = CARTESIAN_POINT('',(-18.5,5.928046379786,13.257381763408));
#2156 = CARTESIAN_POINT('',(-18.5,5.672014156959,13.121890100983));
#2157 = CARTESIAN_POINT('',(-18.5,5.412478194509,12.99310641578));
#2158 = CARTESIAN_POINT('',(-18.5,5.149632627263,12.871173321102));
#2159 = CARTESIAN_POINT('',(-18.5,4.883680123344,12.756225033847));
#2160 = CARTESIAN_POINT('',(-18.5,4.614832216115,12.648386617856));
#2161 = CARTESIAN_POINT('',(-18.5,4.163342431407,12.481085916499));
#2162 = CARTESIAN_POINT('',(-18.5,3.982199856662,12.417572475518));
#2163 = CARTESIAN_POINT('',(-18.5,3.799946035504,12.357266479848));
#2164 = CARTESIAN_POINT('',(-18.5,3.61664643943,12.300199289911));
#2165 = CARTESIAN_POINT('',(-18.5,3.432367887823,12.246400051004));
#2166 = CARTESIAN_POINT('',(-18.5,3.247178547954,12.195895693297));
#2167 = CARTESIAN_POINT('',(-18.5,2.632855551448,12.040078951172));
#2168 = CARTESIAN_POINT('',(-18.5,2.200095084741,11.949040109025));
#2169 = CARTESIAN_POINT('',(-18.5,1.763727188217,11.875897846315));
#2170 = CARTESIAN_POINT('',(-18.5,1.324629842799,11.820883591873));
#2171 = CARTESIAN_POINT('',(-18.5,0.883698317171,11.784154214275));
#2172 = CARTESIAN_POINT('',(-18.5,0.441845127973,11.765789473684));
#2173 = CARTESIAN_POINT('',(-18.5,-0.633750907049,11.765789473684));
#2174 = CARTESIAN_POINT('',(-18.5,-1.267547631199,11.803570597957));
#2175 = CARTESIAN_POINT('',(-18.5,-1.898603480472,11.879142132171));
#2176 = CARTESIAN_POINT('',(-18.5,-2.524238978626,11.992150389131));
#2177 = CARTESIAN_POINT('',(-18.5,-3.141873727688,12.141936995085));
#2178 = CARTESIAN_POINT('',(-18.5,-3.749024510908,12.327559345064));
#2179 = CARTESIAN_POINT('',(-18.5,-4.614832216111,12.648386617855));
#2180 = CARTESIAN_POINT('',(-18.5,-4.88368012334,12.756225033846));
#2181 = CARTESIAN_POINT('',(-18.5,-5.14963262726,12.8711733211));
#2182 = CARTESIAN_POINT('',(-18.5,-5.412478194506,12.993106415778));
#2183 = CARTESIAN_POINT('',(-18.5,-5.672014156956,13.121890100981));
#2184 = CARTESIAN_POINT('',(-18.5,-5.928046379783,13.257381763406));
#2185 = CARTESIAN_POINT('',(-18.5,-6.616802767172,13.645098470132));
#2186 = CARTESIAN_POINT('',(-18.5,-7.042185992105,13.910382808857));
#2187 = CARTESIAN_POINT('',(-18.5,-7.455574052423,14.194505818678));
#2188 = CARTESIAN_POINT('',(-18.5,-7.85609845181,14.496631498697));
#2189 = CARTESIAN_POINT('',(-18.5,-8.242975902104,14.815881206883));
#2190 = CARTESIAN_POINT('',(-18.5,-8.615500708873,15.151344102915));
#2191 = CARTESIAN_POINT('',(-18.5,-9.354710809924,15.876493688281));
#2192 = CARTESIAN_POINT('',(-18.5,-9.719310340562,16.268317578452));
#2193 = CARTESIAN_POINT('',(-18.5,-10.06607797541,16.676423023037));
#2194 = CARTESIAN_POINT('',(-18.5,-10.39435483431,17.099660784893));
#2195 = CARTESIAN_POINT('',(-18.5,-10.70357364172,17.536872631876));
#2196 = CARTESIAN_POINT('',(-18.5,-10.99324820502,17.986899909901));
#2197 = CARTESIAN_POINT('',(-18.5,-11.83291576306,19.424226035373));
#2198 = CARTESIAN_POINT('',(-18.5,-12.31366348791,20.451819492488));
#2199 = CARTESIAN_POINT('',(-18.5,-12.70146179956,21.520702938302));
#2200 = CARTESIAN_POINT('',(-18.5,-12.99380707477,22.62028735085));
#2201 = CARTESIAN_POINT('',(-18.5,-13.18915872617,23.740147668869));
#2202 = CARTESIAN_POINT('',(-18.5,-13.28684210526,24.870049421334));
#2203 = CARTESIAN_POINT('',(-18.5,-13.28684210526,26.));
#2204 = PCURVE('',#547,#2205);
#2205 = DEFINITIONAL_REPRESENTATION('',(#2206),#2275);
#2206 = B_SPLINE_CURVE_WITH_KNOTS('',7,(#2207,#2208,#2209,#2210,#2211,
    #2212,#2213,#2214,#2215,#2216,#2217,#2218,#2219,#2220,#2221,#2222,
    #2223,#2224,#2225,#2226,#2227,#2228,#2229,#2230,#2231,#2232,#2233,
    #2234,#2235,#2236,#2237,#2238,#2239,#2240,#2241,#2242,#2243,#2244,
    #2245,#2246,#2247,#2248,#2249,#2250,#2251,#2252,#2253,#2254,#2255,
    #2256,#2257,#2258,#2259,#2260,#2261,#2262,#2263,#2264,#2265,#2266,
    #2267,#2268,#2269,#2270,#2271,#2272,#2273,#2274),.UNSPECIFIED.,.F.,
  .F.,(8,6,6,6,6,6,6,6,6,6,6,8),(0.,0.182889287709,0.269436666844,
    0.350512172632,0.39739152907,0.428463518508,0.49999957488,
    0.602605754609,0.649485431486,0.730561491455,0.817109462174,1.),
  .UNSPECIFIED.);
#2207 = CARTESIAN_POINT('',(-0.122357823109,-13.28684210526));
#2208 = CARTESIAN_POINT('',(-1.252308401773,-13.28684210526));
#2209 = CARTESIAN_POINT('',(-2.382210154246,-13.18915872617));
#2210 = CARTESIAN_POINT('',(-3.502070472247,-12.99380707477));
#2211 = CARTESIAN_POINT('',(-4.601654884813,-12.70146179956));
#2212 = CARTESIAN_POINT('',(-5.670538330617,-12.31366348791));
#2213 = CARTESIAN_POINT('',(-6.698131787733,-11.83291576306));
#2214 = CARTESIAN_POINT('',(-8.135457913205,-10.99324820503));
#2215 = CARTESIAN_POINT('',(-8.58548519123,-10.70357364172));
#2216 = CARTESIAN_POINT('',(-9.022697038213,-10.39435483431));
#2217 = CARTESIAN_POINT('',(-9.44593480007,-10.06607797542));
#2218 = CARTESIAN_POINT('',(-9.854040244655,-9.719310340565));
#2219 = CARTESIAN_POINT('',(-10.24586413482,-9.354710809927));
#2220 = CARTESIAN_POINT('',(-10.97101372019,-8.615500708876));
#2221 = CARTESIAN_POINT('',(-11.30647661622,-8.242975902108));
#2222 = CARTESIAN_POINT('',(-11.62572632441,-7.856098451812));
#2223 = CARTESIAN_POINT('',(-11.92785200442,-7.455574052425));
#2224 = CARTESIAN_POINT('',(-12.21197501424,-7.042185992109));
#2225 = CARTESIAN_POINT('',(-12.47725935297,-6.616802767174));
#2226 = CARTESIAN_POINT('',(-12.8649760597,-5.928046379786));
#2227 = CARTESIAN_POINT('',(-13.00046772212,-5.672014156959));
#2228 = CARTESIAN_POINT('',(-13.12925140732,-5.412478194509));
#2229 = CARTESIAN_POINT('',(-13.251184502,-5.149632627263));
#2230 = CARTESIAN_POINT('',(-13.36613278926,-4.883680123344));
#2231 = CARTESIAN_POINT('',(-13.47397120525,-4.614832216115));
#2232 = CARTESIAN_POINT('',(-13.64127190661,-4.163342431407));
#2233 = CARTESIAN_POINT('',(-13.70478534759,-3.982199856662));
#2234 = CARTESIAN_POINT('',(-13.76509134326,-3.799946035504));
#2235 = CARTESIAN_POINT('',(-13.82215853319,-3.61664643943));
#2236 = CARTESIAN_POINT('',(-13.8759577721,-3.432367887823));
#2237 = CARTESIAN_POINT('',(-13.92646212981,-3.247178547954));
#2238 = CARTESIAN_POINT('',(-14.08227887193,-2.632855551448));
#2239 = CARTESIAN_POINT('',(-14.17331771408,-2.200095084741));
#2240 = CARTESIAN_POINT('',(-14.24645997679,-1.763727188217));
#2241 = CARTESIAN_POINT('',(-14.30147423123,-1.324629842799));
#2242 = CARTESIAN_POINT('',(-14.33820360883,-0.883698317171));
#2243 = CARTESIAN_POINT('',(-14.35656834942,-0.441845127973));
#2244 = CARTESIAN_POINT('',(-14.35656834942,0.633750907049));
#2245 = CARTESIAN_POINT('',(-14.31878722515,1.267547631199));
#2246 = CARTESIAN_POINT('',(-14.24321569093,1.898603480472));
#2247 = CARTESIAN_POINT('',(-14.13020743397,2.524238978626));
#2248 = CARTESIAN_POINT('',(-13.98042082802,3.141873727688));
#2249 = CARTESIAN_POINT('',(-13.79479847804,3.749024510908));
#2250 = CARTESIAN_POINT('',(-13.47397120525,4.614832216111));
#2251 = CARTESIAN_POINT('',(-13.36613278926,4.88368012334));
#2252 = CARTESIAN_POINT('',(-13.251184502,5.14963262726));
#2253 = CARTESIAN_POINT('',(-13.12925140733,5.412478194506));
#2254 = CARTESIAN_POINT('',(-13.00046772212,5.672014156956));
#2255 = CARTESIAN_POINT('',(-12.8649760597,5.928046379783));
#2256 = CARTESIAN_POINT('',(-12.47725935297,6.616802767172));
#2257 = CARTESIAN_POINT('',(-12.21197501425,7.042185992105));
#2258 = CARTESIAN_POINT('',(-11.92785200443,7.455574052423));
#2259 = CARTESIAN_POINT('',(-11.62572632441,7.85609845181));
#2260 = CARTESIAN_POINT('',(-11.30647661622,8.242975902104));
#2261 = CARTESIAN_POINT('',(-10.97101372019,8.615500708873));
#2262 = CARTESIAN_POINT('',(-10.24586413482,9.354710809924));
#2263 = CARTESIAN_POINT('',(-9.854040244657,9.719310340562));
#2264 = CARTESIAN_POINT('',(-9.445934800072,10.066077975418));
#2265 = CARTESIAN_POINT('',(-9.022697038216,10.394354834317));
#2266 = CARTESIAN_POINT('',(-8.585485191233,10.703573641721));
#2267 = CARTESIAN_POINT('',(-8.135457913208,10.993248205028));
#2268 = CARTESIAN_POINT('',(-6.698131787736,11.832915763063));
#2269 = CARTESIAN_POINT('',(-5.670538330621,12.313663487912));
#2270 = CARTESIAN_POINT('',(-4.601654884807,12.701461799566));
#2271 = CARTESIAN_POINT('',(-3.502070472259,12.993807074779));
#2272 = CARTESIAN_POINT('',(-2.38221015424,13.189158726172));
#2273 = CARTESIAN_POINT('',(-1.252308401775,13.286842105263));
#2274 = CARTESIAN_POINT('',(-0.122357823109,13.286842105263));
#2275 = ( GEOMETRIC_REPRESENTATION_CONTEXT(2) 
PARAMETRIC_REPRESENTATION_CONTEXT() REPRESENTATION_CONTEXT('2D SPACE',''
  ) );
#2276 = PCURVE('',#1778,#2277);
#2277 = DEFINITIONAL_REPRESENTATION('',(#2278),#2347);
#2278 = B_SPLINE_CURVE_WITH_KNOTS('',7,(#2279,#2280,#2281,#2282,#2283,
    #2284,#2285,#2286,#2287,#2288,#2289,#2290,#2291,#2292,#2293,#2294,
    #2295,#2296,#2297,#2298,#2299,#2300,#2301,#2302,#2303,#2304,#2305,
    #2306,#2307,#2308,#2309,#2310,#2311,#2312,#2313,#2314,#2315,#2316,
    #2317,#2318,#2319,#2320,#2321,#2322,#2323,#2324,#2325,#2326,#2327,
    #2328,#2329,#2330,#2331,#2332,#2333,#2334,#2335,#2336,#2337,#2338,
    #2339,#2340,#2341,#2342,#2343,#2344,#2345,#2346),.UNSPECIFIED.,.F.,
  .F.,(8,6,6,6,6,6,6,6,6,6,6,8),(0.,0.182889287709,0.269436666844,
    0.350512172632,0.39739152907,0.428463518508,0.49999957488,
    0.602605754609,0.649485431486,0.730561491455,0.817109462174,1.),
  .UNSPECIFIED.);
#2279 = CARTESIAN_POINT('',(4.712388980385,-10.));
#2280 = CARTESIAN_POINT('',(4.633006244224,-10.));
#2281 = CARTESIAN_POINT('',(4.553626923821,-10.));
#2282 = CARTESIAN_POINT('',(4.474136081522,-10.));
#2283 = CARTESIAN_POINT('',(4.394435586813,-10.));
#2284 = CARTESIAN_POINT('',(4.314433895972,-10.));
#2285 = CARTESIAN_POINT('',(4.234043419491,-10.));
#2286 = CARTESIAN_POINT('',(4.11492167207,-10.));
#2287 = CARTESIAN_POINT('',(4.076555552814,-10.));
#2288 = CARTESIAN_POINT('',(4.038080833054,-10.));
#2289 = CARTESIAN_POINT('',(3.999492110931,-10.));
#2290 = CARTESIAN_POINT('',(3.960785221743,-10.));
#2291 = CARTESIAN_POINT('',(3.921957579726,-10.));
#2292 = CARTESIAN_POINT('',(3.846521976143,-10.));
#2293 = CARTESIAN_POINT('',(3.809928415642,-10.));
#2294 = CARTESIAN_POINT('',(3.773228061009,-10.));
#2295 = CARTESIAN_POINT('',(3.736421892034,-10.));
#2296 = CARTESIAN_POINT('',(3.699511932398,-10.));
#2297 = CARTESIAN_POINT('',(3.662501857343,-10.));
#2298 = CARTESIAN_POINT('',(3.603943740959,-10.));
#2299 = CARTESIAN_POINT('',(3.582458031383,-10.));
#2300 = CARTESIAN_POINT('',(3.560941965723,-10.));
#2301 = CARTESIAN_POINT('',(3.539396792129,-10.));
#2302 = CARTESIAN_POINT('',(3.517823893285,-10.));
#2303 = CARTESIAN_POINT('',(3.496224845012,-10.));
#2304 = CARTESIAN_POINT('',(3.460269342783,-10.));
#2305 = CARTESIAN_POINT('',(3.445926501517,-10.));
#2306 = CARTESIAN_POINT('',(3.431573464026,-10.));
#2307 = CARTESIAN_POINT('',(3.417210768949,-10.));
#2308 = CARTESIAN_POINT('',(3.402838980617,-10.));
#2309 = CARTESIAN_POINT('',(3.38845868905,-10.));
#2310 = CARTESIAN_POINT('',(3.340945061297,-10.));
#2311 = CARTESIAN_POINT('',(3.307777130378,-10.));
#2312 = CARTESIAN_POINT('',(3.274575311045,-10.));
#2313 = CARTESIAN_POINT('',(3.241347581553,-10.));
#2314 = CARTESIAN_POINT('',(3.208101931842,-10.));
#2315 = CARTESIAN_POINT('',(3.174846990811,-10.));
#2316 = CARTESIAN_POINT('',(3.093895021449,-10.));
#2317 = CARTESIAN_POINT('',(3.046193957689,-10.));
#2318 = CARTESIAN_POINT('',(2.99852186112,-10.));
#2319 = CARTESIAN_POINT('',(2.950903263985,-10.));
#2320 = CARTESIAN_POINT('',(2.903359249421,-10.));
#2321 = CARTESIAN_POINT('',(2.855911193566,-10.));
#2322 = CARTESIAN_POINT('',(2.786960462168,-10.));
#2323 = CARTESIAN_POINT('',(2.765361413895,-10.));
#2324 = CARTESIAN_POINT('',(2.743788515051,-10.));
#2325 = CARTESIAN_POINT('',(2.722243341456,-10.));
#2326 = CARTESIAN_POINT('',(2.700727275797,-10.));
#2327 = CARTESIAN_POINT('',(2.679241566221,-10.));
#2328 = CARTESIAN_POINT('',(2.620683449837,-10.));
#2329 = CARTESIAN_POINT('',(2.583673374782,-10.));
#2330 = CARTESIAN_POINT('',(2.546763415146,-10.));
#2331 = CARTESIAN_POINT('',(2.509957246171,-10.));
#2332 = CARTESIAN_POINT('',(2.473256891538,-10.));
#2333 = CARTESIAN_POINT('',(2.436663331037,-10.));
#2334 = CARTESIAN_POINT('',(2.361227727454,-10.));
#2335 = CARTESIAN_POINT('',(2.322400085436,-10.));
#2336 = CARTESIAN_POINT('',(2.283693196249,-10.));
#2337 = CARTESIAN_POINT('',(2.245104474126,-10.));
#2338 = CARTESIAN_POINT('',(2.206629754366,-10.));
#2339 = CARTESIAN_POINT('',(2.16826363511,-10.));
#2340 = CARTESIAN_POINT('',(2.049141887688,-10.));
#2341 = CARTESIAN_POINT('',(1.968751411208,-10.));
#2342 = CARTESIAN_POINT('',(1.888749720364,-10.));
#2343 = CARTESIAN_POINT('',(1.80904922566,-10.));
#2344 = CARTESIAN_POINT('',(1.729558383357,-10.));
#2345 = CARTESIAN_POINT('',(1.650179062956,-10.));
#2346 = CARTESIAN_POINT('',(1.570796326795,-10.));
#2347 = ( GEOMETRIC_REPRESENTATION_CONTEXT(2) 
PARAMETRIC_REPRESENTATION_CONTEXT() REPRESENTATION_CONTEXT('2D SPACE',''
  ) );
#2348 = ORIENTED_EDGE('',*,*,#2349,.F.);
#2349 = EDGE_CURVE('',#2350,#2132,#2352,.T.);
#2350 = VERTEX_POINT('',#2351);
#2351 = CARTESIAN_POINT('',(-18.5,-28.5,26.));
#2352 = SURFACE_CURVE('',#2353,(#2357,#2364),.PCURVE_S1.);
#2353 = LINE('',#2354,#2355);
#2354 = CARTESIAN_POINT('',(-18.5,-28.5,26.));
#2355 = VECTOR('',#2356,1.);
#2356 = DIRECTION('',(0.,1.,0.));
#2357 = PCURVE('',#547,#2358);
#2358 = DEFINITIONAL_REPRESENTATION('',(#2359),#2363);
#2359 = LINE('',#2360,#2361);
#2360 = CARTESIAN_POINT('',(-0.122357823109,28.5));
#2361 = VECTOR('',#2362,1.);
#2362 = DIRECTION('',(0.,-1.));
#2363 = ( GEOMETRIC_REPRESENTATION_CONTEXT(2) 
PARAMETRIC_REPRESENTATION_CONTEXT() REPRESENTATION_CONTEXT('2D SPACE',''
  ) );
#2364 = PCURVE('',#1874,#2365);
#2365 = DEFINITIONAL_REPRESENTATION('',(#2366),#2370);
#2366 = LINE('',#2367,#2368);
#2367 = CARTESIAN_POINT('',(31.5,21.5));
#2368 = VECTOR('',#2369,1.);
#2369 = DIRECTION('',(0.,1.));
#2370 = ( GEOMETRIC_REPRESENTATION_CONTEXT(2) 
PARAMETRIC_REPRESENTATION_CONTEXT() REPRESENTATION_CONTEXT('2D SPACE',''
  ) );
#2371 = ORIENTED_EDGE('',*,*,#2372,.F.);
#2372 = EDGE_CURVE('',#2373,#2350,#2375,.T.);
#2373 = VERTEX_POINT('',#2374);
#2374 = CARTESIAN_POINT('',(-18.5,-28.5,16.));
#2375 = SURFACE_CURVE('',#2376,(#2380,#2387),.PCURVE_S1.);
#2376 = LINE('',#2377,#2378);
#2377 = CARTESIAN_POINT('',(-18.5,-28.5,16.));
#2378 = VECTOR('',#2379,1.);
#2379 = DIRECTION('',(0.,0.,1.));
#2380 = PCURVE('',#547,#2381);
#2381 = DEFINITIONAL_REPRESENTATION('',(#2382),#2386);
#2382 = LINE('',#2383,#2384);
#2383 = CARTESIAN_POINT('',(-10.1223578231,28.5));
#2384 = VECTOR('',#2385,1.);
#2385 = DIRECTION('',(1.,0.));
#2386 = ( GEOMETRIC_REPRESENTATION_CONTEXT(2) 
PARAMETRIC_REPRESENTATION_CONTEXT() REPRESENTATION_CONTEXT('2D SPACE',''
  ) );
#2387 = PCURVE('',#1902,#2388);
#2388 = DEFINITIONAL_REPRESENTATION('',(#2389),#2393);
#2389 = LINE('',#2390,#2391);
#2390 = CARTESIAN_POINT('',(0.,9.));
#2391 = VECTOR('',#2392,1.);
#2392 = DIRECTION('',(1.,0.));
#2393 = ( GEOMETRIC_REPRESENTATION_CONTEXT(2) 
PARAMETRIC_REPRESENTATION_CONTEXT() REPRESENTATION_CONTEXT('2D SPACE',''
  ) );
#2394 = ORIENTED_EDGE('',*,*,#2395,.T.);
#2395 = EDGE_CURVE('',#2373,#2014,#2396,.T.);
#2396 = SURFACE_CURVE('',#2397,(#2401,#2408),.PCURVE_S1.);
#2397 = LINE('',#2398,#2399);
#2398 = CARTESIAN_POINT('',(-18.5,-28.5,16.));
#2399 = VECTOR('',#2400,1.);
#2400 = DIRECTION('',(0.,1.,0.));
#2401 = PCURVE('',#547,#2402);
#2402 = DEFINITIONAL_REPRESENTATION('',(#2403),#2407);
#2403 = LINE('',#2404,#2405);
#2404 = CARTESIAN_POINT('',(-10.1223578231,28.5));
#2405 = VECTOR('',#2406,1.);
#2406 = DIRECTION('',(0.,-1.));
#2407 = ( GEOMETRIC_REPRESENTATION_CONTEXT(2) 
PARAMETRIC_REPRESENTATION_CONTEXT() REPRESENTATION_CONTEXT('2D SPACE',''
  ) );
#2408 = PCURVE('',#1930,#2409);
#2409 = DEFINITIONAL_REPRESENTATION('',(#2410),#2414);
#2410 = LINE('',#2411,#2412);
#2411 = CARTESIAN_POINT('',(9.,0.));
#2412 = VECTOR('',#2413,1.);
#2413 = DIRECTION('',(0.,1.));
#2414 = ( GEOMETRIC_REPRESENTATION_CONTEXT(2) 
PARAMETRIC_REPRESENTATION_CONTEXT() REPRESENTATION_CONTEXT('2D SPACE',''
  ) );
#2415 = ORIENTED_EDGE('',*,*,#2013,.F.);
#2416 = ADVANCED_FACE('',(#2417),#605,.F.);
#2417 = FACE_BOUND('',#2418,.F.);
#2418 = EDGE_LOOP('',(#2419,#2420,#2443,#2471,#2499,#2527,#2753,#2781,
    #2809,#2837));
#2419 = ORIENTED_EDGE('',*,*,#587,.T.);
#2420 = ORIENTED_EDGE('',*,*,#2421,.T.);
#2421 = EDGE_CURVE('',#590,#2422,#2424,.T.);
#2422 = VERTEX_POINT('',#2423);
#2423 = CARTESIAN_POINT('',(18.5,16.681578947368,16.));
#2424 = SURFACE_CURVE('',#2425,(#2429,#2436),.PCURVE_S1.);
#2425 = LINE('',#2426,#2427);
#2426 = CARTESIAN_POINT('',(18.5,16.681578947368,8.));
#2427 = VECTOR('',#2428,1.);
#2428 = DIRECTION('',(0.,0.,1.));
#2429 = PCURVE('',#605,#2430);
#2430 = DEFINITIONAL_REPRESENTATION('',(#2431),#2435);
#2431 = LINE('',#2432,#2433);
#2432 = CARTESIAN_POINT('',(-18.10640197485,-16.68157894736));
#2433 = VECTOR('',#2434,1.);
#2434 = DIRECTION('',(1.,0.));
#2435 = ( GEOMETRIC_REPRESENTATION_CONTEXT(2) 
PARAMETRIC_REPRESENTATION_CONTEXT() REPRESENTATION_CONTEXT('2D SPACE',''
  ) );
#2436 = PCURVE('',#633,#2437);
#2437 = DEFINITIONAL_REPRESENTATION('',(#2438),#2442);
#2438 = LINE('',#2439,#2440);
#2439 = CARTESIAN_POINT('',(0.,0.));
#2440 = VECTOR('',#2441,1.);
#2441 = DIRECTION('',(1.,0.));
#2442 = ( GEOMETRIC_REPRESENTATION_CONTEXT(2) 
PARAMETRIC_REPRESENTATION_CONTEXT() REPRESENTATION_CONTEXT('2D SPACE',''
  ) );
#2443 = ORIENTED_EDGE('',*,*,#2444,.T.);
#2444 = EDGE_CURVE('',#2422,#2445,#2447,.T.);
#2445 = VERTEX_POINT('',#2446);
#2446 = CARTESIAN_POINT('',(18.5,28.5,16.));
#2447 = SURFACE_CURVE('',#2448,(#2452,#2459),.PCURVE_S1.);
#2448 = LINE('',#2449,#2450);
#2449 = CARTESIAN_POINT('',(18.5,15.5,16.));
#2450 = VECTOR('',#2451,1.);
#2451 = DIRECTION('',(0.,1.,0.));
#2452 = PCURVE('',#605,#2453);
#2453 = DEFINITIONAL_REPRESENTATION('',(#2454),#2458);
#2454 = LINE('',#2455,#2456);
#2455 = CARTESIAN_POINT('',(-10.10640197485,-15.5));
#2456 = VECTOR('',#2457,1.);
#2457 = DIRECTION('',(0.,-1.));
#2458 = ( GEOMETRIC_REPRESENTATION_CONTEXT(2) 
PARAMETRIC_REPRESENTATION_CONTEXT() REPRESENTATION_CONTEXT('2D SPACE',''
  ) );
#2459 = PCURVE('',#2460,#2465);
#2460 = PLANE('',#2461);
#2461 = AXIS2_PLACEMENT_3D('',#2462,#2463,#2464);
#2462 = CARTESIAN_POINT('',(18.5,15.5,16.));
#2463 = DIRECTION('',(0.,0.,1.));
#2464 = DIRECTION('',(1.,0.,0.));
#2465 = DEFINITIONAL_REPRESENTATION('',(#2466),#2470);
#2466 = LINE('',#2467,#2468);
#2467 = CARTESIAN_POINT('',(0.,0.));
#2468 = VECTOR('',#2469,1.);
#2469 = DIRECTION('',(0.,1.));
#2470 = ( GEOMETRIC_REPRESENTATION_CONTEXT(2) 
PARAMETRIC_REPRESENTATION_CONTEXT() REPRESENTATION_CONTEXT('2D SPACE',''
  ) );
#2471 = ORIENTED_EDGE('',*,*,#2472,.T.);
#2472 = EDGE_CURVE('',#2445,#2473,#2475,.T.);
#2473 = VERTEX_POINT('',#2474);
#2474 = CARTESIAN_POINT('',(18.5,28.5,26.));
#2475 = SURFACE_CURVE('',#2476,(#2480,#2487),.PCURVE_S1.);
#2476 = LINE('',#2477,#2478);
#2477 = CARTESIAN_POINT('',(18.5,28.5,16.));
#2478 = VECTOR('',#2479,1.);
#2479 = DIRECTION('',(0.,0.,1.));
#2480 = PCURVE('',#605,#2481);
#2481 = DEFINITIONAL_REPRESENTATION('',(#2482),#2486);
#2482 = LINE('',#2483,#2484);
#2483 = CARTESIAN_POINT('',(-10.10640197485,-28.5));
#2484 = VECTOR('',#2485,1.);
#2485 = DIRECTION('',(1.,0.));
#2486 = ( GEOMETRIC_REPRESENTATION_CONTEXT(2) 
PARAMETRIC_REPRESENTATION_CONTEXT() REPRESENTATION_CONTEXT('2D SPACE',''
  ) );
#2487 = PCURVE('',#2488,#2493);
#2488 = PLANE('',#2489);
#2489 = AXIS2_PLACEMENT_3D('',#2490,#2491,#2492);
#2490 = CARTESIAN_POINT('',(18.5,28.5,16.));
#2491 = DIRECTION('',(0.,1.,0.));
#2492 = DIRECTION('',(0.,0.,1.));
#2493 = DEFINITIONAL_REPRESENTATION('',(#2494),#2498);
#2494 = LINE('',#2495,#2496);
#2495 = CARTESIAN_POINT('',(0.,0.));
#2496 = VECTOR('',#2497,1.);
#2497 = DIRECTION('',(1.,0.));
#2498 = ( GEOMETRIC_REPRESENTATION_CONTEXT(2) 
PARAMETRIC_REPRESENTATION_CONTEXT() REPRESENTATION_CONTEXT('2D SPACE',''
  ) );
#2499 = ORIENTED_EDGE('',*,*,#2500,.F.);
#2500 = EDGE_CURVE('',#2501,#2473,#2503,.T.);
#2501 = VERTEX_POINT('',#2502);
#2502 = CARTESIAN_POINT('',(18.5,12.681578947368,26.));
#2503 = SURFACE_CURVE('',#2504,(#2508,#2515),.PCURVE_S1.);
#2504 = LINE('',#2505,#2506);
#2505 = CARTESIAN_POINT('',(18.5,-28.5,26.));
#2506 = VECTOR('',#2507,1.);
#2507 = DIRECTION('',(0.,1.,0.));
#2508 = PCURVE('',#605,#2509);
#2509 = DEFINITIONAL_REPRESENTATION('',(#2510),#2514);
#2510 = LINE('',#2511,#2512);
#2511 = CARTESIAN_POINT('',(-0.106401974852,28.5));
#2512 = VECTOR('',#2513,1.);
#2513 = DIRECTION('',(0.,-1.));
#2514 = ( GEOMETRIC_REPRESENTATION_CONTEXT(2) 
PARAMETRIC_REPRESENTATION_CONTEXT() REPRESENTATION_CONTEXT('2D SPACE',''
  ) );
#2515 = PCURVE('',#2516,#2521);
#2516 = PLANE('',#2517);
#2517 = AXIS2_PLACEMENT_3D('',#2518,#2519,#2520);
#2518 = CARTESIAN_POINT('',(-50.,-50.,26.));
#2519 = DIRECTION('',(0.,0.,1.));
#2520 = DIRECTION('',(1.,0.,0.));
#2521 = DEFINITIONAL_REPRESENTATION('',(#2522),#2526);
#2522 = LINE('',#2523,#2524);
#2523 = CARTESIAN_POINT('',(68.5,21.5));
#2524 = VECTOR('',#2525,1.);
#2525 = DIRECTION('',(0.,1.));
#2526 = ( GEOMETRIC_REPRESENTATION_CONTEXT(2) 
PARAMETRIC_REPRESENTATION_CONTEXT() REPRESENTATION_CONTEXT('2D SPACE',''
  ) );
#2527 = ORIENTED_EDGE('',*,*,#2528,.T.);
#2528 = EDGE_CURVE('',#2501,#2529,#2531,.T.);
#2529 = VERTEX_POINT('',#2530);
#2530 = CARTESIAN_POINT('',(18.5,-12.68157894736,26.));
#2531 = SURFACE_CURVE('',#2532,(#2601,#2673),.PCURVE_S1.);
#2532 = B_SPLINE_CURVE_WITH_KNOTS('',7,(#2533,#2534,#2535,#2536,#2537,
    #2538,#2539,#2540,#2541,#2542,#2543,#2544,#2545,#2546,#2547,#2548,
    #2549,#2550,#2551,#2552,#2553,#2554,#2555,#2556,#2557,#2558,#2559,
    #2560,#2561,#2562,#2563,#2564,#2565,#2566,#2567,#2568,#2569,#2570,
    #2571,#2572,#2573,#2574,#2575,#2576,#2577,#2578,#2579,#2580,#2581,
    #2582,#2583,#2584,#2585,#2586,#2587,#2588,#2589,#2590,#2591,#2592,
    #2593,#2594,#2595,#2596,#2597,#2598,#2599,#2600),.UNSPECIFIED.,.F.,
  .F.,(8,6,6,6,6,6,6,6,6,6,6,8),(0.,0.182480231288,0.266984792069,
    0.348166993804,0.397105211679,0.428255387757,0.499999684658,
    0.60289239009,0.651830903517,0.733013595534,0.817518666662,1.),
  .UNSPECIFIED.);
#2533 = CARTESIAN_POINT('',(18.5,12.681578947368,26.));
#2534 = CARTESIAN_POINT('',(18.5,12.681578947369,24.927173743392));
#2535 = CARTESIAN_POINT('',(18.5,12.588252712571,23.85437298234));
#2536 = CARTESIAN_POINT('',(18.5,12.401608447685,22.791245566126));
#2537 = CARTESIAN_POINT('',(18.5,12.122362470894,21.747620092718));
#2538 = CARTESIAN_POINT('',(18.5,11.752098352092,20.733463454473));
#2539 = CARTESIAN_POINT('',(18.5,11.293352628724,19.758857295692));
#2540 = CARTESIAN_POINT('',(18.5,10.498225345569,18.405578339118));
#2541 = CARTESIAN_POINT('',(18.5,10.22840169881,17.987916879683));
#2542 = CARTESIAN_POINT('',(18.5,9.940812048137,17.581944863139));
#2543 = CARTESIAN_POINT('',(18.5,9.635906137379,17.188683177263));
#2544 = CARTESIAN_POINT('',(18.5,9.314203363358,16.809148398334));
#2545 = CARTESIAN_POINT('',(18.5,8.976301005058,16.444346067644));
#2546 = CARTESIAN_POINT('',(18.5,8.283358811222,15.759906288209));
#2547 = CARTESIAN_POINT('',(18.5,7.929510320827,15.439052490583));
#2548 = CARTESIAN_POINT('',(18.5,7.561949392248,15.133583006112));
#2549 = CARTESIAN_POINT('',(18.5,7.181354275815,14.8443536439));
#2550 = CARTESIAN_POINT('',(18.5,6.78847549862,14.572186445097));
#2551 = CARTESIAN_POINT('',(18.5,6.384142301598,14.31786053682));
#2552 = CARTESIAN_POINT('',(18.5,5.719175388048,13.939983726715));
#2553 = CARTESIAN_POINT('',(18.5,5.465249791952,13.804610915571));
#2554 = CARTESIAN_POINT('',(18.5,5.207692297168,13.676143384694));
#2555 = CARTESIAN_POINT('',(18.5,4.94671164291,13.554731436209));
#2556 = CARTESIAN_POINT('',(18.5,4.682525645613,13.440516047234));
#2557 = CARTESIAN_POINT('',(18.5,4.415361545812,13.333628074804));
#2558 = CARTESIAN_POINT('',(18.5,3.973656183652,13.170891477203));
#2559 = CARTESIAN_POINT('',(18.5,3.800745090248,13.110612676863));
#2560 = CARTESIAN_POINT('',(18.5,3.626784038734,13.053382016138));
#2561 = CARTESIAN_POINT('',(18.5,3.451835197977,12.999228389919));
#2562 = CARTESIAN_POINT('',(18.5,3.275961941785,12.948178631619));
#2563 = CARTESIAN_POINT('',(18.5,3.099228848909,12.900257513183));
#2564 = CARTESIAN_POINT('',(18.5,2.512825675204,12.752375148628));
#2565 = CARTESIAN_POINT('',(18.5,2.099729525048,12.665977334885));
#2566 = CARTESIAN_POINT('',(18.5,1.683227918386,12.59657340259));
#2567 = CARTESIAN_POINT('',(18.5,1.264150978175,12.544375938158));
#2568 = CARTESIAN_POINT('',(18.5,0.84334422533,12.509528860053));
#2569 = CARTESIAN_POINT('',(18.5,0.421668519523,12.492105263158));
#2570 = CARTESIAN_POINT('',(18.5,-0.604739563191,12.492105263158));
#2571 = CARTESIAN_POINT('',(18.5,-1.209520171378,12.527941757774));
#2572 = CARTESIAN_POINT('',(18.5,-1.811718703369,12.599623032252));
#2573 = CARTESIAN_POINT('',(18.5,-2.408807369582,12.706825433019));
#2574 = CARTESIAN_POINT('',(18.5,-2.998346595107,12.848944965334));
#2575 = CARTESIAN_POINT('',(18.5,-3.577983554027,13.025114624521));
#2576 = CARTESIAN_POINT('',(18.5,-4.415361545809,13.333628074803));
#2577 = CARTESIAN_POINT('',(18.5,-4.682525645609,13.440516047233));
#2578 = CARTESIAN_POINT('',(18.5,-4.946711642907,13.554731436208));
#2579 = CARTESIAN_POINT('',(18.5,-5.207692297165,13.676143384693));
#2580 = CARTESIAN_POINT('',(18.5,-5.465249791948,13.804610915569));
#2581 = CARTESIAN_POINT('',(18.5,-5.719175388045,13.939983726714));
#2582 = CARTESIAN_POINT('',(18.5,-6.384142301595,14.317860536818));
#2583 = CARTESIAN_POINT('',(18.5,-6.788475498617,14.572186445095));
#2584 = CARTESIAN_POINT('',(18.5,-7.181354275812,14.844353643898));
#2585 = CARTESIAN_POINT('',(18.5,-7.561949392246,15.133583006109));
#2586 = CARTESIAN_POINT('',(18.5,-7.929510320824,15.439052490581));
#2587 = CARTESIAN_POINT('',(18.5,-8.283358811219,15.759906288206));
#2588 = CARTESIAN_POINT('',(18.5,-8.976301005056,16.444346067641));
#2589 = CARTESIAN_POINT('',(18.5,-9.314203363356,16.809148398331));
#2590 = CARTESIAN_POINT('',(18.5,-9.635906137377,17.18868317726));
#2591 = CARTESIAN_POINT('',(18.5,-9.940812048135,17.581944863136));
#2592 = CARTESIAN_POINT('',(18.5,-10.2284016988,17.98791687968));
#2593 = CARTESIAN_POINT('',(18.5,-10.49822534556,18.405578339115));
#2594 = CARTESIAN_POINT('',(18.5,-11.29335262872,19.758857295693));
#2595 = CARTESIAN_POINT('',(18.5,-11.75209835208,20.733463454456));
#2596 = CARTESIAN_POINT('',(18.5,-12.1223624709,21.74762009274));
#2597 = CARTESIAN_POINT('',(18.5,-12.40160844767,22.791245566102));
#2598 = CARTESIAN_POINT('',(18.5,-12.58825271257,23.85437298235));
#2599 = CARTESIAN_POINT('',(18.5,-12.68157894736,24.927173743389));
#2600 = CARTESIAN_POINT('',(18.5,-12.68157894736,26.));
#2601 = PCURVE('',#605,#2602);
#2602 = DEFINITIONAL_REPRESENTATION('',(#2603),#2672);
#2603 = B_SPLINE_CURVE_WITH_KNOTS('',7,(#2604,#2605,#2606,#2607,#2608,
    #2609,#2610,#2611,#2612,#2613,#2614,#2615,#2616,#2617,#2618,#2619,
    #2620,#2621,#2622,#2623,#2624,#2625,#2626,#2627,#2628,#2629,#2630,
    #2631,#2632,#2633,#2634,#2635,#2636,#2637,#2638,#2639,#2640,#2641,
    #2642,#2643,#2644,#2645,#2646,#2647,#2648,#2649,#2650,#2651,#2652,
    #2653,#2654,#2655,#2656,#2657,#2658,#2659,#2660,#2661,#2662,#2663,
    #2664,#2665,#2666,#2667,#2668,#2669,#2670,#2671),.UNSPECIFIED.,.F.,
  .F.,(8,6,6,6,6,6,6,6,6,6,6,8),(0.,0.182480231288,0.266984792069,
    0.348166993804,0.397105211679,0.428255387757,0.499999684658,
    0.60289239009,0.651830903517,0.733013595534,0.817518666662,1.),
  .UNSPECIFIED.);
#2604 = CARTESIAN_POINT('',(-0.106401974852,-12.68157894736));
#2605 = CARTESIAN_POINT('',(-1.17922823146,-12.68157894736));
#2606 = CARTESIAN_POINT('',(-2.252028992513,-12.58825271257));
#2607 = CARTESIAN_POINT('',(-3.315156408727,-12.40160844768));
#2608 = CARTESIAN_POINT('',(-4.358781882135,-12.12236247089));
#2609 = CARTESIAN_POINT('',(-5.372938520379,-11.75209835209));
#2610 = CARTESIAN_POINT('',(-6.347544679161,-11.29335262872));
#2611 = CARTESIAN_POINT('',(-7.700823635734,-10.49822534556));
#2612 = CARTESIAN_POINT('',(-8.11848509517,-10.22840169881));
#2613 = CARTESIAN_POINT('',(-8.524457111714,-9.940812048137));
#2614 = CARTESIAN_POINT('',(-8.91771879759,-9.635906137379));
#2615 = CARTESIAN_POINT('',(-9.297253576518,-9.314203363358));
#2616 = CARTESIAN_POINT('',(-9.662055907209,-8.976301005058));
#2617 = CARTESIAN_POINT('',(-10.34649568664,-8.283358811222));
#2618 = CARTESIAN_POINT('',(-10.66734948426,-7.929510320827));
#2619 = CARTESIAN_POINT('',(-10.97281896874,-7.561949392248));
#2620 = CARTESIAN_POINT('',(-11.26204833095,-7.181354275815));
#2621 = CARTESIAN_POINT('',(-11.53421552975,-6.78847549862));
#2622 = CARTESIAN_POINT('',(-11.78854143803,-6.384142301598));
#2623 = CARTESIAN_POINT('',(-12.16641824813,-5.719175388048));
#2624 = CARTESIAN_POINT('',(-12.30179105928,-5.465249791952));
#2625 = CARTESIAN_POINT('',(-12.43025859015,-5.207692297168));
#2626 = CARTESIAN_POINT('',(-12.55167053864,-4.94671164291));
#2627 = CARTESIAN_POINT('',(-12.66588592761,-4.682525645613));
#2628 = CARTESIAN_POINT('',(-12.77277390004,-4.415361545812));
#2629 = CARTESIAN_POINT('',(-12.93551049764,-3.973656183652));
#2630 = CARTESIAN_POINT('',(-12.99578929798,-3.800745090248));
#2631 = CARTESIAN_POINT('',(-13.05301995871,-3.626784038734));
#2632 = CARTESIAN_POINT('',(-13.10717358493,-3.451835197977));
#2633 = CARTESIAN_POINT('',(-13.15822334323,-3.275961941785));
#2634 = CARTESIAN_POINT('',(-13.20614446167,-3.099228848909));
#2635 = CARTESIAN_POINT('',(-13.35402682622,-2.512825675204));
#2636 = CARTESIAN_POINT('',(-13.44042463996,-2.099729525048));
#2637 = CARTESIAN_POINT('',(-13.50982857226,-1.683227918386));
#2638 = CARTESIAN_POINT('',(-13.56202603669,-1.264150978175));
#2639 = CARTESIAN_POINT('',(-13.5968731148,-0.84334422533));
#2640 = CARTESIAN_POINT('',(-13.61429671169,-0.421668519523));
#2641 = CARTESIAN_POINT('',(-13.61429671169,0.604739563191));
#2642 = CARTESIAN_POINT('',(-13.57846021707,1.209520171378));
#2643 = CARTESIAN_POINT('',(-13.5067789426,1.811718703369));
#2644 = CARTESIAN_POINT('',(-13.39957654183,2.408807369582));
#2645 = CARTESIAN_POINT('',(-13.25745700951,2.998346595107));
#2646 = CARTESIAN_POINT('',(-13.08128735033,3.577983554027));
#2647 = CARTESIAN_POINT('',(-12.77277390005,4.415361545809));
#2648 = CARTESIAN_POINT('',(-12.66588592762,4.682525645609));
#2649 = CARTESIAN_POINT('',(-12.55167053864,4.946711642907));
#2650 = CARTESIAN_POINT('',(-12.43025859016,5.207692297165));
#2651 = CARTESIAN_POINT('',(-12.30179105928,5.465249791948));
#2652 = CARTESIAN_POINT('',(-12.16641824813,5.719175388045));
#2653 = CARTESIAN_POINT('',(-11.78854143803,6.384142301595));
#2654 = CARTESIAN_POINT('',(-11.53421552975,6.788475498617));
#2655 = CARTESIAN_POINT('',(-11.26204833095,7.181354275812));
#2656 = CARTESIAN_POINT('',(-10.97281896874,7.561949392246));
#2657 = CARTESIAN_POINT('',(-10.66734948427,7.929510320824));
#2658 = CARTESIAN_POINT('',(-10.34649568664,8.283358811219));
#2659 = CARTESIAN_POINT('',(-9.662055907211,8.976301005056));
#2660 = CARTESIAN_POINT('',(-9.297253576521,9.314203363356));
#2661 = CARTESIAN_POINT('',(-8.917718797592,9.635906137377));
#2662 = CARTESIAN_POINT('',(-8.524457111716,9.940812048135));
#2663 = CARTESIAN_POINT('',(-8.118485095173,10.228401698808));
#2664 = CARTESIAN_POINT('',(-7.700823635737,10.498225345567));
#2665 = CARTESIAN_POINT('',(-6.34754467916,11.293352628725));
#2666 = CARTESIAN_POINT('',(-5.372938520396,11.752098352084));
#2667 = CARTESIAN_POINT('',(-4.358781882112,12.122362470904));
#2668 = CARTESIAN_POINT('',(-3.31515640875,12.401608447678));
#2669 = CARTESIAN_POINT('',(-2.252028992503,12.588252712573));
#2670 = CARTESIAN_POINT('',(-1.179228231463,12.681578947368));
#2671 = CARTESIAN_POINT('',(-0.106401974852,12.681578947368));
#2672 = ( GEOMETRIC_REPRESENTATION_CONTEXT(2) 
PARAMETRIC_REPRESENTATION_CONTEXT() REPRESENTATION_CONTEXT('2D SPACE',''
  ) );
#2673 = PCURVE('',#2674,#2682);
#2674 = SURFACE_OF_LINEAR_EXTRUSION('',#2675,#2680);
#2675 = ELLIPSE('',#2676,13.507894736842,12.681578947368);
#2676 = AXIS2_PLACEMENT_3D('',#2677,#2678,#2679);
#2677 = CARTESIAN_POINT('',(17.5,0.,26.));
#2678 = DIRECTION('',(1.,0.,-0.));
#2679 = DIRECTION('',(0.,1.110223024625E-16,1.));
#2680 = VECTOR('',#2681,1.);
#2681 = DIRECTION('',(-1.,-0.,-0.));
#2682 = DEFINITIONAL_REPRESENTATION('',(#2683),#2752);
#2683 = B_SPLINE_CURVE_WITH_KNOTS('',7,(#2684,#2685,#2686,#2687,#2688,
    #2689,#2690,#2691,#2692,#2693,#2694,#2695,#2696,#2697,#2698,#2699,
    #2700,#2701,#2702,#2703,#2704,#2705,#2706,#2707,#2708,#2709,#2710,
    #2711,#2712,#2713,#2714,#2715,#2716,#2717,#2718,#2719,#2720,#2721,
    #2722,#2723,#2724,#2725,#2726,#2727,#2728,#2729,#2730,#2731,#2732,
    #2733,#2734,#2735,#2736,#2737,#2738,#2739,#2740,#2741,#2742,#2743,
    #2744,#2745,#2746,#2747,#2748,#2749,#2750,#2751),.UNSPECIFIED.,.F.,
  .F.,(8,6,6,6,6,6,6,6,6,6,6,8),(0.,0.182480231288,0.266984792069,
    0.348166993804,0.397105211679,0.428255387757,0.499999684658,
    0.60289239009,0.651830903517,0.733013595534,0.817518666662,1.),
  .UNSPECIFIED.);
#2684 = CARTESIAN_POINT('',(4.712388980385,-1.));
#2685 = CARTESIAN_POINT('',(4.632966814495,-1.));
#2686 = CARTESIAN_POINT('',(4.553546521498,-1.));
#2687 = CARTESIAN_POINT('',(4.474024169821,-1.));
#2688 = CARTESIAN_POINT('',(4.394308888811,-1.));
#2689 = CARTESIAN_POINT('',(4.314315897494,-1.));
#2690 = CARTESIAN_POINT('',(4.233964415147,-1.));
#2691 = CARTESIAN_POINT('',(4.115777667446,-1.));
#2692 = CARTESIAN_POINT('',(4.078280020921,-1.));
#2693 = CARTESIAN_POINT('',(4.040687285761,-1.));
#2694 = CARTESIAN_POINT('',(4.002994906705,-1.));
#2695 = CARTESIAN_POINT('',(3.965199356885,-1.));
#2696 = CARTESIAN_POINT('',(3.927298458776,-1.));
#2697 = CARTESIAN_POINT('',(3.852779215024,-1.));
#2698 = CARTESIAN_POINT('',(3.816168520923,-1.));
#2699 = CARTESIAN_POINT('',(3.779459930071,-1.));
#2700 = CARTESIAN_POINT('',(3.742654216486,-1.));
#2701 = CARTESIAN_POINT('',(3.705753193653,-1.));
#2702 = CARTESIAN_POINT('',(3.668760287194,-1.));
#2703 = CARTESIAN_POINT('',(3.609329053365,-1.));
#2704 = CARTESIAN_POINT('',(3.586945492715,-1.));
#2705 = CARTESIAN_POINT('',(3.564531639487,-1.));
#2706 = CARTESIAN_POINT('',(3.542088777751,-1.));
#2707 = CARTESIAN_POINT('',(3.519618330327,-1.));
#2708 = CARTESIAN_POINT('',(3.497121927356,-1.));
#2709 = CARTESIAN_POINT('',(3.460266746498,-1.));
#2710 = CARTESIAN_POINT('',(3.445922248841,-1.));
#2711 = CARTESIAN_POINT('',(3.431568453007,-1.));
#2712 = CARTESIAN_POINT('',(3.417205852956,-1.));
#2713 = CARTESIAN_POINT('',(3.402834965505,-1.));
#2714 = CARTESIAN_POINT('',(3.388456330328,-1.));
#2715 = CARTESIAN_POINT('',(3.340937452685,-1.));
#2716 = CARTESIAN_POINT('',(3.30776565256,-1.));
#2717 = CARTESIAN_POINT('',(3.274562989022,-1.));
#2718 = CARTESIAN_POINT('',(3.241336738179,-1.));
#2719 = CARTESIAN_POINT('',(3.208094167125,-1.));
#2720 = CARTESIAN_POINT('',(3.174843128256,-1.));
#2721 = CARTESIAN_POINT('',(3.093906197061,-1.));
#2722 = CARTESIAN_POINT('',(3.046216519892,-1.));
#2723 = CARTESIAN_POINT('',(2.998553261437,-1.));
#2724 = CARTESIAN_POINT('',(2.950938738978,-1.));
#2725 = CARTESIAN_POINT('',(2.903392094626,-1.));
#2726 = CARTESIAN_POINT('',(2.855932844806,-1.));
#2727 = CARTESIAN_POINT('',(2.786063379824,-1.));
#2728 = CARTESIAN_POINT('',(2.763566976853,-1.));
#2729 = CARTESIAN_POINT('',(2.741096529429,-1.));
#2730 = CARTESIAN_POINT('',(2.718653667693,-1.));
#2731 = CARTESIAN_POINT('',(2.696239814465,-1.));
#2732 = CARTESIAN_POINT('',(2.673856253815,-1.));
#2733 = CARTESIAN_POINT('',(2.614425019986,-1.));
#2734 = CARTESIAN_POINT('',(2.577432113527,-1.));
#2735 = CARTESIAN_POINT('',(2.540531090694,-1.));
#2736 = CARTESIAN_POINT('',(2.503725377109,-1.));
#2737 = CARTESIAN_POINT('',(2.467016786257,-1.));
#2738 = CARTESIAN_POINT('',(2.430406092156,-1.));
#2739 = CARTESIAN_POINT('',(2.355886848404,-1.));
#2740 = CARTESIAN_POINT('',(2.317985950294,-1.));
#2741 = CARTESIAN_POINT('',(2.280190400475,-1.));
#2742 = CARTESIAN_POINT('',(2.242498021419,-1.));
#2743 = CARTESIAN_POINT('',(2.204905286259,-1.));
#2744 = CARTESIAN_POINT('',(2.167407639733,-1.));
#2745 = CARTESIAN_POINT('',(2.049220892033,-1.));
#2746 = CARTESIAN_POINT('',(1.968869409687,-1.));
#2747 = CARTESIAN_POINT('',(1.888876418367,-1.));
#2748 = CARTESIAN_POINT('',(1.809161137362,-1.));
#2749 = CARTESIAN_POINT('',(1.72963878568,-1.));
#2750 = CARTESIAN_POINT('',(1.650218492685,-1.));
#2751 = CARTESIAN_POINT('',(1.570796326795,-1.));
#2752 = ( GEOMETRIC_REPRESENTATION_CONTEXT(2) 
PARAMETRIC_REPRESENTATION_CONTEXT() REPRESENTATION_CONTEXT('2D SPACE',''
  ) );
#2753 = ORIENTED_EDGE('',*,*,#2754,.F.);
#2754 = EDGE_CURVE('',#2755,#2529,#2757,.T.);
#2755 = VERTEX_POINT('',#2756);
#2756 = CARTESIAN_POINT('',(18.5,-28.5,26.));
#2757 = SURFACE_CURVE('',#2758,(#2762,#2769),.PCURVE_S1.);
#2758 = LINE('',#2759,#2760);
#2759 = CARTESIAN_POINT('',(18.5,-28.5,26.));
#2760 = VECTOR('',#2761,1.);
#2761 = DIRECTION('',(0.,1.,0.));
#2762 = PCURVE('',#605,#2763);
#2763 = DEFINITIONAL_REPRESENTATION('',(#2764),#2768);
#2764 = LINE('',#2765,#2766);
#2765 = CARTESIAN_POINT('',(-0.106401974852,28.5));
#2766 = VECTOR('',#2767,1.);
#2767 = DIRECTION('',(0.,-1.));
#2768 = ( GEOMETRIC_REPRESENTATION_CONTEXT(2) 
PARAMETRIC_REPRESENTATION_CONTEXT() REPRESENTATION_CONTEXT('2D SPACE',''
  ) );
#2769 = PCURVE('',#2770,#2775);
#2770 = PLANE('',#2771);
#2771 = AXIS2_PLACEMENT_3D('',#2772,#2773,#2774);
#2772 = CARTESIAN_POINT('',(-50.,-50.,26.));
#2773 = DIRECTION('',(0.,0.,1.));
#2774 = DIRECTION('',(1.,0.,0.));
#2775 = DEFINITIONAL_REPRESENTATION('',(#2776),#2780);
#2776 = LINE('',#2777,#2778);
#2777 = CARTESIAN_POINT('',(68.5,21.5));
#2778 = VECTOR('',#2779,1.);
#2779 = DIRECTION('',(0.,1.));
#2780 = ( GEOMETRIC_REPRESENTATION_CONTEXT(2) 
PARAMETRIC_REPRESENTATION_CONTEXT() REPRESENTATION_CONTEXT('2D SPACE',''
  ) );
#2781 = ORIENTED_EDGE('',*,*,#2782,.F.);
#2782 = EDGE_CURVE('',#2783,#2755,#2785,.T.);
#2783 = VERTEX_POINT('',#2784);
#2784 = CARTESIAN_POINT('',(18.5,-28.5,16.));
#2785 = SURFACE_CURVE('',#2786,(#2790,#2797),.PCURVE_S1.);
#2786 = LINE('',#2787,#2788);
#2787 = CARTESIAN_POINT('',(18.5,-28.5,16.));
#2788 = VECTOR('',#2789,1.);
#2789 = DIRECTION('',(0.,0.,1.));
#2790 = PCURVE('',#605,#2791);
#2791 = DEFINITIONAL_REPRESENTATION('',(#2792),#2796);
#2792 = LINE('',#2793,#2794);
#2793 = CARTESIAN_POINT('',(-10.10640197485,28.5));
#2794 = VECTOR('',#2795,1.);
#2795 = DIRECTION('',(1.,0.));
#2796 = ( GEOMETRIC_REPRESENTATION_CONTEXT(2) 
PARAMETRIC_REPRESENTATION_CONTEXT() REPRESENTATION_CONTEXT('2D SPACE',''
  ) );
#2797 = PCURVE('',#2798,#2803);
#2798 = PLANE('',#2799);
#2799 = AXIS2_PLACEMENT_3D('',#2800,#2801,#2802);
#2800 = CARTESIAN_POINT('',(18.5,-28.5,16.));
#2801 = DIRECTION('',(0.,1.,0.));
#2802 = DIRECTION('',(0.,0.,1.));
#2803 = DEFINITIONAL_REPRESENTATION('',(#2804),#2808);
#2804 = LINE('',#2805,#2806);
#2805 = CARTESIAN_POINT('',(0.,0.));
#2806 = VECTOR('',#2807,1.);
#2807 = DIRECTION('',(1.,0.));
#2808 = ( GEOMETRIC_REPRESENTATION_CONTEXT(2) 
PARAMETRIC_REPRESENTATION_CONTEXT() REPRESENTATION_CONTEXT('2D SPACE',''
  ) );
#2809 = ORIENTED_EDGE('',*,*,#2810,.T.);
#2810 = EDGE_CURVE('',#2783,#2811,#2813,.T.);
#2811 = VERTEX_POINT('',#2812);
#2812 = CARTESIAN_POINT('',(18.5,-16.68157894736,16.));
#2813 = SURFACE_CURVE('',#2814,(#2818,#2825),.PCURVE_S1.);
#2814 = LINE('',#2815,#2816);
#2815 = CARTESIAN_POINT('',(18.5,-28.5,16.));
#2816 = VECTOR('',#2817,1.);
#2817 = DIRECTION('',(0.,1.,0.));
#2818 = PCURVE('',#605,#2819);
#2819 = DEFINITIONAL_REPRESENTATION('',(#2820),#2824);
#2820 = LINE('',#2821,#2822);
#2821 = CARTESIAN_POINT('',(-10.10640197485,28.5));
#2822 = VECTOR('',#2823,1.);
#2823 = DIRECTION('',(0.,-1.));
#2824 = ( GEOMETRIC_REPRESENTATION_CONTEXT(2) 
PARAMETRIC_REPRESENTATION_CONTEXT() REPRESENTATION_CONTEXT('2D SPACE',''
  ) );
#2825 = PCURVE('',#2826,#2831);
#2826 = PLANE('',#2827);
#2827 = AXIS2_PLACEMENT_3D('',#2828,#2829,#2830);
#2828 = CARTESIAN_POINT('',(18.5,-28.5,16.));
#2829 = DIRECTION('',(0.,0.,1.));
#2830 = DIRECTION('',(1.,0.,0.));
#2831 = DEFINITIONAL_REPRESENTATION('',(#2832),#2836);
#2832 = LINE('',#2833,#2834);
#2833 = CARTESIAN_POINT('',(0.,0.));
#2834 = VECTOR('',#2835,1.);
#2835 = DIRECTION('',(0.,1.));
#2836 = ( GEOMETRIC_REPRESENTATION_CONTEXT(2) 
PARAMETRIC_REPRESENTATION_CONTEXT() REPRESENTATION_CONTEXT('2D SPACE',''
  ) );
#2837 = ORIENTED_EDGE('',*,*,#2838,.F.);
#2838 = EDGE_CURVE('',#588,#2811,#2839,.T.);
#2839 = SURFACE_CURVE('',#2840,(#2844,#2851),.PCURVE_S1.);
#2840 = LINE('',#2841,#2842);
#2841 = CARTESIAN_POINT('',(18.5,-16.68157894736,8.));
#2842 = VECTOR('',#2843,1.);
#2843 = DIRECTION('',(0.,0.,1.));
#2844 = PCURVE('',#605,#2845);
#2845 = DEFINITIONAL_REPRESENTATION('',(#2846),#2850);
#2846 = LINE('',#2847,#2848);
#2847 = CARTESIAN_POINT('',(-18.10640197485,16.681578947368));
#2848 = VECTOR('',#2849,1.);
#2849 = DIRECTION('',(1.,0.));
#2850 = ( GEOMETRIC_REPRESENTATION_CONTEXT(2) 
PARAMETRIC_REPRESENTATION_CONTEXT() REPRESENTATION_CONTEXT('2D SPACE',''
  ) );
#2851 = PCURVE('',#687,#2852);
#2852 = DEFINITIONAL_REPRESENTATION('',(#2853),#2857);
#2853 = LINE('',#2854,#2855);
#2854 = CARTESIAN_POINT('',(0.,0.));
#2855 = VECTOR('',#2856,1.);
#2856 = DIRECTION('',(1.,0.));
#2857 = ( GEOMETRIC_REPRESENTATION_CONTEXT(2) 
PARAMETRIC_REPRESENTATION_CONTEXT() REPRESENTATION_CONTEXT('2D SPACE',''
  ) );
#2858 = ADVANCED_FACE('',(#2859),#633,.T.);
#2859 = FACE_BOUND('',#2860,.T.);
#2860 = EDGE_LOOP('',(#2861,#2884,#2885,#2886));
#2861 = ORIENTED_EDGE('',*,*,#2862,.F.);
#2862 = EDGE_CURVE('',#618,#2863,#2865,.T.);
#2863 = VERTEX_POINT('',#2864);
#2864 = CARTESIAN_POINT('',(27.5,16.681578947368,16.));
#2865 = SURFACE_CURVE('',#2866,(#2870,#2877),.PCURVE_S1.);
#2866 = LINE('',#2867,#2868);
#2867 = CARTESIAN_POINT('',(27.5,16.681578947368,8.));
#2868 = VECTOR('',#2869,1.);
#2869 = DIRECTION('',(0.,0.,1.));
#2870 = PCURVE('',#633,#2871);
#2871 = DEFINITIONAL_REPRESENTATION('',(#2872),#2876);
#2872 = LINE('',#2873,#2874);
#2873 = CARTESIAN_POINT('',(0.,9.));
#2874 = VECTOR('',#2875,1.);
#2875 = DIRECTION('',(1.,0.));
#2876 = ( GEOMETRIC_REPRESENTATION_CONTEXT(2) 
PARAMETRIC_REPRESENTATION_CONTEXT() REPRESENTATION_CONTEXT('2D SPACE',''
  ) );
#2877 = PCURVE('',#661,#2878);
#2878 = DEFINITIONAL_REPRESENTATION('',(#2879),#2883);
#2879 = LINE('',#2880,#2881);
#2880 = CARTESIAN_POINT('',(-18.10640197485,-16.68157894736));
#2881 = VECTOR('',#2882,1.);
#2882 = DIRECTION('',(1.,0.));
#2883 = ( GEOMETRIC_REPRESENTATION_CONTEXT(2) 
PARAMETRIC_REPRESENTATION_CONTEXT() REPRESENTATION_CONTEXT('2D SPACE',''
  ) );
#2884 = ORIENTED_EDGE('',*,*,#617,.F.);
#2885 = ORIENTED_EDGE('',*,*,#2421,.T.);
#2886 = ORIENTED_EDGE('',*,*,#2887,.T.);
#2887 = EDGE_CURVE('',#2422,#2863,#2888,.T.);
#2888 = SURFACE_CURVE('',#2889,(#2893,#2899),.PCURVE_S1.);
#2889 = LINE('',#2890,#2891);
#2890 = CARTESIAN_POINT('',(18.5,16.681578947368,16.));
#2891 = VECTOR('',#2892,1.);
#2892 = DIRECTION('',(1.,0.,0.));
#2893 = PCURVE('',#633,#2894);
#2894 = DEFINITIONAL_REPRESENTATION('',(#2895),#2898);
#2895 = B_SPLINE_CURVE_WITH_KNOTS('',1,(#2896,#2897),.UNSPECIFIED.,.F.,
  .F.,(2,2),(0.,9.),.PIECEWISE_BEZIER_KNOTS.);
#2896 = CARTESIAN_POINT('',(8.,0.));
#2897 = CARTESIAN_POINT('',(8.,9.));
#2898 = ( GEOMETRIC_REPRESENTATION_CONTEXT(2) 
PARAMETRIC_REPRESENTATION_CONTEXT() REPRESENTATION_CONTEXT('2D SPACE',''
  ) );
#2899 = PCURVE('',#2460,#2900);
#2900 = DEFINITIONAL_REPRESENTATION('',(#2901),#2904);
#2901 = B_SPLINE_CURVE_WITH_KNOTS('',1,(#2902,#2903),.UNSPECIFIED.,.F.,
  .F.,(2,2),(0.,9.),.PIECEWISE_BEZIER_KNOTS.);
#2902 = CARTESIAN_POINT('',(0.,1.181578947368));
#2903 = CARTESIAN_POINT('',(9.,1.181578947368));
#2904 = ( GEOMETRIC_REPRESENTATION_CONTEXT(2) 
PARAMETRIC_REPRESENTATION_CONTEXT() REPRESENTATION_CONTEXT('2D SPACE',''
  ) );
#2905 = ADVANCED_FACE('',(#2906),#687,.F.);
#2906 = FACE_BOUND('',#2907,.F.);
#2907 = EDGE_LOOP('',(#2908,#2931,#2932,#2933));
#2908 = ORIENTED_EDGE('',*,*,#2909,.F.);
#2909 = EDGE_CURVE('',#646,#2910,#2912,.T.);
#2910 = VERTEX_POINT('',#2911);
#2911 = CARTESIAN_POINT('',(27.5,-16.68157894736,16.));
#2912 = SURFACE_CURVE('',#2913,(#2917,#2924),.PCURVE_S1.);
#2913 = LINE('',#2914,#2915);
#2914 = CARTESIAN_POINT('',(27.5,-16.68157894736,8.));
#2915 = VECTOR('',#2916,1.);
#2916 = DIRECTION('',(0.,0.,1.));
#2917 = PCURVE('',#687,#2918);
#2918 = DEFINITIONAL_REPRESENTATION('',(#2919),#2923);
#2919 = LINE('',#2920,#2921);
#2920 = CARTESIAN_POINT('',(0.,9.));
#2921 = VECTOR('',#2922,1.);
#2922 = DIRECTION('',(1.,0.));
#2923 = ( GEOMETRIC_REPRESENTATION_CONTEXT(2) 
PARAMETRIC_REPRESENTATION_CONTEXT() REPRESENTATION_CONTEXT('2D SPACE',''
  ) );
#2924 = PCURVE('',#661,#2925);
#2925 = DEFINITIONAL_REPRESENTATION('',(#2926),#2930);
#2926 = LINE('',#2927,#2928);
#2927 = CARTESIAN_POINT('',(-18.10640197485,16.681578947368));
#2928 = VECTOR('',#2929,1.);
#2929 = DIRECTION('',(1.,0.));
#2930 = ( GEOMETRIC_REPRESENTATION_CONTEXT(2) 
PARAMETRIC_REPRESENTATION_CONTEXT() REPRESENTATION_CONTEXT('2D SPACE',''
  ) );
#2931 = ORIENTED_EDGE('',*,*,#673,.F.);
#2932 = ORIENTED_EDGE('',*,*,#2838,.T.);
#2933 = ORIENTED_EDGE('',*,*,#2934,.T.);
#2934 = EDGE_CURVE('',#2811,#2910,#2935,.T.);
#2935 = SURFACE_CURVE('',#2936,(#2940,#2946),.PCURVE_S1.);
#2936 = LINE('',#2937,#2938);
#2937 = CARTESIAN_POINT('',(18.5,-16.68157894736,16.));
#2938 = VECTOR('',#2939,1.);
#2939 = DIRECTION('',(1.,0.,0.));
#2940 = PCURVE('',#687,#2941);
#2941 = DEFINITIONAL_REPRESENTATION('',(#2942),#2945);
#2942 = B_SPLINE_CURVE_WITH_KNOTS('',1,(#2943,#2944),.UNSPECIFIED.,.F.,
  .F.,(2,2),(0.,9.),.PIECEWISE_BEZIER_KNOTS.);
#2943 = CARTESIAN_POINT('',(8.,0.));
#2944 = CARTESIAN_POINT('',(8.,9.));
#2945 = ( GEOMETRIC_REPRESENTATION_CONTEXT(2) 
PARAMETRIC_REPRESENTATION_CONTEXT() REPRESENTATION_CONTEXT('2D SPACE',''
  ) );
#2946 = PCURVE('',#2826,#2947);
#2947 = DEFINITIONAL_REPRESENTATION('',(#2948),#2951);
#2948 = B_SPLINE_CURVE_WITH_KNOTS('',1,(#2949,#2950),.UNSPECIFIED.,.F.,
  .F.,(2,2),(0.,9.),.PIECEWISE_BEZIER_KNOTS.);
#2949 = CARTESIAN_POINT('',(0.,11.818421052632));
#2950 = CARTESIAN_POINT('',(9.,11.818421052632));
#2951 = ( GEOMETRIC_REPRESENTATION_CONTEXT(2) 
PARAMETRIC_REPRESENTATION_CONTEXT() REPRESENTATION_CONTEXT('2D SPACE',''
  ) );
#2952 = ADVANCED_FACE('',(#2953),#661,.T.);
#2953 = FACE_BOUND('',#2954,.T.);
#2954 = EDGE_LOOP('',(#2955,#2956,#2957,#2980,#3003,#3026,#3244,#3267,
    #3290,#3311));
#2955 = ORIENTED_EDGE('',*,*,#645,.T.);
#2956 = ORIENTED_EDGE('',*,*,#2862,.T.);
#2957 = ORIENTED_EDGE('',*,*,#2958,.T.);
#2958 = EDGE_CURVE('',#2863,#2959,#2961,.T.);
#2959 = VERTEX_POINT('',#2960);
#2960 = CARTESIAN_POINT('',(27.5,28.5,16.));
#2961 = SURFACE_CURVE('',#2962,(#2966,#2973),.PCURVE_S1.);
#2962 = LINE('',#2963,#2964);
#2963 = CARTESIAN_POINT('',(27.5,15.5,16.));
#2964 = VECTOR('',#2965,1.);
#2965 = DIRECTION('',(0.,1.,0.));
#2966 = PCURVE('',#661,#2967);
#2967 = DEFINITIONAL_REPRESENTATION('',(#2968),#2972);
#2968 = LINE('',#2969,#2970);
#2969 = CARTESIAN_POINT('',(-10.10640197485,-15.5));
#2970 = VECTOR('',#2971,1.);
#2971 = DIRECTION('',(0.,-1.));
#2972 = ( GEOMETRIC_REPRESENTATION_CONTEXT(2) 
PARAMETRIC_REPRESENTATION_CONTEXT() REPRESENTATION_CONTEXT('2D SPACE',''
  ) );
#2973 = PCURVE('',#2460,#2974);
#2974 = DEFINITIONAL_REPRESENTATION('',(#2975),#2979);
#2975 = LINE('',#2976,#2977);
#2976 = CARTESIAN_POINT('',(9.,0.));
#2977 = VECTOR('',#2978,1.);
#2978 = DIRECTION('',(0.,1.));
#2979 = ( GEOMETRIC_REPRESENTATION_CONTEXT(2) 
PARAMETRIC_REPRESENTATION_CONTEXT() REPRESENTATION_CONTEXT('2D SPACE',''
  ) );
#2980 = ORIENTED_EDGE('',*,*,#2981,.T.);
#2981 = EDGE_CURVE('',#2959,#2982,#2984,.T.);
#2982 = VERTEX_POINT('',#2983);
#2983 = CARTESIAN_POINT('',(27.5,28.5,26.));
#2984 = SURFACE_CURVE('',#2985,(#2989,#2996),.PCURVE_S1.);
#2985 = LINE('',#2986,#2987);
#2986 = CARTESIAN_POINT('',(27.5,28.5,16.));
#2987 = VECTOR('',#2988,1.);
#2988 = DIRECTION('',(0.,0.,1.));
#2989 = PCURVE('',#661,#2990);
#2990 = DEFINITIONAL_REPRESENTATION('',(#2991),#2995);
#2991 = LINE('',#2992,#2993);
#2992 = CARTESIAN_POINT('',(-10.10640197485,-28.5));
#2993 = VECTOR('',#2994,1.);
#2994 = DIRECTION('',(1.,0.));
#2995 = ( GEOMETRIC_REPRESENTATION_CONTEXT(2) 
PARAMETRIC_REPRESENTATION_CONTEXT() REPRESENTATION_CONTEXT('2D SPACE',''
  ) );
#2996 = PCURVE('',#2488,#2997);
#2997 = DEFINITIONAL_REPRESENTATION('',(#2998),#3002);
#2998 = LINE('',#2999,#3000);
#2999 = CARTESIAN_POINT('',(0.,9.));
#3000 = VECTOR('',#3001,1.);
#3001 = DIRECTION('',(1.,0.));
#3002 = ( GEOMETRIC_REPRESENTATION_CONTEXT(2) 
PARAMETRIC_REPRESENTATION_CONTEXT() REPRESENTATION_CONTEXT('2D SPACE',''
  ) );
#3003 = ORIENTED_EDGE('',*,*,#3004,.F.);
#3004 = EDGE_CURVE('',#3005,#2982,#3007,.T.);
#3005 = VERTEX_POINT('',#3006);
#3006 = CARTESIAN_POINT('',(27.5,12.681578947368,26.));
#3007 = SURFACE_CURVE('',#3008,(#3012,#3019),.PCURVE_S1.);
#3008 = LINE('',#3009,#3010);
#3009 = CARTESIAN_POINT('',(27.5,-28.5,26.));
#3010 = VECTOR('',#3011,1.);
#3011 = DIRECTION('',(0.,1.,0.));
#3012 = PCURVE('',#661,#3013);
#3013 = DEFINITIONAL_REPRESENTATION('',(#3014),#3018);
#3014 = LINE('',#3015,#3016);
#3015 = CARTESIAN_POINT('',(-0.106401974852,28.5));
#3016 = VECTOR('',#3017,1.);
#3017 = DIRECTION('',(0.,-1.));
#3018 = ( GEOMETRIC_REPRESENTATION_CONTEXT(2) 
PARAMETRIC_REPRESENTATION_CONTEXT() REPRESENTATION_CONTEXT('2D SPACE',''
  ) );
#3019 = PCURVE('',#2516,#3020);
#3020 = DEFINITIONAL_REPRESENTATION('',(#3021),#3025);
#3021 = LINE('',#3022,#3023);
#3022 = CARTESIAN_POINT('',(77.5,21.5));
#3023 = VECTOR('',#3024,1.);
#3024 = DIRECTION('',(0.,1.));
#3025 = ( GEOMETRIC_REPRESENTATION_CONTEXT(2) 
PARAMETRIC_REPRESENTATION_CONTEXT() REPRESENTATION_CONTEXT('2D SPACE',''
  ) );
#3026 = ORIENTED_EDGE('',*,*,#3027,.T.);
#3027 = EDGE_CURVE('',#3005,#3028,#3030,.T.);
#3028 = VERTEX_POINT('',#3029);
#3029 = CARTESIAN_POINT('',(27.5,-12.68157894736,26.));
#3030 = SURFACE_CURVE('',#3031,(#3100,#3172),.PCURVE_S1.);
#3031 = B_SPLINE_CURVE_WITH_KNOTS('',7,(#3032,#3033,#3034,#3035,#3036,
    #3037,#3038,#3039,#3040,#3041,#3042,#3043,#3044,#3045,#3046,#3047,
    #3048,#3049,#3050,#3051,#3052,#3053,#3054,#3055,#3056,#3057,#3058,
    #3059,#3060,#3061,#3062,#3063,#3064,#3065,#3066,#3067,#3068,#3069,
    #3070,#3071,#3072,#3073,#3074,#3075,#3076,#3077,#3078,#3079,#3080,
    #3081,#3082,#3083,#3084,#3085,#3086,#3087,#3088,#3089,#3090,#3091,
    #3092,#3093,#3094,#3095,#3096,#3097,#3098,#3099),.UNSPECIFIED.,.F.,
  .F.,(8,6,6,6,6,6,6,6,6,6,6,8),(0.,0.182480231288,0.266984792069,
    0.348166993804,0.397105211679,0.428255387757,0.499999684658,
    0.60289239009,0.651830903517,0.733013595534,0.817518666662,1.),
  .UNSPECIFIED.);
#3032 = CARTESIAN_POINT('',(27.5,12.681578947368,26.));
#3033 = CARTESIAN_POINT('',(27.5,12.681578947369,24.927173743392));
#3034 = CARTESIAN_POINT('',(27.5,12.588252712571,23.85437298234));
#3035 = CARTESIAN_POINT('',(27.5,12.401608447685,22.791245566126));
#3036 = CARTESIAN_POINT('',(27.5,12.122362470894,21.747620092718));
#3037 = CARTESIAN_POINT('',(27.5,11.752098352092,20.733463454473));
#3038 = CARTESIAN_POINT('',(27.5,11.293352628724,19.758857295692));
#3039 = CARTESIAN_POINT('',(27.5,10.498225345569,18.405578339118));
#3040 = CARTESIAN_POINT('',(27.5,10.22840169881,17.987916879683));
#3041 = CARTESIAN_POINT('',(27.5,9.940812048137,17.581944863139));
#3042 = CARTESIAN_POINT('',(27.5,9.635906137379,17.188683177263));
#3043 = CARTESIAN_POINT('',(27.5,9.314203363358,16.809148398334));
#3044 = CARTESIAN_POINT('',(27.5,8.976301005058,16.444346067644));
#3045 = CARTESIAN_POINT('',(27.5,8.283358811222,15.759906288209));
#3046 = CARTESIAN_POINT('',(27.5,7.929510320827,15.439052490583));
#3047 = CARTESIAN_POINT('',(27.5,7.561949392248,15.133583006112));
#3048 = CARTESIAN_POINT('',(27.5,7.181354275815,14.8443536439));
#3049 = CARTESIAN_POINT('',(27.5,6.78847549862,14.572186445097));
#3050 = CARTESIAN_POINT('',(27.5,6.384142301598,14.31786053682));
#3051 = CARTESIAN_POINT('',(27.5,5.719175388048,13.939983726715));
#3052 = CARTESIAN_POINT('',(27.5,5.465249791952,13.804610915571));
#3053 = CARTESIAN_POINT('',(27.5,5.207692297168,13.676143384694));
#3054 = CARTESIAN_POINT('',(27.5,4.94671164291,13.554731436209));
#3055 = CARTESIAN_POINT('',(27.5,4.682525645613,13.440516047234));
#3056 = CARTESIAN_POINT('',(27.5,4.415361545812,13.333628074804));
#3057 = CARTESIAN_POINT('',(27.5,3.973656183652,13.170891477203));
#3058 = CARTESIAN_POINT('',(27.5,3.800745090248,13.110612676863));
#3059 = CARTESIAN_POINT('',(27.5,3.626784038734,13.053382016138));
#3060 = CARTESIAN_POINT('',(27.5,3.451835197977,12.999228389919));
#3061 = CARTESIAN_POINT('',(27.5,3.275961941785,12.948178631619));
#3062 = CARTESIAN_POINT('',(27.5,3.099228848909,12.900257513183));
#3063 = CARTESIAN_POINT('',(27.5,2.512825675204,12.752375148628));
#3064 = CARTESIAN_POINT('',(27.5,2.099729525048,12.665977334885));
#3065 = CARTESIAN_POINT('',(27.5,1.683227918386,12.59657340259));
#3066 = CARTESIAN_POINT('',(27.5,1.264150978175,12.544375938158));
#3067 = CARTESIAN_POINT('',(27.5,0.84334422533,12.509528860053));
#3068 = CARTESIAN_POINT('',(27.5,0.421668519523,12.492105263158));
#3069 = CARTESIAN_POINT('',(27.5,-0.604739563191,12.492105263158));
#3070 = CARTESIAN_POINT('',(27.5,-1.209520171378,12.527941757774));
#3071 = CARTESIAN_POINT('',(27.5,-1.811718703369,12.599623032252));
#3072 = CARTESIAN_POINT('',(27.5,-2.408807369582,12.706825433019));
#3073 = CARTESIAN_POINT('',(27.5,-2.998346595107,12.848944965334));
#3074 = CARTESIAN_POINT('',(27.5,-3.577983554027,13.025114624521));
#3075 = CARTESIAN_POINT('',(27.5,-4.415361545809,13.333628074803));
#3076 = CARTESIAN_POINT('',(27.5,-4.682525645609,13.440516047233));
#3077 = CARTESIAN_POINT('',(27.5,-4.946711642907,13.554731436208));
#3078 = CARTESIAN_POINT('',(27.5,-5.207692297165,13.676143384693));
#3079 = CARTESIAN_POINT('',(27.5,-5.465249791948,13.804610915569));
#3080 = CARTESIAN_POINT('',(27.5,-5.719175388045,13.939983726714));
#3081 = CARTESIAN_POINT('',(27.5,-6.384142301595,14.317860536818));
#3082 = CARTESIAN_POINT('',(27.5,-6.788475498617,14.572186445095));
#3083 = CARTESIAN_POINT('',(27.5,-7.181354275812,14.844353643898));
#3084 = CARTESIAN_POINT('',(27.5,-7.561949392246,15.133583006109));
#3085 = CARTESIAN_POINT('',(27.5,-7.929510320824,15.439052490581));
#3086 = CARTESIAN_POINT('',(27.5,-8.283358811219,15.759906288206));
#3087 = CARTESIAN_POINT('',(27.5,-8.976301005056,16.444346067641));
#3088 = CARTESIAN_POINT('',(27.5,-9.314203363356,16.809148398331));
#3089 = CARTESIAN_POINT('',(27.5,-9.635906137377,17.18868317726));
#3090 = CARTESIAN_POINT('',(27.5,-9.940812048135,17.581944863136));
#3091 = CARTESIAN_POINT('',(27.5,-10.2284016988,17.98791687968));
#3092 = CARTESIAN_POINT('',(27.5,-10.49822534556,18.405578339115));
#3093 = CARTESIAN_POINT('',(27.5,-11.29335262872,19.758857295693));
#3094 = CARTESIAN_POINT('',(27.5,-11.75209835208,20.733463454456));
#3095 = CARTESIAN_POINT('',(27.5,-12.1223624709,21.74762009274));
#3096 = CARTESIAN_POINT('',(27.5,-12.40160844767,22.791245566102));
#3097 = CARTESIAN_POINT('',(27.5,-12.58825271257,23.85437298235));
#3098 = CARTESIAN_POINT('',(27.5,-12.68157894736,24.927173743389));
#3099 = CARTESIAN_POINT('',(27.5,-12.68157894736,26.));
#3100 = PCURVE('',#661,#3101);
#3101 = DEFINITIONAL_REPRESENTATION('',(#3102),#3171);
#3102 = B_SPLINE_CURVE_WITH_KNOTS('',7,(#3103,#3104,#3105,#3106,#3107,
    #3108,#3109,#3110,#3111,#3112,#3113,#3114,#3115,#3116,#3117,#3118,
    #3119,#3120,#3121,#3122,#3123,#3124,#3125,#3126,#3127,#3128,#3129,
    #3130,#3131,#3132,#3133,#3134,#3135,#3136,#3137,#3138,#3139,#3140,
    #3141,#3142,#3143,#3144,#3145,#3146,#3147,#3148,#3149,#3150,#3151,
    #3152,#3153,#3154,#3155,#3156,#3157,#3158,#3159,#3160,#3161,#3162,
    #3163,#3164,#3165,#3166,#3167,#3168,#3169,#3170),.UNSPECIFIED.,.F.,
  .F.,(8,6,6,6,6,6,6,6,6,6,6,8),(0.,0.182480231288,0.266984792069,
    0.348166993804,0.397105211679,0.428255387757,0.499999684658,
    0.60289239009,0.651830903517,0.733013595534,0.817518666662,1.),
  .UNSPECIFIED.);
#3103 = CARTESIAN_POINT('',(-0.106401974852,-12.68157894736));
#3104 = CARTESIAN_POINT('',(-1.17922823146,-12.68157894736));
#3105 = CARTESIAN_POINT('',(-2.252028992513,-12.58825271257));
#3106 = CARTESIAN_POINT('',(-3.315156408727,-12.40160844768));
#3107 = CARTESIAN_POINT('',(-4.358781882135,-12.12236247089));
#3108 = CARTESIAN_POINT('',(-5.372938520379,-11.75209835209));
#3109 = CARTESIAN_POINT('',(-6.347544679161,-11.29335262872));
#3110 = CARTESIAN_POINT('',(-7.700823635734,-10.49822534556));
#3111 = CARTESIAN_POINT('',(-8.11848509517,-10.22840169881));
#3112 = CARTESIAN_POINT('',(-8.524457111714,-9.940812048137));
#3113 = CARTESIAN_POINT('',(-8.91771879759,-9.635906137379));
#3114 = CARTESIAN_POINT('',(-9.297253576518,-9.314203363358));
#3115 = CARTESIAN_POINT('',(-9.662055907209,-8.976301005058));
#3116 = CARTESIAN_POINT('',(-10.34649568664,-8.283358811222));
#3117 = CARTESIAN_POINT('',(-10.66734948426,-7.929510320827));
#3118 = CARTESIAN_POINT('',(-10.97281896874,-7.561949392248));
#3119 = CARTESIAN_POINT('',(-11.26204833095,-7.181354275815));
#3120 = CARTESIAN_POINT('',(-11.53421552975,-6.78847549862));
#3121 = CARTESIAN_POINT('',(-11.78854143803,-6.384142301598));
#3122 = CARTESIAN_POINT('',(-12.16641824813,-5.719175388048));
#3123 = CARTESIAN_POINT('',(-12.30179105928,-5.465249791952));
#3124 = CARTESIAN_POINT('',(-12.43025859015,-5.207692297168));
#3125 = CARTESIAN_POINT('',(-12.55167053864,-4.94671164291));
#3126 = CARTESIAN_POINT('',(-12.66588592761,-4.682525645613));
#3127 = CARTESIAN_POINT('',(-12.77277390004,-4.415361545812));
#3128 = CARTESIAN_POINT('',(-12.93551049764,-3.973656183652));
#3129 = CARTESIAN_POINT('',(-12.99578929798,-3.800745090248));
#3130 = CARTESIAN_POINT('',(-13.05301995871,-3.626784038734));
#3131 = CARTESIAN_POINT('',(-13.10717358493,-3.451835197977));
#3132 = CARTESIAN_POINT('',(-13.15822334323,-3.275961941785));
#3133 = CARTESIAN_POINT('',(-13.20614446167,-3.099228848909));
#3134 = CARTESIAN_POINT('',(-13.35402682622,-2.512825675204));
#3135 = CARTESIAN_POINT('',(-13.44042463996,-2.099729525048));
#3136 = CARTESIAN_POINT('',(-13.50982857226,-1.683227918386));
#3137 = CARTESIAN_POINT('',(-13.56202603669,-1.264150978175));
#3138 = CARTESIAN_POINT('',(-13.5968731148,-0.84334422533));
#3139 = CARTESIAN_POINT('',(-13.61429671169,-0.421668519523));
#3140 = CARTESIAN_POINT('',(-13.61429671169,0.604739563191));
#3141 = CARTESIAN_POINT('',(-13.57846021707,1.209520171378));
#3142 = CARTESIAN_POINT('',(-13.5067789426,1.811718703369));
#3143 = CARTESIAN_POINT('',(-13.39957654183,2.408807369582));
#3144 = CARTESIAN_POINT('',(-13.25745700951,2.998346595107));
#3145 = CARTESIAN_POINT('',(-13.08128735033,3.577983554027));
#3146 = CARTESIAN_POINT('',(-12.77277390005,4.415361545809));
#3147 = CARTESIAN_POINT('',(-12.66588592762,4.682525645609));
#3148 = CARTESIAN_POINT('',(-12.55167053864,4.946711642907));
#3149 = CARTESIAN_POINT('',(-12.43025859016,5.207692297165));
#3150 = CARTESIAN_POINT('',(-12.30179105928,5.465249791948));
#3151 = CARTESIAN_POINT('',(-12.16641824813,5.719175388045));
#3152 = CARTESIAN_POINT('',(-11.78854143803,6.384142301595));
#3153 = CARTESIAN_POINT('',(-11.53421552975,6.788475498617));
#3154 = CARTESIAN_POINT('',(-11.26204833095,7.181354275812));
#3155 = CARTESIAN_POINT('',(-10.97281896874,7.561949392246));
#3156 = CARTESIAN_POINT('',(-10.66734948427,7.929510320824));
#3157 = CARTESIAN_POINT('',(-10.34649568664,8.283358811219));
#3158 = CARTESIAN_POINT('',(-9.662055907211,8.976301005056));
#3159 = CARTESIAN_POINT('',(-9.297253576521,9.314203363356));
#3160 = CARTESIAN_POINT('',(-8.917718797592,9.635906137377));
#3161 = CARTESIAN_POINT('',(-8.524457111716,9.940812048135));
#3162 = CARTESIAN_POINT('',(-8.118485095173,10.228401698808));
#3163 = CARTESIAN_POINT('',(-7.700823635737,10.498225345567));
#3164 = CARTESIAN_POINT('',(-6.34754467916,11.293352628725));
#3165 = CARTESIAN_POINT('',(-5.372938520396,11.752098352084));
#3166 = CARTESIAN_POINT('',(-4.358781882112,12.122362470904));
#3167 = CARTESIAN_POINT('',(-3.31515640875,12.401608447678));
#3168 = CARTESIAN_POINT('',(-2.252028992503,12.588252712573));
#3169 = CARTESIAN_POINT('',(-1.179228231463,12.681578947368));
#3170 = CARTESIAN_POINT('',(-0.106401974852,12.681578947368));
#3171 = ( GEOMETRIC_REPRESENTATION_CONTEXT(2) 
PARAMETRIC_REPRESENTATION_CONTEXT() REPRESENTATION_CONTEXT('2D SPACE',''
  ) );
#3172 = PCURVE('',#2674,#3173);
#3173 = DEFINITIONAL_REPRESENTATION('',(#3174),#3243);
#3174 = B_SPLINE_CURVE_WITH_KNOTS('',7,(#3175,#3176,#3177,#3178,#3179,
    #3180,#3181,#3182,#3183,#3184,#3185,#3186,#3187,#3188,#3189,#3190,
    #3191,#3192,#3193,#3194,#3195,#3196,#3197,#3198,#3199,#3200,#3201,
    #3202,#3203,#3204,#3205,#3206,#3207,#3208,#3209,#3210,#3211,#3212,
    #3213,#3214,#3215,#3216,#3217,#3218,#3219,#3220,#3221,#3222,#3223,
    #3224,#3225,#3226,#3227,#3228,#3229,#3230,#3231,#3232,#3233,#3234,
    #3235,#3236,#3237,#3238,#3239,#3240,#3241,#3242),.UNSPECIFIED.,.F.,
  .F.,(8,6,6,6,6,6,6,6,6,6,6,8),(0.,0.182480231288,0.266984792069,
    0.348166993804,0.397105211679,0.428255387757,0.499999684658,
    0.60289239009,0.651830903517,0.733013595534,0.817518666662,1.),
  .UNSPECIFIED.);
#3175 = CARTESIAN_POINT('',(4.712388980385,-10.));
#3176 = CARTESIAN_POINT('',(4.632966814495,-10.));
#3177 = CARTESIAN_POINT('',(4.553546521498,-10.));
#3178 = CARTESIAN_POINT('',(4.474024169821,-10.));
#3179 = CARTESIAN_POINT('',(4.394308888811,-10.));
#3180 = CARTESIAN_POINT('',(4.314315897494,-10.));
#3181 = CARTESIAN_POINT('',(4.233964415147,-10.));
#3182 = CARTESIAN_POINT('',(4.115777667446,-10.));
#3183 = CARTESIAN_POINT('',(4.078280020921,-10.));
#3184 = CARTESIAN_POINT('',(4.040687285761,-10.));
#3185 = CARTESIAN_POINT('',(4.002994906705,-10.));
#3186 = CARTESIAN_POINT('',(3.965199356885,-10.));
#3187 = CARTESIAN_POINT('',(3.927298458776,-10.));
#3188 = CARTESIAN_POINT('',(3.852779215024,-10.));
#3189 = CARTESIAN_POINT('',(3.816168520923,-10.));
#3190 = CARTESIAN_POINT('',(3.779459930071,-10.));
#3191 = CARTESIAN_POINT('',(3.742654216486,-10.));
#3192 = CARTESIAN_POINT('',(3.705753193653,-10.));
#3193 = CARTESIAN_POINT('',(3.668760287194,-10.));
#3194 = CARTESIAN_POINT('',(3.609329053365,-10.));
#3195 = CARTESIAN_POINT('',(3.586945492715,-10.));
#3196 = CARTESIAN_POINT('',(3.564531639487,-10.));
#3197 = CARTESIAN_POINT('',(3.542088777751,-10.));
#3198 = CARTESIAN_POINT('',(3.519618330327,-10.));
#3199 = CARTESIAN_POINT('',(3.497121927356,-10.));
#3200 = CARTESIAN_POINT('',(3.460266746498,-10.));
#3201 = CARTESIAN_POINT('',(3.445922248841,-10.));
#3202 = CARTESIAN_POINT('',(3.431568453007,-10.));
#3203 = CARTESIAN_POINT('',(3.417205852956,-10.));
#3204 = CARTESIAN_POINT('',(3.402834965505,-10.));
#3205 = CARTESIAN_POINT('',(3.388456330328,-10.));
#3206 = CARTESIAN_POINT('',(3.340937452685,-10.));
#3207 = CARTESIAN_POINT('',(3.30776565256,-10.));
#3208 = CARTESIAN_POINT('',(3.274562989022,-10.));
#3209 = CARTESIAN_POINT('',(3.241336738179,-10.));
#3210 = CARTESIAN_POINT('',(3.208094167125,-10.));
#3211 = CARTESIAN_POINT('',(3.174843128256,-10.));
#3212 = CARTESIAN_POINT('',(3.093906197061,-10.));
#3213 = CARTESIAN_POINT('',(3.046216519892,-10.));
#3214 = CARTESIAN_POINT('',(2.998553261437,-10.));
#3215 = CARTESIAN_POINT('',(2.950938738978,-10.));
#3216 = CARTESIAN_POINT('',(2.903392094626,-10.));
#3217 = CARTESIAN_POINT('',(2.855932844806,-10.));
#3218 = CARTESIAN_POINT('',(2.786063379824,-10.));
#3219 = CARTESIAN_POINT('',(2.763566976853,-10.));
#3220 = CARTESIAN_POINT('',(2.741096529429,-10.));
#3221 = CARTESIAN_POINT('',(2.718653667693,-10.));
#3222 = CARTESIAN_POINT('',(2.696239814465,-10.));
#3223 = CARTESIAN_POINT('',(2.673856253815,-10.));
#3224 = CARTESIAN_POINT('',(2.614425019986,-10.));
#3225 = CARTESIAN_POINT('',(2.577432113527,-10.));
#3226 = CARTESIAN_POINT('',(2.540531090694,-10.));
#3227 = CARTESIAN_POINT('',(2.503725377109,-10.));
#3228 = CARTESIAN_POINT('',(2.467016786257,-10.));
#3229 = CARTESIAN_POINT('',(2.430406092156,-10.));
#3230 = CARTESIAN_POINT('',(2.355886848404,-10.));
#3231 = CARTESIAN_POINT('',(2.317985950294,-10.));
#3232 = CARTESIAN_POINT('',(2.280190400475,-10.));
#3233 = CARTESIAN_POINT('',(2.242498021419,-10.));
#3234 = CARTESIAN_POINT('',(2.204905286259,-10.));
#3235 = CARTESIAN_POINT('',(2.167407639733,-10.));
#3236 = CARTESIAN_POINT('',(2.049220892033,-10.));
#3237 = CARTESIAN_POINT('',(1.968869409687,-10.));
#3238 = CARTESIAN_POINT('',(1.888876418367,-10.));
#3239 = CARTESIAN_POINT('',(1.809161137362,-10.));
#3240 = CARTESIAN_POINT('',(1.72963878568,-10.));
#3241 = CARTESIAN_POINT('',(1.650218492685,-10.));
#3242 = CARTESIAN_POINT('',(1.570796326795,-10.));
#3243 = ( GEOMETRIC_REPRESENTATION_CONTEXT(2) 
PARAMETRIC_REPRESENTATION_CONTEXT() REPRESENTATION_CONTEXT('2D SPACE',''
  ) );
#3244 = ORIENTED_EDGE('',*,*,#3245,.F.);
#3245 = EDGE_CURVE('',#3246,#3028,#3248,.T.);
#3246 = VERTEX_POINT('',#3247);
#3247 = CARTESIAN_POINT('',(27.5,-28.5,26.));
#3248 = SURFACE_CURVE('',#3249,(#3253,#3260),.PCURVE_S1.);
#3249 = LINE('',#3250,#3251);
#3250 = CARTESIAN_POINT('',(27.5,-28.5,26.));
#3251 = VECTOR('',#3252,1.);
#3252 = DIRECTION('',(0.,1.,0.));
#3253 = PCURVE('',#661,#3254);
#3254 = DEFINITIONAL_REPRESENTATION('',(#3255),#3259);
#3255 = LINE('',#3256,#3257);
#3256 = CARTESIAN_POINT('',(-0.106401974852,28.5));
#3257 = VECTOR('',#3258,1.);
#3258 = DIRECTION('',(0.,-1.));
#3259 = ( GEOMETRIC_REPRESENTATION_CONTEXT(2) 
PARAMETRIC_REPRESENTATION_CONTEXT() REPRESENTATION_CONTEXT('2D SPACE',''
  ) );
#3260 = PCURVE('',#2770,#3261);
#3261 = DEFINITIONAL_REPRESENTATION('',(#3262),#3266);
#3262 = LINE('',#3263,#3264);
#3263 = CARTESIAN_POINT('',(77.5,21.5));
#3264 = VECTOR('',#3265,1.);
#3265 = DIRECTION('',(0.,1.));
#3266 = ( GEOMETRIC_REPRESENTATION_CONTEXT(2) 
PARAMETRIC_REPRESENTATION_CONTEXT() REPRESENTATION_CONTEXT('2D SPACE',''
  ) );
#3267 = ORIENTED_EDGE('',*,*,#3268,.F.);
#3268 = EDGE_CURVE('',#3269,#3246,#3271,.T.);
#3269 = VERTEX_POINT('',#3270);
#3270 = CARTESIAN_POINT('',(27.5,-28.5,16.));
#3271 = SURFACE_CURVE('',#3272,(#3276,#3283),.PCURVE_S1.);
#3272 = LINE('',#3273,#3274);
#3273 = CARTESIAN_POINT('',(27.5,-28.5,16.));
#3274 = VECTOR('',#3275,1.);
#3275 = DIRECTION('',(0.,0.,1.));
#3276 = PCURVE('',#661,#3277);
#3277 = DEFINITIONAL_REPRESENTATION('',(#3278),#3282);
#3278 = LINE('',#3279,#3280);
#3279 = CARTESIAN_POINT('',(-10.10640197485,28.5));
#3280 = VECTOR('',#3281,1.);
#3281 = DIRECTION('',(1.,0.));
#3282 = ( GEOMETRIC_REPRESENTATION_CONTEXT(2) 
PARAMETRIC_REPRESENTATION_CONTEXT() REPRESENTATION_CONTEXT('2D SPACE',''
  ) );
#3283 = PCURVE('',#2798,#3284);
#3284 = DEFINITIONAL_REPRESENTATION('',(#3285),#3289);
#3285 = LINE('',#3286,#3287);
#3286 = CARTESIAN_POINT('',(0.,9.));
#3287 = VECTOR('',#3288,1.);
#3288 = DIRECTION('',(1.,0.));
#3289 = ( GEOMETRIC_REPRESENTATION_CONTEXT(2) 
PARAMETRIC_REPRESENTATION_CONTEXT() REPRESENTATION_CONTEXT('2D SPACE',''
  ) );
#3290 = ORIENTED_EDGE('',*,*,#3291,.T.);
#3291 = EDGE_CURVE('',#3269,#2910,#3292,.T.);
#3292 = SURFACE_CURVE('',#3293,(#3297,#3304),.PCURVE_S1.);
#3293 = LINE('',#3294,#3295);
#3294 = CARTESIAN_POINT('',(27.5,-28.5,16.));
#3295 = VECTOR('',#3296,1.);
#3296 = DIRECTION('',(0.,1.,0.));
#3297 = PCURVE('',#661,#3298);
#3298 = DEFINITIONAL_REPRESENTATION('',(#3299),#3303);
#3299 = LINE('',#3300,#3301);
#3300 = CARTESIAN_POINT('',(-10.10640197485,28.5));
#3301 = VECTOR('',#3302,1.);
#3302 = DIRECTION('',(0.,-1.));
#3303 = ( GEOMETRIC_REPRESENTATION_CONTEXT(2) 
PARAMETRIC_REPRESENTATION_CONTEXT() REPRESENTATION_CONTEXT('2D SPACE',''
  ) );
#3304 = PCURVE('',#2826,#3305);
#3305 = DEFINITIONAL_REPRESENTATION('',(#3306),#3310);
#3306 = LINE('',#3307,#3308);
#3307 = CARTESIAN_POINT('',(9.,0.));
#3308 = VECTOR('',#3309,1.);
#3309 = DIRECTION('',(0.,1.));
#3310 = ( GEOMETRIC_REPRESENTATION_CONTEXT(2) 
PARAMETRIC_REPRESENTATION_CONTEXT() REPRESENTATION_CONTEXT('2D SPACE',''
  ) );
#3311 = ORIENTED_EDGE('',*,*,#2909,.F.);
#3312 = ADVANCED_FACE('',(#3313),#947,.F.);
#3313 = FACE_BOUND('',#3314,.F.);
#3314 = EDGE_LOOP('',(#3315,#3316,#3336,#3363));
#3315 = ORIENTED_EDGE('',*,*,#930,.T.);
#3316 = ORIENTED_EDGE('',*,*,#3317,.T.);
#3317 = EDGE_CURVE('',#931,#3318,#3320,.T.);
#3318 = VERTEX_POINT('',#3319);
#3319 = CARTESIAN_POINT('',(-10.9,-13.,0.5));
#3320 = SEAM_CURVE('',#3321,(#3324,#3330),.PCURVE_S1.);
#3321 = B_SPLINE_CURVE_WITH_KNOTS('',1,(#3322,#3323),.UNSPECIFIED.,.F.,
  .F.,(2,2),(0.,1.),.PIECEWISE_BEZIER_KNOTS.);
#3322 = CARTESIAN_POINT('',(-10.65,-13.,0.));
#3323 = CARTESIAN_POINT('',(-10.9,-13.,0.5));
#3324 = PCURVE('',#947,#3325);
#3325 = DEFINITIONAL_REPRESENTATION('',(#3326),#3329);
#3326 = B_SPLINE_CURVE_WITH_KNOTS('',1,(#3327,#3328),.UNSPECIFIED.,.F.,
  .F.,(2,2),(0.,1.),.PIECEWISE_BEZIER_KNOTS.);
#3327 = CARTESIAN_POINT('',(-6.28318530718,0.));
#3328 = CARTESIAN_POINT('',(-6.28318530718,-0.5));
#3329 = ( GEOMETRIC_REPRESENTATION_CONTEXT(2) 
PARAMETRIC_REPRESENTATION_CONTEXT() REPRESENTATION_CONTEXT('2D SPACE',''
  ) );
#3330 = PCURVE('',#947,#3331);
#3331 = DEFINITIONAL_REPRESENTATION('',(#3332),#3335);
#3332 = B_SPLINE_CURVE_WITH_KNOTS('',1,(#3333,#3334),.UNSPECIFIED.,.F.,
  .F.,(2,2),(0.,1.),.PIECEWISE_BEZIER_KNOTS.);
#3333 = CARTESIAN_POINT('',(0.,0.));
#3334 = CARTESIAN_POINT('',(0.,-0.5));
#3335 = ( GEOMETRIC_REPRESENTATION_CONTEXT(2) 
PARAMETRIC_REPRESENTATION_CONTEXT() REPRESENTATION_CONTEXT('2D SPACE',''
  ) );
#3336 = ORIENTED_EDGE('',*,*,#3337,.F.);
#3337 = EDGE_CURVE('',#3318,#3318,#3338,.T.);
#3338 = SURFACE_CURVE('',#3339,(#3344,#3351),.PCURVE_S1.);
#3339 = CIRCLE('',#3340,2.1);
#3340 = AXIS2_PLACEMENT_3D('',#3341,#3342,#3343);
#3341 = CARTESIAN_POINT('',(-13.,-13.,0.5));
#3342 = DIRECTION('',(0.,0.,1.));
#3343 = DIRECTION('',(1.,0.,0.));
#3344 = PCURVE('',#947,#3345);
#3345 = DEFINITIONAL_REPRESENTATION('',(#3346),#3350);
#3346 = LINE('',#3347,#3348);
#3347 = CARTESIAN_POINT('',(-0.,-0.5));
#3348 = VECTOR('',#3349,1.);
#3349 = DIRECTION('',(-1.,-0.));
#3350 = ( GEOMETRIC_REPRESENTATION_CONTEXT(2) 
PARAMETRIC_REPRESENTATION_CONTEXT() REPRESENTATION_CONTEXT('2D SPACE',''
  ) );
#3351 = PCURVE('',#3352,#3357);
#3352 = CYLINDRICAL_SURFACE('',#3353,2.1);
#3353 = AXIS2_PLACEMENT_3D('',#3354,#3355,#3356);
#3354 = CARTESIAN_POINT('',(-13.,-13.,0.));
#3355 = DIRECTION('',(-0.,-0.,-1.));
#3356 = DIRECTION('',(1.,0.,0.));
#3357 = DEFINITIONAL_REPRESENTATION('',(#3358),#3362);
#3358 = LINE('',#3359,#3360);
#3359 = CARTESIAN_POINT('',(-0.,-0.5));
#3360 = VECTOR('',#3361,1.);
#3361 = DIRECTION('',(-1.,0.));
#3362 = ( GEOMETRIC_REPRESENTATION_CONTEXT(2) 
PARAMETRIC_REPRESENTATION_CONTEXT() REPRESENTATION_CONTEXT('2D SPACE',''
  ) );
#3363 = ORIENTED_EDGE('',*,*,#3317,.F.);
#3364 = ADVANCED_FACE('',(#3365),#978,.F.);
#3365 = FACE_BOUND('',#3366,.F.);
#3366 = EDGE_LOOP('',(#3367,#3368,#3388,#3415));
#3367 = ORIENTED_EDGE('',*,*,#961,.T.);
#3368 = ORIENTED_EDGE('',*,*,#3369,.T.);
#3369 = EDGE_CURVE('',#962,#3370,#3372,.T.);
#3370 = VERTEX_POINT('',#3371);
#3371 = CARTESIAN_POINT('',(15.1,-13.,0.5));
#3372 = SEAM_CURVE('',#3373,(#3376,#3382),.PCURVE_S1.);
#3373 = B_SPLINE_CURVE_WITH_KNOTS('',1,(#3374,#3375),.UNSPECIFIED.,.F.,
  .F.,(2,2),(0.,1.),.PIECEWISE_BEZIER_KNOTS.);
#3374 = CARTESIAN_POINT('',(15.35,-13.,0.));
#3375 = CARTESIAN_POINT('',(15.1,-13.,0.5));
#3376 = PCURVE('',#978,#3377);
#3377 = DEFINITIONAL_REPRESENTATION('',(#3378),#3381);
#3378 = B_SPLINE_CURVE_WITH_KNOTS('',1,(#3379,#3380),.UNSPECIFIED.,.F.,
  .F.,(2,2),(0.,1.),.PIECEWISE_BEZIER_KNOTS.);
#3379 = CARTESIAN_POINT('',(-6.28318530718,0.));
#3380 = CARTESIAN_POINT('',(-6.28318530718,-0.5));
#3381 = ( GEOMETRIC_REPRESENTATION_CONTEXT(2) 
PARAMETRIC_REPRESENTATION_CONTEXT() REPRESENTATION_CONTEXT('2D SPACE',''
  ) );
#3382 = PCURVE('',#978,#3383);
#3383 = DEFINITIONAL_REPRESENTATION('',(#3384),#3387);
#3384 = B_SPLINE_CURVE_WITH_KNOTS('',1,(#3385,#3386),.UNSPECIFIED.,.F.,
  .F.,(2,2),(0.,1.),.PIECEWISE_BEZIER_KNOTS.);
#3385 = CARTESIAN_POINT('',(0.,0.));
#3386 = CARTESIAN_POINT('',(0.,-0.5));
#3387 = ( GEOMETRIC_REPRESENTATION_CONTEXT(2) 
PARAMETRIC_REPRESENTATION_CONTEXT() REPRESENTATION_CONTEXT('2D SPACE',''
  ) );
#3388 = ORIENTED_EDGE('',*,*,#3389,.F.);
#3389 = EDGE_CURVE('',#3370,#3370,#3390,.T.);
#3390 = SURFACE_CURVE('',#3391,(#3396,#3403),.PCURVE_S1.);
#3391 = CIRCLE('',#3392,2.1);
#3392 = AXIS2_PLACEMENT_3D('',#3393,#3394,#3395);
#3393 = CARTESIAN_POINT('',(13.,-13.,0.5));
#3394 = DIRECTION('',(0.,0.,1.));
#3395 = DIRECTION('',(1.,0.,0.));
#3396 = PCURVE('',#978,#3397);
#3397 = DEFINITIONAL_REPRESENTATION('',(#3398),#3402);
#3398 = LINE('',#3399,#3400);
#3399 = CARTESIAN_POINT('',(-0.,-0.5));
#3400 = VECTOR('',#3401,1.);
#3401 = DIRECTION('',(-1.,-0.));
#3402 = ( GEOMETRIC_REPRESENTATION_CONTEXT(2) 
PARAMETRIC_REPRESENTATION_CONTEXT() REPRESENTATION_CONTEXT('2D SPACE',''
  ) );
#3403 = PCURVE('',#3404,#3409);
#3404 = CYLINDRICAL_SURFACE('',#3405,2.1);
#3405 = AXIS2_PLACEMENT_3D('',#3406,#3407,#3408);
#3406 = CARTESIAN_POINT('',(13.,-13.,0.));
#3407 = DIRECTION('',(-0.,-0.,-1.));
#3408 = DIRECTION('',(1.,0.,0.));
#3409 = DEFINITIONAL_REPRESENTATION('',(#3410),#3414);
#3410 = LINE('',#3411,#3412);
#3411 = CARTESIAN_POINT('',(-0.,-0.5));
#3412 = VECTOR('',#3413,1.);
#3413 = DIRECTION('',(-1.,0.));
#3414 = ( GEOMETRIC_REPRESENTATION_CONTEXT(2) 
PARAMETRIC_REPRESENTATION_CONTEXT() REPRESENTATION_CONTEXT('2D SPACE',''
  ) );
#3415 = ORIENTED_EDGE('',*,*,#3369,.F.);
#3416 = ADVANCED_FACE('',(#3417),#1009,.F.);
#3417 = FACE_BOUND('',#3418,.F.);
#3418 = EDGE_LOOP('',(#3419,#3420,#3440,#3467));
#3419 = ORIENTED_EDGE('',*,*,#992,.T.);
#3420 = ORIENTED_EDGE('',*,*,#3421,.T.);
#3421 = EDGE_CURVE('',#993,#3422,#3424,.T.);
#3422 = VERTEX_POINT('',#3423);
#3423 = CARTESIAN_POINT('',(-10.9,13.,0.5));
#3424 = SEAM_CURVE('',#3425,(#3428,#3434),.PCURVE_S1.);
#3425 = B_SPLINE_CURVE_WITH_KNOTS('',1,(#3426,#3427),.UNSPECIFIED.,.F.,
  .F.,(2,2),(0.,1.),.PIECEWISE_BEZIER_KNOTS.);
#3426 = CARTESIAN_POINT('',(-10.65,13.,0.));
#3427 = CARTESIAN_POINT('',(-10.9,13.,0.5));
#3428 = PCURVE('',#1009,#3429);
#3429 = DEFINITIONAL_REPRESENTATION('',(#3430),#3433);
#3430 = B_SPLINE_CURVE_WITH_KNOTS('',1,(#3431,#3432),.UNSPECIFIED.,.F.,
  .F.,(2,2),(0.,1.),.PIECEWISE_BEZIER_KNOTS.);
#3431 = CARTESIAN_POINT('',(-6.28318530718,0.));
#3432 = CARTESIAN_POINT('',(-6.28318530718,-0.5));
#3433 = ( GEOMETRIC_REPRESENTATION_CONTEXT(2) 
PARAMETRIC_REPRESENTATION_CONTEXT() REPRESENTATION_CONTEXT('2D SPACE',''
  ) );
#3434 = PCURVE('',#1009,#3435);
#3435 = DEFINITIONAL_REPRESENTATION('',(#3436),#3439);
#3436 = B_SPLINE_CURVE_WITH_KNOTS('',1,(#3437,#3438),.UNSPECIFIED.,.F.,
  .F.,(2,2),(0.,1.),.PIECEWISE_BEZIER_KNOTS.);
#3437 = CARTESIAN_POINT('',(0.,0.));
#3438 = CARTESIAN_POINT('',(0.,-0.5));
#3439 = ( GEOMETRIC_REPRESENTATION_CONTEXT(2) 
PARAMETRIC_REPRESENTATION_CONTEXT() REPRESENTATION_CONTEXT('2D SPACE',''
  ) );
#3440 = ORIENTED_EDGE('',*,*,#3441,.F.);
#3441 = EDGE_CURVE('',#3422,#3422,#3442,.T.);
#3442 = SURFACE_CURVE('',#3443,(#3448,#3455),.PCURVE_S1.);
#3443 = CIRCLE('',#3444,2.1);
#3444 = AXIS2_PLACEMENT_3D('',#3445,#3446,#3447);
#3445 = CARTESIAN_POINT('',(-13.,13.,0.5));
#3446 = DIRECTION('',(0.,0.,1.));
#3447 = DIRECTION('',(1.,0.,0.));
#3448 = PCURVE('',#1009,#3449);
#3449 = DEFINITIONAL_REPRESENTATION('',(#3450),#3454);
#3450 = LINE('',#3451,#3452);
#3451 = CARTESIAN_POINT('',(-0.,-0.5));
#3452 = VECTOR('',#3453,1.);
#3453 = DIRECTION('',(-1.,-0.));
#3454 = ( GEOMETRIC_REPRESENTATION_CONTEXT(2) 
PARAMETRIC_REPRESENTATION_CONTEXT() REPRESENTATION_CONTEXT('2D SPACE',''
  ) );
#3455 = PCURVE('',#3456,#3461);
#3456 = CYLINDRICAL_SURFACE('',#3457,2.1);
#3457 = AXIS2_PLACEMENT_3D('',#3458,#3459,#3460);
#3458 = CARTESIAN_POINT('',(-13.,13.,0.));
#3459 = DIRECTION('',(-0.,-0.,-1.));
#3460 = DIRECTION('',(1.,0.,0.));
#3461 = DEFINITIONAL_REPRESENTATION('',(#3462),#3466);
#3462 = LINE('',#3463,#3464);
#3463 = CARTESIAN_POINT('',(-0.,-0.5));
#3464 = VECTOR('',#3465,1.);
#3465 = DIRECTION('',(-1.,0.));
#3466 = ( GEOMETRIC_REPRESENTATION_CONTEXT(2) 
PARAMETRIC_REPRESENTATION_CONTEXT() REPRESENTATION_CONTEXT('2D SPACE',''
  ) );
#3467 = ORIENTED_EDGE('',*,*,#3421,.F.);
#3468 = ADVANCED_FACE('',(#3469),#1040,.F.);
#3469 = FACE_BOUND('',#3470,.F.);
#3470 = EDGE_LOOP('',(#3471,#3472,#3492,#3519));
#3471 = ORIENTED_EDGE('',*,*,#1023,.T.);
#3472 = ORIENTED_EDGE('',*,*,#3473,.T.);
#3473 = EDGE_CURVE('',#1024,#3474,#3476,.T.);
#3474 = VERTEX_POINT('',#3475);
#3475 = CARTESIAN_POINT('',(15.1,13.,0.5));
#3476 = SEAM_CURVE('',#3477,(#3480,#3486),.PCURVE_S1.);
#3477 = B_SPLINE_CURVE_WITH_KNOTS('',1,(#3478,#3479),.UNSPECIFIED.,.F.,
  .F.,(2,2),(0.,1.),.PIECEWISE_BEZIER_KNOTS.);
#3478 = CARTESIAN_POINT('',(15.35,13.,0.));
#3479 = CARTESIAN_POINT('',(15.1,13.,0.5));
#3480 = PCURVE('',#1040,#3481);
#3481 = DEFINITIONAL_REPRESENTATION('',(#3482),#3485);
#3482 = B_SPLINE_CURVE_WITH_KNOTS('',1,(#3483,#3484),.UNSPECIFIED.,.F.,
  .F.,(2,2),(0.,1.),.PIECEWISE_BEZIER_KNOTS.);
#3483 = CARTESIAN_POINT('',(-6.28318530718,0.));
#3484 = CARTESIAN_POINT('',(-6.28318530718,-0.5));
#3485 = ( GEOMETRIC_REPRESENTATION_CONTEXT(2) 
PARAMETRIC_REPRESENTATION_CONTEXT() REPRESENTATION_CONTEXT('2D SPACE',''
  ) );
#3486 = PCURVE('',#1040,#3487);
#3487 = DEFINITIONAL_REPRESENTATION('',(#3488),#3491);
#3488 = B_SPLINE_CURVE_WITH_KNOTS('',1,(#3489,#3490),.UNSPECIFIED.,.F.,
  .F.,(2,2),(0.,1.),.PIECEWISE_BEZIER_KNOTS.);
#3489 = CARTESIAN_POINT('',(0.,0.));
#3490 = CARTESIAN_POINT('',(0.,-0.5));
#3491 = ( GEOMETRIC_REPRESENTATION_CONTEXT(2) 
PARAMETRIC_REPRESENTATION_CONTEXT() REPRESENTATION_CONTEXT('2D SPACE',''
  ) );
#3492 = ORIENTED_EDGE('',*,*,#3493,.F.);
#3493 = EDGE_CURVE('',#3474,#3474,#3494,.T.);
#3494 = SURFACE_CURVE('',#3495,(#3500,#3507),.PCURVE_S1.);
#3495 = CIRCLE('',#3496,2.1);
#3496 = AXIS2_PLACEMENT_3D('',#3497,#3498,#3499);
#3497 = CARTESIAN_POINT('',(13.,13.,0.5));
#3498 = DIRECTION('',(0.,0.,1.));
#3499 = DIRECTION('',(1.,0.,0.));
#3500 = PCURVE('',#1040,#3501);
#3501 = DEFINITIONAL_REPRESENTATION('',(#3502),#3506);
#3502 = LINE('',#3503,#3504);
#3503 = CARTESIAN_POINT('',(-0.,-0.5));
#3504 = VECTOR('',#3505,1.);
#3505 = DIRECTION('',(-1.,-0.));
#3506 = ( GEOMETRIC_REPRESENTATION_CONTEXT(2) 
PARAMETRIC_REPRESENTATION_CONTEXT() REPRESENTATION_CONTEXT('2D SPACE',''
  ) );
#3507 = PCURVE('',#3508,#3513);
#3508 = CYLINDRICAL_SURFACE('',#3509,2.1);
#3509 = AXIS2_PLACEMENT_3D('',#3510,#3511,#3512);
#3510 = CARTESIAN_POINT('',(13.,13.,0.));
#3511 = DIRECTION('',(-0.,-0.,-1.));
#3512 = DIRECTION('',(1.,0.,0.));
#3513 = DEFINITIONAL_REPRESENTATION('',(#3514),#3518);
#3514 = LINE('',#3515,#3516);
#3515 = CARTESIAN_POINT('',(-0.,-0.5));
#3516 = VECTOR('',#3517,1.);
#3517 = DIRECTION('',(-1.,0.));
#3518 = ( GEOMETRIC_REPRESENTATION_CONTEXT(2) 
PARAMETRIC_REPRESENTATION_CONTEXT() REPRESENTATION_CONTEXT('2D SPACE',''
  ) );
#3519 = ORIENTED_EDGE('',*,*,#3473,.F.);
#3520 = ADVANCED_FACE('',(#3521,#3722,#3757),#1074,.F.);
#3521 = FACE_BOUND('',#3522,.F.);
#3522 = EDGE_LOOP('',(#3523,#3524,#3525,#3548,#3571,#3592,#3593,#3594,
    #3617,#3645,#3673,#3701));
#3523 = ORIENTED_EDGE('',*,*,#1262,.F.);
#3524 = ORIENTED_EDGE('',*,*,#1058,.T.);
#3525 = ORIENTED_EDGE('',*,*,#3526,.F.);
#3526 = EDGE_CURVE('',#3527,#1059,#3529,.T.);
#3527 = VERTEX_POINT('',#3528);
#3528 = CARTESIAN_POINT('',(-3.,58.,8.));
#3529 = SURFACE_CURVE('',#3530,(#3534,#3541),.PCURVE_S1.);
#3530 = LINE('',#3531,#3532);
#3531 = CARTESIAN_POINT('',(-3.,58.,8.));
#3532 = VECTOR('',#3533,1.);
#3533 = DIRECTION('',(0.,-1.,0.));
#3534 = PCURVE('',#1074,#3535);
#3535 = DEFINITIONAL_REPRESENTATION('',(#3536),#3540);
#3536 = LINE('',#3537,#3538);
#3537 = CARTESIAN_POINT('',(5.,42.));
#3538 = VECTOR('',#3539,1.);
#3539 = DIRECTION('',(0.,-1.));
#3540 = ( GEOMETRIC_REPRESENTATION_CONTEXT(2) 
PARAMETRIC_REPRESENTATION_CONTEXT() REPRESENTATION_CONTEXT('2D SPACE',''
  ) );
#3541 = PCURVE('',#1101,#3542);
#3542 = DEFINITIONAL_REPRESENTATION('',(#3543),#3547);
#3543 = LINE('',#3544,#3545);
#3544 = CARTESIAN_POINT('',(2.198039027186,-21.80196097281));
#3545 = VECTOR('',#3546,1.);
#3546 = DIRECTION('',(0.,1.));
#3547 = ( GEOMETRIC_REPRESENTATION_CONTEXT(2) 
PARAMETRIC_REPRESENTATION_CONTEXT() REPRESENTATION_CONTEXT('2D SPACE',''
  ) );
#3548 = ORIENTED_EDGE('',*,*,#3549,.T.);
#3549 = EDGE_CURVE('',#3527,#3550,#3552,.T.);
#3550 = VERTEX_POINT('',#3551);
#3551 = CARTESIAN_POINT('',(3.,58.,8.));
#3552 = SURFACE_CURVE('',#3553,(#3557,#3564),.PCURVE_S1.);
#3553 = LINE('',#3554,#3555);
#3554 = CARTESIAN_POINT('',(-3.,58.,8.));
#3555 = VECTOR('',#3556,1.);
#3556 = DIRECTION('',(1.,0.,0.));
#3557 = PCURVE('',#1074,#3558);
#3558 = DEFINITIONAL_REPRESENTATION('',(#3559),#3563);
#3559 = LINE('',#3560,#3561);
#3560 = CARTESIAN_POINT('',(5.,42.));
#3561 = VECTOR('',#3562,1.);
#3562 = DIRECTION('',(1.,0.));
#3563 = ( GEOMETRIC_REPRESENTATION_CONTEXT(2) 
PARAMETRIC_REPRESENTATION_CONTEXT() REPRESENTATION_CONTEXT('2D SPACE',''
  ) );
#3564 = PCURVE('',#1127,#3565);
#3565 = DEFINITIONAL_REPRESENTATION('',(#3566),#3570);
#3566 = LINE('',#3567,#3568);
#3567 = CARTESIAN_POINT('',(40.792156108742,0.));
#3568 = VECTOR('',#3569,1.);
#3569 = DIRECTION('',(0.,-1.));
#3570 = ( GEOMETRIC_REPRESENTATION_CONTEXT(2) 
PARAMETRIC_REPRESENTATION_CONTEXT() REPRESENTATION_CONTEXT('2D SPACE',''
  ) );
#3571 = ORIENTED_EDGE('',*,*,#3572,.T.);
#3572 = EDGE_CURVE('',#3550,#1139,#3573,.T.);
#3573 = SURFACE_CURVE('',#3574,(#3578,#3585),.PCURVE_S1.);
#3574 = LINE('',#3575,#3576);
#3575 = CARTESIAN_POINT('',(3.,58.,8.));
#3576 = VECTOR('',#3577,1.);
#3577 = DIRECTION('',(0.,-1.,0.));
#3578 = PCURVE('',#1074,#3579);
#3579 = DEFINITIONAL_REPRESENTATION('',(#3580),#3584);
#3580 = LINE('',#3581,#3582);
#3581 = CARTESIAN_POINT('',(11.,42.));
#3582 = VECTOR('',#3583,1.);
#3583 = DIRECTION('',(0.,-1.));
#3584 = ( GEOMETRIC_REPRESENTATION_CONTEXT(2) 
PARAMETRIC_REPRESENTATION_CONTEXT() REPRESENTATION_CONTEXT('2D SPACE',''
  ) );
#3585 = PCURVE('',#1153,#3586);
#3586 = DEFINITIONAL_REPRESENTATION('',(#3587),#3591);
#3587 = LINE('',#3588,#3589);
#3588 = CARTESIAN_POINT('',(2.198039027186,-21.80196097281));
#3589 = VECTOR('',#3590,1.);
#3590 = DIRECTION('',(0.,1.));
#3591 = ( GEOMETRIC_REPRESENTATION_CONTEXT(2) 
PARAMETRIC_REPRESENTATION_CONTEXT() REPRESENTATION_CONTEXT('2D SPACE',''
  ) );
#3592 = ORIENTED_EDGE('',*,*,#1164,.T.);
#3593 = ORIENTED_EDGE('',*,*,#1386,.T.);
#3594 = ORIENTED_EDGE('',*,*,#3595,.T.);
#3595 = EDGE_CURVE('',#1387,#3596,#3598,.T.);
#3596 = VERTEX_POINT('',#3597);
#3597 = CARTESIAN_POINT('',(28.5,61.,8.));
#3598 = SURFACE_CURVE('',#3599,(#3603,#3610),.PCURVE_S1.);
#3599 = LINE('',#3600,#3601);
#3600 = CARTESIAN_POINT('',(-28.5,61.,8.));
#3601 = VECTOR('',#3602,1.);
#3602 = DIRECTION('',(1.,0.,0.));
#3603 = PCURVE('',#1074,#3604);
#3604 = DEFINITIONAL_REPRESENTATION('',(#3605),#3609);
#3605 = LINE('',#3606,#3607);
#3606 = CARTESIAN_POINT('',(-20.5,45.));
#3607 = VECTOR('',#3608,1.);
#3608 = DIRECTION('',(1.,0.));
#3609 = ( GEOMETRIC_REPRESENTATION_CONTEXT(2) 
PARAMETRIC_REPRESENTATION_CONTEXT() REPRESENTATION_CONTEXT('2D SPACE',''
  ) );
#3610 = PCURVE('',#1422,#3611);
#3611 = DEFINITIONAL_REPRESENTATION('',(#3612),#3616);
#3612 = LINE('',#3613,#3614);
#3613 = CARTESIAN_POINT('',(0.,0.));
#3614 = VECTOR('',#3615,1.);
#3615 = DIRECTION('',(0.,1.));
#3616 = ( GEOMETRIC_REPRESENTATION_CONTEXT(2) 
PARAMETRIC_REPRESENTATION_CONTEXT() REPRESENTATION_CONTEXT('2D SPACE',''
  ) );
#3617 = ORIENTED_EDGE('',*,*,#3618,.T.);
#3618 = EDGE_CURVE('',#3596,#3619,#3621,.T.);
#3619 = VERTEX_POINT('',#3620);
#3620 = CARTESIAN_POINT('',(28.5,79.,8.));
#3621 = SURFACE_CURVE('',#3622,(#3626,#3633),.PCURVE_S1.);
#3622 = LINE('',#3623,#3624);
#3623 = CARTESIAN_POINT('',(28.5,61.,8.));
#3624 = VECTOR('',#3625,1.);
#3625 = DIRECTION('',(0.,1.,0.));
#3626 = PCURVE('',#1074,#3627);
#3627 = DEFINITIONAL_REPRESENTATION('',(#3628),#3632);
#3628 = LINE('',#3629,#3630);
#3629 = CARTESIAN_POINT('',(36.5,45.));
#3630 = VECTOR('',#3631,1.);
#3631 = DIRECTION('',(0.,1.));
#3632 = ( GEOMETRIC_REPRESENTATION_CONTEXT(2) 
PARAMETRIC_REPRESENTATION_CONTEXT() REPRESENTATION_CONTEXT('2D SPACE',''
  ) );
#3633 = PCURVE('',#3634,#3639);
#3634 = PLANE('',#3635);
#3635 = AXIS2_PLACEMENT_3D('',#3636,#3637,#3638);
#3636 = CARTESIAN_POINT('',(28.5,61.,8.));
#3637 = DIRECTION('',(1.,0.,0.));
#3638 = DIRECTION('',(0.,0.,1.));
#3639 = DEFINITIONAL_REPRESENTATION('',(#3640),#3644);
#3640 = LINE('',#3641,#3642);
#3641 = CARTESIAN_POINT('',(0.,0.));
#3642 = VECTOR('',#3643,1.);
#3643 = DIRECTION('',(0.,-1.));
#3644 = ( GEOMETRIC_REPRESENTATION_CONTEXT(2) 
PARAMETRIC_REPRESENTATION_CONTEXT() REPRESENTATION_CONTEXT('2D SPACE',''
  ) );
#3645 = ORIENTED_EDGE('',*,*,#3646,.F.);
#3646 = EDGE_CURVE('',#3647,#3619,#3649,.T.);
#3647 = VERTEX_POINT('',#3648);
#3648 = CARTESIAN_POINT('',(-28.5,79.,8.));
#3649 = SURFACE_CURVE('',#3650,(#3654,#3661),.PCURVE_S1.);
#3650 = LINE('',#3651,#3652);
#3651 = CARTESIAN_POINT('',(-28.5,79.,8.));
#3652 = VECTOR('',#3653,1.);
#3653 = DIRECTION('',(1.,0.,0.));
#3654 = PCURVE('',#1074,#3655);
#3655 = DEFINITIONAL_REPRESENTATION('',(#3656),#3660);
#3656 = LINE('',#3657,#3658);
#3657 = CARTESIAN_POINT('',(-20.5,63.));
#3658 = VECTOR('',#3659,1.);
#3659 = DIRECTION('',(1.,0.));
#3660 = ( GEOMETRIC_REPRESENTATION_CONTEXT(2) 
PARAMETRIC_REPRESENTATION_CONTEXT() REPRESENTATION_CONTEXT('2D SPACE',''
  ) );
#3661 = PCURVE('',#3662,#3667);
#3662 = PLANE('',#3663);
#3663 = AXIS2_PLACEMENT_3D('',#3664,#3665,#3666);
#3664 = CARTESIAN_POINT('',(-28.5,79.,8.));
#3665 = DIRECTION('',(0.,1.,0.));
#3666 = DIRECTION('',(0.,0.,1.));
#3667 = DEFINITIONAL_REPRESENTATION('',(#3668),#3672);
#3668 = LINE('',#3669,#3670);
#3669 = CARTESIAN_POINT('',(0.,0.));
#3670 = VECTOR('',#3671,1.);
#3671 = DIRECTION('',(0.,1.));
#3672 = ( GEOMETRIC_REPRESENTATION_CONTEXT(2) 
PARAMETRIC_REPRESENTATION_CONTEXT() REPRESENTATION_CONTEXT('2D SPACE',''
  ) );
#3673 = ORIENTED_EDGE('',*,*,#3674,.F.);
#3674 = EDGE_CURVE('',#3675,#3647,#3677,.T.);
#3675 = VERTEX_POINT('',#3676);
#3676 = CARTESIAN_POINT('',(-28.5,61.,8.));
#3677 = SURFACE_CURVE('',#3678,(#3682,#3689),.PCURVE_S1.);
#3678 = LINE('',#3679,#3680);
#3679 = CARTESIAN_POINT('',(-28.5,61.,8.));
#3680 = VECTOR('',#3681,1.);
#3681 = DIRECTION('',(0.,1.,0.));
#3682 = PCURVE('',#1074,#3683);
#3683 = DEFINITIONAL_REPRESENTATION('',(#3684),#3688);
#3684 = LINE('',#3685,#3686);
#3685 = CARTESIAN_POINT('',(-20.5,45.));
#3686 = VECTOR('',#3687,1.);
#3687 = DIRECTION('',(0.,1.));
#3688 = ( GEOMETRIC_REPRESENTATION_CONTEXT(2) 
PARAMETRIC_REPRESENTATION_CONTEXT() REPRESENTATION_CONTEXT('2D SPACE',''
  ) );
#3689 = PCURVE('',#3690,#3695);
#3690 = PLANE('',#3691);
#3691 = AXIS2_PLACEMENT_3D('',#3692,#3693,#3694);
#3692 = CARTESIAN_POINT('',(-28.5,61.,8.));
#3693 = DIRECTION('',(1.,0.,0.));
#3694 = DIRECTION('',(0.,0.,1.));
#3695 = DEFINITIONAL_REPRESENTATION('',(#3696),#3700);
#3696 = LINE('',#3697,#3698);
#3697 = CARTESIAN_POINT('',(0.,0.));
#3698 = VECTOR('',#3699,1.);
#3699 = DIRECTION('',(0.,-1.));
#3700 = ( GEOMETRIC_REPRESENTATION_CONTEXT(2) 
PARAMETRIC_REPRESENTATION_CONTEXT() REPRESENTATION_CONTEXT('2D SPACE',''
  ) );
#3701 = ORIENTED_EDGE('',*,*,#3702,.T.);
#3702 = EDGE_CURVE('',#3675,#1263,#3703,.T.);
#3703 = SURFACE_CURVE('',#3704,(#3708,#3715),.PCURVE_S1.);
#3704 = LINE('',#3705,#3706);
#3705 = CARTESIAN_POINT('',(-28.5,61.,8.));
#3706 = VECTOR('',#3707,1.);
#3707 = DIRECTION('',(1.,0.,0.));
#3708 = PCURVE('',#1074,#3709);
#3709 = DEFINITIONAL_REPRESENTATION('',(#3710),#3714);
#3710 = LINE('',#3711,#3712);
#3711 = CARTESIAN_POINT('',(-20.5,45.));
#3712 = VECTOR('',#3713,1.);
#3713 = DIRECTION('',(1.,0.));
#3714 = ( GEOMETRIC_REPRESENTATION_CONTEXT(2) 
PARAMETRIC_REPRESENTATION_CONTEXT() REPRESENTATION_CONTEXT('2D SPACE',''
  ) );
#3715 = PCURVE('',#1298,#3716);
#3716 = DEFINITIONAL_REPRESENTATION('',(#3717),#3721);
#3717 = LINE('',#3718,#3719);
#3718 = CARTESIAN_POINT('',(0.,0.));
#3719 = VECTOR('',#3720,1.);
#3720 = DIRECTION('',(0.,1.));
#3721 = ( GEOMETRIC_REPRESENTATION_CONTEXT(2) 
PARAMETRIC_REPRESENTATION_CONTEXT() REPRESENTATION_CONTEXT('2D SPACE',''
  ) );
#3722 = FACE_BOUND('',#3723,.F.);
#3723 = EDGE_LOOP('',(#3724));
#3724 = ORIENTED_EDGE('',*,*,#3725,.T.);
#3725 = EDGE_CURVE('',#3726,#3726,#3728,.T.);
#3726 = VERTEX_POINT('',#3727);
#3727 = CARTESIAN_POINT('',(-20.9,70.,8.));
#3728 = SURFACE_CURVE('',#3729,(#3734,#3745),.PCURVE_S1.);
#3729 = CIRCLE('',#3730,1.6);
#3730 = AXIS2_PLACEMENT_3D('',#3731,#3732,#3733);
#3731 = CARTESIAN_POINT('',(-22.5,70.,8.));
#3732 = DIRECTION('',(0.,0.,-1.));
#3733 = DIRECTION('',(1.,0.,0.));
#3734 = PCURVE('',#1074,#3735);
#3735 = DEFINITIONAL_REPRESENTATION('',(#3736),#3744);
#3736 = ( BOUNDED_CURVE() B_SPLINE_CURVE(2,(#3737,#3738,#3739,#3740,
#3741,#3742,#3743),.UNSPECIFIED.,.T.,.F.) B_SPLINE_CURVE_WITH_KNOTS((1,2
    ,2,2,2,1),(-2.094395102393,0.,2.094395102393,4.188790204786,
6.28318530718,8.377580409573),.UNSPECIFIED.) CURVE() 
GEOMETRIC_REPRESENTATION_ITEM() RATIONAL_B_SPLINE_CURVE((1.,0.5,1.,0.5,
1.,0.5,1.)) REPRESENTATION_ITEM('') );
#3737 = CARTESIAN_POINT('',(-12.9,54.));
#3738 = CARTESIAN_POINT('',(-12.9,51.22871870789));
#3739 = CARTESIAN_POINT('',(-15.3,52.614359353945));
#3740 = CARTESIAN_POINT('',(-17.7,54.));
#3741 = CARTESIAN_POINT('',(-15.3,55.385640646055));
#3742 = CARTESIAN_POINT('',(-12.9,56.77128129211));
#3743 = CARTESIAN_POINT('',(-12.9,54.));
#3744 = ( GEOMETRIC_REPRESENTATION_CONTEXT(2) 
PARAMETRIC_REPRESENTATION_CONTEXT() REPRESENTATION_CONTEXT('2D SPACE',''
  ) );
#3745 = PCURVE('',#3746,#3751);
#3746 = CYLINDRICAL_SURFACE('',#3747,1.6);
#3747 = AXIS2_PLACEMENT_3D('',#3748,#3749,#3750);
#3748 = CARTESIAN_POINT('',(-22.5,70.,7.));
#3749 = DIRECTION('',(-0.,-0.,-1.));
#3750 = DIRECTION('',(1.,0.,0.));
#3751 = DEFINITIONAL_REPRESENTATION('',(#3752),#3756);
#3752 = LINE('',#3753,#3754);
#3753 = CARTESIAN_POINT('',(-6.28318530718,-1.));
#3754 = VECTOR('',#3755,1.);
#3755 = DIRECTION('',(1.,-0.));
#3756 = ( GEOMETRIC_REPRESENTATION_CONTEXT(2) 
PARAMETRIC_REPRESENTATION_CONTEXT() REPRESENTATION_CONTEXT('2D SPACE',''
  ) );
#3757 = FACE_BOUND('',#3758,.F.);
#3758 = EDGE_LOOP('',(#3759));
#3759 = ORIENTED_EDGE('',*,*,#3760,.T.);
#3760 = EDGE_CURVE('',#3761,#3761,#3763,.T.);
#3761 = VERTEX_POINT('',#3762);
#3762 = CARTESIAN_POINT('',(24.1,70.,8.));
#3763 = SURFACE_CURVE('',#3764,(#3769,#3780),.PCURVE_S1.);
#3764 = CIRCLE('',#3765,1.6);
#3765 = AXIS2_PLACEMENT_3D('',#3766,#3767,#3768);
#3766 = CARTESIAN_POINT('',(22.5,70.,8.));
#3767 = DIRECTION('',(0.,0.,-1.));
#3768 = DIRECTION('',(1.,0.,0.));
#3769 = PCURVE('',#1074,#3770);
#3770 = DEFINITIONAL_REPRESENTATION('',(#3771),#3779);
#3771 = ( BOUNDED_CURVE() B_SPLINE_CURVE(2,(#3772,#3773,#3774,#3775,
#3776,#3777,#3778),.UNSPECIFIED.,.T.,.F.) B_SPLINE_CURVE_WITH_KNOTS((1,2
    ,2,2,2,1),(-2.094395102393,0.,2.094395102393,4.188790204786,
6.28318530718,8.377580409573),.UNSPECIFIED.) CURVE() 
GEOMETRIC_REPRESENTATION_ITEM() RATIONAL_B_SPLINE_CURVE((1.,0.5,1.,0.5,
1.,0.5,1.)) REPRESENTATION_ITEM('') );
#3772 = CARTESIAN_POINT('',(32.1,54.));
#3773 = CARTESIAN_POINT('',(32.1,51.22871870789));
#3774 = CARTESIAN_POINT('',(29.7,52.614359353945));
#3775 = CARTESIAN_POINT('',(27.3,54.));
#3776 = CARTESIAN_POINT('',(29.7,55.385640646055));
#3777 = CARTESIAN_POINT('',(32.1,56.77128129211));
#3778 = CARTESIAN_POINT('',(32.1,54.));
#3779 = ( GEOMETRIC_REPRESENTATION_CONTEXT(2) 
PARAMETRIC_REPRESENTATION_CONTEXT() REPRESENTATION_CONTEXT('2D SPACE',''
  ) );
#3780 = PCURVE('',#3781,#3786);
#3781 = CYLINDRICAL_SURFACE('',#3782,1.6);
#3782 = AXIS2_PLACEMENT_3D('',#3783,#3784,#3785);
#3783 = CARTESIAN_POINT('',(22.5,70.,7.));
#3784 = DIRECTION('',(-0.,-0.,-1.));
#3785 = DIRECTION('',(1.,0.,0.));
#3786 = DEFINITIONAL_REPRESENTATION('',(#3787),#3791);
#3787 = LINE('',#3788,#3789);
#3788 = CARTESIAN_POINT('',(-6.28318530718,-1.));
#3789 = VECTOR('',#3790,1.);
#3790 = DIRECTION('',(1.,-0.));
#3791 = ( GEOMETRIC_REPRESENTATION_CONTEXT(2) 
PARAMETRIC_REPRESENTATION_CONTEXT() REPRESENTATION_CONTEXT('2D SPACE',''
  ) );
#3792 = ADVANCED_FACE('',(#3793),#1153,.T.);
#3793 = FACE_BOUND('',#3794,.T.);
#3794 = EDGE_LOOP('',(#3795,#3796,#3817));
#3795 = ORIENTED_EDGE('',*,*,#1138,.T.);
#3796 = ORIENTED_EDGE('',*,*,#3797,.T.);
#3797 = EDGE_CURVE('',#1113,#3550,#3798,.T.);
#3798 = SURFACE_CURVE('',#3799,(#3803,#3810),.PCURVE_S1.);
#3799 = LINE('',#3800,#3801);
#3800 = CARTESIAN_POINT('',(3.,18.,0.));
#3801 = VECTOR('',#3802,1.);
#3802 = DIRECTION('',(0.,0.980580675691,0.196116135138));
#3803 = PCURVE('',#1153,#3804);
#3804 = DEFINITIONAL_REPRESENTATION('',(#3805),#3809);
#3805 = LINE('',#3806,#3807);
#3806 = CARTESIAN_POINT('',(-5.801960972814,18.198039027186));
#3807 = VECTOR('',#3808,1.);
#3808 = DIRECTION('',(0.196116135138,-0.980580675691));
#3809 = ( GEOMETRIC_REPRESENTATION_CONTEXT(2) 
PARAMETRIC_REPRESENTATION_CONTEXT() REPRESENTATION_CONTEXT('2D SPACE',''
  ) );
#3810 = PCURVE('',#1127,#3811);
#3811 = DEFINITIONAL_REPRESENTATION('',(#3812),#3816);
#3812 = LINE('',#3813,#3814);
#3813 = CARTESIAN_POINT('',(0.,-6.));
#3814 = VECTOR('',#3815,1.);
#3815 = DIRECTION('',(1.,0.));
#3816 = ( GEOMETRIC_REPRESENTATION_CONTEXT(2) 
PARAMETRIC_REPRESENTATION_CONTEXT() REPRESENTATION_CONTEXT('2D SPACE',''
  ) );
#3817 = ORIENTED_EDGE('',*,*,#3572,.T.);
#3818 = ADVANCED_FACE('',(#3819),#1127,.F.);
#3819 = FACE_BOUND('',#3820,.F.);
#3820 = EDGE_LOOP('',(#3821,#3842,#3843,#3844));
#3821 = ORIENTED_EDGE('',*,*,#3822,.F.);
#3822 = EDGE_CURVE('',#1087,#3527,#3823,.T.);
#3823 = SURFACE_CURVE('',#3824,(#3828,#3835),.PCURVE_S1.);
#3824 = LINE('',#3825,#3826);
#3825 = CARTESIAN_POINT('',(-3.,18.,0.));
#3826 = VECTOR('',#3827,1.);
#3827 = DIRECTION('',(0.,0.980580675691,0.196116135138));
#3828 = PCURVE('',#1127,#3829);
#3829 = DEFINITIONAL_REPRESENTATION('',(#3830),#3834);
#3830 = LINE('',#3831,#3832);
#3831 = CARTESIAN_POINT('',(0.,0.));
#3832 = VECTOR('',#3833,1.);
#3833 = DIRECTION('',(1.,0.));
#3834 = ( GEOMETRIC_REPRESENTATION_CONTEXT(2) 
PARAMETRIC_REPRESENTATION_CONTEXT() REPRESENTATION_CONTEXT('2D SPACE',''
  ) );
#3835 = PCURVE('',#1101,#3836);
#3836 = DEFINITIONAL_REPRESENTATION('',(#3837),#3841);
#3837 = LINE('',#3838,#3839);
#3838 = CARTESIAN_POINT('',(-5.801960972814,18.198039027186));
#3839 = VECTOR('',#3840,1.);
#3840 = DIRECTION('',(0.196116135138,-0.980580675691));
#3841 = ( GEOMETRIC_REPRESENTATION_CONTEXT(2) 
PARAMETRIC_REPRESENTATION_CONTEXT() REPRESENTATION_CONTEXT('2D SPACE',''
  ) );
#3842 = ORIENTED_EDGE('',*,*,#1112,.T.);
#3843 = ORIENTED_EDGE('',*,*,#3797,.T.);
#3844 = ORIENTED_EDGE('',*,*,#3549,.F.);
#3845 = ADVANCED_FACE('',(#3846),#1101,.F.);
#3846 = FACE_BOUND('',#3847,.F.);
#3847 = EDGE_LOOP('',(#3848,#3849,#3850));
#3848 = ORIENTED_EDGE('',*,*,#1086,.T.);
#3849 = ORIENTED_EDGE('',*,*,#3822,.T.);
#3850 = ORIENTED_EDGE('',*,*,#3526,.T.);
#3851 = ADVANCED_FACE('',(#3852,#3970,#4000),#1228,.T.);
#3852 = FACE_BOUND('',#3853,.T.);
#3853 = EDGE_LOOP('',(#3854,#3855,#3856,#3857,#3880,#3903,#3926,#3949));
#3854 = ORIENTED_EDGE('',*,*,#1210,.F.);
#3855 = ORIENTED_EDGE('',*,*,#1314,.T.);
#3856 = ORIENTED_EDGE('',*,*,#1361,.T.);
#3857 = ORIENTED_EDGE('',*,*,#3858,.T.);
#3858 = EDGE_CURVE('',#1362,#3859,#3861,.T.);
#3859 = VERTEX_POINT('',#3860);
#3860 = CARTESIAN_POINT('',(28.5,61.,14.));
#3861 = SURFACE_CURVE('',#3862,(#3866,#3873),.PCURVE_S1.);
#3862 = LINE('',#3863,#3864);
#3863 = CARTESIAN_POINT('',(-28.5,61.,14.));
#3864 = VECTOR('',#3865,1.);
#3865 = DIRECTION('',(1.,0.,0.));
#3866 = PCURVE('',#1228,#3867);
#3867 = DEFINITIONAL_REPRESENTATION('',(#3868),#3872);
#3868 = LINE('',#3869,#3870);
#3869 = CARTESIAN_POINT('',(-20.5,45.));
#3870 = VECTOR('',#3871,1.);
#3871 = DIRECTION('',(1.,0.));
#3872 = ( GEOMETRIC_REPRESENTATION_CONTEXT(2) 
PARAMETRIC_REPRESENTATION_CONTEXT() REPRESENTATION_CONTEXT('2D SPACE',''
  ) );
#3873 = PCURVE('',#1422,#3874);
#3874 = DEFINITIONAL_REPRESENTATION('',(#3875),#3879);
#3875 = LINE('',#3876,#3877);
#3876 = CARTESIAN_POINT('',(6.,0.));
#3877 = VECTOR('',#3878,1.);
#3878 = DIRECTION('',(0.,1.));
#3879 = ( GEOMETRIC_REPRESENTATION_CONTEXT(2) 
PARAMETRIC_REPRESENTATION_CONTEXT() REPRESENTATION_CONTEXT('2D SPACE',''
  ) );
#3880 = ORIENTED_EDGE('',*,*,#3881,.T.);
#3881 = EDGE_CURVE('',#3859,#3882,#3884,.T.);
#3882 = VERTEX_POINT('',#3883);
#3883 = CARTESIAN_POINT('',(28.5,79.,14.));
#3884 = SURFACE_CURVE('',#3885,(#3889,#3896),.PCURVE_S1.);
#3885 = LINE('',#3886,#3887);
#3886 = CARTESIAN_POINT('',(28.5,61.,14.));
#3887 = VECTOR('',#3888,1.);
#3888 = DIRECTION('',(0.,1.,0.));
#3889 = PCURVE('',#1228,#3890);
#3890 = DEFINITIONAL_REPRESENTATION('',(#3891),#3895);
#3891 = LINE('',#3892,#3893);
#3892 = CARTESIAN_POINT('',(36.5,45.));
#3893 = VECTOR('',#3894,1.);
#3894 = DIRECTION('',(0.,1.));
#3895 = ( GEOMETRIC_REPRESENTATION_CONTEXT(2) 
PARAMETRIC_REPRESENTATION_CONTEXT() REPRESENTATION_CONTEXT('2D SPACE',''
  ) );
#3896 = PCURVE('',#3634,#3897);
#3897 = DEFINITIONAL_REPRESENTATION('',(#3898),#3902);
#3898 = LINE('',#3899,#3900);
#3899 = CARTESIAN_POINT('',(6.,0.));
#3900 = VECTOR('',#3901,1.);
#3901 = DIRECTION('',(0.,-1.));
#3902 = ( GEOMETRIC_REPRESENTATION_CONTEXT(2) 
PARAMETRIC_REPRESENTATION_CONTEXT() REPRESENTATION_CONTEXT('2D SPACE',''
  ) );
#3903 = ORIENTED_EDGE('',*,*,#3904,.F.);
#3904 = EDGE_CURVE('',#3905,#3882,#3907,.T.);
#3905 = VERTEX_POINT('',#3906);
#3906 = CARTESIAN_POINT('',(-28.5,79.,14.));
#3907 = SURFACE_CURVE('',#3908,(#3912,#3919),.PCURVE_S1.);
#3908 = LINE('',#3909,#3910);
#3909 = CARTESIAN_POINT('',(-28.5,79.,14.));
#3910 = VECTOR('',#3911,1.);
#3911 = DIRECTION('',(1.,0.,0.));
#3912 = PCURVE('',#1228,#3913);
#3913 = DEFINITIONAL_REPRESENTATION('',(#3914),#3918);
#3914 = LINE('',#3915,#3916);
#3915 = CARTESIAN_POINT('',(-20.5,63.));
#3916 = VECTOR('',#3917,1.);
#3917 = DIRECTION('',(1.,0.));
#3918 = ( GEOMETRIC_REPRESENTATION_CONTEXT(2) 
PARAMETRIC_REPRESENTATION_CONTEXT() REPRESENTATION_CONTEXT('2D SPACE',''
  ) );
#3919 = PCURVE('',#3662,#3920);
#3920 = DEFINITIONAL_REPRESENTATION('',(#3921),#3925);
#3921 = LINE('',#3922,#3923);
#3922 = CARTESIAN_POINT('',(6.,0.));
#3923 = VECTOR('',#3924,1.);
#3924 = DIRECTION('',(0.,1.));
#3925 = ( GEOMETRIC_REPRESENTATION_CONTEXT(2) 
PARAMETRIC_REPRESENTATION_CONTEXT() REPRESENTATION_CONTEXT('2D SPACE',''
  ) );
#3926 = ORIENTED_EDGE('',*,*,#3927,.F.);
#3927 = EDGE_CURVE('',#3928,#3905,#3930,.T.);
#3928 = VERTEX_POINT('',#3929);
#3929 = CARTESIAN_POINT('',(-28.5,61.,14.));
#3930 = SURFACE_CURVE('',#3931,(#3935,#3942),.PCURVE_S1.);
#3931 = LINE('',#3932,#3933);
#3932 = CARTESIAN_POINT('',(-28.5,61.,14.));
#3933 = VECTOR('',#3934,1.);
#3934 = DIRECTION('',(0.,1.,0.));
#3935 = PCURVE('',#1228,#3936);
#3936 = DEFINITIONAL_REPRESENTATION('',(#3937),#3941);
#3937 = LINE('',#3938,#3939);
#3938 = CARTESIAN_POINT('',(-20.5,45.));
#3939 = VECTOR('',#3940,1.);
#3940 = DIRECTION('',(0.,1.));
#3941 = ( GEOMETRIC_REPRESENTATION_CONTEXT(2) 
PARAMETRIC_REPRESENTATION_CONTEXT() REPRESENTATION_CONTEXT('2D SPACE',''
  ) );
#3942 = PCURVE('',#3690,#3943);
#3943 = DEFINITIONAL_REPRESENTATION('',(#3944),#3948);
#3944 = LINE('',#3945,#3946);
#3945 = CARTESIAN_POINT('',(6.,0.));
#3946 = VECTOR('',#3947,1.);
#3947 = DIRECTION('',(0.,-1.));
#3948 = ( GEOMETRIC_REPRESENTATION_CONTEXT(2) 
PARAMETRIC_REPRESENTATION_CONTEXT() REPRESENTATION_CONTEXT('2D SPACE',''
  ) );
#3949 = ORIENTED_EDGE('',*,*,#3950,.T.);
#3950 = EDGE_CURVE('',#3928,#1213,#3951,.T.);
#3951 = SURFACE_CURVE('',#3952,(#3956,#3963),.PCURVE_S1.);
#3952 = LINE('',#3953,#3954);
#3953 = CARTESIAN_POINT('',(-28.5,61.,14.));
#3954 = VECTOR('',#3955,1.);
#3955 = DIRECTION('',(1.,0.,0.));
#3956 = PCURVE('',#1228,#3957);
#3957 = DEFINITIONAL_REPRESENTATION('',(#3958),#3962);
#3958 = LINE('',#3959,#3960);
#3959 = CARTESIAN_POINT('',(-20.5,45.));
#3960 = VECTOR('',#3961,1.);
#3961 = DIRECTION('',(1.,0.));
#3962 = ( GEOMETRIC_REPRESENTATION_CONTEXT(2) 
PARAMETRIC_REPRESENTATION_CONTEXT() REPRESENTATION_CONTEXT('2D SPACE',''
  ) );
#3963 = PCURVE('',#1298,#3964);
#3964 = DEFINITIONAL_REPRESENTATION('',(#3965),#3969);
#3965 = LINE('',#3966,#3967);
#3966 = CARTESIAN_POINT('',(6.,0.));
#3967 = VECTOR('',#3968,1.);
#3968 = DIRECTION('',(0.,1.));
#3969 = ( GEOMETRIC_REPRESENTATION_CONTEXT(2) 
PARAMETRIC_REPRESENTATION_CONTEXT() REPRESENTATION_CONTEXT('2D SPACE',''
  ) );
#3970 = FACE_BOUND('',#3971,.T.);
#3971 = EDGE_LOOP('',(#3972));
#3972 = ORIENTED_EDGE('',*,*,#3973,.T.);
#3973 = EDGE_CURVE('',#3974,#3974,#3976,.T.);
#3974 = VERTEX_POINT('',#3975);
#3975 = CARTESIAN_POINT('',(-20.9,70.,14.));
#3976 = SURFACE_CURVE('',#3977,(#3982,#3993),.PCURVE_S1.);
#3977 = CIRCLE('',#3978,1.6);
#3978 = AXIS2_PLACEMENT_3D('',#3979,#3980,#3981);
#3979 = CARTESIAN_POINT('',(-22.5,70.,14.));
#3980 = DIRECTION('',(0.,0.,-1.));
#3981 = DIRECTION('',(1.,0.,0.));
#3982 = PCURVE('',#1228,#3983);
#3983 = DEFINITIONAL_REPRESENTATION('',(#3984),#3992);
#3984 = ( BOUNDED_CURVE() B_SPLINE_CURVE(2,(#3985,#3986,#3987,#3988,
#3989,#3990,#3991),.UNSPECIFIED.,.T.,.F.) B_SPLINE_CURVE_WITH_KNOTS((1,2
    ,2,2,2,1),(-2.094395102393,0.,2.094395102393,4.188790204786,
6.28318530718,8.377580409573),.UNSPECIFIED.) CURVE() 
GEOMETRIC_REPRESENTATION_ITEM() RATIONAL_B_SPLINE_CURVE((1.,0.5,1.,0.5,
1.,0.5,1.)) REPRESENTATION_ITEM('') );
#3985 = CARTESIAN_POINT('',(-12.9,54.));
#3986 = CARTESIAN_POINT('',(-12.9,51.22871870789));
#3987 = CARTESIAN_POINT('',(-15.3,52.614359353945));
#3988 = CARTESIAN_POINT('',(-17.7,54.));
#3989 = CARTESIAN_POINT('',(-15.3,55.385640646055));
#3990 = CARTESIAN_POINT('',(-12.9,56.77128129211));
#3991 = CARTESIAN_POINT('',(-12.9,54.));
#3992 = ( GEOMETRIC_REPRESENTATION_CONTEXT(2) 
PARAMETRIC_REPRESENTATION_CONTEXT() REPRESENTATION_CONTEXT('2D SPACE',''
  ) );
#3993 = PCURVE('',#3746,#3994);
#3994 = DEFINITIONAL_REPRESENTATION('',(#3995),#3999);
#3995 = LINE('',#3996,#3997);
#3996 = CARTESIAN_POINT('',(-6.28318530718,-7.));
#3997 = VECTOR('',#3998,1.);
#3998 = DIRECTION('',(1.,-0.));
#3999 = ( GEOMETRIC_REPRESENTATION_CONTEXT(2) 
PARAMETRIC_REPRESENTATION_CONTEXT() REPRESENTATION_CONTEXT('2D SPACE',''
  ) );
#4000 = FACE_BOUND('',#4001,.T.);
#4001 = EDGE_LOOP('',(#4002));
#4002 = ORIENTED_EDGE('',*,*,#4003,.T.);
#4003 = EDGE_CURVE('',#4004,#4004,#4006,.T.);
#4004 = VERTEX_POINT('',#4005);
#4005 = CARTESIAN_POINT('',(24.1,70.,14.));
#4006 = SURFACE_CURVE('',#4007,(#4012,#4023),.PCURVE_S1.);
#4007 = CIRCLE('',#4008,1.6);
#4008 = AXIS2_PLACEMENT_3D('',#4009,#4010,#4011);
#4009 = CARTESIAN_POINT('',(22.5,70.,14.));
#4010 = DIRECTION('',(0.,0.,-1.));
#4011 = DIRECTION('',(1.,0.,0.));
#4012 = PCURVE('',#1228,#4013);
#4013 = DEFINITIONAL_REPRESENTATION('',(#4014),#4022);
#4014 = ( BOUNDED_CURVE() B_SPLINE_CURVE(2,(#4015,#4016,#4017,#4018,
#4019,#4020,#4021),.UNSPECIFIED.,.T.,.F.) B_SPLINE_CURVE_WITH_KNOTS((1,2
    ,2,2,2,1),(-2.094395102393,0.,2.094395102393,4.188790204786,
6.28318530718,8.377580409573),.UNSPECIFIED.) CURVE() 
GEOMETRIC_REPRESENTATION_ITEM() RATIONAL_B_SPLINE_CURVE((1.,0.5,1.,0.5,
1.,0.5,1.)) REPRESENTATION_ITEM('') );
#4015 = CARTESIAN_POINT('',(32.1,54.));
#4016 = CARTESIAN_POINT('',(32.1,51.22871870789));
#4017 = CARTESIAN_POINT('',(29.7,52.614359353945));
#4018 = CARTESIAN_POINT('',(27.3,54.));
#4019 = CARTESIAN_POINT('',(29.7,55.385640646055));
#4020 = CARTESIAN_POINT('',(32.1,56.77128129211));
#4021 = CARTESIAN_POINT('',(32.1,54.));
#4022 = ( GEOMETRIC_REPRESENTATION_CONTEXT(2) 
PARAMETRIC_REPRESENTATION_CONTEXT() REPRESENTATION_CONTEXT('2D SPACE',''
  ) );
#4023 = PCURVE('',#3781,#4024);
#4024 = DEFINITIONAL_REPRESENTATION('',(#4025),#4029);
#4025 = LINE('',#4026,#4027);
#4026 = CARTESIAN_POINT('',(-6.28318530718,-7.));
#4027 = VECTOR('',#4028,1.);
#4028 = DIRECTION('',(1.,-0.));
#4029 = ( GEOMETRIC_REPRESENTATION_CONTEXT(2) 
PARAMETRIC_REPRESENTATION_CONTEXT() REPRESENTATION_CONTEXT('2D SPACE',''
  ) );
#4030 = ADVANCED_FACE('',(#4031),#1298,.F.);
#4031 = FACE_BOUND('',#4032,.F.);
#4032 = EDGE_LOOP('',(#4033,#4034,#4055,#4056));
#4033 = ORIENTED_EDGE('',*,*,#3702,.F.);
#4034 = ORIENTED_EDGE('',*,*,#4035,.T.);
#4035 = EDGE_CURVE('',#3675,#3928,#4036,.T.);
#4036 = SURFACE_CURVE('',#4037,(#4041,#4048),.PCURVE_S1.);
#4037 = LINE('',#4038,#4039);
#4038 = CARTESIAN_POINT('',(-28.5,61.,8.));
#4039 = VECTOR('',#4040,1.);
#4040 = DIRECTION('',(0.,0.,1.));
#4041 = PCURVE('',#1298,#4042);
#4042 = DEFINITIONAL_REPRESENTATION('',(#4043),#4047);
#4043 = LINE('',#4044,#4045);
#4044 = CARTESIAN_POINT('',(0.,0.));
#4045 = VECTOR('',#4046,1.);
#4046 = DIRECTION('',(1.,0.));
#4047 = ( GEOMETRIC_REPRESENTATION_CONTEXT(2) 
PARAMETRIC_REPRESENTATION_CONTEXT() REPRESENTATION_CONTEXT('2D SPACE',''
  ) );
#4048 = PCURVE('',#3690,#4049);
#4049 = DEFINITIONAL_REPRESENTATION('',(#4050),#4054);
#4050 = LINE('',#4051,#4052);
#4051 = CARTESIAN_POINT('',(0.,0.));
#4052 = VECTOR('',#4053,1.);
#4053 = DIRECTION('',(1.,0.));
#4054 = ( GEOMETRIC_REPRESENTATION_CONTEXT(2) 
PARAMETRIC_REPRESENTATION_CONTEXT() REPRESENTATION_CONTEXT('2D SPACE',''
  ) );
#4055 = ORIENTED_EDGE('',*,*,#3950,.T.);
#4056 = ORIENTED_EDGE('',*,*,#1285,.F.);
#4057 = ADVANCED_FACE('',(#4058),#1422,.F.);
#4058 = FACE_BOUND('',#4059,.F.);
#4059 = EDGE_LOOP('',(#4060,#4061,#4062,#4063));
#4060 = ORIENTED_EDGE('',*,*,#3595,.F.);
#4061 = ORIENTED_EDGE('',*,*,#1409,.T.);
#4062 = ORIENTED_EDGE('',*,*,#3858,.T.);
#4063 = ORIENTED_EDGE('',*,*,#4064,.F.);
#4064 = EDGE_CURVE('',#3596,#3859,#4065,.T.);
#4065 = SURFACE_CURVE('',#4066,(#4070,#4077),.PCURVE_S1.);
#4066 = LINE('',#4067,#4068);
#4067 = CARTESIAN_POINT('',(28.5,61.,8.));
#4068 = VECTOR('',#4069,1.);
#4069 = DIRECTION('',(0.,0.,1.));
#4070 = PCURVE('',#1422,#4071);
#4071 = DEFINITIONAL_REPRESENTATION('',(#4072),#4076);
#4072 = LINE('',#4073,#4074);
#4073 = CARTESIAN_POINT('',(0.,57.));
#4074 = VECTOR('',#4075,1.);
#4075 = DIRECTION('',(1.,0.));
#4076 = ( GEOMETRIC_REPRESENTATION_CONTEXT(2) 
PARAMETRIC_REPRESENTATION_CONTEXT() REPRESENTATION_CONTEXT('2D SPACE',''
  ) );
#4077 = PCURVE('',#3634,#4078);
#4078 = DEFINITIONAL_REPRESENTATION('',(#4079),#4083);
#4079 = LINE('',#4080,#4081);
#4080 = CARTESIAN_POINT('',(0.,0.));
#4081 = VECTOR('',#4082,1.);
#4082 = DIRECTION('',(1.,0.));
#4083 = ( GEOMETRIC_REPRESENTATION_CONTEXT(2) 
PARAMETRIC_REPRESENTATION_CONTEXT() REPRESENTATION_CONTEXT('2D SPACE',''
  ) );
#4084 = ADVANCED_FACE('',(#4085),#1930,.F.);
#4085 = FACE_BOUND('',#4086,.F.);
#4086 = EDGE_LOOP('',(#4087,#4088,#4109,#4110));
#4087 = ORIENTED_EDGE('',*,*,#1914,.F.);
#4088 = ORIENTED_EDGE('',*,*,#4089,.T.);
#4089 = EDGE_CURVE('',#1887,#2373,#4090,.T.);
#4090 = SURFACE_CURVE('',#4091,(#4095,#4102),.PCURVE_S1.);
#4091 = LINE('',#4092,#4093);
#4092 = CARTESIAN_POINT('',(-27.5,-28.5,16.));
#4093 = VECTOR('',#4094,1.);
#4094 = DIRECTION('',(1.,0.,0.));
#4095 = PCURVE('',#1930,#4096);
#4096 = DEFINITIONAL_REPRESENTATION('',(#4097),#4101);
#4097 = LINE('',#4098,#4099);
#4098 = CARTESIAN_POINT('',(0.,0.));
#4099 = VECTOR('',#4100,1.);
#4100 = DIRECTION('',(1.,0.));
#4101 = ( GEOMETRIC_REPRESENTATION_CONTEXT(2) 
PARAMETRIC_REPRESENTATION_CONTEXT() REPRESENTATION_CONTEXT('2D SPACE',''
  ) );
#4102 = PCURVE('',#1902,#4103);
#4103 = DEFINITIONAL_REPRESENTATION('',(#4104),#4108);
#4104 = LINE('',#4105,#4106);
#4105 = CARTESIAN_POINT('',(0.,0.));
#4106 = VECTOR('',#4107,1.);
#4107 = DIRECTION('',(0.,1.));
#4108 = ( GEOMETRIC_REPRESENTATION_CONTEXT(2) 
PARAMETRIC_REPRESENTATION_CONTEXT() REPRESENTATION_CONTEXT('2D SPACE',''
  ) );
#4109 = ORIENTED_EDGE('',*,*,#2395,.T.);
#4110 = ORIENTED_EDGE('',*,*,#2038,.F.);
#4111 = ADVANCED_FACE('',(#4112),#1902,.F.);
#4112 = FACE_BOUND('',#4113,.F.);
#4113 = EDGE_LOOP('',(#4114,#4115,#4116,#4137));
#4114 = ORIENTED_EDGE('',*,*,#4089,.F.);
#4115 = ORIENTED_EDGE('',*,*,#1886,.T.);
#4116 = ORIENTED_EDGE('',*,*,#4117,.T.);
#4117 = EDGE_CURVE('',#1859,#2350,#4118,.T.);
#4118 = SURFACE_CURVE('',#4119,(#4123,#4130),.PCURVE_S1.);
#4119 = LINE('',#4120,#4121);
#4120 = CARTESIAN_POINT('',(-27.5,-28.5,26.));
#4121 = VECTOR('',#4122,1.);
#4122 = DIRECTION('',(1.,0.,0.));
#4123 = PCURVE('',#1902,#4124);
#4124 = DEFINITIONAL_REPRESENTATION('',(#4125),#4129);
#4125 = LINE('',#4126,#4127);
#4126 = CARTESIAN_POINT('',(10.,0.));
#4127 = VECTOR('',#4128,1.);
#4128 = DIRECTION('',(0.,1.));
#4129 = ( GEOMETRIC_REPRESENTATION_CONTEXT(2) 
PARAMETRIC_REPRESENTATION_CONTEXT() REPRESENTATION_CONTEXT('2D SPACE',''
  ) );
#4130 = PCURVE('',#1874,#4131);
#4131 = DEFINITIONAL_REPRESENTATION('',(#4132),#4136);
#4132 = LINE('',#4133,#4134);
#4133 = CARTESIAN_POINT('',(22.5,21.5));
#4134 = VECTOR('',#4135,1.);
#4135 = DIRECTION('',(1.,0.));
#4136 = ( GEOMETRIC_REPRESENTATION_CONTEXT(2) 
PARAMETRIC_REPRESENTATION_CONTEXT() REPRESENTATION_CONTEXT('2D SPACE',''
  ) );
#4137 = ORIENTED_EDGE('',*,*,#2372,.F.);
#4138 = ADVANCED_FACE('',(#4139,#4171),#1874,.T.);
#4139 = FACE_BOUND('',#4140,.T.);
#4140 = EDGE_LOOP('',(#4141,#4142,#4143,#4144));
#4141 = ORIENTED_EDGE('',*,*,#1858,.F.);
#4142 = ORIENTED_EDGE('',*,*,#4117,.T.);
#4143 = ORIENTED_EDGE('',*,*,#2349,.T.);
#4144 = ORIENTED_EDGE('',*,*,#4145,.T.);
#4145 = EDGE_CURVE('',#2132,#1633,#4146,.T.);
#4146 = SURFACE_CURVE('',#4147,(#4153,#4162),.PCURVE_S1.);
#4147 = B_SPLINE_CURVE_WITH_KNOTS('',4,(#4148,#4149,#4150,#4151,#4152),
  .UNSPECIFIED.,.F.,.F.,(5,5),(0.,1.),.PIECEWISE_BEZIER_KNOTS.);
#4148 = CARTESIAN_POINT('',(-18.5,-13.28684210526,26.));
#4149 = CARTESIAN_POINT('',(-20.75,-13.28684210526,26.));
#4150 = CARTESIAN_POINT('',(-23.,-13.28684210526,26.));
#4151 = CARTESIAN_POINT('',(-25.25,-13.28684210526,26.));
#4152 = CARTESIAN_POINT('',(-27.5,-13.28684210526,26.));
#4153 = PCURVE('',#1874,#4154);
#4154 = DEFINITIONAL_REPRESENTATION('',(#4155),#4161);
#4155 = B_SPLINE_CURVE_WITH_KNOTS('',4,(#4156,#4157,#4158,#4159,#4160),
  .UNSPECIFIED.,.F.,.F.,(5,5),(0.,1.),.PIECEWISE_BEZIER_KNOTS.);
#4156 = CARTESIAN_POINT('',(31.5,36.713157894737));
#4157 = CARTESIAN_POINT('',(29.25,36.713157894737));
#4158 = CARTESIAN_POINT('',(27.,36.713157894737));
#4159 = CARTESIAN_POINT('',(24.75,36.713157894737));
#4160 = CARTESIAN_POINT('',(22.5,36.713157894737));
#4161 = ( GEOMETRIC_REPRESENTATION_CONTEXT(2) 
PARAMETRIC_REPRESENTATION_CONTEXT() REPRESENTATION_CONTEXT('2D SPACE',''
  ) );
#4162 = PCURVE('',#1778,#4163);
#4163 = DEFINITIONAL_REPRESENTATION('',(#4164),#4170);
#4164 = B_SPLINE_CURVE_WITH_KNOTS('',4,(#4165,#4166,#4167,#4168,#4169),
  .UNSPECIFIED.,.F.,.F.,(5,5),(0.,1.),.PIECEWISE_BEZIER_KNOTS.);
#4165 = CARTESIAN_POINT('',(1.570796326795,-10.));
#4166 = CARTESIAN_POINT('',(1.570796326795,-7.75));
#4167 = CARTESIAN_POINT('',(1.570796326795,-5.5));
#4168 = CARTESIAN_POINT('',(1.570796326795,-3.25));
#4169 = CARTESIAN_POINT('',(1.570796326795,-1.));
#4170 = ( GEOMETRIC_REPRESENTATION_CONTEXT(2) 
PARAMETRIC_REPRESENTATION_CONTEXT() REPRESENTATION_CONTEXT('2D SPACE',''
  ) );
#4171 = FACE_BOUND('',#4172,.T.);
#4172 = EDGE_LOOP('',(#4173));
#4173 = ORIENTED_EDGE('',*,*,#4174,.F.);
#4174 = EDGE_CURVE('',#4175,#4175,#4177,.T.);
#4175 = VERTEX_POINT('',#4176);
#4176 = CARTESIAN_POINT('',(-20.9,-22.,26.));
#4177 = SURFACE_CURVE('',#4178,(#4183,#4190),.PCURVE_S1.);
#4178 = CIRCLE('',#4179,2.1);
#4179 = AXIS2_PLACEMENT_3D('',#4180,#4181,#4182);
#4180 = CARTESIAN_POINT('',(-23.,-22.,26.));
#4181 = DIRECTION('',(0.,0.,1.));
#4182 = DIRECTION('',(1.,0.,0.));
#4183 = PCURVE('',#1874,#4184);
#4184 = DEFINITIONAL_REPRESENTATION('',(#4185),#4189);
#4185 = CIRCLE('',#4186,2.1);
#4186 = AXIS2_PLACEMENT_2D('',#4187,#4188);
#4187 = CARTESIAN_POINT('',(27.,28.));
#4188 = DIRECTION('',(1.,0.));
#4189 = ( GEOMETRIC_REPRESENTATION_CONTEXT(2) 
PARAMETRIC_REPRESENTATION_CONTEXT() REPRESENTATION_CONTEXT('2D SPACE',''
  ) );
#4190 = PCURVE('',#4191,#4196);
#4191 = CYLINDRICAL_SURFACE('',#4192,2.1);
#4192 = AXIS2_PLACEMENT_3D('',#4193,#4194,#4195);
#4193 = CARTESIAN_POINT('',(-23.,-22.,20.5));
#4194 = DIRECTION('',(-0.,-0.,-1.));
#4195 = DIRECTION('',(1.,0.,0.));
#4196 = DEFINITIONAL_REPRESENTATION('',(#4197),#4201);
#4197 = LINE('',#4198,#4199);
#4198 = CARTESIAN_POINT('',(-0.,-5.5));
#4199 = VECTOR('',#4200,1.);
#4200 = DIRECTION('',(-1.,0.));
#4201 = ( GEOMETRIC_REPRESENTATION_CONTEXT(2) 
PARAMETRIC_REPRESENTATION_CONTEXT() REPRESENTATION_CONTEXT('2D SPACE',''
  ) );
#4202 = ADVANCED_FACE('',(#4203),#1778,.T.);
#4203 = FACE_BOUND('',#4204,.T.);
#4204 = EDGE_LOOP('',(#4205,#4232,#4233,#4234));
#4205 = ORIENTED_EDGE('',*,*,#4206,.T.);
#4206 = EDGE_CURVE('',#2109,#1605,#4207,.T.);
#4207 = SURFACE_CURVE('',#4208,(#4214,#4223),.PCURVE_S1.);
#4208 = B_SPLINE_CURVE_WITH_KNOTS('',4,(#4209,#4210,#4211,#4212,#4213),
  .UNSPECIFIED.,.F.,.F.,(5,5),(0.,1.),.PIECEWISE_BEZIER_KNOTS.);
#4209 = CARTESIAN_POINT('',(-18.5,13.286842105263,26.));
#4210 = CARTESIAN_POINT('',(-20.75,13.286842105263,26.));
#4211 = CARTESIAN_POINT('',(-23.,13.286842105263,26.));
#4212 = CARTESIAN_POINT('',(-25.25,13.286842105263,26.));
#4213 = CARTESIAN_POINT('',(-27.5,13.286842105263,26.));
#4214 = PCURVE('',#1778,#4215);
#4215 = DEFINITIONAL_REPRESENTATION('',(#4216),#4222);
#4216 = B_SPLINE_CURVE_WITH_KNOTS('',4,(#4217,#4218,#4219,#4220,#4221),
  .UNSPECIFIED.,.F.,.F.,(5,5),(0.,1.),.PIECEWISE_BEZIER_KNOTS.);
#4217 = CARTESIAN_POINT('',(4.712388980385,-10.));
#4218 = CARTESIAN_POINT('',(4.712388980385,-7.75));
#4219 = CARTESIAN_POINT('',(4.712388980385,-5.5));
#4220 = CARTESIAN_POINT('',(4.712388980385,-3.25));
#4221 = CARTESIAN_POINT('',(4.712388980385,-1.));
#4222 = ( GEOMETRIC_REPRESENTATION_CONTEXT(2) 
PARAMETRIC_REPRESENTATION_CONTEXT() REPRESENTATION_CONTEXT('2D SPACE',''
  ) );
#4223 = PCURVE('',#1620,#4224);
#4224 = DEFINITIONAL_REPRESENTATION('',(#4225),#4231);
#4225 = B_SPLINE_CURVE_WITH_KNOTS('',4,(#4226,#4227,#4228,#4229,#4230),
  .UNSPECIFIED.,.F.,.F.,(5,5),(0.,1.),.PIECEWISE_BEZIER_KNOTS.);
#4226 = CARTESIAN_POINT('',(31.5,63.286842105263));
#4227 = CARTESIAN_POINT('',(29.25,63.286842105263));
#4228 = CARTESIAN_POINT('',(27.,63.286842105263));
#4229 = CARTESIAN_POINT('',(24.75,63.286842105263));
#4230 = CARTESIAN_POINT('',(22.5,63.286842105263));
#4231 = ( GEOMETRIC_REPRESENTATION_CONTEXT(2) 
PARAMETRIC_REPRESENTATION_CONTEXT() REPRESENTATION_CONTEXT('2D SPACE',''
  ) );
#4232 = ORIENTED_EDGE('',*,*,#1632,.T.);
#4233 = ORIENTED_EDGE('',*,*,#4145,.F.);
#4234 = ORIENTED_EDGE('',*,*,#2131,.F.);
#4235 = ADVANCED_FACE('',(#4236,#4262),#1620,.T.);
#4236 = FACE_BOUND('',#4237,.T.);
#4237 = EDGE_LOOP('',(#4238,#4239,#4240,#4241));
#4238 = ORIENTED_EDGE('',*,*,#1604,.F.);
#4239 = ORIENTED_EDGE('',*,*,#4206,.F.);
#4240 = ORIENTED_EDGE('',*,*,#2108,.T.);
#4241 = ORIENTED_EDGE('',*,*,#4242,.F.);
#4242 = EDGE_CURVE('',#1577,#2086,#4243,.T.);
#4243 = SURFACE_CURVE('',#4244,(#4248,#4255),.PCURVE_S1.);
#4244 = LINE('',#4245,#4246);
#4245 = CARTESIAN_POINT('',(-27.5,28.5,26.));
#4246 = VECTOR('',#4247,1.);
#4247 = DIRECTION('',(1.,0.,0.));
#4248 = PCURVE('',#1620,#4249);
#4249 = DEFINITIONAL_REPRESENTATION('',(#4250),#4254);
#4250 = LINE('',#4251,#4252);
#4251 = CARTESIAN_POINT('',(22.5,78.5));
#4252 = VECTOR('',#4253,1.);
#4253 = DIRECTION('',(1.,0.));
#4254 = ( GEOMETRIC_REPRESENTATION_CONTEXT(2) 
PARAMETRIC_REPRESENTATION_CONTEXT() REPRESENTATION_CONTEXT('2D SPACE',''
  ) );
#4255 = PCURVE('',#1592,#4256);
#4256 = DEFINITIONAL_REPRESENTATION('',(#4257),#4261);
#4257 = LINE('',#4258,#4259);
#4258 = CARTESIAN_POINT('',(10.,0.));
#4259 = VECTOR('',#4260,1.);
#4260 = DIRECTION('',(0.,1.));
#4261 = ( GEOMETRIC_REPRESENTATION_CONTEXT(2) 
PARAMETRIC_REPRESENTATION_CONTEXT() REPRESENTATION_CONTEXT('2D SPACE',''
  ) );
#4262 = FACE_BOUND('',#4263,.T.);
#4263 = EDGE_LOOP('',(#4264));
#4264 = ORIENTED_EDGE('',*,*,#4265,.F.);
#4265 = EDGE_CURVE('',#4266,#4266,#4268,.T.);
#4266 = VERTEX_POINT('',#4267);
#4267 = CARTESIAN_POINT('',(-20.9,22.,26.));
#4268 = SURFACE_CURVE('',#4269,(#4274,#4281),.PCURVE_S1.);
#4269 = CIRCLE('',#4270,2.1);
#4270 = AXIS2_PLACEMENT_3D('',#4271,#4272,#4273);
#4271 = CARTESIAN_POINT('',(-23.,22.,26.));
#4272 = DIRECTION('',(0.,0.,1.));
#4273 = DIRECTION('',(1.,0.,0.));
#4274 = PCURVE('',#1620,#4275);
#4275 = DEFINITIONAL_REPRESENTATION('',(#4276),#4280);
#4276 = CIRCLE('',#4277,2.1);
#4277 = AXIS2_PLACEMENT_2D('',#4278,#4279);
#4278 = CARTESIAN_POINT('',(27.,72.));
#4279 = DIRECTION('',(1.,0.));
#4280 = ( GEOMETRIC_REPRESENTATION_CONTEXT(2) 
PARAMETRIC_REPRESENTATION_CONTEXT() REPRESENTATION_CONTEXT('2D SPACE',''
  ) );
#4281 = PCURVE('',#4282,#4287);
#4282 = CYLINDRICAL_SURFACE('',#4283,2.1);
#4283 = AXIS2_PLACEMENT_3D('',#4284,#4285,#4286);
#4284 = CARTESIAN_POINT('',(-23.,22.,20.5));
#4285 = DIRECTION('',(-0.,-0.,-1.));
#4286 = DIRECTION('',(1.,0.,0.));
#4287 = DEFINITIONAL_REPRESENTATION('',(#4288),#4292);
#4288 = LINE('',#4289,#4290);
#4289 = CARTESIAN_POINT('',(-0.,-5.5));
#4290 = VECTOR('',#4291,1.);
#4291 = DIRECTION('',(-1.,0.));
#4292 = ( GEOMETRIC_REPRESENTATION_CONTEXT(2) 
PARAMETRIC_REPRESENTATION_CONTEXT() REPRESENTATION_CONTEXT('2D SPACE',''
  ) );
#4293 = ADVANCED_FACE('',(#4294),#1592,.T.);
#4294 = FACE_BOUND('',#4295,.T.);
#4295 = EDGE_LOOP('',(#4296,#4317,#4318,#4319));
#4296 = ORIENTED_EDGE('',*,*,#4297,.F.);
#4297 = EDGE_CURVE('',#1549,#2063,#4298,.T.);
#4298 = SURFACE_CURVE('',#4299,(#4303,#4310),.PCURVE_S1.);
#4299 = LINE('',#4300,#4301);
#4300 = CARTESIAN_POINT('',(-27.5,28.5,16.));
#4301 = VECTOR('',#4302,1.);
#4302 = DIRECTION('',(1.,0.,0.));
#4303 = PCURVE('',#1592,#4304);
#4304 = DEFINITIONAL_REPRESENTATION('',(#4305),#4309);
#4305 = LINE('',#4306,#4307);
#4306 = CARTESIAN_POINT('',(0.,0.));
#4307 = VECTOR('',#4308,1.);
#4308 = DIRECTION('',(0.,1.));
#4309 = ( GEOMETRIC_REPRESENTATION_CONTEXT(2) 
PARAMETRIC_REPRESENTATION_CONTEXT() REPRESENTATION_CONTEXT('2D SPACE',''
  ) );
#4310 = PCURVE('',#1564,#4311);
#4311 = DEFINITIONAL_REPRESENTATION('',(#4312),#4316);
#4312 = LINE('',#4313,#4314);
#4313 = CARTESIAN_POINT('',(0.,13.));
#4314 = VECTOR('',#4315,1.);
#4315 = DIRECTION('',(1.,0.));
#4316 = ( GEOMETRIC_REPRESENTATION_CONTEXT(2) 
PARAMETRIC_REPRESENTATION_CONTEXT() REPRESENTATION_CONTEXT('2D SPACE',''
  ) );
#4317 = ORIENTED_EDGE('',*,*,#1576,.T.);
#4318 = ORIENTED_EDGE('',*,*,#4242,.T.);
#4319 = ORIENTED_EDGE('',*,*,#2085,.F.);
#4320 = ADVANCED_FACE('',(#4321),#1564,.F.);
#4321 = FACE_BOUND('',#4322,.F.);
#4322 = EDGE_LOOP('',(#4323,#4324,#4325,#4326));
#4323 = ORIENTED_EDGE('',*,*,#1548,.F.);
#4324 = ORIENTED_EDGE('',*,*,#1991,.T.);
#4325 = ORIENTED_EDGE('',*,*,#2062,.T.);
#4326 = ORIENTED_EDGE('',*,*,#4297,.F.);
#4327 = ADVANCED_FACE('',(#4328),#2826,.F.);
#4328 = FACE_BOUND('',#4329,.F.);
#4329 = EDGE_LOOP('',(#4330,#4331,#4352,#4353));
#4330 = ORIENTED_EDGE('',*,*,#2810,.F.);
#4331 = ORIENTED_EDGE('',*,*,#4332,.T.);
#4332 = EDGE_CURVE('',#2783,#3269,#4333,.T.);
#4333 = SURFACE_CURVE('',#4334,(#4338,#4345),.PCURVE_S1.);
#4334 = LINE('',#4335,#4336);
#4335 = CARTESIAN_POINT('',(18.5,-28.5,16.));
#4336 = VECTOR('',#4337,1.);
#4337 = DIRECTION('',(1.,0.,0.));
#4338 = PCURVE('',#2826,#4339);
#4339 = DEFINITIONAL_REPRESENTATION('',(#4340),#4344);
#4340 = LINE('',#4341,#4342);
#4341 = CARTESIAN_POINT('',(0.,0.));
#4342 = VECTOR('',#4343,1.);
#4343 = DIRECTION('',(1.,0.));
#4344 = ( GEOMETRIC_REPRESENTATION_CONTEXT(2) 
PARAMETRIC_REPRESENTATION_CONTEXT() REPRESENTATION_CONTEXT('2D SPACE',''
  ) );
#4345 = PCURVE('',#2798,#4346);
#4346 = DEFINITIONAL_REPRESENTATION('',(#4347),#4351);
#4347 = LINE('',#4348,#4349);
#4348 = CARTESIAN_POINT('',(0.,0.));
#4349 = VECTOR('',#4350,1.);
#4350 = DIRECTION('',(0.,1.));
#4351 = ( GEOMETRIC_REPRESENTATION_CONTEXT(2) 
PARAMETRIC_REPRESENTATION_CONTEXT() REPRESENTATION_CONTEXT('2D SPACE',''
  ) );
#4352 = ORIENTED_EDGE('',*,*,#3291,.T.);
#4353 = ORIENTED_EDGE('',*,*,#2934,.F.);
#4354 = ADVANCED_FACE('',(#4355),#2798,.F.);
#4355 = FACE_BOUND('',#4356,.F.);
#4356 = EDGE_LOOP('',(#4357,#4358,#4359,#4380));
#4357 = ORIENTED_EDGE('',*,*,#4332,.F.);
#4358 = ORIENTED_EDGE('',*,*,#2782,.T.);
#4359 = ORIENTED_EDGE('',*,*,#4360,.T.);
#4360 = EDGE_CURVE('',#2755,#3246,#4361,.T.);
#4361 = SURFACE_CURVE('',#4362,(#4366,#4373),.PCURVE_S1.);
#4362 = LINE('',#4363,#4364);
#4363 = CARTESIAN_POINT('',(18.5,-28.5,26.));
#4364 = VECTOR('',#4365,1.);
#4365 = DIRECTION('',(1.,0.,0.));
#4366 = PCURVE('',#2798,#4367);
#4367 = DEFINITIONAL_REPRESENTATION('',(#4368),#4372);
#4368 = LINE('',#4369,#4370);
#4369 = CARTESIAN_POINT('',(10.,0.));
#4370 = VECTOR('',#4371,1.);
#4371 = DIRECTION('',(0.,1.));
#4372 = ( GEOMETRIC_REPRESENTATION_CONTEXT(2) 
PARAMETRIC_REPRESENTATION_CONTEXT() REPRESENTATION_CONTEXT('2D SPACE',''
  ) );
#4373 = PCURVE('',#2770,#4374);
#4374 = DEFINITIONAL_REPRESENTATION('',(#4375),#4379);
#4375 = LINE('',#4376,#4377);
#4376 = CARTESIAN_POINT('',(68.5,21.5));
#4377 = VECTOR('',#4378,1.);
#4378 = DIRECTION('',(1.,0.));
#4379 = ( GEOMETRIC_REPRESENTATION_CONTEXT(2) 
PARAMETRIC_REPRESENTATION_CONTEXT() REPRESENTATION_CONTEXT('2D SPACE',''
  ) );
#4380 = ORIENTED_EDGE('',*,*,#3268,.F.);
#4381 = ADVANCED_FACE('',(#4382,#4414),#2770,.T.);
#4382 = FACE_BOUND('',#4383,.T.);
#4383 = EDGE_LOOP('',(#4384,#4385,#4386,#4387));
#4384 = ORIENTED_EDGE('',*,*,#2754,.F.);
#4385 = ORIENTED_EDGE('',*,*,#4360,.T.);
#4386 = ORIENTED_EDGE('',*,*,#3245,.T.);
#4387 = ORIENTED_EDGE('',*,*,#4388,.T.);
#4388 = EDGE_CURVE('',#3028,#2529,#4389,.T.);
#4389 = SURFACE_CURVE('',#4390,(#4396,#4405),.PCURVE_S1.);
#4390 = B_SPLINE_CURVE_WITH_KNOTS('',4,(#4391,#4392,#4393,#4394,#4395),
  .UNSPECIFIED.,.F.,.F.,(5,5),(0.,1.),.PIECEWISE_BEZIER_KNOTS.);
#4391 = CARTESIAN_POINT('',(27.5,-12.68157894736,26.));
#4392 = CARTESIAN_POINT('',(25.25,-12.68157894736,26.));
#4393 = CARTESIAN_POINT('',(23.,-12.68157894736,26.));
#4394 = CARTESIAN_POINT('',(20.75,-12.68157894736,26.));
#4395 = CARTESIAN_POINT('',(18.5,-12.68157894736,26.));
#4396 = PCURVE('',#2770,#4397);
#4397 = DEFINITIONAL_REPRESENTATION('',(#4398),#4404);
#4398 = B_SPLINE_CURVE_WITH_KNOTS('',4,(#4399,#4400,#4401,#4402,#4403),
  .UNSPECIFIED.,.F.,.F.,(5,5),(0.,1.),.PIECEWISE_BEZIER_KNOTS.);
#4399 = CARTESIAN_POINT('',(77.5,37.318421052632));
#4400 = CARTESIAN_POINT('',(75.25,37.318421052632));
#4401 = CARTESIAN_POINT('',(73.,37.318421052632));
#4402 = CARTESIAN_POINT('',(70.75,37.318421052632));
#4403 = CARTESIAN_POINT('',(68.5,37.318421052632));
#4404 = ( GEOMETRIC_REPRESENTATION_CONTEXT(2) 
PARAMETRIC_REPRESENTATION_CONTEXT() REPRESENTATION_CONTEXT('2D SPACE',''
  ) );
#4405 = PCURVE('',#2674,#4406);
#4406 = DEFINITIONAL_REPRESENTATION('',(#4407),#4413);
#4407 = B_SPLINE_CURVE_WITH_KNOTS('',4,(#4408,#4409,#4410,#4411,#4412),
  .UNSPECIFIED.,.F.,.F.,(5,5),(0.,1.),.PIECEWISE_BEZIER_KNOTS.);
#4408 = CARTESIAN_POINT('',(1.570796326795,-10.));
#4409 = CARTESIAN_POINT('',(1.570796326795,-7.75));
#4410 = CARTESIAN_POINT('',(1.570796326795,-5.5));
#4411 = CARTESIAN_POINT('',(1.570796326795,-3.25));
#4412 = CARTESIAN_POINT('',(1.570796326795,-1.));
#4413 = ( GEOMETRIC_REPRESENTATION_CONTEXT(2) 
PARAMETRIC_REPRESENTATION_CONTEXT() REPRESENTATION_CONTEXT('2D SPACE',''
  ) );
#4414 = FACE_BOUND('',#4415,.T.);
#4415 = EDGE_LOOP('',(#4416));
#4416 = ORIENTED_EDGE('',*,*,#4417,.F.);
#4417 = EDGE_CURVE('',#4418,#4418,#4420,.T.);
#4418 = VERTEX_POINT('',#4419);
#4419 = CARTESIAN_POINT('',(25.1,-22.,26.));
#4420 = SURFACE_CURVE('',#4421,(#4426,#4433),.PCURVE_S1.);
#4421 = CIRCLE('',#4422,2.1);
#4422 = AXIS2_PLACEMENT_3D('',#4423,#4424,#4425);
#4423 = CARTESIAN_POINT('',(23.,-22.,26.));
#4424 = DIRECTION('',(0.,0.,1.));
#4425 = DIRECTION('',(1.,0.,0.));
#4426 = PCURVE('',#2770,#4427);
#4427 = DEFINITIONAL_REPRESENTATION('',(#4428),#4432);
#4428 = CIRCLE('',#4429,2.1);
#4429 = AXIS2_PLACEMENT_2D('',#4430,#4431);
#4430 = CARTESIAN_POINT('',(73.,28.));
#4431 = DIRECTION('',(1.,0.));
#4432 = ( GEOMETRIC_REPRESENTATION_CONTEXT(2) 
PARAMETRIC_REPRESENTATION_CONTEXT() REPRESENTATION_CONTEXT('2D SPACE',''
  ) );
#4433 = PCURVE('',#4434,#4439);
#4434 = CYLINDRICAL_SURFACE('',#4435,2.1);
#4435 = AXIS2_PLACEMENT_3D('',#4436,#4437,#4438);
#4436 = CARTESIAN_POINT('',(23.,-22.,20.5));
#4437 = DIRECTION('',(-0.,-0.,-1.));
#4438 = DIRECTION('',(1.,0.,0.));
#4439 = DEFINITIONAL_REPRESENTATION('',(#4440),#4444);
#4440 = LINE('',#4441,#4442);
#4441 = CARTESIAN_POINT('',(-0.,-5.5));
#4442 = VECTOR('',#4443,1.);
#4443 = DIRECTION('',(-1.,0.));
#4444 = ( GEOMETRIC_REPRESENTATION_CONTEXT(2) 
PARAMETRIC_REPRESENTATION_CONTEXT() REPRESENTATION_CONTEXT('2D SPACE',''
  ) );
#4445 = ADVANCED_FACE('',(#4446),#2674,.T.);
#4446 = FACE_BOUND('',#4447,.T.);
#4447 = EDGE_LOOP('',(#4448,#4475,#4476,#4477));
#4448 = ORIENTED_EDGE('',*,*,#4449,.T.);
#4449 = EDGE_CURVE('',#3005,#2501,#4450,.T.);
#4450 = SURFACE_CURVE('',#4451,(#4457,#4466),.PCURVE_S1.);
#4451 = B_SPLINE_CURVE_WITH_KNOTS('',4,(#4452,#4453,#4454,#4455,#4456),
  .UNSPECIFIED.,.F.,.F.,(5,5),(0.,1.),.PIECEWISE_BEZIER_KNOTS.);
#4452 = CARTESIAN_POINT('',(27.5,12.681578947368,26.));
#4453 = CARTESIAN_POINT('',(25.25,12.681578947368,26.));
#4454 = CARTESIAN_POINT('',(23.,12.681578947368,26.));
#4455 = CARTESIAN_POINT('',(20.75,12.681578947368,26.));
#4456 = CARTESIAN_POINT('',(18.5,12.681578947368,26.));
#4457 = PCURVE('',#2674,#4458);
#4458 = DEFINITIONAL_REPRESENTATION('',(#4459),#4465);
#4459 = B_SPLINE_CURVE_WITH_KNOTS('',4,(#4460,#4461,#4462,#4463,#4464),
  .UNSPECIFIED.,.F.,.F.,(5,5),(0.,1.),.PIECEWISE_BEZIER_KNOTS.);
#4460 = CARTESIAN_POINT('',(4.712388980385,-10.));
#4461 = CARTESIAN_POINT('',(4.712388980385,-7.75));
#4462 = CARTESIAN_POINT('',(4.712388980385,-5.5));
#4463 = CARTESIAN_POINT('',(4.712388980385,-3.25));
#4464 = CARTESIAN_POINT('',(4.712388980385,-1.));
#4465 = ( GEOMETRIC_REPRESENTATION_CONTEXT(2) 
PARAMETRIC_REPRESENTATION_CONTEXT() REPRESENTATION_CONTEXT('2D SPACE',''
  ) );
#4466 = PCURVE('',#2516,#4467);
#4467 = DEFINITIONAL_REPRESENTATION('',(#4468),#4474);
#4468 = B_SPLINE_CURVE_WITH_KNOTS('',4,(#4469,#4470,#4471,#4472,#4473),
  .UNSPECIFIED.,.F.,.F.,(5,5),(0.,1.),.PIECEWISE_BEZIER_KNOTS.);
#4469 = CARTESIAN_POINT('',(77.5,62.681578947368));
#4470 = CARTESIAN_POINT('',(75.25,62.681578947368));
#4471 = CARTESIAN_POINT('',(73.,62.681578947368));
#4472 = CARTESIAN_POINT('',(70.75,62.681578947368));
#4473 = CARTESIAN_POINT('',(68.5,62.681578947368));
#4474 = ( GEOMETRIC_REPRESENTATION_CONTEXT(2) 
PARAMETRIC_REPRESENTATION_CONTEXT() REPRESENTATION_CONTEXT('2D SPACE',''
  ) );
#4475 = ORIENTED_EDGE('',*,*,#2528,.T.);
#4476 = ORIENTED_EDGE('',*,*,#4388,.F.);
#4477 = ORIENTED_EDGE('',*,*,#3027,.F.);
#4478 = ADVANCED_FACE('',(#4479,#4505),#2516,.T.);
#4479 = FACE_BOUND('',#4480,.T.);
#4480 = EDGE_LOOP('',(#4481,#4482,#4483,#4484));
#4481 = ORIENTED_EDGE('',*,*,#2500,.F.);
#4482 = ORIENTED_EDGE('',*,*,#4449,.F.);
#4483 = ORIENTED_EDGE('',*,*,#3004,.T.);
#4484 = ORIENTED_EDGE('',*,*,#4485,.F.);
#4485 = EDGE_CURVE('',#2473,#2982,#4486,.T.);
#4486 = SURFACE_CURVE('',#4487,(#4491,#4498),.PCURVE_S1.);
#4487 = LINE('',#4488,#4489);
#4488 = CARTESIAN_POINT('',(18.5,28.5,26.));
#4489 = VECTOR('',#4490,1.);
#4490 = DIRECTION('',(1.,0.,0.));
#4491 = PCURVE('',#2516,#4492);
#4492 = DEFINITIONAL_REPRESENTATION('',(#4493),#4497);
#4493 = LINE('',#4494,#4495);
#4494 = CARTESIAN_POINT('',(68.5,78.5));
#4495 = VECTOR('',#4496,1.);
#4496 = DIRECTION('',(1.,0.));
#4497 = ( GEOMETRIC_REPRESENTATION_CONTEXT(2) 
PARAMETRIC_REPRESENTATION_CONTEXT() REPRESENTATION_CONTEXT('2D SPACE',''
  ) );
#4498 = PCURVE('',#2488,#4499);
#4499 = DEFINITIONAL_REPRESENTATION('',(#4500),#4504);
#4500 = LINE('',#4501,#4502);
#4501 = CARTESIAN_POINT('',(10.,0.));
#4502 = VECTOR('',#4503,1.);
#4503 = DIRECTION('',(0.,1.));
#4504 = ( GEOMETRIC_REPRESENTATION_CONTEXT(2) 
PARAMETRIC_REPRESENTATION_CONTEXT() REPRESENTATION_CONTEXT('2D SPACE',''
  ) );
#4505 = FACE_BOUND('',#4506,.T.);
#4506 = EDGE_LOOP('',(#4507));
#4507 = ORIENTED_EDGE('',*,*,#4508,.F.);
#4508 = EDGE_CURVE('',#4509,#4509,#4511,.T.);
#4509 = VERTEX_POINT('',#4510);
#4510 = CARTESIAN_POINT('',(25.1,22.,26.));
#4511 = SURFACE_CURVE('',#4512,(#4517,#4524),.PCURVE_S1.);
#4512 = CIRCLE('',#4513,2.1);
#4513 = AXIS2_PLACEMENT_3D('',#4514,#4515,#4516);
#4514 = CARTESIAN_POINT('',(23.,22.,26.));
#4515 = DIRECTION('',(0.,0.,1.));
#4516 = DIRECTION('',(1.,0.,0.));
#4517 = PCURVE('',#2516,#4518);
#4518 = DEFINITIONAL_REPRESENTATION('',(#4519),#4523);
#4519 = CIRCLE('',#4520,2.1);
#4520 = AXIS2_PLACEMENT_2D('',#4521,#4522);
#4521 = CARTESIAN_POINT('',(73.,72.));
#4522 = DIRECTION('',(1.,0.));
#4523 = ( GEOMETRIC_REPRESENTATION_CONTEXT(2) 
PARAMETRIC_REPRESENTATION_CONTEXT() REPRESENTATION_CONTEXT('2D SPACE',''
  ) );
#4524 = PCURVE('',#4525,#4530);
#4525 = CYLINDRICAL_SURFACE('',#4526,2.1);
#4526 = AXIS2_PLACEMENT_3D('',#4527,#4528,#4529);
#4527 = CARTESIAN_POINT('',(23.,22.,20.5));
#4528 = DIRECTION('',(-0.,-0.,-1.));
#4529 = DIRECTION('',(1.,0.,0.));
#4530 = DEFINITIONAL_REPRESENTATION('',(#4531),#4535);
#4531 = LINE('',#4532,#4533);
#4532 = CARTESIAN_POINT('',(-0.,-5.5));
#4533 = VECTOR('',#4534,1.);
#4534 = DIRECTION('',(-1.,0.));
#4535 = ( GEOMETRIC_REPRESENTATION_CONTEXT(2) 
PARAMETRIC_REPRESENTATION_CONTEXT() REPRESENTATION_CONTEXT('2D SPACE',''
  ) );
#4536 = ADVANCED_FACE('',(#4537),#2488,.T.);
#4537 = FACE_BOUND('',#4538,.T.);
#4538 = EDGE_LOOP('',(#4539,#4560,#4561,#4562));
#4539 = ORIENTED_EDGE('',*,*,#4540,.F.);
#4540 = EDGE_CURVE('',#2445,#2959,#4541,.T.);
#4541 = SURFACE_CURVE('',#4542,(#4546,#4553),.PCURVE_S1.);
#4542 = LINE('',#4543,#4544);
#4543 = CARTESIAN_POINT('',(18.5,28.5,16.));
#4544 = VECTOR('',#4545,1.);
#4545 = DIRECTION('',(1.,0.,0.));
#4546 = PCURVE('',#2488,#4547);
#4547 = DEFINITIONAL_REPRESENTATION('',(#4548),#4552);
#4548 = LINE('',#4549,#4550);
#4549 = CARTESIAN_POINT('',(0.,0.));
#4550 = VECTOR('',#4551,1.);
#4551 = DIRECTION('',(0.,1.));
#4552 = ( GEOMETRIC_REPRESENTATION_CONTEXT(2) 
PARAMETRIC_REPRESENTATION_CONTEXT() REPRESENTATION_CONTEXT('2D SPACE',''
  ) );
#4553 = PCURVE('',#2460,#4554);
#4554 = DEFINITIONAL_REPRESENTATION('',(#4555),#4559);
#4555 = LINE('',#4556,#4557);
#4556 = CARTESIAN_POINT('',(0.,13.));
#4557 = VECTOR('',#4558,1.);
#4558 = DIRECTION('',(1.,0.));
#4559 = ( GEOMETRIC_REPRESENTATION_CONTEXT(2) 
PARAMETRIC_REPRESENTATION_CONTEXT() REPRESENTATION_CONTEXT('2D SPACE',''
  ) );
#4560 = ORIENTED_EDGE('',*,*,#2472,.T.);
#4561 = ORIENTED_EDGE('',*,*,#4485,.T.);
#4562 = ORIENTED_EDGE('',*,*,#2981,.F.);
#4563 = ADVANCED_FACE('',(#4564),#2460,.F.);
#4564 = FACE_BOUND('',#4565,.F.);
#4565 = EDGE_LOOP('',(#4566,#4567,#4568,#4569));
#4566 = ORIENTED_EDGE('',*,*,#2444,.F.);
#4567 = ORIENTED_EDGE('',*,*,#2887,.T.);
#4568 = ORIENTED_EDGE('',*,*,#2958,.T.);
#4569 = ORIENTED_EDGE('',*,*,#4540,.F.);
#4570 = ADVANCED_FACE('',(#4571),#3352,.F.);
#4571 = FACE_BOUND('',#4572,.T.);
#4572 = EDGE_LOOP('',(#4573,#4574,#4597,#4624));
#4573 = ORIENTED_EDGE('',*,*,#3337,.F.);
#4574 = ORIENTED_EDGE('',*,*,#4575,.T.);
#4575 = EDGE_CURVE('',#3318,#4576,#4578,.T.);
#4576 = VERTEX_POINT('',#4577);
#4577 = CARTESIAN_POINT('',(-10.9,-13.,5.5));
#4578 = SEAM_CURVE('',#4579,(#4583,#4590),.PCURVE_S1.);
#4579 = LINE('',#4580,#4581);
#4580 = CARTESIAN_POINT('',(-10.9,-13.,0.));
#4581 = VECTOR('',#4582,1.);
#4582 = DIRECTION('',(0.,0.,1.));
#4583 = PCURVE('',#3352,#4584);
#4584 = DEFINITIONAL_REPRESENTATION('',(#4585),#4589);
#4585 = LINE('',#4586,#4587);
#4586 = CARTESIAN_POINT('',(-6.28318530718,0.));
#4587 = VECTOR('',#4588,1.);
#4588 = DIRECTION('',(-0.,-1.));
#4589 = ( GEOMETRIC_REPRESENTATION_CONTEXT(2) 
PARAMETRIC_REPRESENTATION_CONTEXT() REPRESENTATION_CONTEXT('2D SPACE',''
  ) );
#4590 = PCURVE('',#3352,#4591);
#4591 = DEFINITIONAL_REPRESENTATION('',(#4592),#4596);
#4592 = LINE('',#4593,#4594);
#4593 = CARTESIAN_POINT('',(-0.,0.));
#4594 = VECTOR('',#4595,1.);
#4595 = DIRECTION('',(-0.,-1.));
#4596 = ( GEOMETRIC_REPRESENTATION_CONTEXT(2) 
PARAMETRIC_REPRESENTATION_CONTEXT() REPRESENTATION_CONTEXT('2D SPACE',''
  ) );
#4597 = ORIENTED_EDGE('',*,*,#4598,.T.);
#4598 = EDGE_CURVE('',#4576,#4576,#4599,.T.);
#4599 = SURFACE_CURVE('',#4600,(#4605,#4612),.PCURVE_S1.);
#4600 = CIRCLE('',#4601,2.1);
#4601 = AXIS2_PLACEMENT_3D('',#4602,#4603,#4604);
#4602 = CARTESIAN_POINT('',(-13.,-13.,5.5));
#4603 = DIRECTION('',(0.,0.,1.));
#4604 = DIRECTION('',(1.,0.,0.));
#4605 = PCURVE('',#3352,#4606);
#4606 = DEFINITIONAL_REPRESENTATION('',(#4607),#4611);
#4607 = LINE('',#4608,#4609);
#4608 = CARTESIAN_POINT('',(-0.,-5.5));
#4609 = VECTOR('',#4610,1.);
#4610 = DIRECTION('',(-1.,0.));
#4611 = ( GEOMETRIC_REPRESENTATION_CONTEXT(2) 
PARAMETRIC_REPRESENTATION_CONTEXT() REPRESENTATION_CONTEXT('2D SPACE',''
  ) );
#4612 = PCURVE('',#4613,#4618);
#4613 = PLANE('',#4614);
#4614 = AXIS2_PLACEMENT_3D('',#4615,#4616,#4617);
#4615 = CARTESIAN_POINT('',(-13.,-13.,5.5));
#4616 = DIRECTION('',(0.,0.,1.));
#4617 = DIRECTION('',(1.,0.,-0.));
#4618 = DEFINITIONAL_REPRESENTATION('',(#4619),#4623);
#4619 = CIRCLE('',#4620,2.1);
#4620 = AXIS2_PLACEMENT_2D('',#4621,#4622);
#4621 = CARTESIAN_POINT('',(0.,0.));
#4622 = DIRECTION('',(1.,0.));
#4623 = ( GEOMETRIC_REPRESENTATION_CONTEXT(2) 
PARAMETRIC_REPRESENTATION_CONTEXT() REPRESENTATION_CONTEXT('2D SPACE',''
  ) );
#4624 = ORIENTED_EDGE('',*,*,#4575,.F.);
#4625 = ADVANCED_FACE('',(#4626),#3404,.F.);
#4626 = FACE_BOUND('',#4627,.T.);
#4627 = EDGE_LOOP('',(#4628,#4629,#4652,#4679));
#4628 = ORIENTED_EDGE('',*,*,#3389,.F.);
#4629 = ORIENTED_EDGE('',*,*,#4630,.T.);
#4630 = EDGE_CURVE('',#3370,#4631,#4633,.T.);
#4631 = VERTEX_POINT('',#4632);
#4632 = CARTESIAN_POINT('',(15.1,-13.,5.5));
#4633 = SEAM_CURVE('',#4634,(#4638,#4645),.PCURVE_S1.);
#4634 = LINE('',#4635,#4636);
#4635 = CARTESIAN_POINT('',(15.1,-13.,0.));
#4636 = VECTOR('',#4637,1.);
#4637 = DIRECTION('',(0.,0.,1.));
#4638 = PCURVE('',#3404,#4639);
#4639 = DEFINITIONAL_REPRESENTATION('',(#4640),#4644);
#4640 = LINE('',#4641,#4642);
#4641 = CARTESIAN_POINT('',(-6.28318530718,0.));
#4642 = VECTOR('',#4643,1.);
#4643 = DIRECTION('',(-0.,-1.));
#4644 = ( GEOMETRIC_REPRESENTATION_CONTEXT(2) 
PARAMETRIC_REPRESENTATION_CONTEXT() REPRESENTATION_CONTEXT('2D SPACE',''
  ) );
#4645 = PCURVE('',#3404,#4646);
#4646 = DEFINITIONAL_REPRESENTATION('',(#4647),#4651);
#4647 = LINE('',#4648,#4649);
#4648 = CARTESIAN_POINT('',(-0.,0.));
#4649 = VECTOR('',#4650,1.);
#4650 = DIRECTION('',(-0.,-1.));
#4651 = ( GEOMETRIC_REPRESENTATION_CONTEXT(2) 
PARAMETRIC_REPRESENTATION_CONTEXT() REPRESENTATION_CONTEXT('2D SPACE',''
  ) );
#4652 = ORIENTED_EDGE('',*,*,#4653,.T.);
#4653 = EDGE_CURVE('',#4631,#4631,#4654,.T.);
#4654 = SURFACE_CURVE('',#4655,(#4660,#4667),.PCURVE_S1.);
#4655 = CIRCLE('',#4656,2.1);
#4656 = AXIS2_PLACEMENT_3D('',#4657,#4658,#4659);
#4657 = CARTESIAN_POINT('',(13.,-13.,5.5));
#4658 = DIRECTION('',(0.,0.,1.));
#4659 = DIRECTION('',(1.,0.,0.));
#4660 = PCURVE('',#3404,#4661);
#4661 = DEFINITIONAL_REPRESENTATION('',(#4662),#4666);
#4662 = LINE('',#4663,#4664);
#4663 = CARTESIAN_POINT('',(-0.,-5.5));
#4664 = VECTOR('',#4665,1.);
#4665 = DIRECTION('',(-1.,0.));
#4666 = ( GEOMETRIC_REPRESENTATION_CONTEXT(2) 
PARAMETRIC_REPRESENTATION_CONTEXT() REPRESENTATION_CONTEXT('2D SPACE',''
  ) );
#4667 = PCURVE('',#4668,#4673);
#4668 = PLANE('',#4669);
#4669 = AXIS2_PLACEMENT_3D('',#4670,#4671,#4672);
#4670 = CARTESIAN_POINT('',(13.,-13.,5.5));
#4671 = DIRECTION('',(0.,0.,1.));
#4672 = DIRECTION('',(1.,0.,-0.));
#4673 = DEFINITIONAL_REPRESENTATION('',(#4674),#4678);
#4674 = CIRCLE('',#4675,2.1);
#4675 = AXIS2_PLACEMENT_2D('',#4676,#4677);
#4676 = CARTESIAN_POINT('',(0.,0.));
#4677 = DIRECTION('',(1.,0.));
#4678 = ( GEOMETRIC_REPRESENTATION_CONTEXT(2) 
PARAMETRIC_REPRESENTATION_CONTEXT() REPRESENTATION_CONTEXT('2D SPACE',''
  ) );
#4679 = ORIENTED_EDGE('',*,*,#4630,.F.);
#4680 = ADVANCED_FACE('',(#4681),#3456,.F.);
#4681 = FACE_BOUND('',#4682,.T.);
#4682 = EDGE_LOOP('',(#4683,#4684,#4707,#4734));
#4683 = ORIENTED_EDGE('',*,*,#3441,.F.);
#4684 = ORIENTED_EDGE('',*,*,#4685,.T.);
#4685 = EDGE_CURVE('',#3422,#4686,#4688,.T.);
#4686 = VERTEX_POINT('',#4687);
#4687 = CARTESIAN_POINT('',(-10.9,13.,5.5));
#4688 = SEAM_CURVE('',#4689,(#4693,#4700),.PCURVE_S1.);
#4689 = LINE('',#4690,#4691);
#4690 = CARTESIAN_POINT('',(-10.9,13.,0.));
#4691 = VECTOR('',#4692,1.);
#4692 = DIRECTION('',(0.,0.,1.));
#4693 = PCURVE('',#3456,#4694);
#4694 = DEFINITIONAL_REPRESENTATION('',(#4695),#4699);
#4695 = LINE('',#4696,#4697);
#4696 = CARTESIAN_POINT('',(-6.28318530718,0.));
#4697 = VECTOR('',#4698,1.);
#4698 = DIRECTION('',(-0.,-1.));
#4699 = ( GEOMETRIC_REPRESENTATION_CONTEXT(2) 
PARAMETRIC_REPRESENTATION_CONTEXT() REPRESENTATION_CONTEXT('2D SPACE',''
  ) );
#4700 = PCURVE('',#3456,#4701);
#4701 = DEFINITIONAL_REPRESENTATION('',(#4702),#4706);
#4702 = LINE('',#4703,#4704);
#4703 = CARTESIAN_POINT('',(-0.,0.));
#4704 = VECTOR('',#4705,1.);
#4705 = DIRECTION('',(-0.,-1.));
#4706 = ( GEOMETRIC_REPRESENTATION_CONTEXT(2) 
PARAMETRIC_REPRESENTATION_CONTEXT() REPRESENTATION_CONTEXT('2D SPACE',''
  ) );
#4707 = ORIENTED_EDGE('',*,*,#4708,.T.);
#4708 = EDGE_CURVE('',#4686,#4686,#4709,.T.);
#4709 = SURFACE_CURVE('',#4710,(#4715,#4722),.PCURVE_S1.);
#4710 = CIRCLE('',#4711,2.1);
#4711 = AXIS2_PLACEMENT_3D('',#4712,#4713,#4714);
#4712 = CARTESIAN_POINT('',(-13.,13.,5.5));
#4713 = DIRECTION('',(0.,0.,1.));
#4714 = DIRECTION('',(1.,0.,0.));
#4715 = PCURVE('',#3456,#4716);
#4716 = DEFINITIONAL_REPRESENTATION('',(#4717),#4721);
#4717 = LINE('',#4718,#4719);
#4718 = CARTESIAN_POINT('',(-0.,-5.5));
#4719 = VECTOR('',#4720,1.);
#4720 = DIRECTION('',(-1.,0.));
#4721 = ( GEOMETRIC_REPRESENTATION_CONTEXT(2) 
PARAMETRIC_REPRESENTATION_CONTEXT() REPRESENTATION_CONTEXT('2D SPACE',''
  ) );
#4722 = PCURVE('',#4723,#4728);
#4723 = PLANE('',#4724);
#4724 = AXIS2_PLACEMENT_3D('',#4725,#4726,#4727);
#4725 = CARTESIAN_POINT('',(-13.,13.,5.5));
#4726 = DIRECTION('',(0.,0.,1.));
#4727 = DIRECTION('',(1.,0.,-0.));
#4728 = DEFINITIONAL_REPRESENTATION('',(#4729),#4733);
#4729 = CIRCLE('',#4730,2.1);
#4730 = AXIS2_PLACEMENT_2D('',#4731,#4732);
#4731 = CARTESIAN_POINT('',(0.,0.));
#4732 = DIRECTION('',(1.,0.));
#4733 = ( GEOMETRIC_REPRESENTATION_CONTEXT(2) 
PARAMETRIC_REPRESENTATION_CONTEXT() REPRESENTATION_CONTEXT('2D SPACE',''
  ) );
#4734 = ORIENTED_EDGE('',*,*,#4685,.F.);
#4735 = ADVANCED_FACE('',(#4736),#3508,.F.);
#4736 = FACE_BOUND('',#4737,.T.);
#4737 = EDGE_LOOP('',(#4738,#4739,#4762,#4789));
#4738 = ORIENTED_EDGE('',*,*,#3493,.F.);
#4739 = ORIENTED_EDGE('',*,*,#4740,.T.);
#4740 = EDGE_CURVE('',#3474,#4741,#4743,.T.);
#4741 = VERTEX_POINT('',#4742);
#4742 = CARTESIAN_POINT('',(15.1,13.,5.5));
#4743 = SEAM_CURVE('',#4744,(#4748,#4755),.PCURVE_S1.);
#4744 = LINE('',#4745,#4746);
#4745 = CARTESIAN_POINT('',(15.1,13.,0.));
#4746 = VECTOR('',#4747,1.);
#4747 = DIRECTION('',(0.,0.,1.));
#4748 = PCURVE('',#3508,#4749);
#4749 = DEFINITIONAL_REPRESENTATION('',(#4750),#4754);
#4750 = LINE('',#4751,#4752);
#4751 = CARTESIAN_POINT('',(-6.28318530718,0.));
#4752 = VECTOR('',#4753,1.);
#4753 = DIRECTION('',(-0.,-1.));
#4754 = ( GEOMETRIC_REPRESENTATION_CONTEXT(2) 
PARAMETRIC_REPRESENTATION_CONTEXT() REPRESENTATION_CONTEXT('2D SPACE',''
  ) );
#4755 = PCURVE('',#3508,#4756);
#4756 = DEFINITIONAL_REPRESENTATION('',(#4757),#4761);
#4757 = LINE('',#4758,#4759);
#4758 = CARTESIAN_POINT('',(-0.,0.));
#4759 = VECTOR('',#4760,1.);
#4760 = DIRECTION('',(-0.,-1.));
#4761 = ( GEOMETRIC_REPRESENTATION_CONTEXT(2) 
PARAMETRIC_REPRESENTATION_CONTEXT() REPRESENTATION_CONTEXT('2D SPACE',''
  ) );
#4762 = ORIENTED_EDGE('',*,*,#4763,.T.);
#4763 = EDGE_CURVE('',#4741,#4741,#4764,.T.);
#4764 = SURFACE_CURVE('',#4765,(#4770,#4777),.PCURVE_S1.);
#4765 = CIRCLE('',#4766,2.1);
#4766 = AXIS2_PLACEMENT_3D('',#4767,#4768,#4769);
#4767 = CARTESIAN_POINT('',(13.,13.,5.5));
#4768 = DIRECTION('',(0.,0.,1.));
#4769 = DIRECTION('',(1.,0.,0.));
#4770 = PCURVE('',#3508,#4771);
#4771 = DEFINITIONAL_REPRESENTATION('',(#4772),#4776);
#4772 = LINE('',#4773,#4774);
#4773 = CARTESIAN_POINT('',(-0.,-5.5));
#4774 = VECTOR('',#4775,1.);
#4775 = DIRECTION('',(-1.,0.));
#4776 = ( GEOMETRIC_REPRESENTATION_CONTEXT(2) 
PARAMETRIC_REPRESENTATION_CONTEXT() REPRESENTATION_CONTEXT('2D SPACE',''
  ) );
#4777 = PCURVE('',#4778,#4783);
#4778 = PLANE('',#4779);
#4779 = AXIS2_PLACEMENT_3D('',#4780,#4781,#4782);
#4780 = CARTESIAN_POINT('',(13.,13.,5.5));
#4781 = DIRECTION('',(0.,0.,1.));
#4782 = DIRECTION('',(1.,0.,-0.));
#4783 = DEFINITIONAL_REPRESENTATION('',(#4784),#4788);
#4784 = CIRCLE('',#4785,2.1);
#4785 = AXIS2_PLACEMENT_2D('',#4786,#4787);
#4786 = CARTESIAN_POINT('',(0.,0.));
#4787 = DIRECTION('',(1.,0.));
#4788 = ( GEOMETRIC_REPRESENTATION_CONTEXT(2) 
PARAMETRIC_REPRESENTATION_CONTEXT() REPRESENTATION_CONTEXT('2D SPACE',''
  ) );
#4789 = ORIENTED_EDGE('',*,*,#4740,.F.);
#4790 = ADVANCED_FACE('',(#4791),#3690,.F.);
#4791 = FACE_BOUND('',#4792,.F.);
#4792 = EDGE_LOOP('',(#4793,#4794,#4795,#4816));
#4793 = ORIENTED_EDGE('',*,*,#4035,.F.);
#4794 = ORIENTED_EDGE('',*,*,#3674,.T.);
#4795 = ORIENTED_EDGE('',*,*,#4796,.T.);
#4796 = EDGE_CURVE('',#3647,#3905,#4797,.T.);
#4797 = SURFACE_CURVE('',#4798,(#4802,#4809),.PCURVE_S1.);
#4798 = LINE('',#4799,#4800);
#4799 = CARTESIAN_POINT('',(-28.5,79.,8.));
#4800 = VECTOR('',#4801,1.);
#4801 = DIRECTION('',(0.,0.,1.));
#4802 = PCURVE('',#3690,#4803);
#4803 = DEFINITIONAL_REPRESENTATION('',(#4804),#4808);
#4804 = LINE('',#4805,#4806);
#4805 = CARTESIAN_POINT('',(0.,-18.));
#4806 = VECTOR('',#4807,1.);
#4807 = DIRECTION('',(1.,0.));
#4808 = ( GEOMETRIC_REPRESENTATION_CONTEXT(2) 
PARAMETRIC_REPRESENTATION_CONTEXT() REPRESENTATION_CONTEXT('2D SPACE',''
  ) );
#4809 = PCURVE('',#3662,#4810);
#4810 = DEFINITIONAL_REPRESENTATION('',(#4811),#4815);
#4811 = LINE('',#4812,#4813);
#4812 = CARTESIAN_POINT('',(0.,0.));
#4813 = VECTOR('',#4814,1.);
#4814 = DIRECTION('',(1.,0.));
#4815 = ( GEOMETRIC_REPRESENTATION_CONTEXT(2) 
PARAMETRIC_REPRESENTATION_CONTEXT() REPRESENTATION_CONTEXT('2D SPACE',''
  ) );
#4816 = ORIENTED_EDGE('',*,*,#3927,.F.);
#4817 = ADVANCED_FACE('',(#4818),#3662,.T.);
#4818 = FACE_BOUND('',#4819,.T.);
#4819 = EDGE_LOOP('',(#4820,#4821,#4822,#4823));
#4820 = ORIENTED_EDGE('',*,*,#3646,.F.);
#4821 = ORIENTED_EDGE('',*,*,#4796,.T.);
#4822 = ORIENTED_EDGE('',*,*,#3904,.T.);
#4823 = ORIENTED_EDGE('',*,*,#4824,.F.);
#4824 = EDGE_CURVE('',#3619,#3882,#4825,.T.);
#4825 = SURFACE_CURVE('',#4826,(#4830,#4837),.PCURVE_S1.);
#4826 = LINE('',#4827,#4828);
#4827 = CARTESIAN_POINT('',(28.5,79.,8.));
#4828 = VECTOR('',#4829,1.);
#4829 = DIRECTION('',(0.,0.,1.));
#4830 = PCURVE('',#3662,#4831);
#4831 = DEFINITIONAL_REPRESENTATION('',(#4832),#4836);
#4832 = LINE('',#4833,#4834);
#4833 = CARTESIAN_POINT('',(0.,57.));
#4834 = VECTOR('',#4835,1.);
#4835 = DIRECTION('',(1.,0.));
#4836 = ( GEOMETRIC_REPRESENTATION_CONTEXT(2) 
PARAMETRIC_REPRESENTATION_CONTEXT() REPRESENTATION_CONTEXT('2D SPACE',''
  ) );
#4837 = PCURVE('',#3634,#4838);
#4838 = DEFINITIONAL_REPRESENTATION('',(#4839),#4843);
#4839 = LINE('',#4840,#4841);
#4840 = CARTESIAN_POINT('',(0.,-18.));
#4841 = VECTOR('',#4842,1.);
#4842 = DIRECTION('',(1.,0.));
#4843 = ( GEOMETRIC_REPRESENTATION_CONTEXT(2) 
PARAMETRIC_REPRESENTATION_CONTEXT() REPRESENTATION_CONTEXT('2D SPACE',''
  ) );
#4844 = ADVANCED_FACE('',(#4845),#3634,.T.);
#4845 = FACE_BOUND('',#4846,.T.);
#4846 = EDGE_LOOP('',(#4847,#4848,#4849,#4850));
#4847 = ORIENTED_EDGE('',*,*,#4064,.F.);
#4848 = ORIENTED_EDGE('',*,*,#3618,.T.);
#4849 = ORIENTED_EDGE('',*,*,#4824,.T.);
#4850 = ORIENTED_EDGE('',*,*,#3881,.F.);
#4851 = ADVANCED_FACE('',(#4852),#3746,.F.);
#4852 = FACE_BOUND('',#4853,.T.);
#4853 = EDGE_LOOP('',(#4854,#4855,#4876,#4877));
#4854 = ORIENTED_EDGE('',*,*,#3725,.T.);
#4855 = ORIENTED_EDGE('',*,*,#4856,.T.);
#4856 = EDGE_CURVE('',#3726,#3974,#4857,.T.);
#4857 = SEAM_CURVE('',#4858,(#4862,#4869),.PCURVE_S1.);
#4858 = LINE('',#4859,#4860);
#4859 = CARTESIAN_POINT('',(-20.9,70.,7.));
#4860 = VECTOR('',#4861,1.);
#4861 = DIRECTION('',(0.,0.,1.));
#4862 = PCURVE('',#3746,#4863);
#4863 = DEFINITIONAL_REPRESENTATION('',(#4864),#4868);
#4864 = LINE('',#4865,#4866);
#4865 = CARTESIAN_POINT('',(-6.28318530718,0.));
#4866 = VECTOR('',#4867,1.);
#4867 = DIRECTION('',(-0.,-1.));
#4868 = ( GEOMETRIC_REPRESENTATION_CONTEXT(2) 
PARAMETRIC_REPRESENTATION_CONTEXT() REPRESENTATION_CONTEXT('2D SPACE',''
  ) );
#4869 = PCURVE('',#3746,#4870);
#4870 = DEFINITIONAL_REPRESENTATION('',(#4871),#4875);
#4871 = LINE('',#4872,#4873);
#4872 = CARTESIAN_POINT('',(-0.,0.));
#4873 = VECTOR('',#4874,1.);
#4874 = DIRECTION('',(-0.,-1.));
#4875 = ( GEOMETRIC_REPRESENTATION_CONTEXT(2) 
PARAMETRIC_REPRESENTATION_CONTEXT() REPRESENTATION_CONTEXT('2D SPACE',''
  ) );
#4876 = ORIENTED_EDGE('',*,*,#3973,.F.);
#4877 = ORIENTED_EDGE('',*,*,#4856,.F.);
#4878 = ADVANCED_FACE('',(#4879),#3781,.F.);
#4879 = FACE_BOUND('',#4880,.T.);
#4880 = EDGE_LOOP('',(#4881,#4882,#4903,#4904));
#4881 = ORIENTED_EDGE('',*,*,#3760,.T.);
#4882 = ORIENTED_EDGE('',*,*,#4883,.T.);
#4883 = EDGE_CURVE('',#3761,#4004,#4884,.T.);
#4884 = SEAM_CURVE('',#4885,(#4889,#4896),.PCURVE_S1.);
#4885 = LINE('',#4886,#4887);
#4886 = CARTESIAN_POINT('',(24.1,70.,7.));
#4887 = VECTOR('',#4888,1.);
#4888 = DIRECTION('',(0.,0.,1.));
#4889 = PCURVE('',#3781,#4890);
#4890 = DEFINITIONAL_REPRESENTATION('',(#4891),#4895);
#4891 = LINE('',#4892,#4893);
#4892 = CARTESIAN_POINT('',(-6.28318530718,0.));
#4893 = VECTOR('',#4894,1.);
#4894 = DIRECTION('',(-0.,-1.));
#4895 = ( GEOMETRIC_REPRESENTATION_CONTEXT(2) 
PARAMETRIC_REPRESENTATION_CONTEXT() REPRESENTATION_CONTEXT('2D SPACE',''
  ) );
#4896 = PCURVE('',#3781,#4897);
#4897 = DEFINITIONAL_REPRESENTATION('',(#4898),#4902);
#4898 = LINE('',#4899,#4900);
#4899 = CARTESIAN_POINT('',(-0.,0.));
#4900 = VECTOR('',#4901,1.);
#4901 = DIRECTION('',(-0.,-1.));
#4902 = ( GEOMETRIC_REPRESENTATION_CONTEXT(2) 
PARAMETRIC_REPRESENTATION_CONTEXT() REPRESENTATION_CONTEXT('2D SPACE',''
  ) );
#4903 = ORIENTED_EDGE('',*,*,#4003,.F.);
#4904 = ORIENTED_EDGE('',*,*,#4883,.F.);
#4905 = ADVANCED_FACE('',(#4906),#4191,.F.);
#4906 = FACE_BOUND('',#4907,.T.);
#4907 = EDGE_LOOP('',(#4908,#4931,#4932,#4933));
#4908 = ORIENTED_EDGE('',*,*,#4909,.T.);
#4909 = EDGE_CURVE('',#4910,#4175,#4912,.T.);
#4910 = VERTEX_POINT('',#4911);
#4911 = CARTESIAN_POINT('',(-20.9,-22.,20.5));
#4912 = SEAM_CURVE('',#4913,(#4917,#4924),.PCURVE_S1.);
#4913 = LINE('',#4914,#4915);
#4914 = CARTESIAN_POINT('',(-20.9,-22.,20.5));
#4915 = VECTOR('',#4916,1.);
#4916 = DIRECTION('',(0.,0.,1.));
#4917 = PCURVE('',#4191,#4918);
#4918 = DEFINITIONAL_REPRESENTATION('',(#4919),#4923);
#4919 = LINE('',#4920,#4921);
#4920 = CARTESIAN_POINT('',(-0.,0.));
#4921 = VECTOR('',#4922,1.);
#4922 = DIRECTION('',(-0.,-1.));
#4923 = ( GEOMETRIC_REPRESENTATION_CONTEXT(2) 
PARAMETRIC_REPRESENTATION_CONTEXT() REPRESENTATION_CONTEXT('2D SPACE',''
  ) );
#4924 = PCURVE('',#4191,#4925);
#4925 = DEFINITIONAL_REPRESENTATION('',(#4926),#4930);
#4926 = LINE('',#4927,#4928);
#4927 = CARTESIAN_POINT('',(-6.28318530718,0.));
#4928 = VECTOR('',#4929,1.);
#4929 = DIRECTION('',(-0.,-1.));
#4930 = ( GEOMETRIC_REPRESENTATION_CONTEXT(2) 
PARAMETRIC_REPRESENTATION_CONTEXT() REPRESENTATION_CONTEXT('2D SPACE',''
  ) );
#4931 = ORIENTED_EDGE('',*,*,#4174,.T.);
#4932 = ORIENTED_EDGE('',*,*,#4909,.F.);
#4933 = ORIENTED_EDGE('',*,*,#4934,.F.);
#4934 = EDGE_CURVE('',#4910,#4910,#4935,.T.);
#4935 = SURFACE_CURVE('',#4936,(#4941,#4948),.PCURVE_S1.);
#4936 = CIRCLE('',#4937,2.1);
#4937 = AXIS2_PLACEMENT_3D('',#4938,#4939,#4940);
#4938 = CARTESIAN_POINT('',(-23.,-22.,20.5));
#4939 = DIRECTION('',(0.,0.,1.));
#4940 = DIRECTION('',(1.,0.,0.));
#4941 = PCURVE('',#4191,#4942);
#4942 = DEFINITIONAL_REPRESENTATION('',(#4943),#4947);
#4943 = LINE('',#4944,#4945);
#4944 = CARTESIAN_POINT('',(-0.,0.));
#4945 = VECTOR('',#4946,1.);
#4946 = DIRECTION('',(-1.,0.));
#4947 = ( GEOMETRIC_REPRESENTATION_CONTEXT(2) 
PARAMETRIC_REPRESENTATION_CONTEXT() REPRESENTATION_CONTEXT('2D SPACE',''
  ) );
#4948 = PCURVE('',#4949,#4954);
#4949 = PLANE('',#4950);
#4950 = AXIS2_PLACEMENT_3D('',#4951,#4952,#4953);
#4951 = CARTESIAN_POINT('',(-23.,-22.,20.5));
#4952 = DIRECTION('',(0.,0.,1.));
#4953 = DIRECTION('',(1.,0.,-0.));
#4954 = DEFINITIONAL_REPRESENTATION('',(#4955),#4959);
#4955 = CIRCLE('',#4956,2.1);
#4956 = AXIS2_PLACEMENT_2D('',#4957,#4958);
#4957 = CARTESIAN_POINT('',(0.,0.));
#4958 = DIRECTION('',(1.,0.));
#4959 = ( GEOMETRIC_REPRESENTATION_CONTEXT(2) 
PARAMETRIC_REPRESENTATION_CONTEXT() REPRESENTATION_CONTEXT('2D SPACE',''
  ) );
#4960 = ADVANCED_FACE('',(#4961),#4282,.F.);
#4961 = FACE_BOUND('',#4962,.T.);
#4962 = EDGE_LOOP('',(#4963,#4986,#4987,#4988));
#4963 = ORIENTED_EDGE('',*,*,#4964,.T.);
#4964 = EDGE_CURVE('',#4965,#4266,#4967,.T.);
#4965 = VERTEX_POINT('',#4966);
#4966 = CARTESIAN_POINT('',(-20.9,22.,20.5));
#4967 = SEAM_CURVE('',#4968,(#4972,#4979),.PCURVE_S1.);
#4968 = LINE('',#4969,#4970);
#4969 = CARTESIAN_POINT('',(-20.9,22.,20.5));
#4970 = VECTOR('',#4971,1.);
#4971 = DIRECTION('',(0.,0.,1.));
#4972 = PCURVE('',#4282,#4973);
#4973 = DEFINITIONAL_REPRESENTATION('',(#4974),#4978);
#4974 = LINE('',#4975,#4976);
#4975 = CARTESIAN_POINT('',(-0.,0.));
#4976 = VECTOR('',#4977,1.);
#4977 = DIRECTION('',(-0.,-1.));
#4978 = ( GEOMETRIC_REPRESENTATION_CONTEXT(2) 
PARAMETRIC_REPRESENTATION_CONTEXT() REPRESENTATION_CONTEXT('2D SPACE',''
  ) );
#4979 = PCURVE('',#4282,#4980);
#4980 = DEFINITIONAL_REPRESENTATION('',(#4981),#4985);
#4981 = LINE('',#4982,#4983);
#4982 = CARTESIAN_POINT('',(-6.28318530718,0.));
#4983 = VECTOR('',#4984,1.);
#4984 = DIRECTION('',(-0.,-1.));
#4985 = ( GEOMETRIC_REPRESENTATION_CONTEXT(2) 
PARAMETRIC_REPRESENTATION_CONTEXT() REPRESENTATION_CONTEXT('2D SPACE',''
  ) );
#4986 = ORIENTED_EDGE('',*,*,#4265,.T.);
#4987 = ORIENTED_EDGE('',*,*,#4964,.F.);
#4988 = ORIENTED_EDGE('',*,*,#4989,.F.);
#4989 = EDGE_CURVE('',#4965,#4965,#4990,.T.);
#4990 = SURFACE_CURVE('',#4991,(#4996,#5003),.PCURVE_S1.);
#4991 = CIRCLE('',#4992,2.1);
#4992 = AXIS2_PLACEMENT_3D('',#4993,#4994,#4995);
#4993 = CARTESIAN_POINT('',(-23.,22.,20.5));
#4994 = DIRECTION('',(0.,0.,1.));
#4995 = DIRECTION('',(1.,0.,0.));
#4996 = PCURVE('',#4282,#4997);
#4997 = DEFINITIONAL_REPRESENTATION('',(#4998),#5002);
#4998 = LINE('',#4999,#5000);
#4999 = CARTESIAN_POINT('',(-0.,0.));
#5000 = VECTOR('',#5001,1.);
#5001 = DIRECTION('',(-1.,0.));
#5002 = ( GEOMETRIC_REPRESENTATION_CONTEXT(2) 
PARAMETRIC_REPRESENTATION_CONTEXT() REPRESENTATION_CONTEXT('2D SPACE',''
  ) );
#5003 = PCURVE('',#5004,#5009);
#5004 = PLANE('',#5005);
#5005 = AXIS2_PLACEMENT_3D('',#5006,#5007,#5008);
#5006 = CARTESIAN_POINT('',(-23.,22.,20.5));
#5007 = DIRECTION('',(0.,0.,1.));
#5008 = DIRECTION('',(1.,0.,-0.));
#5009 = DEFINITIONAL_REPRESENTATION('',(#5010),#5014);
#5010 = CIRCLE('',#5011,2.1);
#5011 = AXIS2_PLACEMENT_2D('',#5012,#5013);
#5012 = CARTESIAN_POINT('',(0.,0.));
#5013 = DIRECTION('',(1.,0.));
#5014 = ( GEOMETRIC_REPRESENTATION_CONTEXT(2) 
PARAMETRIC_REPRESENTATION_CONTEXT() REPRESENTATION_CONTEXT('2D SPACE',''
  ) );
#5015 = ADVANCED_FACE('',(#5016),#4434,.F.);
#5016 = FACE_BOUND('',#5017,.T.);
#5017 = EDGE_LOOP('',(#5018,#5041,#5042,#5043));
#5018 = ORIENTED_EDGE('',*,*,#5019,.T.);
#5019 = EDGE_CURVE('',#5020,#4418,#5022,.T.);
#5020 = VERTEX_POINT('',#5021);
#5021 = CARTESIAN_POINT('',(25.1,-22.,20.5));
#5022 = SEAM_CURVE('',#5023,(#5027,#5034),.PCURVE_S1.);
#5023 = LINE('',#5024,#5025);
#5024 = CARTESIAN_POINT('',(25.1,-22.,20.5));
#5025 = VECTOR('',#5026,1.);
#5026 = DIRECTION('',(0.,0.,1.));
#5027 = PCURVE('',#4434,#5028);
#5028 = DEFINITIONAL_REPRESENTATION('',(#5029),#5033);
#5029 = LINE('',#5030,#5031);
#5030 = CARTESIAN_POINT('',(-0.,0.));
#5031 = VECTOR('',#5032,1.);
#5032 = DIRECTION('',(-0.,-1.));
#5033 = ( GEOMETRIC_REPRESENTATION_CONTEXT(2) 
PARAMETRIC_REPRESENTATION_CONTEXT() REPRESENTATION_CONTEXT('2D SPACE',''
  ) );
#5034 = PCURVE('',#4434,#5035);
#5035 = DEFINITIONAL_REPRESENTATION('',(#5036),#5040);
#5036 = LINE('',#5037,#5038);
#5037 = CARTESIAN_POINT('',(-6.28318530718,0.));
#5038 = VECTOR('',#5039,1.);
#5039 = DIRECTION('',(-0.,-1.));
#5040 = ( GEOMETRIC_REPRESENTATION_CONTEXT(2) 
PARAMETRIC_REPRESENTATION_CONTEXT() REPRESENTATION_CONTEXT('2D SPACE',''
  ) );
#5041 = ORIENTED_EDGE('',*,*,#4417,.T.);
#5042 = ORIENTED_EDGE('',*,*,#5019,.F.);
#5043 = ORIENTED_EDGE('',*,*,#5044,.F.);
#5044 = EDGE_CURVE('',#5020,#5020,#5045,.T.);
#5045 = SURFACE_CURVE('',#5046,(#5051,#5058),.PCURVE_S1.);
#5046 = CIRCLE('',#5047,2.1);
#5047 = AXIS2_PLACEMENT_3D('',#5048,#5049,#5050);
#5048 = CARTESIAN_POINT('',(23.,-22.,20.5));
#5049 = DIRECTION('',(0.,0.,1.));
#5050 = DIRECTION('',(1.,0.,0.));
#5051 = PCURVE('',#4434,#5052);
#5052 = DEFINITIONAL_REPRESENTATION('',(#5053),#5057);
#5053 = LINE('',#5054,#5055);
#5054 = CARTESIAN_POINT('',(-0.,0.));
#5055 = VECTOR('',#5056,1.);
#5056 = DIRECTION('',(-1.,0.));
#5057 = ( GEOMETRIC_REPRESENTATION_CONTEXT(2) 
PARAMETRIC_REPRESENTATION_CONTEXT() REPRESENTATION_CONTEXT('2D SPACE',''
  ) );
#5058 = PCURVE('',#5059,#5064);
#5059 = PLANE('',#5060);
#5060 = AXIS2_PLACEMENT_3D('',#5061,#5062,#5063);
#5061 = CARTESIAN_POINT('',(23.,-22.,20.5));
#5062 = DIRECTION('',(0.,0.,1.));
#5063 = DIRECTION('',(1.,0.,-0.));
#5064 = DEFINITIONAL_REPRESENTATION('',(#5065),#5069);
#5065 = CIRCLE('',#5066,2.1);
#5066 = AXIS2_PLACEMENT_2D('',#5067,#5068);
#5067 = CARTESIAN_POINT('',(0.,0.));
#5068 = DIRECTION('',(1.,0.));
#5069 = ( GEOMETRIC_REPRESENTATION_CONTEXT(2) 
PARAMETRIC_REPRESENTATION_CONTEXT() REPRESENTATION_CONTEXT('2D SPACE',''
  ) );
#5070 = ADVANCED_FACE('',(#5071),#4525,.F.);
#5071 = FACE_BOUND('',#5072,.T.);
#5072 = EDGE_LOOP('',(#5073,#5096,#5097,#5098));
#5073 = ORIENTED_EDGE('',*,*,#5074,.T.);
#5074 = EDGE_CURVE('',#5075,#4509,#5077,.T.);
#5075 = VERTEX_POINT('',#5076);
#5076 = CARTESIAN_POINT('',(25.1,22.,20.5));
#5077 = SEAM_CURVE('',#5078,(#5082,#5089),.PCURVE_S1.);
#5078 = LINE('',#5079,#5080);
#5079 = CARTESIAN_POINT('',(25.1,22.,20.5));
#5080 = VECTOR('',#5081,1.);
#5081 = DIRECTION('',(0.,0.,1.));
#5082 = PCURVE('',#4525,#5083);
#5083 = DEFINITIONAL_REPRESENTATION('',(#5084),#5088);
#5084 = LINE('',#5085,#5086);
#5085 = CARTESIAN_POINT('',(-0.,0.));
#5086 = VECTOR('',#5087,1.);
#5087 = DIRECTION('',(-0.,-1.));
#5088 = ( GEOMETRIC_REPRESENTATION_CONTEXT(2) 
PARAMETRIC_REPRESENTATION_CONTEXT() REPRESENTATION_CONTEXT('2D SPACE',''
  ) );
#5089 = PCURVE('',#4525,#5090);
#5090 = DEFINITIONAL_REPRESENTATION('',(#5091),#5095);
#5091 = LINE('',#5092,#5093);
#5092 = CARTESIAN_POINT('',(-6.28318530718,0.));
#5093 = VECTOR('',#5094,1.);
#5094 = DIRECTION('',(-0.,-1.));
#5095 = ( GEOMETRIC_REPRESENTATION_CONTEXT(2) 
PARAMETRIC_REPRESENTATION_CONTEXT() REPRESENTATION_CONTEXT('2D SPACE',''
  ) );
#5096 = ORIENTED_EDGE('',*,*,#4508,.T.);
#5097 = ORIENTED_EDGE('',*,*,#5074,.F.);
#5098 = ORIENTED_EDGE('',*,*,#5099,.F.);
#5099 = EDGE_CURVE('',#5075,#5075,#5100,.T.);
#5100 = SURFACE_CURVE('',#5101,(#5106,#5113),.PCURVE_S1.);
#5101 = CIRCLE('',#5102,2.1);
#5102 = AXIS2_PLACEMENT_3D('',#5103,#5104,#5105);
#5103 = CARTESIAN_POINT('',(23.,22.,20.5));
#5104 = DIRECTION('',(0.,0.,1.));
#5105 = DIRECTION('',(1.,0.,0.));
#5106 = PCURVE('',#4525,#5107);
#5107 = DEFINITIONAL_REPRESENTATION('',(#5108),#5112);
#5108 = LINE('',#5109,#5110);
#5109 = CARTESIAN_POINT('',(-0.,0.));
#5110 = VECTOR('',#5111,1.);
#5111 = DIRECTION('',(-1.,0.));
#5112 = ( GEOMETRIC_REPRESENTATION_CONTEXT(2) 
PARAMETRIC_REPRESENTATION_CONTEXT() REPRESENTATION_CONTEXT('2D SPACE',''
  ) );
#5113 = PCURVE('',#5114,#5119);
#5114 = PLANE('',#5115);
#5115 = AXIS2_PLACEMENT_3D('',#5116,#5117,#5118);
#5116 = CARTESIAN_POINT('',(23.,22.,20.5));
#5117 = DIRECTION('',(0.,0.,1.));
#5118 = DIRECTION('',(1.,0.,-0.));
#5119 = DEFINITIONAL_REPRESENTATION('',(#5120),#5124);
#5120 = CIRCLE('',#5121,2.1);
#5121 = AXIS2_PLACEMENT_2D('',#5122,#5123);
#5122 = CARTESIAN_POINT('',(0.,0.));
#5123 = DIRECTION('',(1.,0.));
#5124 = ( GEOMETRIC_REPRESENTATION_CONTEXT(2) 
PARAMETRIC_REPRESENTATION_CONTEXT() REPRESENTATION_CONTEXT('2D SPACE',''
  ) );
#5125 = ADVANCED_FACE('',(#5126),#4613,.F.);
#5126 = FACE_BOUND('',#5127,.F.);
#5127 = EDGE_LOOP('',(#5128));
#5128 = ORIENTED_EDGE('',*,*,#4598,.T.);
#5129 = ADVANCED_FACE('',(#5130),#4668,.F.);
#5130 = FACE_BOUND('',#5131,.F.);
#5131 = EDGE_LOOP('',(#5132));
#5132 = ORIENTED_EDGE('',*,*,#4653,.T.);
#5133 = ADVANCED_FACE('',(#5134),#4723,.F.);
#5134 = FACE_BOUND('',#5135,.F.);
#5135 = EDGE_LOOP('',(#5136));
#5136 = ORIENTED_EDGE('',*,*,#4708,.T.);
#5137 = ADVANCED_FACE('',(#5138),#4778,.F.);
#5138 = FACE_BOUND('',#5139,.F.);
#5139 = EDGE_LOOP('',(#5140));
#5140 = ORIENTED_EDGE('',*,*,#4763,.T.);
#5141 = ADVANCED_FACE('',(#5142),#4949,.T.);
#5142 = FACE_BOUND('',#5143,.T.);
#5143 = EDGE_LOOP('',(#5144));
#5144 = ORIENTED_EDGE('',*,*,#4934,.T.);
#5145 = ADVANCED_FACE('',(#5146),#5004,.T.);
#5146 = FACE_BOUND('',#5147,.T.);
#5147 = EDGE_LOOP('',(#5148));
#5148 = ORIENTED_EDGE('',*,*,#4989,.T.);
#5149 = ADVANCED_FACE('',(#5150),#5059,.T.);
#5150 = FACE_BOUND('',#5151,.T.);
#5151 = EDGE_LOOP('',(#5152));
#5152 = ORIENTED_EDGE('',*,*,#5044,.T.);
#5153 = ADVANCED_FACE('',(#5154),#5114,.T.);
#5154 = FACE_BOUND('',#5155,.T.);
#5155 = EDGE_LOOP('',(#5156));
#5156 = ORIENTED_EDGE('',*,*,#5099,.T.);
#5157 = ( GEOMETRIC_REPRESENTATION_CONTEXT(3) 
GLOBAL_UNCERTAINTY_ASSIGNED_CONTEXT((#5161)) 
GLOBAL_UNIT_ASSIGNED_CONTEXT((#5158,#5159,#5160)) REPRESENTATION_CONTEXT
('Context #1','3D Context with UNIT and UNCERTAINTY') );
#5158 = ( LENGTH_UNIT() NAMED_UNIT(*) SI_UNIT(.MILLI.,.METRE.) );
#5159 = ( NAMED_UNIT(*) PLANE_ANGLE_UNIT() SI_UNIT($,.RADIAN.) );
#5160 = ( NAMED_UNIT(*) SI_UNIT($,.STERADIAN.) SOLID_ANGLE_UNIT() );
#5161 = UNCERTAINTY_MEASURE_WITH_UNIT(LENGTH_MEASURE(5.E-07),#5158,
  'distance_accuracy_value','confusion accuracy');
#5162 = CONTEXT_DEPENDENT_SHAPE_REPRESENTATION(#5163,#5165);
#5163 = ( REPRESENTATION_RELATIONSHIP('','',#40,#10) 
REPRESENTATION_RELATIONSHIP_WITH_TRANSFORMATION(#5164) 
SHAPE_REPRESENTATION_RELATIONSHIP() );
#5164 = ITEM_DEFINED_TRANSFORMATION('','',#11,#15);
#5165 = PRODUCT_DEFINITION_SHAPE('Placement','Placement of an item',
  #5166);
#5166 = NEXT_ASSEMBLY_USAGE_OCCURRENCE('1','','',#5,#35,$);
#5167 = PRODUCT_RELATED_PRODUCT_CATEGORY('part',$,(#37));
#5168 = SHAPE_DEFINITION_REPRESENTATION(#5169,#5175);
#5169 = PRODUCT_DEFINITION_SHAPE('','',#5170);
#5170 = PRODUCT_DEFINITION('design','',#5171,#5174);
#5171 = PRODUCT_DEFINITION_FORMATION('','',#5172);
#5172 = PRODUCT('Open CASCADE STEP translator 7.9 5.2',
  'Open CASCADE STEP translator 7.9 5.2','',(#5173));
#5173 = PRODUCT_CONTEXT('',#2,'mechanical');
#5174 = PRODUCT_DEFINITION_CONTEXT('part definition',#2,'design');
#5175 = ADVANCED_BREP_SHAPE_REPRESENTATION('',(#11,#5176),#6400);
#5176 = MANIFOLD_SOLID_BREP('',#5177);
#5177 = CLOSED_SHELL('',(#5178,#5359,#5711,#5795,#6097,#6159,#6186,#6249
    ,#6282,#6339,#6346,#6373));
#5178 = ADVANCED_FACE('',(#5179),#5194,.F.);
#5179 = FACE_BOUND('',#5180,.F.);
#5180 = EDGE_LOOP('',(#5181,#5219,#5253,#5281,#5304,#5338));
#5181 = ORIENTED_EDGE('',*,*,#5182,.T.);
#5182 = EDGE_CURVE('',#5183,#5185,#5187,.T.);
#5183 = VERTEX_POINT('',#5184);
#5184 = CARTESIAN_POINT('',(-18.5,2.024404036218E-15,44.234210526316));
#5185 = VERTEX_POINT('',#5186);
#5186 = CARTESIAN_POINT('',(-18.5,-16.38901071468,31.8));
#5187 = SURFACE_CURVE('',#5188,(#5193,#5207),.PCURVE_S1.);
#5188 = ELLIPSE('',#5189,18.234210526316,17.286842105263);
#5189 = AXIS2_PLACEMENT_3D('',#5190,#5191,#5192);
#5190 = CARTESIAN_POINT('',(-18.5,0.,26.));
#5191 = DIRECTION('',(1.,0.,-0.));
#5192 = DIRECTION('',(0.,1.110223024625E-16,1.));
#5193 = PCURVE('',#5194,#5202);
#5194 = SURFACE_OF_LINEAR_EXTRUSION('',#5195,#5200);
#5195 = ELLIPSE('',#5196,18.234210526316,17.286842105263);
#5196 = AXIS2_PLACEMENT_3D('',#5197,#5198,#5199);
#5197 = CARTESIAN_POINT('',(-27.5,0.,26.));
#5198 = DIRECTION('',(1.,0.,-0.));
#5199 = DIRECTION('',(0.,1.110223024625E-16,1.));
#5200 = VECTOR('',#5201,1.);
#5201 = DIRECTION('',(-1.,-0.,-0.));
#5202 = DEFINITIONAL_REPRESENTATION('',(#5203),#5206);
#5203 = B_SPLINE_CURVE_WITH_KNOTS('',1,(#5204,#5205),.UNSPECIFIED.,.F.,
  .F.,(2,2),(0.,1.526908664453),.PIECEWISE_BEZIER_KNOTS.);
#5204 = CARTESIAN_POINT('',(6.28318530718,-9.));
#5205 = CARTESIAN_POINT('',(7.810093971633,-9.));
#5206 = ( GEOMETRIC_REPRESENTATION_CONTEXT(2) 
PARAMETRIC_REPRESENTATION_CONTEXT() REPRESENTATION_CONTEXT('2D SPACE',''
  ) );
#5207 = PCURVE('',#5208,#5213);
#5208 = PLANE('',#5209);
#5209 = AXIS2_PLACEMENT_3D('',#5210,#5211,#5212);
#5210 = CARTESIAN_POINT('',(-18.5,-1.746000824833E-16,26.122357823109));
#5211 = DIRECTION('',(1.,0.,0.));
#5212 = DIRECTION('',(-0.,0.,1.));
#5213 = DEFINITIONAL_REPRESENTATION('',(#5214),#5218);
#5214 = ELLIPSE('',#5215,18.234210526316,17.286842105263);
#5215 = AXIS2_PLACEMENT_2D('',#5216,#5217);
#5216 = CARTESIAN_POINT('',(-0.122357823109,-1.746000824833E-16));
#5217 = DIRECTION('',(1.,-1.110223024625E-16));
#5218 = ( GEOMETRIC_REPRESENTATION_CONTEXT(2) 
PARAMETRIC_REPRESENTATION_CONTEXT() REPRESENTATION_CONTEXT('2D SPACE',''
  ) );
#5219 = ORIENTED_EDGE('',*,*,#5220,.T.);
#5220 = EDGE_CURVE('',#5185,#5221,#5223,.T.);
#5221 = VERTEX_POINT('',#5222);
#5222 = CARTESIAN_POINT('',(-27.5,-16.38901071468,31.8));
#5223 = SURFACE_CURVE('',#5224,(#5230,#5239),.PCURVE_S1.);
#5224 = B_SPLINE_CURVE_WITH_KNOTS('',4,(#5225,#5226,#5227,#5228,#5229),
  .UNSPECIFIED.,.F.,.F.,(5,5),(0.,1.),.PIECEWISE_BEZIER_KNOTS.);
#5225 = CARTESIAN_POINT('',(-18.5,-16.38901071468,31.8));
#5226 = CARTESIAN_POINT('',(-20.74999999977,-16.38901071468,31.8));
#5227 = CARTESIAN_POINT('',(-23.00000000001,-16.38901071468,31.8));
#5228 = CARTESIAN_POINT('',(-25.25000000022,-16.38901071468,31.8));
#5229 = CARTESIAN_POINT('',(-27.5,-16.38901071468,31.8));
#5230 = PCURVE('',#5194,#5231);
#5231 = DEFINITIONAL_REPRESENTATION('',(#5232),#5238);
#5232 = B_SPLINE_CURVE_WITH_KNOTS('',4,(#5233,#5234,#5235,#5236,#5237),
  .UNSPECIFIED.,.F.,.F.,(5,5),(0.,1.),.PIECEWISE_BEZIER_KNOTS.);
#5233 = CARTESIAN_POINT('',(7.530274411806,-8.9999999991));
#5234 = CARTESIAN_POINT('',(7.530274411806,-6.749999999325));
#5235 = CARTESIAN_POINT('',(7.530274411806,-4.500000000019));
#5236 = CARTESIAN_POINT('',(7.530274411806,-2.250000000675));
#5237 = CARTESIAN_POINT('',(7.530274411806,-8.999396783338E-10));
#5238 = ( GEOMETRIC_REPRESENTATION_CONTEXT(2) 
PARAMETRIC_REPRESENTATION_CONTEXT() REPRESENTATION_CONTEXT('2D SPACE',''
  ) );
#5239 = PCURVE('',#5240,#5245);
#5240 = PLANE('',#5241);
#5241 = AXIS2_PLACEMENT_3D('',#5242,#5243,#5244);
#5242 = CARTESIAN_POINT('',(-27.5,-28.5,31.8));
#5243 = DIRECTION('',(0.,0.,1.));
#5244 = DIRECTION('',(1.,0.,0.));
#5245 = DEFINITIONAL_REPRESENTATION('',(#5246),#5252);
#5246 = B_SPLINE_CURVE_WITH_KNOTS('',4,(#5247,#5248,#5249,#5250,#5251),
  .UNSPECIFIED.,.F.,.F.,(5,5),(0.,1.),.PIECEWISE_BEZIER_KNOTS.);
#5247 = CARTESIAN_POINT('',(9.,12.110989285315));
#5248 = CARTESIAN_POINT('',(6.750000000225,12.110989285315));
#5249 = CARTESIAN_POINT('',(4.499999999981,12.110989285315));
#5250 = CARTESIAN_POINT('',(2.249999999775,12.110989285315));
#5251 = CARTESIAN_POINT('',(0.,12.110989285315));
#5252 = ( GEOMETRIC_REPRESENTATION_CONTEXT(2) 
PARAMETRIC_REPRESENTATION_CONTEXT() REPRESENTATION_CONTEXT('2D SPACE',''
  ) );
#5253 = ORIENTED_EDGE('',*,*,#5254,.F.);
#5254 = EDGE_CURVE('',#5255,#5221,#5257,.T.);
#5255 = VERTEX_POINT('',#5256);
#5256 = CARTESIAN_POINT('',(-27.5,2.024404036218E-15,44.234210526316));
#5257 = SURFACE_CURVE('',#5258,(#5263,#5269),.PCURVE_S1.);
#5258 = ELLIPSE('',#5259,18.234210526316,17.286842105263);
#5259 = AXIS2_PLACEMENT_3D('',#5260,#5261,#5262);
#5260 = CARTESIAN_POINT('',(-27.5,0.,26.));
#5261 = DIRECTION('',(1.,0.,-0.));
#5262 = DIRECTION('',(0.,1.110223024625E-16,1.));
#5263 = PCURVE('',#5194,#5264);
#5264 = DEFINITIONAL_REPRESENTATION('',(#5265),#5268);
#5265 = B_SPLINE_CURVE_WITH_KNOTS('',1,(#5266,#5267),.UNSPECIFIED.,.F.,
  .F.,(2,2),(0.,1.526908664453),.PIECEWISE_BEZIER_KNOTS.);
#5266 = CARTESIAN_POINT('',(6.28318530718,0.));
#5267 = CARTESIAN_POINT('',(7.810093971633,0.));
#5268 = ( GEOMETRIC_REPRESENTATION_CONTEXT(2) 
PARAMETRIC_REPRESENTATION_CONTEXT() REPRESENTATION_CONTEXT('2D SPACE',''
  ) );
#5269 = PCURVE('',#5270,#5275);
#5270 = PLANE('',#5271);
#5271 = AXIS2_PLACEMENT_3D('',#5272,#5273,#5274);
#5272 = CARTESIAN_POINT('',(-27.5,-1.746000824833E-16,26.122357823109));
#5273 = DIRECTION('',(1.,0.,0.));
#5274 = DIRECTION('',(-0.,0.,1.));
#5275 = DEFINITIONAL_REPRESENTATION('',(#5276),#5280);
#5276 = ELLIPSE('',#5277,18.234210526316,17.286842105263);
#5277 = AXIS2_PLACEMENT_2D('',#5278,#5279);
#5278 = CARTESIAN_POINT('',(-0.122357823109,-1.746000824833E-16));
#5279 = DIRECTION('',(1.,-1.110223024625E-16));
#5280 = ( GEOMETRIC_REPRESENTATION_CONTEXT(2) 
PARAMETRIC_REPRESENTATION_CONTEXT() REPRESENTATION_CONTEXT('2D SPACE',''
  ) );
#5281 = ORIENTED_EDGE('',*,*,#5282,.F.);
#5282 = EDGE_CURVE('',#5283,#5255,#5285,.T.);
#5283 = VERTEX_POINT('',#5284);
#5284 = CARTESIAN_POINT('',(-27.5,16.389010714685,31.8));
#5285 = SURFACE_CURVE('',#5286,(#5291,#5297),.PCURVE_S1.);
#5286 = ELLIPSE('',#5287,18.234210526316,17.286842105263);
#5287 = AXIS2_PLACEMENT_3D('',#5288,#5289,#5290);
#5288 = CARTESIAN_POINT('',(-27.5,0.,26.));
#5289 = DIRECTION('',(1.,0.,-0.));
#5290 = DIRECTION('',(0.,1.110223024625E-16,1.));
#5291 = PCURVE('',#5194,#5292);
#5292 = DEFINITIONAL_REPRESENTATION('',(#5293),#5296);
#5293 = B_SPLINE_CURVE_WITH_KNOTS('',1,(#5294,#5295),.UNSPECIFIED.,.F.,
  .F.,(2,2),(4.756276642726,6.28318530718),.PIECEWISE_BEZIER_KNOTS.);
#5294 = CARTESIAN_POINT('',(4.756276642726,0.));
#5295 = CARTESIAN_POINT('',(6.28318530718,0.));
#5296 = ( GEOMETRIC_REPRESENTATION_CONTEXT(2) 
PARAMETRIC_REPRESENTATION_CONTEXT() REPRESENTATION_CONTEXT('2D SPACE',''
  ) );
#5297 = PCURVE('',#5270,#5298);
#5298 = DEFINITIONAL_REPRESENTATION('',(#5299),#5303);
#5299 = ELLIPSE('',#5300,18.234210526316,17.286842105263);
#5300 = AXIS2_PLACEMENT_2D('',#5301,#5302);
#5301 = CARTESIAN_POINT('',(-0.122357823109,-1.746000824833E-16));
#5302 = DIRECTION('',(1.,-1.110223024625E-16));
#5303 = ( GEOMETRIC_REPRESENTATION_CONTEXT(2) 
PARAMETRIC_REPRESENTATION_CONTEXT() REPRESENTATION_CONTEXT('2D SPACE',''
  ) );
#5304 = ORIENTED_EDGE('',*,*,#5305,.F.);
#5305 = EDGE_CURVE('',#5306,#5283,#5308,.T.);
#5306 = VERTEX_POINT('',#5307);
#5307 = CARTESIAN_POINT('',(-18.5,16.389010714685,31.8));
#5308 = SURFACE_CURVE('',#5309,(#5315,#5324),.PCURVE_S1.);
#5309 = B_SPLINE_CURVE_WITH_KNOTS('',4,(#5310,#5311,#5312,#5313,#5314),
  .UNSPECIFIED.,.F.,.F.,(5,5),(0.,1.),.PIECEWISE_BEZIER_KNOTS.);
#5310 = CARTESIAN_POINT('',(-18.5,16.389010714685,31.8));
#5311 = CARTESIAN_POINT('',(-20.74999999977,16.389010714685,31.8));
#5312 = CARTESIAN_POINT('',(-23.00000000001,16.389010714685,31.8));
#5313 = CARTESIAN_POINT('',(-25.25000000022,16.389010714685,31.8));
#5314 = CARTESIAN_POINT('',(-27.5,16.389010714685,31.8));
#5315 = PCURVE('',#5194,#5316);
#5316 = DEFINITIONAL_REPRESENTATION('',(#5317),#5323);
#5317 = B_SPLINE_CURVE_WITH_KNOTS('',4,(#5318,#5319,#5320,#5321,#5322),
  .UNSPECIFIED.,.F.,.F.,(5,5),(0.,1.),.PIECEWISE_BEZIER_KNOTS.);
#5318 = CARTESIAN_POINT('',(5.036096202553,-8.9999999991));
#5319 = CARTESIAN_POINT('',(5.036096202553,-6.749999999325));
#5320 = CARTESIAN_POINT('',(5.036096202553,-4.500000000019));
#5321 = CARTESIAN_POINT('',(5.036096202553,-2.250000000675));
#5322 = CARTESIAN_POINT('',(5.036096202553,-8.999396783338E-10));
#5323 = ( GEOMETRIC_REPRESENTATION_CONTEXT(2) 
PARAMETRIC_REPRESENTATION_CONTEXT() REPRESENTATION_CONTEXT('2D SPACE',''
  ) );
#5324 = PCURVE('',#5325,#5330);
#5325 = PLANE('',#5326);
#5326 = AXIS2_PLACEMENT_3D('',#5327,#5328,#5329);
#5327 = CARTESIAN_POINT('',(-27.5,15.5,31.8));
#5328 = DIRECTION('',(0.,0.,1.));
#5329 = DIRECTION('',(1.,0.,0.));
#5330 = DEFINITIONAL_REPRESENTATION('',(#5331),#5337);
#5331 = B_SPLINE_CURVE_WITH_KNOTS('',4,(#5332,#5333,#5334,#5335,#5336),
  .UNSPECIFIED.,.F.,.F.,(5,5),(0.,1.),.PIECEWISE_BEZIER_KNOTS.);
#5332 = CARTESIAN_POINT('',(9.,0.889010714685));
#5333 = CARTESIAN_POINT('',(6.750000000225,0.889010714685));
#5334 = CARTESIAN_POINT('',(4.499999999981,0.889010714685));
#5335 = CARTESIAN_POINT('',(2.249999999775,0.889010714685));
#5336 = CARTESIAN_POINT('',(0.,0.889010714685));
#5337 = ( GEOMETRIC_REPRESENTATION_CONTEXT(2) 
PARAMETRIC_REPRESENTATION_CONTEXT() REPRESENTATION_CONTEXT('2D SPACE',''
  ) );
#5338 = ORIENTED_EDGE('',*,*,#5339,.T.);
#5339 = EDGE_CURVE('',#5306,#5183,#5340,.T.);
#5340 = SURFACE_CURVE('',#5341,(#5346,#5352),.PCURVE_S1.);
#5341 = ELLIPSE('',#5342,18.234210526316,17.286842105263);
#5342 = AXIS2_PLACEMENT_3D('',#5343,#5344,#5345);
#5343 = CARTESIAN_POINT('',(-18.5,0.,26.));
#5344 = DIRECTION('',(1.,0.,-0.));
#5345 = DIRECTION('',(0.,1.110223024625E-16,1.));
#5346 = PCURVE('',#5194,#5347);
#5347 = DEFINITIONAL_REPRESENTATION('',(#5348),#5351);
#5348 = B_SPLINE_CURVE_WITH_KNOTS('',1,(#5349,#5350),.UNSPECIFIED.,.F.,
  .F.,(2,2),(4.756276642726,6.28318530718),.PIECEWISE_BEZIER_KNOTS.);
#5349 = CARTESIAN_POINT('',(4.756276642726,-9.));
#5350 = CARTESIAN_POINT('',(6.28318530718,-9.));
#5351 = ( GEOMETRIC_REPRESENTATION_CONTEXT(2) 
PARAMETRIC_REPRESENTATION_CONTEXT() REPRESENTATION_CONTEXT('2D SPACE',''
  ) );
#5352 = PCURVE('',#5208,#5353);
#5353 = DEFINITIONAL_REPRESENTATION('',(#5354),#5358);
#5354 = ELLIPSE('',#5355,18.234210526316,17.286842105263);
#5355 = AXIS2_PLACEMENT_2D('',#5356,#5357);
#5356 = CARTESIAN_POINT('',(-0.122357823109,-1.746000824833E-16));
#5357 = DIRECTION('',(1.,-1.110223024625E-16));
#5358 = ( GEOMETRIC_REPRESENTATION_CONTEXT(2) 
PARAMETRIC_REPRESENTATION_CONTEXT() REPRESENTATION_CONTEXT('2D SPACE',''
  ) );
#5359 = ADVANCED_FACE('',(#5360),#5208,.T.);
#5360 = FACE_BOUND('',#5361,.T.);
#5361 = EDGE_LOOP('',(#5362,#5392,#5420,#5611,#5639,#5667,#5688,#5689,
    #5690));
#5362 = ORIENTED_EDGE('',*,*,#5363,.F.);
#5363 = EDGE_CURVE('',#5364,#5366,#5368,.T.);
#5364 = VERTEX_POINT('',#5365);
#5365 = CARTESIAN_POINT('',(-18.5,-28.5,26.8));
#5366 = VERTEX_POINT('',#5367);
#5367 = CARTESIAN_POINT('',(-18.5,-28.5,31.8));
#5368 = SURFACE_CURVE('',#5369,(#5373,#5380),.PCURVE_S1.);
#5369 = LINE('',#5370,#5371);
#5370 = CARTESIAN_POINT('',(-18.5,-28.5,26.8));
#5371 = VECTOR('',#5372,1.);
#5372 = DIRECTION('',(0.,0.,1.));
#5373 = PCURVE('',#5208,#5374);
#5374 = DEFINITIONAL_REPRESENTATION('',(#5375),#5379);
#5375 = LINE('',#5376,#5377);
#5376 = CARTESIAN_POINT('',(0.677642176891,28.5));
#5377 = VECTOR('',#5378,1.);
#5378 = DIRECTION('',(1.,0.));
#5379 = ( GEOMETRIC_REPRESENTATION_CONTEXT(2) 
PARAMETRIC_REPRESENTATION_CONTEXT() REPRESENTATION_CONTEXT('2D SPACE',''
  ) );
#5380 = PCURVE('',#5381,#5386);
#5381 = PLANE('',#5382);
#5382 = AXIS2_PLACEMENT_3D('',#5383,#5384,#5385);
#5383 = CARTESIAN_POINT('',(-27.5,-28.5,26.8));
#5384 = DIRECTION('',(0.,1.,0.));
#5385 = DIRECTION('',(0.,0.,1.));
#5386 = DEFINITIONAL_REPRESENTATION('',(#5387),#5391);
#5387 = LINE('',#5388,#5389);
#5388 = CARTESIAN_POINT('',(0.,9.));
#5389 = VECTOR('',#5390,1.);
#5390 = DIRECTION('',(1.,0.));
#5391 = ( GEOMETRIC_REPRESENTATION_CONTEXT(2) 
PARAMETRIC_REPRESENTATION_CONTEXT() REPRESENTATION_CONTEXT('2D SPACE',''
  ) );
#5392 = ORIENTED_EDGE('',*,*,#5393,.T.);
#5393 = EDGE_CURVE('',#5364,#5394,#5396,.T.);
#5394 = VERTEX_POINT('',#5395);
#5395 = CARTESIAN_POINT('',(-18.5,-13.26584070051,26.8));
#5396 = SURFACE_CURVE('',#5397,(#5401,#5408),.PCURVE_S1.);
#5397 = LINE('',#5398,#5399);
#5398 = CARTESIAN_POINT('',(-18.5,-28.5,26.8));
#5399 = VECTOR('',#5400,1.);
#5400 = DIRECTION('',(0.,1.,0.));
#5401 = PCURVE('',#5208,#5402);
#5402 = DEFINITIONAL_REPRESENTATION('',(#5403),#5407);
#5403 = LINE('',#5404,#5405);
#5404 = CARTESIAN_POINT('',(0.677642176891,28.5));
#5405 = VECTOR('',#5406,1.);
#5406 = DIRECTION('',(0.,-1.));
#5407 = ( GEOMETRIC_REPRESENTATION_CONTEXT(2) 
PARAMETRIC_REPRESENTATION_CONTEXT() REPRESENTATION_CONTEXT('2D SPACE',''
  ) );
#5408 = PCURVE('',#5409,#5414);
#5409 = PLANE('',#5410);
#5410 = AXIS2_PLACEMENT_3D('',#5411,#5412,#5413);
#5411 = CARTESIAN_POINT('',(-50.,-50.,26.8));
#5412 = DIRECTION('',(0.,0.,1.));
#5413 = DIRECTION('',(1.,0.,0.));
#5414 = DEFINITIONAL_REPRESENTATION('',(#5415),#5419);
#5415 = LINE('',#5416,#5417);
#5416 = CARTESIAN_POINT('',(31.5,21.5));
#5417 = VECTOR('',#5418,1.);
#5418 = DIRECTION('',(0.,1.));
#5419 = ( GEOMETRIC_REPRESENTATION_CONTEXT(2) 
PARAMETRIC_REPRESENTATION_CONTEXT() REPRESENTATION_CONTEXT('2D SPACE',''
  ) );
#5420 = ORIENTED_EDGE('',*,*,#5421,.T.);
#5421 = EDGE_CURVE('',#5394,#5422,#5424,.T.);
#5422 = VERTEX_POINT('',#5423);
#5423 = CARTESIAN_POINT('',(-18.5,13.265840700511,26.8));
#5424 = SURFACE_CURVE('',#5425,(#5476,#5530),.PCURVE_S1.);
#5425 = B_SPLINE_CURVE_WITH_KNOTS('',7,(#5426,#5427,#5428,#5429,#5430,
    #5431,#5432,#5433,#5434,#5435,#5436,#5437,#5438,#5439,#5440,#5441,
    #5442,#5443,#5444,#5445,#5446,#5447,#5448,#5449,#5450,#5451,#5452,
    #5453,#5454,#5455,#5456,#5457,#5458,#5459,#5460,#5461,#5462,#5463,
    #5464,#5465,#5466,#5467,#5468,#5469,#5470,#5471,#5472,#5473,#5474,
    #5475),.UNSPECIFIED.,.F.,.F.,(8,6,6,6,6,6,6,6,8),(0.,0.345628100968,
    0.521168548236,0.689560054595,1.,1.310439945405,1.478831451765,
    1.654371899033,2.000000000001),.UNSPECIFIED.);
#5426 = CARTESIAN_POINT('',(-18.5,-13.26584070051,26.8));
#5427 = CARTESIAN_POINT('',(-18.5,-13.21189088932,27.826733994388));
#5428 = CARTESIAN_POINT('',(-18.5,-13.07713027783,28.849193887064));
#5429 = CARTESIAN_POINT('',(-18.5,-12.86178255434,29.859815565392));
#5430 = CARTESIAN_POINT('',(-18.5,-12.5665622861,30.850858878361));
#5431 = CARTESIAN_POINT('',(-18.5,-12.19277480292,31.814430705203));
#5432 = CARTESIAN_POINT('',(-18.5,-11.74244168164,32.742523799011));
#5433 = CARTESIAN_POINT('',(-18.5,-10.95232354924,34.076322730756));
#5434 = CARTESIAN_POINT('',(-18.5,-10.66720740093,34.514321278723));
#5435 = CARTESIAN_POINT('',(-18.5,-10.36349673385,34.939994978615));
#5436 = CARTESIAN_POINT('',(-18.5,-10.04164967689,35.352264778579));
#5437 = CARTESIAN_POINT('',(-18.5,-9.702198531412,35.750052332992));
#5438 = CARTESIAN_POINT('',(-18.5,-9.345759162464,36.132287689888));
#5439 = CARTESIAN_POINT('',(-18.5,-8.615500708875,36.848655897083));
#5440 = CARTESIAN_POINT('',(-18.5,-8.242975902108,37.184118793114));
#5441 = CARTESIAN_POINT('',(-18.5,-7.856098451812,37.503368501301));
#5442 = CARTESIAN_POINT('',(-18.5,-7.455574052424,37.80549418132));
#5443 = CARTESIAN_POINT('',(-18.5,-7.042185992109,38.08961719114));
#5444 = CARTESIAN_POINT('',(-18.5,-6.616802767174,38.354901529867));
#5445 = CARTESIAN_POINT('',(-18.5,-5.375833575934,39.053471440485));
#5446 = CARTESIAN_POINT('',(-18.5,-4.533483514763,39.439872698358));
#5447 = CARTESIAN_POINT('',(-18.5,-3.659744009914,39.754576214207));
#5448 = CARTESIAN_POINT('',(-18.5,-2.761636792546,39.993589165815));
#5449 = CARTESIAN_POINT('',(-18.5,-1.846748498123,40.154028699762));
#5450 = CARTESIAN_POINT('',(-18.5,-0.92324874504,40.234210526316));
#5451 = CARTESIAN_POINT('',(-18.5,0.923248745041,40.234210526316));
#5452 = CARTESIAN_POINT('',(-18.5,1.846748498118,40.154028699763));
#5453 = CARTESIAN_POINT('',(-18.5,2.761636792552,39.993589165813));
#5454 = CARTESIAN_POINT('',(-18.5,3.659744009907,39.75457621421));
#5455 = CARTESIAN_POINT('',(-18.5,4.533483514764,39.439872698358));
#5456 = CARTESIAN_POINT('',(-18.5,5.375833575932,39.053471440486));
#5457 = CARTESIAN_POINT('',(-18.5,6.616802767172,38.354901529868));
#5458 = CARTESIAN_POINT('',(-18.5,7.042185992108,38.089617191142));
#5459 = CARTESIAN_POINT('',(-18.5,7.455574052423,37.805494181322));
#5460 = CARTESIAN_POINT('',(-18.5,7.85609845181,37.503368501302));
#5461 = CARTESIAN_POINT('',(-18.5,8.242975902107,37.184118793115));
#5462 = CARTESIAN_POINT('',(-18.5,8.615500708874,36.848655897085));
#5463 = CARTESIAN_POINT('',(-18.5,9.345759162463,36.13228768989));
#5464 = CARTESIAN_POINT('',(-18.5,9.702198531411,35.750052332993));
#5465 = CARTESIAN_POINT('',(-18.5,10.041649676896,35.352264778581));
#5466 = CARTESIAN_POINT('',(-18.5,10.363496733858,34.939994978617));
#5467 = CARTESIAN_POINT('',(-18.5,10.667207400932,34.514321278725));
#5468 = CARTESIAN_POINT('',(-18.5,10.952323549244,34.076322730758));
#5469 = CARTESIAN_POINT('',(-18.5,11.742441681646,32.742523799013));
#5470 = CARTESIAN_POINT('',(-18.5,12.192774802926,31.814430705205));
#5471 = CARTESIAN_POINT('',(-18.5,12.566562286101,30.850858878363));
#5472 = CARTESIAN_POINT('',(-18.5,12.861782554348,29.859815565393));
#5473 = CARTESIAN_POINT('',(-18.5,13.077130277838,28.849193887065));
#5474 = CARTESIAN_POINT('',(-18.5,13.211890889329,27.826733994389));
#5475 = CARTESIAN_POINT('',(-18.5,13.265840700511,26.8));
#5476 = PCURVE('',#5208,#5477);
#5477 = DEFINITIONAL_REPRESENTATION('',(#5478),#5529);
#5478 = B_SPLINE_CURVE_WITH_KNOTS('',7,(#5479,#5480,#5481,#5482,#5483,
    #5484,#5485,#5486,#5487,#5488,#5489,#5490,#5491,#5492,#5493,#5494,
    #5495,#5496,#5497,#5498,#5499,#5500,#5501,#5502,#5503,#5504,#5505,
    #5506,#5507,#5508,#5509,#5510,#5511,#5512,#5513,#5514,#5515,#5516,
    #5517,#5518,#5519,#5520,#5521,#5522,#5523,#5524,#5525,#5526,#5527,
    #5528),.UNSPECIFIED.,.F.,.F.,(8,6,6,6,6,6,6,6,8),(0.,0.345628100968,
    0.521168548236,0.689560054595,1.,1.310439945405,1.478831451765,
    1.654371899033,2.000000000001),.UNSPECIFIED.);
#5479 = CARTESIAN_POINT('',(0.677642176891,13.265840700511));
#5480 = CARTESIAN_POINT('',(1.704376171279,13.211890889329));
#5481 = CARTESIAN_POINT('',(2.726836063955,13.077130277838));
#5482 = CARTESIAN_POINT('',(3.737457742283,12.861782554349));
#5483 = CARTESIAN_POINT('',(4.728501055252,12.566562286101));
#5484 = CARTESIAN_POINT('',(5.692072882094,12.192774802927));
#5485 = CARTESIAN_POINT('',(6.620165975902,11.742441681647));
#5486 = CARTESIAN_POINT('',(7.953964907647,10.952323549245));
#5487 = CARTESIAN_POINT('',(8.391963455614,10.667207400933));
#5488 = CARTESIAN_POINT('',(8.817637155506,10.363496733859));
#5489 = CARTESIAN_POINT('',(9.22990695547,10.041649676897));
#5490 = CARTESIAN_POINT('',(9.627694509883,9.702198531412));
#5491 = CARTESIAN_POINT('',(10.009929866779,9.345759162464));
#5492 = CARTESIAN_POINT('',(10.726298073974,8.615500708875));
#5493 = CARTESIAN_POINT('',(11.061760970005,8.242975902108));
#5494 = CARTESIAN_POINT('',(11.381010678192,7.856098451812));
#5495 = CARTESIAN_POINT('',(11.683136358211,7.455574052424));
#5496 = CARTESIAN_POINT('',(11.967259368031,7.042185992109));
#5497 = CARTESIAN_POINT('',(12.232543706758,6.616802767174));
#5498 = CARTESIAN_POINT('',(12.931113617376,5.375833575934));
#5499 = CARTESIAN_POINT('',(13.317514875249,4.533483514763));
#5500 = CARTESIAN_POINT('',(13.632218391098,3.659744009914));
#5501 = CARTESIAN_POINT('',(13.871231342706,2.761636792546));
#5502 = CARTESIAN_POINT('',(14.031670876653,1.846748498123));
#5503 = CARTESIAN_POINT('',(14.111852703207,0.92324874504));
#5504 = CARTESIAN_POINT('',(14.111852703207,-0.923248745041));
#5505 = CARTESIAN_POINT('',(14.031670876654,-1.846748498118));
#5506 = CARTESIAN_POINT('',(13.871231342705,-2.761636792552));
#5507 = CARTESIAN_POINT('',(13.632218391101,-3.659744009907));
#5508 = CARTESIAN_POINT('',(13.317514875249,-4.533483514764));
#5509 = CARTESIAN_POINT('',(12.931113617377,-5.375833575932));
#5510 = CARTESIAN_POINT('',(12.232543706759,-6.616802767172));
#5511 = CARTESIAN_POINT('',(11.967259368033,-7.042185992108));
#5512 = CARTESIAN_POINT('',(11.683136358213,-7.455574052423));
#5513 = CARTESIAN_POINT('',(11.381010678193,-7.85609845181));
#5514 = CARTESIAN_POINT('',(11.061760970006,-8.242975902107));
#5515 = CARTESIAN_POINT('',(10.726298073976,-8.615500708874));
#5516 = CARTESIAN_POINT('',(10.009929866781,-9.345759162463));
#5517 = CARTESIAN_POINT('',(9.627694509884,-9.702198531411));
#5518 = CARTESIAN_POINT('',(9.229906955472,-10.04164967689));
#5519 = CARTESIAN_POINT('',(8.817637155508,-10.36349673385));
#5520 = CARTESIAN_POINT('',(8.391963455616,-10.66720740093));
#5521 = CARTESIAN_POINT('',(7.953964907649,-10.95232354924));
#5522 = CARTESIAN_POINT('',(6.620165975904,-11.74244168164));
#5523 = CARTESIAN_POINT('',(5.692072882096,-12.19277480292));
#5524 = CARTESIAN_POINT('',(4.728501055254,-12.5665622861));
#5525 = CARTESIAN_POINT('',(3.737457742284,-12.86178255434));
#5526 = CARTESIAN_POINT('',(2.726836063956,-13.07713027783));
#5527 = CARTESIAN_POINT('',(1.70437617128,-13.21189088932));
#5528 = CARTESIAN_POINT('',(0.677642176891,-13.26584070051));
#5529 = ( GEOMETRIC_REPRESENTATION_CONTEXT(2) 
PARAMETRIC_REPRESENTATION_CONTEXT() REPRESENTATION_CONTEXT('2D SPACE',''
  ) );
#5530 = PCURVE('',#5531,#5539);
#5531 = SURFACE_OF_LINEAR_EXTRUSION('',#5532,#5537);
#5532 = ELLIPSE('',#5533,14.234210526316,13.286842105263);
#5533 = AXIS2_PLACEMENT_3D('',#5534,#5535,#5536);
#5534 = CARTESIAN_POINT('',(-28.5,0.,26.));
#5535 = DIRECTION('',(1.,0.,-0.));
#5536 = DIRECTION('',(0.,1.110223024625E-16,1.));
#5537 = VECTOR('',#5538,1.);
#5538 = DIRECTION('',(-1.,-0.,-0.));
#5539 = DEFINITIONAL_REPRESENTATION('',(#5540),#5610);
#5540 = B_SPLINE_CURVE_WITH_KNOTS('',3,(#5541,#5542,#5543,#5544,#5545,
    #5546,#5547,#5548,#5549,#5550,#5551,#5552,#5553,#5554,#5555,#5556,
    #5557,#5558,#5559,#5560,#5561,#5562,#5563,#5564,#5565,#5566,#5567,
    #5568,#5569,#5570,#5571,#5572,#5573,#5574,#5575,#5576,#5577,#5578,
    #5579,#5580,#5581,#5582,#5583,#5584,#5585,#5586,#5587,#5588,#5589,
    #5590,#5591,#5592,#5593,#5594,#5595,#5596,#5597,#5598,#5599,#5600,
    #5601,#5602,#5603,#5604,#5605,#5606,#5607,#5608,#5609),
  .UNSPECIFIED.,.F.,.F.,(4,1,1,1,1,1,1,1,1,1,1,1,1,1,1,1,1,1,1,1,1,1,1,1
    ,1,1,1,1,1,1,1,1,1,1,1,1,1,1,1,1,1,1,1,1,1,1,1,1,1,1,1,1,1,1,1,1,1,1
    ,1,1,1,1,1,1,1,1,4),(0.,3.030303030305E-02,6.060606060609E-02,
    9.090909090914E-02,0.121212121212,0.151515151515,0.181818181818,
    0.212121212121,0.242424242424,0.272727272727,0.30303030303,
    0.333333333334,0.363636363637,0.39393939394,0.424242424243,
    0.454545454546,0.484848484849,0.515151515152,0.545454545455,
    0.575757575758,0.606060606061,0.636363636364,0.666666666667,
    0.69696969697,0.727272727273,0.757575757576,0.787878787879,
    0.818181818182,0.848484848485,0.878787878788,0.909090909091,
    0.939393939394,0.969696969697,1.000000000001,1.030303030304,
    1.060606060607,1.09090909091,1.121212121213,1.151515151516,
    1.181818181819,1.212121212122,1.242424242425,1.272727272728,
    1.303030303031,1.333333333334,1.363636363637,1.39393939394,
    1.424242424243,1.454545454546,1.484848484849,1.515151515152,
    1.545454545455,1.575757575758,1.606060606061,1.636363636364,
    1.666666666668,1.696969696971,1.727272727274,1.757575757577,
    1.78787878788,1.818181818183,1.848484848486,1.878787878789,
    1.909090909092,1.939393939395,1.969696969698,2.000000000001),
  .QUASI_UNIFORM_KNOTS.);
#5541 = CARTESIAN_POINT('',(7.797749378383,-10.));
#5542 = CARTESIAN_POINT('',(7.782969726732,-10.));
#5543 = CARTESIAN_POINT('',(7.753405749248,-10.));
#5544 = CARTESIAN_POINT('',(7.709034604145,-10.));
#5545 = CARTESIAN_POINT('',(7.664626952328,-10.));
#5546 = CARTESIAN_POINT('',(7.62017206624,-10.));
#5547 = CARTESIAN_POINT('',(7.575659546762,-10.));
#5548 = CARTESIAN_POINT('',(7.531079342723,-10.));
#5549 = CARTESIAN_POINT('',(7.486421705799,-10.));
#5550 = CARTESIAN_POINT('',(7.441677173971,-10.));
#5551 = CARTESIAN_POINT('',(7.396836570213,-10.));
#5552 = CARTESIAN_POINT('',(7.351890978674,-10.));
#5553 = CARTESIAN_POINT('',(7.3068318634,-10.));
#5554 = CARTESIAN_POINT('',(7.261650706123,-10.));
#5555 = CARTESIAN_POINT('',(7.216343066854,-10.));
#5556 = CARTESIAN_POINT('',(7.170903218721,-10.));
#5557 = CARTESIAN_POINT('',(7.125326560164,-10.));
#5558 = CARTESIAN_POINT('',(7.079609294281,-10.));
#5559 = CARTESIAN_POINT('',(7.0337487519,-10.));
#5560 = CARTESIAN_POINT('',(6.98774318549,-10.));
#5561 = CARTESIAN_POINT('',(6.941592304996,-10.));
#5562 = CARTESIAN_POINT('',(6.895297522044,-10.));
#5563 = CARTESIAN_POINT('',(6.848861201319,-10.));
#5564 = CARTESIAN_POINT('',(6.802286353678,-10.));
#5565 = CARTESIAN_POINT('',(6.755580094234,-10.));
#5566 = CARTESIAN_POINT('',(6.70874025339,-10.));
#5567 = CARTESIAN_POINT('',(6.661779050162,-10.));
#5568 = CARTESIAN_POINT('',(6.614708990882,-10.));
#5569 = CARTESIAN_POINT('',(6.567541616931,-10.));
#5570 = CARTESIAN_POINT('',(6.520288408294,-10.));
#5571 = CARTESIAN_POINT('',(6.472961131206,-10.));
#5572 = CARTESIAN_POINT('',(6.425572262526,-10.));
#5573 = CARTESIAN_POINT('',(6.378135767158,-10.));
#5574 = CARTESIAN_POINT('',(6.33066660362,-10.));
#5575 = CARTESIAN_POINT('',(6.283185307179,-10.));
#5576 = CARTESIAN_POINT('',(6.235704010738,-10.));
#5577 = CARTESIAN_POINT('',(6.188234847199,-10.));
#5578 = CARTESIAN_POINT('',(6.140798351832,-10.));
#5579 = CARTESIAN_POINT('',(6.093409483151,-10.));
#5580 = CARTESIAN_POINT('',(6.046082206064,-10.));
#5581 = CARTESIAN_POINT('',(5.998828997427,-10.));
#5582 = CARTESIAN_POINT('',(5.951661623476,-10.));
#5583 = CARTESIAN_POINT('',(5.904591564196,-10.));
#5584 = CARTESIAN_POINT('',(5.857630360969,-10.));
#5585 = CARTESIAN_POINT('',(5.810790520124,-10.));
#5586 = CARTESIAN_POINT('',(5.76408426068,-10.));
#5587 = CARTESIAN_POINT('',(5.717509413039,-10.));
#5588 = CARTESIAN_POINT('',(5.671073092314,-10.));
#5589 = CARTESIAN_POINT('',(5.624778309362,-10.));
#5590 = CARTESIAN_POINT('',(5.578627428869,-10.));
#5591 = CARTESIAN_POINT('',(5.532621862458,-10.));
#5592 = CARTESIAN_POINT('',(5.486761320078,-10.));
#5593 = CARTESIAN_POINT('',(5.441044054195,-10.));
#5594 = CARTESIAN_POINT('',(5.395467395638,-10.));
#5595 = CARTESIAN_POINT('',(5.350027547504,-10.));
#5596 = CARTESIAN_POINT('',(5.304719908236,-10.));
#5597 = CARTESIAN_POINT('',(5.259538750958,-10.));
#5598 = CARTESIAN_POINT('',(5.214479635685,-10.));
#5599 = CARTESIAN_POINT('',(5.169534044146,-10.));
#5600 = CARTESIAN_POINT('',(5.124693440388,-10.));
#5601 = CARTESIAN_POINT('',(5.07994890856,-10.));
#5602 = CARTESIAN_POINT('',(5.035291271636,-10.));
#5603 = CARTESIAN_POINT('',(4.990711067597,-10.));
#5604 = CARTESIAN_POINT('',(4.946198548119,-10.));
#5605 = CARTESIAN_POINT('',(4.901743662031,-10.));
#5606 = CARTESIAN_POINT('',(4.857336010214,-10.));
#5607 = CARTESIAN_POINT('',(4.812964865111,-10.));
#5608 = CARTESIAN_POINT('',(4.783400887627,-10.));
#5609 = CARTESIAN_POINT('',(4.768621235976,-10.));
#5610 = ( GEOMETRIC_REPRESENTATION_CONTEXT(2) 
PARAMETRIC_REPRESENTATION_CONTEXT() REPRESENTATION_CONTEXT('2D SPACE',''
  ) );
#5611 = ORIENTED_EDGE('',*,*,#5612,.T.);
#5612 = EDGE_CURVE('',#5422,#5613,#5615,.T.);
#5613 = VERTEX_POINT('',#5614);
#5614 = CARTESIAN_POINT('',(-18.5,28.5,26.8));
#5615 = SURFACE_CURVE('',#5616,(#5620,#5627),.PCURVE_S1.);
#5616 = LINE('',#5617,#5618);
#5617 = CARTESIAN_POINT('',(-18.5,-28.5,26.8));
#5618 = VECTOR('',#5619,1.);
#5619 = DIRECTION('',(0.,1.,0.));
#5620 = PCURVE('',#5208,#5621);
#5621 = DEFINITIONAL_REPRESENTATION('',(#5622),#5626);
#5622 = LINE('',#5623,#5624);
#5623 = CARTESIAN_POINT('',(0.677642176891,28.5));
#5624 = VECTOR('',#5625,1.);
#5625 = DIRECTION('',(0.,-1.));
#5626 = ( GEOMETRIC_REPRESENTATION_CONTEXT(2) 
PARAMETRIC_REPRESENTATION_CONTEXT() REPRESENTATION_CONTEXT('2D SPACE',''
  ) );
#5627 = PCURVE('',#5628,#5633);
#5628 = PLANE('',#5629);
#5629 = AXIS2_PLACEMENT_3D('',#5630,#5631,#5632);
#5630 = CARTESIAN_POINT('',(-50.,-50.,26.8));
#5631 = DIRECTION('',(0.,0.,1.));
#5632 = DIRECTION('',(1.,0.,0.));
#5633 = DEFINITIONAL_REPRESENTATION('',(#5634),#5638);
#5634 = LINE('',#5635,#5636);
#5635 = CARTESIAN_POINT('',(31.5,21.5));
#5636 = VECTOR('',#5637,1.);
#5637 = DIRECTION('',(0.,1.));
#5638 = ( GEOMETRIC_REPRESENTATION_CONTEXT(2) 
PARAMETRIC_REPRESENTATION_CONTEXT() REPRESENTATION_CONTEXT('2D SPACE',''
  ) );
#5639 = ORIENTED_EDGE('',*,*,#5640,.T.);
#5640 = EDGE_CURVE('',#5613,#5641,#5643,.T.);
#5641 = VERTEX_POINT('',#5642);
#5642 = CARTESIAN_POINT('',(-18.5,28.5,31.8));
#5643 = SURFACE_CURVE('',#5644,(#5648,#5655),.PCURVE_S1.);
#5644 = LINE('',#5645,#5646);
#5645 = CARTESIAN_POINT('',(-18.5,28.5,26.8));
#5646 = VECTOR('',#5647,1.);
#5647 = DIRECTION('',(0.,0.,1.));
#5648 = PCURVE('',#5208,#5649);
#5649 = DEFINITIONAL_REPRESENTATION('',(#5650),#5654);
#5650 = LINE('',#5651,#5652);
#5651 = CARTESIAN_POINT('',(0.677642176891,-28.5));
#5652 = VECTOR('',#5653,1.);
#5653 = DIRECTION('',(1.,0.));
#5654 = ( GEOMETRIC_REPRESENTATION_CONTEXT(2) 
PARAMETRIC_REPRESENTATION_CONTEXT() REPRESENTATION_CONTEXT('2D SPACE',''
  ) );
#5655 = PCURVE('',#5656,#5661);
#5656 = PLANE('',#5657);
#5657 = AXIS2_PLACEMENT_3D('',#5658,#5659,#5660);
#5658 = CARTESIAN_POINT('',(-27.5,28.5,26.8));
#5659 = DIRECTION('',(0.,1.,0.));
#5660 = DIRECTION('',(0.,0.,1.));
#5661 = DEFINITIONAL_REPRESENTATION('',(#5662),#5666);
#5662 = LINE('',#5663,#5664);
#5663 = CARTESIAN_POINT('',(0.,9.));
#5664 = VECTOR('',#5665,1.);
#5665 = DIRECTION('',(1.,0.));
#5666 = ( GEOMETRIC_REPRESENTATION_CONTEXT(2) 
PARAMETRIC_REPRESENTATION_CONTEXT() REPRESENTATION_CONTEXT('2D SPACE',''
  ) );
#5667 = ORIENTED_EDGE('',*,*,#5668,.F.);
#5668 = EDGE_CURVE('',#5306,#5641,#5669,.T.);
#5669 = SURFACE_CURVE('',#5670,(#5674,#5681),.PCURVE_S1.);
#5670 = LINE('',#5671,#5672);
#5671 = CARTESIAN_POINT('',(-18.5,15.5,31.8));
#5672 = VECTOR('',#5673,1.);
#5673 = DIRECTION('',(0.,1.,0.));
#5674 = PCURVE('',#5208,#5675);
#5675 = DEFINITIONAL_REPRESENTATION('',(#5676),#5680);
#5676 = LINE('',#5677,#5678);
#5677 = CARTESIAN_POINT('',(5.677642176891,-15.5));
#5678 = VECTOR('',#5679,1.);
#5679 = DIRECTION('',(0.,-1.));
#5680 = ( GEOMETRIC_REPRESENTATION_CONTEXT(2) 
PARAMETRIC_REPRESENTATION_CONTEXT() REPRESENTATION_CONTEXT('2D SPACE',''
  ) );
#5681 = PCURVE('',#5325,#5682);
#5682 = DEFINITIONAL_REPRESENTATION('',(#5683),#5687);
#5683 = LINE('',#5684,#5685);
#5684 = CARTESIAN_POINT('',(9.,0.));
#5685 = VECTOR('',#5686,1.);
#5686 = DIRECTION('',(0.,1.));
#5687 = ( GEOMETRIC_REPRESENTATION_CONTEXT(2) 
PARAMETRIC_REPRESENTATION_CONTEXT() REPRESENTATION_CONTEXT('2D SPACE',''
  ) );
#5688 = ORIENTED_EDGE('',*,*,#5339,.T.);
#5689 = ORIENTED_EDGE('',*,*,#5182,.T.);
#5690 = ORIENTED_EDGE('',*,*,#5691,.F.);
#5691 = EDGE_CURVE('',#5366,#5185,#5692,.T.);
#5692 = SURFACE_CURVE('',#5693,(#5697,#5704),.PCURVE_S1.);
#5693 = LINE('',#5694,#5695);
#5694 = CARTESIAN_POINT('',(-18.5,-28.5,31.8));
#5695 = VECTOR('',#5696,1.);
#5696 = DIRECTION('',(0.,1.,0.));
#5697 = PCURVE('',#5208,#5698);
#5698 = DEFINITIONAL_REPRESENTATION('',(#5699),#5703);
#5699 = LINE('',#5700,#5701);
#5700 = CARTESIAN_POINT('',(5.677642176891,28.5));
#5701 = VECTOR('',#5702,1.);
#5702 = DIRECTION('',(0.,-1.));
#5703 = ( GEOMETRIC_REPRESENTATION_CONTEXT(2) 
PARAMETRIC_REPRESENTATION_CONTEXT() REPRESENTATION_CONTEXT('2D SPACE',''
  ) );
#5704 = PCURVE('',#5240,#5705);
#5705 = DEFINITIONAL_REPRESENTATION('',(#5706),#5710);
#5706 = LINE('',#5707,#5708);
#5707 = CARTESIAN_POINT('',(9.,0.));
#5708 = VECTOR('',#5709,1.);
#5709 = DIRECTION('',(0.,1.));
#5710 = ( GEOMETRIC_REPRESENTATION_CONTEXT(2) 
PARAMETRIC_REPRESENTATION_CONTEXT() REPRESENTATION_CONTEXT('2D SPACE',''
  ) );
#5711 = ADVANCED_FACE('',(#5712,#5760),#5325,.T.);
#5712 = FACE_BOUND('',#5713,.T.);
#5713 = EDGE_LOOP('',(#5714,#5737,#5738,#5739));
#5714 = ORIENTED_EDGE('',*,*,#5715,.F.);
#5715 = EDGE_CURVE('',#5283,#5716,#5718,.T.);
#5716 = VERTEX_POINT('',#5717);
#5717 = CARTESIAN_POINT('',(-27.5,28.5,31.8));
#5718 = SURFACE_CURVE('',#5719,(#5723,#5730),.PCURVE_S1.);
#5719 = LINE('',#5720,#5721);
#5720 = CARTESIAN_POINT('',(-27.5,15.5,31.8));
#5721 = VECTOR('',#5722,1.);
#5722 = DIRECTION('',(0.,1.,0.));
#5723 = PCURVE('',#5325,#5724);
#5724 = DEFINITIONAL_REPRESENTATION('',(#5725),#5729);
#5725 = LINE('',#5726,#5727);
#5726 = CARTESIAN_POINT('',(0.,0.));
#5727 = VECTOR('',#5728,1.);
#5728 = DIRECTION('',(0.,1.));
#5729 = ( GEOMETRIC_REPRESENTATION_CONTEXT(2) 
PARAMETRIC_REPRESENTATION_CONTEXT() REPRESENTATION_CONTEXT('2D SPACE',''
  ) );
#5730 = PCURVE('',#5270,#5731);
#5731 = DEFINITIONAL_REPRESENTATION('',(#5732),#5736);
#5732 = LINE('',#5733,#5734);
#5733 = CARTESIAN_POINT('',(5.677642176891,-15.5));
#5734 = VECTOR('',#5735,1.);
#5735 = DIRECTION('',(0.,-1.));
#5736 = ( GEOMETRIC_REPRESENTATION_CONTEXT(2) 
PARAMETRIC_REPRESENTATION_CONTEXT() REPRESENTATION_CONTEXT('2D SPACE',''
  ) );
#5737 = ORIENTED_EDGE('',*,*,#5305,.F.);
#5738 = ORIENTED_EDGE('',*,*,#5668,.T.);
#5739 = ORIENTED_EDGE('',*,*,#5740,.F.);
#5740 = EDGE_CURVE('',#5716,#5641,#5741,.T.);
#5741 = SURFACE_CURVE('',#5742,(#5746,#5753),.PCURVE_S1.);
#5742 = LINE('',#5743,#5744);
#5743 = CARTESIAN_POINT('',(-27.5,28.5,31.8));
#5744 = VECTOR('',#5745,1.);
#5745 = DIRECTION('',(1.,0.,0.));
#5746 = PCURVE('',#5325,#5747);
#5747 = DEFINITIONAL_REPRESENTATION('',(#5748),#5752);
#5748 = LINE('',#5749,#5750);
#5749 = CARTESIAN_POINT('',(0.,13.));
#5750 = VECTOR('',#5751,1.);
#5751 = DIRECTION('',(1.,0.));
#5752 = ( GEOMETRIC_REPRESENTATION_CONTEXT(2) 
PARAMETRIC_REPRESENTATION_CONTEXT() REPRESENTATION_CONTEXT('2D SPACE',''
  ) );
#5753 = PCURVE('',#5656,#5754);
#5754 = DEFINITIONAL_REPRESENTATION('',(#5755),#5759);
#5755 = LINE('',#5756,#5757);
#5756 = CARTESIAN_POINT('',(5.,0.));
#5757 = VECTOR('',#5758,1.);
#5758 = DIRECTION('',(0.,1.));
#5759 = ( GEOMETRIC_REPRESENTATION_CONTEXT(2) 
PARAMETRIC_REPRESENTATION_CONTEXT() REPRESENTATION_CONTEXT('2D SPACE',''
  ) );
#5760 = FACE_BOUND('',#5761,.T.);
#5761 = EDGE_LOOP('',(#5762));
#5762 = ORIENTED_EDGE('',*,*,#5763,.T.);
#5763 = EDGE_CURVE('',#5764,#5764,#5766,.T.);
#5764 = VERTEX_POINT('',#5765);
#5765 = CARTESIAN_POINT('',(-21.3,22.,31.8));
#5766 = SURFACE_CURVE('',#5767,(#5772,#5783),.PCURVE_S1.);
#5767 = CIRCLE('',#5768,1.7);
#5768 = AXIS2_PLACEMENT_3D('',#5769,#5770,#5771);
#5769 = CARTESIAN_POINT('',(-23.,22.,31.8));
#5770 = DIRECTION('',(0.,0.,-1.));
#5771 = DIRECTION('',(1.,0.,0.));
#5772 = PCURVE('',#5325,#5773);
#5773 = DEFINITIONAL_REPRESENTATION('',(#5774),#5782);
#5774 = ( BOUNDED_CURVE() B_SPLINE_CURVE(2,(#5775,#5776,#5777,#5778,
#5779,#5780,#5781),.UNSPECIFIED.,.T.,.F.) B_SPLINE_CURVE_WITH_KNOTS((1,2
    ,2,2,2,1),(-2.094395102393,0.,2.094395102393,4.188790204786,
6.28318530718,8.377580409573),.UNSPECIFIED.) CURVE() 
GEOMETRIC_REPRESENTATION_ITEM() RATIONAL_B_SPLINE_CURVE((1.,0.5,1.,0.5,
1.,0.5,1.)) REPRESENTATION_ITEM('') );
#5775 = CARTESIAN_POINT('',(6.2,6.5));
#5776 = CARTESIAN_POINT('',(6.2,3.555513627133));
#5777 = CARTESIAN_POINT('',(3.65,5.027756813566));
#5778 = CARTESIAN_POINT('',(1.1,6.5));
#5779 = CARTESIAN_POINT('',(3.65,7.972243186434));
#5780 = CARTESIAN_POINT('',(6.2,9.444486372867));
#5781 = CARTESIAN_POINT('',(6.2,6.5));
#5782 = ( GEOMETRIC_REPRESENTATION_CONTEXT(2) 
PARAMETRIC_REPRESENTATION_CONTEXT() REPRESENTATION_CONTEXT('2D SPACE',''
  ) );
#5783 = PCURVE('',#5784,#5789);
#5784 = CYLINDRICAL_SURFACE('',#5785,1.7);
#5785 = AXIS2_PLACEMENT_3D('',#5786,#5787,#5788);
#5786 = CARTESIAN_POINT('',(-23.,22.,26.));
#5787 = DIRECTION('',(-0.,-0.,-1.));
#5788 = DIRECTION('',(1.,0.,0.));
#5789 = DEFINITIONAL_REPRESENTATION('',(#5790),#5794);
#5790 = LINE('',#5791,#5792);
#5791 = CARTESIAN_POINT('',(-6.28318530718,-5.8));
#5792 = VECTOR('',#5793,1.);
#5793 = DIRECTION('',(1.,-0.));
#5794 = ( GEOMETRIC_REPRESENTATION_CONTEXT(2) 
PARAMETRIC_REPRESENTATION_CONTEXT() REPRESENTATION_CONTEXT('2D SPACE',''
  ) );
#5795 = ADVANCED_FACE('',(#5796),#5270,.F.);
#5796 = FACE_BOUND('',#5797,.F.);
#5797 = EDGE_LOOP('',(#5798,#5823,#5844,#5845,#5846,#5847,#5870,#5893,
    #5916));
#5798 = ORIENTED_EDGE('',*,*,#5799,.F.);
#5799 = EDGE_CURVE('',#5800,#5802,#5804,.T.);
#5800 = VERTEX_POINT('',#5801);
#5801 = CARTESIAN_POINT('',(-27.5,28.5,26.8));
#5802 = VERTEX_POINT('',#5803);
#5803 = CARTESIAN_POINT('',(-27.5,13.265840700511,26.8));
#5804 = SURFACE_CURVE('',#5805,(#5809,#5816),.PCURVE_S1.);
#5805 = LINE('',#5806,#5807);
#5806 = CARTESIAN_POINT('',(-27.5,28.5,26.8));
#5807 = VECTOR('',#5808,1.);
#5808 = DIRECTION('',(0.,-1.,0.));
#5809 = PCURVE('',#5270,#5810);
#5810 = DEFINITIONAL_REPRESENTATION('',(#5811),#5815);
#5811 = LINE('',#5812,#5813);
#5812 = CARTESIAN_POINT('',(0.677642176891,-28.5));
#5813 = VECTOR('',#5814,1.);
#5814 = DIRECTION('',(0.,1.));
#5815 = ( GEOMETRIC_REPRESENTATION_CONTEXT(2) 
PARAMETRIC_REPRESENTATION_CONTEXT() REPRESENTATION_CONTEXT('2D SPACE',''
  ) );
#5816 = PCURVE('',#5628,#5817);
#5817 = DEFINITIONAL_REPRESENTATION('',(#5818),#5822);
#5818 = LINE('',#5819,#5820);
#5819 = CARTESIAN_POINT('',(22.5,78.5));
#5820 = VECTOR('',#5821,1.);
#5821 = DIRECTION('',(0.,-1.));
#5822 = ( GEOMETRIC_REPRESENTATION_CONTEXT(2) 
PARAMETRIC_REPRESENTATION_CONTEXT() REPRESENTATION_CONTEXT('2D SPACE',''
  ) );
#5823 = ORIENTED_EDGE('',*,*,#5824,.T.);
#5824 = EDGE_CURVE('',#5800,#5716,#5825,.T.);
#5825 = SURFACE_CURVE('',#5826,(#5830,#5837),.PCURVE_S1.);
#5826 = LINE('',#5827,#5828);
#5827 = CARTESIAN_POINT('',(-27.5,28.5,26.8));
#5828 = VECTOR('',#5829,1.);
#5829 = DIRECTION('',(0.,0.,1.));
#5830 = PCURVE('',#5270,#5831);
#5831 = DEFINITIONAL_REPRESENTATION('',(#5832),#5836);
#5832 = LINE('',#5833,#5834);
#5833 = CARTESIAN_POINT('',(0.677642176891,-28.5));
#5834 = VECTOR('',#5835,1.);
#5835 = DIRECTION('',(1.,0.));
#5836 = ( GEOMETRIC_REPRESENTATION_CONTEXT(2) 
PARAMETRIC_REPRESENTATION_CONTEXT() REPRESENTATION_CONTEXT('2D SPACE',''
  ) );
#5837 = PCURVE('',#5656,#5838);
#5838 = DEFINITIONAL_REPRESENTATION('',(#5839),#5843);
#5839 = LINE('',#5840,#5841);
#5840 = CARTESIAN_POINT('',(0.,0.));
#5841 = VECTOR('',#5842,1.);
#5842 = DIRECTION('',(1.,0.));
#5843 = ( GEOMETRIC_REPRESENTATION_CONTEXT(2) 
PARAMETRIC_REPRESENTATION_CONTEXT() REPRESENTATION_CONTEXT('2D SPACE',''
  ) );
#5844 = ORIENTED_EDGE('',*,*,#5715,.F.);
#5845 = ORIENTED_EDGE('',*,*,#5282,.T.);
#5846 = ORIENTED_EDGE('',*,*,#5254,.T.);
#5847 = ORIENTED_EDGE('',*,*,#5848,.F.);
#5848 = EDGE_CURVE('',#5849,#5221,#5851,.T.);
#5849 = VERTEX_POINT('',#5850);
#5850 = CARTESIAN_POINT('',(-27.5,-28.5,31.8));
#5851 = SURFACE_CURVE('',#5852,(#5856,#5863),.PCURVE_S1.);
#5852 = LINE('',#5853,#5854);
#5853 = CARTESIAN_POINT('',(-27.5,-28.5,31.8));
#5854 = VECTOR('',#5855,1.);
#5855 = DIRECTION('',(0.,1.,0.));
#5856 = PCURVE('',#5270,#5857);
#5857 = DEFINITIONAL_REPRESENTATION('',(#5858),#5862);
#5858 = LINE('',#5859,#5860);
#5859 = CARTESIAN_POINT('',(5.677642176891,28.5));
#5860 = VECTOR('',#5861,1.);
#5861 = DIRECTION('',(0.,-1.));
#5862 = ( GEOMETRIC_REPRESENTATION_CONTEXT(2) 
PARAMETRIC_REPRESENTATION_CONTEXT() REPRESENTATION_CONTEXT('2D SPACE',''
  ) );
#5863 = PCURVE('',#5240,#5864);
#5864 = DEFINITIONAL_REPRESENTATION('',(#5865),#5869);
#5865 = LINE('',#5866,#5867);
#5866 = CARTESIAN_POINT('',(0.,0.));
#5867 = VECTOR('',#5868,1.);
#5868 = DIRECTION('',(0.,1.));
#5869 = ( GEOMETRIC_REPRESENTATION_CONTEXT(2) 
PARAMETRIC_REPRESENTATION_CONTEXT() REPRESENTATION_CONTEXT('2D SPACE',''
  ) );
#5870 = ORIENTED_EDGE('',*,*,#5871,.F.);
#5871 = EDGE_CURVE('',#5872,#5849,#5874,.T.);
#5872 = VERTEX_POINT('',#5873);
#5873 = CARTESIAN_POINT('',(-27.5,-28.5,26.8));
#5874 = SURFACE_CURVE('',#5875,(#5879,#5886),.PCURVE_S1.);
#5875 = LINE('',#5876,#5877);
#5876 = CARTESIAN_POINT('',(-27.5,-28.5,26.8));
#5877 = VECTOR('',#5878,1.);
#5878 = DIRECTION('',(0.,0.,1.));
#5879 = PCURVE('',#5270,#5880);
#5880 = DEFINITIONAL_REPRESENTATION('',(#5881),#5885);
#5881 = LINE('',#5882,#5883);
#5882 = CARTESIAN_POINT('',(0.677642176891,28.5));
#5883 = VECTOR('',#5884,1.);
#5884 = DIRECTION('',(1.,0.));
#5885 = ( GEOMETRIC_REPRESENTATION_CONTEXT(2) 
PARAMETRIC_REPRESENTATION_CONTEXT() REPRESENTATION_CONTEXT('2D SPACE',''
  ) );
#5886 = PCURVE('',#5381,#5887);
#5887 = DEFINITIONAL_REPRESENTATION('',(#5888),#5892);
#5888 = LINE('',#5889,#5890);
#5889 = CARTESIAN_POINT('',(0.,0.));
#5890 = VECTOR('',#5891,1.);
#5891 = DIRECTION('',(1.,0.));
#5892 = ( GEOMETRIC_REPRESENTATION_CONTEXT(2) 
PARAMETRIC_REPRESENTATION_CONTEXT() REPRESENTATION_CONTEXT('2D SPACE',''
  ) );
#5893 = ORIENTED_EDGE('',*,*,#5894,.F.);
#5894 = EDGE_CURVE('',#5895,#5872,#5897,.T.);
#5895 = VERTEX_POINT('',#5896);
#5896 = CARTESIAN_POINT('',(-27.5,-13.26584070051,26.8));
#5897 = SURFACE_CURVE('',#5898,(#5902,#5909),.PCURVE_S1.);
#5898 = LINE('',#5899,#5900);
#5899 = CARTESIAN_POINT('',(-27.5,28.5,26.8));
#5900 = VECTOR('',#5901,1.);
#5901 = DIRECTION('',(0.,-1.,0.));
#5902 = PCURVE('',#5270,#5903);
#5903 = DEFINITIONAL_REPRESENTATION('',(#5904),#5908);
#5904 = LINE('',#5905,#5906);
#5905 = CARTESIAN_POINT('',(0.677642176891,-28.5));
#5906 = VECTOR('',#5907,1.);
#5907 = DIRECTION('',(0.,1.));
#5908 = ( GEOMETRIC_REPRESENTATION_CONTEXT(2) 
PARAMETRIC_REPRESENTATION_CONTEXT() REPRESENTATION_CONTEXT('2D SPACE',''
  ) );
#5909 = PCURVE('',#5409,#5910);
#5910 = DEFINITIONAL_REPRESENTATION('',(#5911),#5915);
#5911 = LINE('',#5912,#5913);
#5912 = CARTESIAN_POINT('',(22.5,78.5));
#5913 = VECTOR('',#5914,1.);
#5914 = DIRECTION('',(0.,-1.));
#5915 = ( GEOMETRIC_REPRESENTATION_CONTEXT(2) 
PARAMETRIC_REPRESENTATION_CONTEXT() REPRESENTATION_CONTEXT('2D SPACE',''
  ) );
#5916 = ORIENTED_EDGE('',*,*,#5917,.F.);
#5917 = EDGE_CURVE('',#5802,#5895,#5918,.T.);
#5918 = SURFACE_CURVE('',#5919,(#5970,#6024),.PCURVE_S1.);
#5919 = B_SPLINE_CURVE_WITH_KNOTS('',7,(#5920,#5921,#5922,#5923,#5924,
    #5925,#5926,#5927,#5928,#5929,#5930,#5931,#5932,#5933,#5934,#5935,
    #5936,#5937,#5938,#5939,#5940,#5941,#5942,#5943,#5944,#5945,#5946,
    #5947,#5948,#5949,#5950,#5951,#5952,#5953,#5954,#5955,#5956,#5957,
    #5958,#5959,#5960,#5961,#5962,#5963,#5964,#5965,#5966,#5967,#5968,
    #5969),.UNSPECIFIED.,.F.,.F.,(8,6,6,6,6,6,6,6,8),(0.,0.345628100968,
    0.521168548235,0.689560054595,1.,1.310439945404,1.478831451764,
    1.654371899032,1.999999999999),.UNSPECIFIED.);
#5920 = CARTESIAN_POINT('',(-27.5,13.265840700511,26.8));
#5921 = CARTESIAN_POINT('',(-27.5,13.211890889329,27.826733994389));
#5922 = CARTESIAN_POINT('',(-27.5,13.077130277838,28.849193887065));
#5923 = CARTESIAN_POINT('',(-27.5,12.861782554348,29.859815565393));
#5924 = CARTESIAN_POINT('',(-27.5,12.566562286101,30.850858878363));
#5925 = CARTESIAN_POINT('',(-27.5,12.192774802926,31.814430705205));
#5926 = CARTESIAN_POINT('',(-27.5,11.742441681646,32.742523799013));
#5927 = CARTESIAN_POINT('',(-27.5,10.952323549244,34.076322730758));
#5928 = CARTESIAN_POINT('',(-27.5,10.667207400932,34.514321278725));
#5929 = CARTESIAN_POINT('',(-27.5,10.363496733858,34.939994978617));
#5930 = CARTESIAN_POINT('',(-27.5,10.041649676896,35.352264778581));
#5931 = CARTESIAN_POINT('',(-27.5,9.702198531411,35.750052332993));
#5932 = CARTESIAN_POINT('',(-27.5,9.345759162463,36.13228768989));
#5933 = CARTESIAN_POINT('',(-27.5,8.615500708874,36.848655897085));
#5934 = CARTESIAN_POINT('',(-27.5,8.242975902107,37.184118793115));
#5935 = CARTESIAN_POINT('',(-27.5,7.85609845181,37.503368501302));
#5936 = CARTESIAN_POINT('',(-27.5,7.455574052423,37.805494181322));
#5937 = CARTESIAN_POINT('',(-27.5,7.042185992108,38.089617191142));
#5938 = CARTESIAN_POINT('',(-27.5,6.616802767172,38.354901529868));
#5939 = CARTESIAN_POINT('',(-27.5,5.375833575932,39.053471440486));
#5940 = CARTESIAN_POINT('',(-27.5,4.533483514764,39.439872698358));
#5941 = CARTESIAN_POINT('',(-27.5,3.659744009907,39.75457621421));
#5942 = CARTESIAN_POINT('',(-27.5,2.761636792552,39.993589165813));
#5943 = CARTESIAN_POINT('',(-27.5,1.846748498118,40.154028699763));
#5944 = CARTESIAN_POINT('',(-27.5,0.923248745041,40.234210526316));
#5945 = CARTESIAN_POINT('',(-27.5,-0.92324874504,40.234210526316));
#5946 = CARTESIAN_POINT('',(-27.5,-1.846748498123,40.154028699762));
#5947 = CARTESIAN_POINT('',(-27.5,-2.761636792546,39.993589165815));
#5948 = CARTESIAN_POINT('',(-27.5,-3.659744009914,39.754576214207));
#5949 = CARTESIAN_POINT('',(-27.5,-4.533483514763,39.439872698358));
#5950 = CARTESIAN_POINT('',(-27.5,-5.375833575934,39.053471440485));
#5951 = CARTESIAN_POINT('',(-27.5,-6.616802767174,38.354901529867));
#5952 = CARTESIAN_POINT('',(-27.5,-7.042185992109,38.08961719114));
#5953 = CARTESIAN_POINT('',(-27.5,-7.455574052424,37.80549418132));
#5954 = CARTESIAN_POINT('',(-27.5,-7.856098451812,37.503368501301));
#5955 = CARTESIAN_POINT('',(-27.5,-8.242975902108,37.184118793114));
#5956 = CARTESIAN_POINT('',(-27.5,-8.615500708875,36.848655897083));
#5957 = CARTESIAN_POINT('',(-27.5,-9.345759162464,36.132287689888));
#5958 = CARTESIAN_POINT('',(-27.5,-9.702198531412,35.750052332992));
#5959 = CARTESIAN_POINT('',(-27.5,-10.04164967689,35.352264778579));
#5960 = CARTESIAN_POINT('',(-27.5,-10.36349673385,34.939994978615));
#5961 = CARTESIAN_POINT('',(-27.5,-10.66720740093,34.514321278723));
#5962 = CARTESIAN_POINT('',(-27.5,-10.95232354924,34.076322730756));
#5963 = CARTESIAN_POINT('',(-27.5,-11.74244168164,32.742523799011));
#5964 = CARTESIAN_POINT('',(-27.5,-12.19277480292,31.814430705203));
#5965 = CARTESIAN_POINT('',(-27.5,-12.5665622861,30.850858878361));
#5966 = CARTESIAN_POINT('',(-27.5,-12.86178255434,29.859815565392));
#5967 = CARTESIAN_POINT('',(-27.5,-13.07713027783,28.849193887064));
#5968 = CARTESIAN_POINT('',(-27.5,-13.21189088932,27.826733994388));
#5969 = CARTESIAN_POINT('',(-27.5,-13.26584070051,26.8));
#5970 = PCURVE('',#5270,#5971);
#5971 = DEFINITIONAL_REPRESENTATION('',(#5972),#6023);
#5972 = B_SPLINE_CURVE_WITH_KNOTS('',7,(#5973,#5974,#5975,#5976,#5977,
    #5978,#5979,#5980,#5981,#5982,#5983,#5984,#5985,#5986,#5987,#5988,
    #5989,#5990,#5991,#5992,#5993,#5994,#5995,#5996,#5997,#5998,#5999,
    #6000,#6001,#6002,#6003,#6004,#6005,#6006,#6007,#6008,#6009,#6010,
    #6011,#6012,#6013,#6014,#6015,#6016,#6017,#6018,#6019,#6020,#6021,
    #6022),.UNSPECIFIED.,.F.,.F.,(8,6,6,6,6,6,6,6,8),(0.,0.345628100968,
    0.521168548235,0.689560054595,1.,1.310439945404,1.478831451764,
    1.654371899032,1.999999999999),.UNSPECIFIED.);
#5973 = CARTESIAN_POINT('',(0.677642176891,-13.26584070051));
#5974 = CARTESIAN_POINT('',(1.70437617128,-13.21189088932));
#5975 = CARTESIAN_POINT('',(2.726836063956,-13.07713027783));
#5976 = CARTESIAN_POINT('',(3.737457742284,-12.86178255434));
#5977 = CARTESIAN_POINT('',(4.728501055254,-12.5665622861));
#5978 = CARTESIAN_POINT('',(5.692072882096,-12.19277480292));
#5979 = CARTESIAN_POINT('',(6.620165975904,-11.74244168164));
#5980 = CARTESIAN_POINT('',(7.953964907649,-10.95232354924));
#5981 = CARTESIAN_POINT('',(8.391963455616,-10.66720740093));
#5982 = CARTESIAN_POINT('',(8.817637155508,-10.36349673385));
#5983 = CARTESIAN_POINT('',(9.229906955472,-10.04164967689));
#5984 = CARTESIAN_POINT('',(9.627694509884,-9.702198531411));
#5985 = CARTESIAN_POINT('',(10.009929866781,-9.345759162463));
#5986 = CARTESIAN_POINT('',(10.726298073976,-8.615500708874));
#5987 = CARTESIAN_POINT('',(11.061760970006,-8.242975902107));
#5988 = CARTESIAN_POINT('',(11.381010678193,-7.85609845181));
#5989 = CARTESIAN_POINT('',(11.683136358213,-7.455574052423));
#5990 = CARTESIAN_POINT('',(11.967259368033,-7.042185992108));
#5991 = CARTESIAN_POINT('',(12.232543706759,-6.616802767172));
#5992 = CARTESIAN_POINT('',(12.931113617377,-5.375833575932));
#5993 = CARTESIAN_POINT('',(13.317514875249,-4.533483514764));
#5994 = CARTESIAN_POINT('',(13.632218391101,-3.659744009907));
#5995 = CARTESIAN_POINT('',(13.871231342705,-2.761636792552));
#5996 = CARTESIAN_POINT('',(14.031670876654,-1.846748498118));
#5997 = CARTESIAN_POINT('',(14.111852703207,-0.923248745041));
#5998 = CARTESIAN_POINT('',(14.111852703207,0.92324874504));
#5999 = CARTESIAN_POINT('',(14.031670876653,1.846748498123));
#6000 = CARTESIAN_POINT('',(13.871231342706,2.761636792546));
#6001 = CARTESIAN_POINT('',(13.632218391098,3.659744009914));
#6002 = CARTESIAN_POINT('',(13.317514875249,4.533483514763));
#6003 = CARTESIAN_POINT('',(12.931113617376,5.375833575934));
#6004 = CARTESIAN_POINT('',(12.232543706758,6.616802767174));
#6005 = CARTESIAN_POINT('',(11.967259368031,7.042185992109));
#6006 = CARTESIAN_POINT('',(11.683136358211,7.455574052424));
#6007 = CARTESIAN_POINT('',(11.381010678192,7.856098451812));
#6008 = CARTESIAN_POINT('',(11.061760970005,8.242975902108));
#6009 = CARTESIAN_POINT('',(10.726298073974,8.615500708875));
#6010 = CARTESIAN_POINT('',(10.009929866779,9.345759162464));
#6011 = CARTESIAN_POINT('',(9.627694509883,9.702198531412));
#6012 = CARTESIAN_POINT('',(9.22990695547,10.041649676897));
#6013 = CARTESIAN_POINT('',(8.817637155506,10.363496733859));
#6014 = CARTESIAN_POINT('',(8.391963455614,10.667207400933));
#6015 = CARTESIAN_POINT('',(7.953964907647,10.952323549245));
#6016 = CARTESIAN_POINT('',(6.620165975902,11.742441681647));
#6017 = CARTESIAN_POINT('',(5.692072882094,12.192774802927));
#6018 = CARTESIAN_POINT('',(4.728501055252,12.566562286101));
#6019 = CARTESIAN_POINT('',(3.737457742283,12.861782554349));
#6020 = CARTESIAN_POINT('',(2.726836063955,13.077130277838));
#6021 = CARTESIAN_POINT('',(1.704376171279,13.211890889329));
#6022 = CARTESIAN_POINT('',(0.677642176891,13.265840700511));
#6023 = ( GEOMETRIC_REPRESENTATION_CONTEXT(2) 
PARAMETRIC_REPRESENTATION_CONTEXT() REPRESENTATION_CONTEXT('2D SPACE',''
  ) );
#6024 = PCURVE('',#5531,#6025);
#6025 = DEFINITIONAL_REPRESENTATION('',(#6026),#6096);
#6026 = B_SPLINE_CURVE_WITH_KNOTS('',3,(#6027,#6028,#6029,#6030,#6031,
    #6032,#6033,#6034,#6035,#6036,#6037,#6038,#6039,#6040,#6041,#6042,
    #6043,#6044,#6045,#6046,#6047,#6048,#6049,#6050,#6051,#6052,#6053,
    #6054,#6055,#6056,#6057,#6058,#6059,#6060,#6061,#6062,#6063,#6064,
    #6065,#6066,#6067,#6068,#6069,#6070,#6071,#6072,#6073,#6074,#6075,
    #6076,#6077,#6078,#6079,#6080,#6081,#6082,#6083,#6084,#6085,#6086,
    #6087,#6088,#6089,#6090,#6091,#6092,#6093,#6094,#6095),
  .UNSPECIFIED.,.F.,.F.,(4,1,1,1,1,1,1,1,1,1,1,1,1,1,1,1,1,1,1,1,1,1,1,1
    ,1,1,1,1,1,1,1,1,1,1,1,1,1,1,1,1,1,1,1,1,1,1,1,1,1,1,1,1,1,1,1,1,1,1
    ,1,1,1,1,1,1,1,1,4),(0.,3.030303030301E-02,6.060606060603E-02,
    9.090909090904E-02,0.121212121212,0.151515151515,0.181818181818,
    0.212121212121,0.242424242424,0.272727272727,0.30303030303,
    0.333333333333,0.363636363636,0.393939393939,0.424242424242,
    0.454545454545,0.484848484848,0.515151515151,0.545454545454,
    0.575757575757,0.60606060606,0.636363636363,0.666666666666,
    0.696969696969,0.727272727272,0.757575757575,0.787878787878,
    0.818181818181,0.848484848484,0.878787878787,0.90909090909,
    0.939393939393,0.969696969696,0.999999999999,1.030303030303,
    1.060606060606,1.090909090909,1.121212121212,1.151515151515,
    1.181818181818,1.212121212121,1.242424242424,1.272727272727,
    1.30303030303,1.333333333333,1.363636363636,1.393939393939,
    1.424242424242,1.454545454545,1.484848484848,1.515151515151,
    1.545454545454,1.575757575757,1.60606060606,1.636363636363,
    1.666666666666,1.696969696969,1.727272727272,1.757575757575,
    1.787878787878,1.818181818181,1.848484848484,1.878787878787,
    1.90909090909,1.939393939393,1.969696969696,1.999999999999),
  .QUASI_UNIFORM_KNOTS.);
#6027 = CARTESIAN_POINT('',(4.768621235976,-1.));
#6028 = CARTESIAN_POINT('',(4.783400887627,-1.));
#6029 = CARTESIAN_POINT('',(4.812964865111,-1.));
#6030 = CARTESIAN_POINT('',(4.857336010214,-1.));
#6031 = CARTESIAN_POINT('',(4.901743662031,-1.));
#6032 = CARTESIAN_POINT('',(4.946198548119,-1.));
#6033 = CARTESIAN_POINT('',(4.990711067597,-1.));
#6034 = CARTESIAN_POINT('',(5.035291271636,-1.));
#6035 = CARTESIAN_POINT('',(5.07994890856,-1.));
#6036 = CARTESIAN_POINT('',(5.124693440388,-1.));
#6037 = CARTESIAN_POINT('',(5.169534044146,-1.));
#6038 = CARTESIAN_POINT('',(5.214479635685,-1.));
#6039 = CARTESIAN_POINT('',(5.259538750958,-1.));
#6040 = CARTESIAN_POINT('',(5.304719908236,-1.));
#6041 = CARTESIAN_POINT('',(5.350027547504,-1.));
#6042 = CARTESIAN_POINT('',(5.395467395638,-1.));
#6043 = CARTESIAN_POINT('',(5.441044054195,-1.));
#6044 = CARTESIAN_POINT('',(5.486761320078,-1.));
#6045 = CARTESIAN_POINT('',(5.532621862458,-1.));
#6046 = CARTESIAN_POINT('',(5.578627428869,-1.));
#6047 = CARTESIAN_POINT('',(5.624778309362,-1.));
#6048 = CARTESIAN_POINT('',(5.671073092314,-1.));
#6049 = CARTESIAN_POINT('',(5.717509413039,-1.));
#6050 = CARTESIAN_POINT('',(5.76408426068,-1.));
#6051 = CARTESIAN_POINT('',(5.810790520124,-1.));
#6052 = CARTESIAN_POINT('',(5.857630360969,-1.));
#6053 = CARTESIAN_POINT('',(5.904591564196,-1.));
#6054 = CARTESIAN_POINT('',(5.951661623476,-1.));
#6055 = CARTESIAN_POINT('',(5.998828997427,-1.));
#6056 = CARTESIAN_POINT('',(6.046082206064,-1.));
#6057 = CARTESIAN_POINT('',(6.093409483151,-1.));
#6058 = CARTESIAN_POINT('',(6.140798351832,-1.));
#6059 = CARTESIAN_POINT('',(6.188234847199,-1.));
#6060 = CARTESIAN_POINT('',(6.235704010738,-1.));
#6061 = CARTESIAN_POINT('',(6.283185307179,-1.));
#6062 = CARTESIAN_POINT('',(6.33066660362,-1.));
#6063 = CARTESIAN_POINT('',(6.378135767158,-1.));
#6064 = CARTESIAN_POINT('',(6.425572262526,-1.));
#6065 = CARTESIAN_POINT('',(6.472961131206,-1.));
#6066 = CARTESIAN_POINT('',(6.520288408294,-1.));
#6067 = CARTESIAN_POINT('',(6.567541616931,-1.));
#6068 = CARTESIAN_POINT('',(6.614708990882,-1.));
#6069 = CARTESIAN_POINT('',(6.661779050162,-1.));
#6070 = CARTESIAN_POINT('',(6.70874025339,-1.));
#6071 = CARTESIAN_POINT('',(6.755580094234,-1.));
#6072 = CARTESIAN_POINT('',(6.802286353678,-1.));
#6073 = CARTESIAN_POINT('',(6.848861201319,-1.));
#6074 = CARTESIAN_POINT('',(6.895297522044,-1.));
#6075 = CARTESIAN_POINT('',(6.941592304996,-1.));
#6076 = CARTESIAN_POINT('',(6.98774318549,-1.));
#6077 = CARTESIAN_POINT('',(7.0337487519,-1.));
#6078 = CARTESIAN_POINT('',(7.079609294281,-1.));
#6079 = CARTESIAN_POINT('',(7.125326560164,-1.));
#6080 = CARTESIAN_POINT('',(7.170903218721,-1.));
#6081 = CARTESIAN_POINT('',(7.216343066854,-1.));
#6082 = CARTESIAN_POINT('',(7.261650706123,-1.));
#6083 = CARTESIAN_POINT('',(7.3068318634,-1.));
#6084 = CARTESIAN_POINT('',(7.351890978674,-1.));
#6085 = CARTESIAN_POINT('',(7.396836570213,-1.));
#6086 = CARTESIAN_POINT('',(7.441677173971,-1.));
#6087 = CARTESIAN_POINT('',(7.486421705799,-1.));
#6088 = CARTESIAN_POINT('',(7.531079342723,-1.));
#6089 = CARTESIAN_POINT('',(7.575659546762,-1.));
#6090 = CARTESIAN_POINT('',(7.62017206624,-1.));
#6091 = CARTESIAN_POINT('',(7.664626952328,-1.));
#6092 = CARTESIAN_POINT('',(7.709034604145,-1.));
#6093 = CARTESIAN_POINT('',(7.753405749248,-1.));
#6094 = CARTESIAN_POINT('',(7.782969726732,-1.));
#6095 = CARTESIAN_POINT('',(7.797749378383,-1.));
#6096 = ( GEOMETRIC_REPRESENTATION_CONTEXT(2) 
PARAMETRIC_REPRESENTATION_CONTEXT() REPRESENTATION_CONTEXT('2D SPACE',''
  ) );
#6097 = ADVANCED_FACE('',(#6098,#6124),#5240,.T.);
#6098 = FACE_BOUND('',#6099,.T.);
#6099 = EDGE_LOOP('',(#6100,#6101,#6122,#6123));
#6100 = ORIENTED_EDGE('',*,*,#5848,.F.);
#6101 = ORIENTED_EDGE('',*,*,#6102,.T.);
#6102 = EDGE_CURVE('',#5849,#5366,#6103,.T.);
#6103 = SURFACE_CURVE('',#6104,(#6108,#6115),.PCURVE_S1.);
#6104 = LINE('',#6105,#6106);
#6105 = CARTESIAN_POINT('',(-27.5,-28.5,31.8));
#6106 = VECTOR('',#6107,1.);
#6107 = DIRECTION('',(1.,0.,0.));
#6108 = PCURVE('',#5240,#6109);
#6109 = DEFINITIONAL_REPRESENTATION('',(#6110),#6114);
#6110 = LINE('',#6111,#6112);
#6111 = CARTESIAN_POINT('',(0.,0.));
#6112 = VECTOR('',#6113,1.);
#6113 = DIRECTION('',(1.,0.));
#6114 = ( GEOMETRIC_REPRESENTATION_CONTEXT(2) 
PARAMETRIC_REPRESENTATION_CONTEXT() REPRESENTATION_CONTEXT('2D SPACE',''
  ) );
#6115 = PCURVE('',#5381,#6116);
#6116 = DEFINITIONAL_REPRESENTATION('',(#6117),#6121);
#6117 = LINE('',#6118,#6119);
#6118 = CARTESIAN_POINT('',(5.,0.));
#6119 = VECTOR('',#6120,1.);
#6120 = DIRECTION('',(0.,1.));
#6121 = ( GEOMETRIC_REPRESENTATION_CONTEXT(2) 
PARAMETRIC_REPRESENTATION_CONTEXT() REPRESENTATION_CONTEXT('2D SPACE',''
  ) );
#6122 = ORIENTED_EDGE('',*,*,#5691,.T.);
#6123 = ORIENTED_EDGE('',*,*,#5220,.T.);
#6124 = FACE_BOUND('',#6125,.T.);
#6125 = EDGE_LOOP('',(#6126));
#6126 = ORIENTED_EDGE('',*,*,#6127,.T.);
#6127 = EDGE_CURVE('',#6128,#6128,#6130,.T.);
#6128 = VERTEX_POINT('',#6129);
#6129 = CARTESIAN_POINT('',(-21.3,-22.,31.8));
#6130 = SURFACE_CURVE('',#6131,(#6136,#6147),.PCURVE_S1.);
#6131 = CIRCLE('',#6132,1.7);
#6132 = AXIS2_PLACEMENT_3D('',#6133,#6134,#6135);
#6133 = CARTESIAN_POINT('',(-23.,-22.,31.8));
#6134 = DIRECTION('',(0.,0.,-1.));
#6135 = DIRECTION('',(1.,0.,0.));
#6136 = PCURVE('',#5240,#6137);
#6137 = DEFINITIONAL_REPRESENTATION('',(#6138),#6146);
#6138 = ( BOUNDED_CURVE() B_SPLINE_CURVE(2,(#6139,#6140,#6141,#6142,
#6143,#6144,#6145),.UNSPECIFIED.,.T.,.F.) B_SPLINE_CURVE_WITH_KNOTS((1,2
    ,2,2,2,1),(-2.094395102393,0.,2.094395102393,4.188790204786,
6.28318530718,8.377580409573),.UNSPECIFIED.) CURVE() 
GEOMETRIC_REPRESENTATION_ITEM() RATIONAL_B_SPLINE_CURVE((1.,0.5,1.,0.5,
1.,0.5,1.)) REPRESENTATION_ITEM('') );
#6139 = CARTESIAN_POINT('',(6.2,6.5));
#6140 = CARTESIAN_POINT('',(6.2,3.555513627133));
#6141 = CARTESIAN_POINT('',(3.65,5.027756813566));
#6142 = CARTESIAN_POINT('',(1.1,6.5));
#6143 = CARTESIAN_POINT('',(3.65,7.972243186434));
#6144 = CARTESIAN_POINT('',(6.2,9.444486372867));
#6145 = CARTESIAN_POINT('',(6.2,6.5));
#6146 = ( GEOMETRIC_REPRESENTATION_CONTEXT(2) 
PARAMETRIC_REPRESENTATION_CONTEXT() REPRESENTATION_CONTEXT('2D SPACE',''
  ) );
#6147 = PCURVE('',#6148,#6153);
#6148 = CYLINDRICAL_SURFACE('',#6149,1.7);
#6149 = AXIS2_PLACEMENT_3D('',#6150,#6151,#6152);
#6150 = CARTESIAN_POINT('',(-23.,-22.,26.));
#6151 = DIRECTION('',(-0.,-0.,-1.));
#6152 = DIRECTION('',(1.,0.,0.));
#6153 = DEFINITIONAL_REPRESENTATION('',(#6154),#6158);
#6154 = LINE('',#6155,#6156);
#6155 = CARTESIAN_POINT('',(-6.28318530718,-5.8));
#6156 = VECTOR('',#6157,1.);
#6157 = DIRECTION('',(1.,-0.));
#6158 = ( GEOMETRIC_REPRESENTATION_CONTEXT(2) 
PARAMETRIC_REPRESENTATION_CONTEXT() REPRESENTATION_CONTEXT('2D SPACE',''
  ) );
#6159 = ADVANCED_FACE('',(#6160),#5381,.F.);
#6160 = FACE_BOUND('',#6161,.F.);
#6161 = EDGE_LOOP('',(#6162,#6183,#6184,#6185));
#6162 = ORIENTED_EDGE('',*,*,#6163,.F.);
#6163 = EDGE_CURVE('',#5872,#5364,#6164,.T.);
#6164 = SURFACE_CURVE('',#6165,(#6169,#6176),.PCURVE_S1.);
#6165 = LINE('',#6166,#6167);
#6166 = CARTESIAN_POINT('',(-27.5,-28.5,26.8));
#6167 = VECTOR('',#6168,1.);
#6168 = DIRECTION('',(1.,0.,0.));
#6169 = PCURVE('',#5381,#6170);
#6170 = DEFINITIONAL_REPRESENTATION('',(#6171),#6175);
#6171 = LINE('',#6172,#6173);
#6172 = CARTESIAN_POINT('',(0.,0.));
#6173 = VECTOR('',#6174,1.);
#6174 = DIRECTION('',(0.,1.));
#6175 = ( GEOMETRIC_REPRESENTATION_CONTEXT(2) 
PARAMETRIC_REPRESENTATION_CONTEXT() REPRESENTATION_CONTEXT('2D SPACE',''
  ) );
#6176 = PCURVE('',#5409,#6177);
#6177 = DEFINITIONAL_REPRESENTATION('',(#6178),#6182);
#6178 = LINE('',#6179,#6180);
#6179 = CARTESIAN_POINT('',(22.5,21.5));
#6180 = VECTOR('',#6181,1.);
#6181 = DIRECTION('',(1.,0.));
#6182 = ( GEOMETRIC_REPRESENTATION_CONTEXT(2) 
PARAMETRIC_REPRESENTATION_CONTEXT() REPRESENTATION_CONTEXT('2D SPACE',''
  ) );
#6183 = ORIENTED_EDGE('',*,*,#5871,.T.);
#6184 = ORIENTED_EDGE('',*,*,#6102,.T.);
#6185 = ORIENTED_EDGE('',*,*,#5363,.F.);
#6186 = ADVANCED_FACE('',(#6187,#6219),#5409,.F.);
#6187 = FACE_BOUND('',#6188,.F.);
#6188 = EDGE_LOOP('',(#6189,#6190,#6191,#6218));
#6189 = ORIENTED_EDGE('',*,*,#6163,.T.);
#6190 = ORIENTED_EDGE('',*,*,#5393,.T.);
#6191 = ORIENTED_EDGE('',*,*,#6192,.T.);
#6192 = EDGE_CURVE('',#5394,#5895,#6193,.T.);
#6193 = SURFACE_CURVE('',#6194,(#6200,#6209),.PCURVE_S1.);
#6194 = B_SPLINE_CURVE_WITH_KNOTS('',4,(#6195,#6196,#6197,#6198,#6199),
  .UNSPECIFIED.,.F.,.F.,(5,5),(0.,1.),.PIECEWISE_BEZIER_KNOTS.);
#6195 = CARTESIAN_POINT('',(-18.5,-13.26584070051,26.8));
#6196 = CARTESIAN_POINT('',(-20.75,-13.26584070051,26.8));
#6197 = CARTESIAN_POINT('',(-23.,-13.26584070051,26.8));
#6198 = CARTESIAN_POINT('',(-25.25,-13.26584070051,26.8));
#6199 = CARTESIAN_POINT('',(-27.5,-13.26584070051,26.8));
#6200 = PCURVE('',#5409,#6201);
#6201 = DEFINITIONAL_REPRESENTATION('',(#6202),#6208);
#6202 = B_SPLINE_CURVE_WITH_KNOTS('',4,(#6203,#6204,#6205,#6206,#6207),
  .UNSPECIFIED.,.F.,.F.,(5,5),(0.,1.),.PIECEWISE_BEZIER_KNOTS.);
#6203 = CARTESIAN_POINT('',(31.5,36.734159299489));
#6204 = CARTESIAN_POINT('',(29.25,36.734159299489));
#6205 = CARTESIAN_POINT('',(27.,36.734159299489));
#6206 = CARTESIAN_POINT('',(24.75,36.734159299489));
#6207 = CARTESIAN_POINT('',(22.5,36.734159299489));
#6208 = ( GEOMETRIC_REPRESENTATION_CONTEXT(2) 
PARAMETRIC_REPRESENTATION_CONTEXT() REPRESENTATION_CONTEXT('2D SPACE',''
  ) );
#6209 = PCURVE('',#5531,#6210);
#6210 = DEFINITIONAL_REPRESENTATION('',(#6211),#6217);
#6211 = B_SPLINE_CURVE_WITH_KNOTS('',4,(#6212,#6213,#6214,#6215,#6216),
  .UNSPECIFIED.,.F.,.F.,(5,5),(0.,1.),.PIECEWISE_BEZIER_KNOTS.);
#6212 = CARTESIAN_POINT('',(7.797749378383,-10.));
#6213 = CARTESIAN_POINT('',(7.797749378383,-7.75));
#6214 = CARTESIAN_POINT('',(7.797749378383,-5.5));
#6215 = CARTESIAN_POINT('',(7.797749378383,-3.25));
#6216 = CARTESIAN_POINT('',(7.797749378383,-1.));
#6217 = ( GEOMETRIC_REPRESENTATION_CONTEXT(2) 
PARAMETRIC_REPRESENTATION_CONTEXT() REPRESENTATION_CONTEXT('2D SPACE',''
  ) );
#6218 = ORIENTED_EDGE('',*,*,#5894,.T.);
#6219 = FACE_BOUND('',#6220,.F.);
#6220 = EDGE_LOOP('',(#6221));
#6221 = ORIENTED_EDGE('',*,*,#6222,.T.);
#6222 = EDGE_CURVE('',#6223,#6223,#6225,.T.);
#6223 = VERTEX_POINT('',#6224);
#6224 = CARTESIAN_POINT('',(-21.3,-22.,26.8));
#6225 = SURFACE_CURVE('',#6226,(#6231,#6242),.PCURVE_S1.);
#6226 = CIRCLE('',#6227,1.7);
#6227 = AXIS2_PLACEMENT_3D('',#6228,#6229,#6230);
#6228 = CARTESIAN_POINT('',(-23.,-22.,26.8));
#6229 = DIRECTION('',(0.,0.,-1.));
#6230 = DIRECTION('',(1.,0.,0.));
#6231 = PCURVE('',#5409,#6232);
#6232 = DEFINITIONAL_REPRESENTATION('',(#6233),#6241);
#6233 = ( BOUNDED_CURVE() B_SPLINE_CURVE(2,(#6234,#6235,#6236,#6237,
#6238,#6239,#6240),.UNSPECIFIED.,.T.,.F.) B_SPLINE_CURVE_WITH_KNOTS((1,2
    ,2,2,2,1),(-2.094395102393,0.,2.094395102393,4.188790204786,
6.28318530718,8.377580409573),.UNSPECIFIED.) CURVE() 
GEOMETRIC_REPRESENTATION_ITEM() RATIONAL_B_SPLINE_CURVE((1.,0.5,1.,0.5,
1.,0.5,1.)) REPRESENTATION_ITEM('') );
#6234 = CARTESIAN_POINT('',(28.7,28.));
#6235 = CARTESIAN_POINT('',(28.7,25.055513627133));
#6236 = CARTESIAN_POINT('',(26.15,26.527756813566));
#6237 = CARTESIAN_POINT('',(23.6,28.));
#6238 = CARTESIAN_POINT('',(26.15,29.472243186434));
#6239 = CARTESIAN_POINT('',(28.7,30.944486372867));
#6240 = CARTESIAN_POINT('',(28.7,28.));
#6241 = ( GEOMETRIC_REPRESENTATION_CONTEXT(2) 
PARAMETRIC_REPRESENTATION_CONTEXT() REPRESENTATION_CONTEXT('2D SPACE',''
  ) );
#6242 = PCURVE('',#6148,#6243);
#6243 = DEFINITIONAL_REPRESENTATION('',(#6244),#6248);
#6244 = LINE('',#6245,#6246);
#6245 = CARTESIAN_POINT('',(-6.28318530718,-0.8));
#6246 = VECTOR('',#6247,1.);
#6247 = DIRECTION('',(1.,-0.));
#6248 = ( GEOMETRIC_REPRESENTATION_CONTEXT(2) 
PARAMETRIC_REPRESENTATION_CONTEXT() REPRESENTATION_CONTEXT('2D SPACE',''
  ) );
#6249 = ADVANCED_FACE('',(#6250),#5531,.T.);
#6250 = FACE_BOUND('',#6251,.T.);
#6251 = EDGE_LOOP('',(#6252,#6253,#6254,#6255));
#6252 = ORIENTED_EDGE('',*,*,#5421,.F.);
#6253 = ORIENTED_EDGE('',*,*,#6192,.T.);
#6254 = ORIENTED_EDGE('',*,*,#5917,.F.);
#6255 = ORIENTED_EDGE('',*,*,#6256,.F.);
#6256 = EDGE_CURVE('',#5422,#5802,#6257,.T.);
#6257 = SURFACE_CURVE('',#6258,(#6264,#6273),.PCURVE_S1.);
#6258 = B_SPLINE_CURVE_WITH_KNOTS('',4,(#6259,#6260,#6261,#6262,#6263),
  .UNSPECIFIED.,.F.,.F.,(5,5),(0.,1.),.PIECEWISE_BEZIER_KNOTS.);
#6259 = CARTESIAN_POINT('',(-18.5,13.265840700511,26.8));
#6260 = CARTESIAN_POINT('',(-20.75,13.265840700511,26.8));
#6261 = CARTESIAN_POINT('',(-23.,13.265840700511,26.8));
#6262 = CARTESIAN_POINT('',(-25.25,13.265840700511,26.8));
#6263 = CARTESIAN_POINT('',(-27.5,13.265840700511,26.8));
#6264 = PCURVE('',#5531,#6265);
#6265 = DEFINITIONAL_REPRESENTATION('',(#6266),#6272);
#6266 = B_SPLINE_CURVE_WITH_KNOTS('',4,(#6267,#6268,#6269,#6270,#6271),
  .UNSPECIFIED.,.F.,.F.,(5,5),(0.,1.),.PIECEWISE_BEZIER_KNOTS.);
#6267 = CARTESIAN_POINT('',(4.768621235976,-10.));
#6268 = CARTESIAN_POINT('',(4.768621235976,-7.75));
#6269 = CARTESIAN_POINT('',(4.768621235976,-5.5));
#6270 = CARTESIAN_POINT('',(4.768621235976,-3.25));
#6271 = CARTESIAN_POINT('',(4.768621235976,-1.));
#6272 = ( GEOMETRIC_REPRESENTATION_CONTEXT(2) 
PARAMETRIC_REPRESENTATION_CONTEXT() REPRESENTATION_CONTEXT('2D SPACE',''
  ) );
#6273 = PCURVE('',#5628,#6274);
#6274 = DEFINITIONAL_REPRESENTATION('',(#6275),#6281);
#6275 = B_SPLINE_CURVE_WITH_KNOTS('',4,(#6276,#6277,#6278,#6279,#6280),
  .UNSPECIFIED.,.F.,.F.,(5,5),(0.,1.),.PIECEWISE_BEZIER_KNOTS.);
#6276 = CARTESIAN_POINT('',(31.5,63.265840700511));
#6277 = CARTESIAN_POINT('',(29.25,63.265840700511));
#6278 = CARTESIAN_POINT('',(27.,63.265840700511));
#6279 = CARTESIAN_POINT('',(24.75,63.265840700511));
#6280 = CARTESIAN_POINT('',(22.5,63.265840700511));
#6281 = ( GEOMETRIC_REPRESENTATION_CONTEXT(2) 
PARAMETRIC_REPRESENTATION_CONTEXT() REPRESENTATION_CONTEXT('2D SPACE',''
  ) );
#6282 = ADVANCED_FACE('',(#6283,#6309),#5628,.F.);
#6283 = FACE_BOUND('',#6284,.F.);
#6284 = EDGE_LOOP('',(#6285,#6286,#6287,#6308));
#6285 = ORIENTED_EDGE('',*,*,#6256,.F.);
#6286 = ORIENTED_EDGE('',*,*,#5612,.T.);
#6287 = ORIENTED_EDGE('',*,*,#6288,.F.);
#6288 = EDGE_CURVE('',#5800,#5613,#6289,.T.);
#6289 = SURFACE_CURVE('',#6290,(#6294,#6301),.PCURVE_S1.);
#6290 = LINE('',#6291,#6292);
#6291 = CARTESIAN_POINT('',(-27.5,28.5,26.8));
#6292 = VECTOR('',#6293,1.);
#6293 = DIRECTION('',(1.,0.,0.));
#6294 = PCURVE('',#5628,#6295);
#6295 = DEFINITIONAL_REPRESENTATION('',(#6296),#6300);
#6296 = LINE('',#6297,#6298);
#6297 = CARTESIAN_POINT('',(22.5,78.5));
#6298 = VECTOR('',#6299,1.);
#6299 = DIRECTION('',(1.,0.));
#6300 = ( GEOMETRIC_REPRESENTATION_CONTEXT(2) 
PARAMETRIC_REPRESENTATION_CONTEXT() REPRESENTATION_CONTEXT('2D SPACE',''
  ) );
#6301 = PCURVE('',#5656,#6302);
#6302 = DEFINITIONAL_REPRESENTATION('',(#6303),#6307);
#6303 = LINE('',#6304,#6305);
#6304 = CARTESIAN_POINT('',(0.,0.));
#6305 = VECTOR('',#6306,1.);
#6306 = DIRECTION('',(0.,1.));
#6307 = ( GEOMETRIC_REPRESENTATION_CONTEXT(2) 
PARAMETRIC_REPRESENTATION_CONTEXT() REPRESENTATION_CONTEXT('2D SPACE',''
  ) );
#6308 = ORIENTED_EDGE('',*,*,#5799,.T.);
#6309 = FACE_BOUND('',#6310,.F.);
#6310 = EDGE_LOOP('',(#6311));
#6311 = ORIENTED_EDGE('',*,*,#6312,.T.);
#6312 = EDGE_CURVE('',#6313,#6313,#6315,.T.);
#6313 = VERTEX_POINT('',#6314);
#6314 = CARTESIAN_POINT('',(-21.3,22.,26.8));
#6315 = SURFACE_CURVE('',#6316,(#6321,#6332),.PCURVE_S1.);
#6316 = CIRCLE('',#6317,1.7);
#6317 = AXIS2_PLACEMENT_3D('',#6318,#6319,#6320);
#6318 = CARTESIAN_POINT('',(-23.,22.,26.8));
#6319 = DIRECTION('',(0.,0.,-1.));
#6320 = DIRECTION('',(1.,0.,0.));
#6321 = PCURVE('',#5628,#6322);
#6322 = DEFINITIONAL_REPRESENTATION('',(#6323),#6331);
#6323 = ( BOUNDED_CURVE() B_SPLINE_CURVE(2,(#6324,#6325,#6326,#6327,
#6328,#6329,#6330),.UNSPECIFIED.,.T.,.F.) B_SPLINE_CURVE_WITH_KNOTS((1,2
    ,2,2,2,1),(-2.094395102393,0.,2.094395102393,4.188790204786,
6.28318530718,8.377580409573),.UNSPECIFIED.) CURVE() 
GEOMETRIC_REPRESENTATION_ITEM() RATIONAL_B_SPLINE_CURVE((1.,0.5,1.,0.5,
1.,0.5,1.)) REPRESENTATION_ITEM('') );
#6324 = CARTESIAN_POINT('',(28.7,72.));
#6325 = CARTESIAN_POINT('',(28.7,69.055513627133));
#6326 = CARTESIAN_POINT('',(26.15,70.527756813566));
#6327 = CARTESIAN_POINT('',(23.6,72.));
#6328 = CARTESIAN_POINT('',(26.15,73.472243186434));
#6329 = CARTESIAN_POINT('',(28.7,74.944486372867));
#6330 = CARTESIAN_POINT('',(28.7,72.));
#6331 = ( GEOMETRIC_REPRESENTATION_CONTEXT(2) 
PARAMETRIC_REPRESENTATION_CONTEXT() REPRESENTATION_CONTEXT('2D SPACE',''
  ) );
#6332 = PCURVE('',#5784,#6333);
#6333 = DEFINITIONAL_REPRESENTATION('',(#6334),#6338);
#6334 = LINE('',#6335,#6336);
#6335 = CARTESIAN_POINT('',(-6.28318530718,-0.8));
#6336 = VECTOR('',#6337,1.);
#6337 = DIRECTION('',(1.,-0.));
#6338 = ( GEOMETRIC_REPRESENTATION_CONTEXT(2) 
PARAMETRIC_REPRESENTATION_CONTEXT() REPRESENTATION_CONTEXT('2D SPACE',''
  ) );
#6339 = ADVANCED_FACE('',(#6340),#5656,.T.);
#6340 = FACE_BOUND('',#6341,.T.);
#6341 = EDGE_LOOP('',(#6342,#6343,#6344,#6345));
#6342 = ORIENTED_EDGE('',*,*,#6288,.F.);
#6343 = ORIENTED_EDGE('',*,*,#5824,.T.);
#6344 = ORIENTED_EDGE('',*,*,#5740,.T.);
#6345 = ORIENTED_EDGE('',*,*,#5640,.F.);
#6346 = ADVANCED_FACE('',(#6347),#5784,.F.);
#6347 = FACE_BOUND('',#6348,.T.);
#6348 = EDGE_LOOP('',(#6349,#6350,#6371,#6372));
#6349 = ORIENTED_EDGE('',*,*,#6312,.T.);
#6350 = ORIENTED_EDGE('',*,*,#6351,.T.);
#6351 = EDGE_CURVE('',#6313,#5764,#6352,.T.);
#6352 = SEAM_CURVE('',#6353,(#6357,#6364),.PCURVE_S1.);
#6353 = LINE('',#6354,#6355);
#6354 = CARTESIAN_POINT('',(-21.3,22.,26.));
#6355 = VECTOR('',#6356,1.);
#6356 = DIRECTION('',(0.,0.,1.));
#6357 = PCURVE('',#5784,#6358);
#6358 = DEFINITIONAL_REPRESENTATION('',(#6359),#6363);
#6359 = LINE('',#6360,#6361);
#6360 = CARTESIAN_POINT('',(-6.28318530718,0.));
#6361 = VECTOR('',#6362,1.);
#6362 = DIRECTION('',(-0.,-1.));
#6363 = ( GEOMETRIC_REPRESENTATION_CONTEXT(2) 
PARAMETRIC_REPRESENTATION_CONTEXT() REPRESENTATION_CONTEXT('2D SPACE',''
  ) );
#6364 = PCURVE('',#5784,#6365);
#6365 = DEFINITIONAL_REPRESENTATION('',(#6366),#6370);
#6366 = LINE('',#6367,#6368);
#6367 = CARTESIAN_POINT('',(-0.,0.));
#6368 = VECTOR('',#6369,1.);
#6369 = DIRECTION('',(-0.,-1.));
#6370 = ( GEOMETRIC_REPRESENTATION_CONTEXT(2) 
PARAMETRIC_REPRESENTATION_CONTEXT() REPRESENTATION_CONTEXT('2D SPACE',''
  ) );
#6371 = ORIENTED_EDGE('',*,*,#5763,.F.);
#6372 = ORIENTED_EDGE('',*,*,#6351,.F.);
#6373 = ADVANCED_FACE('',(#6374),#6148,.F.);
#6374 = FACE_BOUND('',#6375,.T.);
#6375 = EDGE_LOOP('',(#6376,#6377,#6398,#6399));
#6376 = ORIENTED_EDGE('',*,*,#6222,.T.);
#6377 = ORIENTED_EDGE('',*,*,#6378,.T.);
#6378 = EDGE_CURVE('',#6223,#6128,#6379,.T.);
#6379 = SEAM_CURVE('',#6380,(#6384,#6391),.PCURVE_S1.);
#6380 = LINE('',#6381,#6382);
#6381 = CARTESIAN_POINT('',(-21.3,-22.,26.));
#6382 = VECTOR('',#6383,1.);
#6383 = DIRECTION('',(0.,0.,1.));
#6384 = PCURVE('',#6148,#6385);
#6385 = DEFINITIONAL_REPRESENTATION('',(#6386),#6390);
#6386 = LINE('',#6387,#6388);
#6387 = CARTESIAN_POINT('',(-6.28318530718,0.));
#6388 = VECTOR('',#6389,1.);
#6389 = DIRECTION('',(-0.,-1.));
#6390 = ( GEOMETRIC_REPRESENTATION_CONTEXT(2) 
PARAMETRIC_REPRESENTATION_CONTEXT() REPRESENTATION_CONTEXT('2D SPACE',''
  ) );
#6391 = PCURVE('',#6148,#6392);
#6392 = DEFINITIONAL_REPRESENTATION('',(#6393),#6397);
#6393 = LINE('',#6394,#6395);
#6394 = CARTESIAN_POINT('',(-0.,0.));
#6395 = VECTOR('',#6396,1.);
#6396 = DIRECTION('',(-0.,-1.));
#6397 = ( GEOMETRIC_REPRESENTATION_CONTEXT(2) 
PARAMETRIC_REPRESENTATION_CONTEXT() REPRESENTATION_CONTEXT('2D SPACE',''
  ) );
#6398 = ORIENTED_EDGE('',*,*,#6127,.F.);
#6399 = ORIENTED_EDGE('',*,*,#6378,.F.);
#6400 = ( GEOMETRIC_REPRESENTATION_CONTEXT(3) 
GLOBAL_UNCERTAINTY_ASSIGNED_CONTEXT((#6404)) 
GLOBAL_UNIT_ASSIGNED_CONTEXT((#6401,#6402,#6403)) REPRESENTATION_CONTEXT
('Context #1','3D Context with UNIT and UNCERTAINTY') );
#6401 = ( LENGTH_UNIT() NAMED_UNIT(*) SI_UNIT(.MILLI.,.METRE.) );
#6402 = ( NAMED_UNIT(*) PLANE_ANGLE_UNIT() SI_UNIT($,.RADIAN.) );
#6403 = ( NAMED_UNIT(*) SI_UNIT($,.STERADIAN.) SOLID_ANGLE_UNIT() );
#6404 = UNCERTAINTY_MEASURE_WITH_UNIT(LENGTH_MEASURE(2.E-06),#6401,
  'distance_accuracy_value','confusion accuracy');
#6405 = CONTEXT_DEPENDENT_SHAPE_REPRESENTATION(#6406,#6408);
#6406 = ( REPRESENTATION_RELATIONSHIP('','',#5175,#10) 
REPRESENTATION_RELATIONSHIP_WITH_TRANSFORMATION(#6407) 
SHAPE_REPRESENTATION_RELATIONSHIP() );
#6407 = ITEM_DEFINED_TRANSFORMATION('','',#11,#19);
#6408 = PRODUCT_DEFINITION_SHAPE('Placement','Placement of an item',
  #6409);
#6409 = NEXT_ASSEMBLY_USAGE_OCCURRENCE('2','','',#5,#5170,$);
#6410 = PRODUCT_RELATED_PRODUCT_CATEGORY('part',$,(#5172));
#6411 = SHAPE_DEFINITION_REPRESENTATION(#6412,#6418);
#6412 = PRODUCT_DEFINITION_SHAPE('','',#6413);
#6413 = PRODUCT_DEFINITION('design','',#6414,#6417);
#6414 = PRODUCT_DEFINITION_FORMATION('','',#6415);
#6415 = PRODUCT('Open CASCADE STEP translator 7.9 5.3',
  'Open CASCADE STEP translator 7.9 5.3','',(#6416));
#6416 = PRODUCT_CONTEXT('',#2,'mechanical');
#6417 = PRODUCT_DEFINITION_CONTEXT('part definition',#2,'design');
#6418 = ADVANCED_BREP_SHAPE_REPRESENTATION('',(#11,#6419),#7643);
#6419 = MANIFOLD_SOLID_BREP('',#6420);
#6420 = CLOSED_SHELL('',(#6421,#6602,#6954,#7038,#7340,#7402,#7485,#7492
    ,#7519,#7582,#7589,#7616));
#6421 = ADVANCED_FACE('',(#6422),#6437,.F.);
#6422 = FACE_BOUND('',#6423,.F.);
#6423 = EDGE_LOOP('',(#6424,#6462,#6485,#6519,#6547,#6570));
#6424 = ORIENTED_EDGE('',*,*,#6425,.F.);
#6425 = EDGE_CURVE('',#6426,#6428,#6430,.T.);
#6426 = VERTEX_POINT('',#6427);
#6427 = CARTESIAN_POINT('',(18.5,1.943766784956E-15,43.507894736842));
#6428 = VERTEX_POINT('',#6429);
#6429 = CARTESIAN_POINT('',(18.5,-15.73961687953,31.8));
#6430 = SURFACE_CURVE('',#6431,(#6436,#6450),.PCURVE_S1.);
#6431 = ELLIPSE('',#6432,17.507894736842,16.681578947368);
#6432 = AXIS2_PLACEMENT_3D('',#6433,#6434,#6435);
#6433 = CARTESIAN_POINT('',(18.5,0.,26.));
#6434 = DIRECTION('',(1.,0.,-0.));
#6435 = DIRECTION('',(0.,1.110223024625E-16,1.));
#6436 = PCURVE('',#6437,#6445);
#6437 = SURFACE_OF_LINEAR_EXTRUSION('',#6438,#6443);
#6438 = ELLIPSE('',#6439,17.507894736842,16.681578947368);
#6439 = AXIS2_PLACEMENT_3D('',#6440,#6441,#6442);
#6440 = CARTESIAN_POINT('',(18.5,0.,26.));
#6441 = DIRECTION('',(1.,0.,-0.));
#6442 = DIRECTION('',(0.,1.110223024625E-16,1.));
#6443 = VECTOR('',#6444,1.);
#6444 = DIRECTION('',(-1.,-0.,-0.));
#6445 = DEFINITIONAL_REPRESENTATION('',(#6446),#6449);
#6446 = B_SPLINE_CURVE_WITH_KNOTS('',1,(#6447,#6448),.UNSPECIFIED.,.F.,
  .F.,(2,2),(0.,1.525086739084),.PIECEWISE_BEZIER_KNOTS.);
#6447 = CARTESIAN_POINT('',(6.28318530718,0.));
#6448 = CARTESIAN_POINT('',(7.808272046263,0.));
#6449 = ( GEOMETRIC_REPRESENTATION_CONTEXT(2) 
PARAMETRIC_REPRESENTATION_CONTEXT() REPRESENTATION_CONTEXT('2D SPACE',''
  ) );
#6450 = PCURVE('',#6451,#6456);
#6451 = PLANE('',#6452);
#6452 = AXIS2_PLACEMENT_3D('',#6453,#6454,#6455);
#6453 = CARTESIAN_POINT('',(18.5,-2.625415892908E-16,26.106401974852));
#6454 = DIRECTION('',(1.,0.,0.));
#6455 = DIRECTION('',(-0.,0.,1.));
#6456 = DEFINITIONAL_REPRESENTATION('',(#6457),#6461);
#6457 = ELLIPSE('',#6458,17.507894736842,16.681578947368);
#6458 = AXIS2_PLACEMENT_2D('',#6459,#6460);
#6459 = CARTESIAN_POINT('',(-0.106401974852,-2.625415892908E-16));
#6460 = DIRECTION('',(1.,-1.110223024625E-16));
#6461 = ( GEOMETRIC_REPRESENTATION_CONTEXT(2) 
PARAMETRIC_REPRESENTATION_CONTEXT() REPRESENTATION_CONTEXT('2D SPACE',''
  ) );
#6462 = ORIENTED_EDGE('',*,*,#6463,.F.);
#6463 = EDGE_CURVE('',#6464,#6426,#6466,.T.);
#6464 = VERTEX_POINT('',#6465);
#6465 = CARTESIAN_POINT('',(18.5,15.739616879532,31.8));
#6466 = SURFACE_CURVE('',#6467,(#6472,#6478),.PCURVE_S1.);
#6467 = ELLIPSE('',#6468,17.507894736842,16.681578947368);
#6468 = AXIS2_PLACEMENT_3D('',#6469,#6470,#6471);
#6469 = CARTESIAN_POINT('',(18.5,0.,26.));
#6470 = DIRECTION('',(1.,0.,-0.));
#6471 = DIRECTION('',(0.,1.110223024625E-16,1.));
#6472 = PCURVE('',#6437,#6473);
#6473 = DEFINITIONAL_REPRESENTATION('',(#6474),#6477);
#6474 = B_SPLINE_CURVE_WITH_KNOTS('',1,(#6475,#6476),.UNSPECIFIED.,.F.,
  .F.,(2,2),(4.758098568096,6.28318530718),.PIECEWISE_BEZIER_KNOTS.);
#6475 = CARTESIAN_POINT('',(4.758098568096,0.));
#6476 = CARTESIAN_POINT('',(6.28318530718,0.));
#6477 = ( GEOMETRIC_REPRESENTATION_CONTEXT(2) 
PARAMETRIC_REPRESENTATION_CONTEXT() REPRESENTATION_CONTEXT('2D SPACE',''
  ) );
#6478 = PCURVE('',#6451,#6479);
#6479 = DEFINITIONAL_REPRESENTATION('',(#6480),#6484);
#6480 = ELLIPSE('',#6481,17.507894736842,16.681578947368);
#6481 = AXIS2_PLACEMENT_2D('',#6482,#6483);
#6482 = CARTESIAN_POINT('',(-0.106401974852,-2.625415892908E-16));
#6483 = DIRECTION('',(1.,-1.110223024625E-16));
#6484 = ( GEOMETRIC_REPRESENTATION_CONTEXT(2) 
PARAMETRIC_REPRESENTATION_CONTEXT() REPRESENTATION_CONTEXT('2D SPACE',''
  ) );
#6485 = ORIENTED_EDGE('',*,*,#6486,.F.);
#6486 = EDGE_CURVE('',#6487,#6464,#6489,.T.);
#6487 = VERTEX_POINT('',#6488);
#6488 = CARTESIAN_POINT('',(27.5,15.739616879532,31.8));
#6489 = SURFACE_CURVE('',#6490,(#6496,#6505),.PCURVE_S1.);
#6490 = B_SPLINE_CURVE_WITH_KNOTS('',4,(#6491,#6492,#6493,#6494,#6495),
  .UNSPECIFIED.,.F.,.F.,(5,5),(0.,1.),.PIECEWISE_BEZIER_KNOTS.);
#6491 = CARTESIAN_POINT('',(27.5,15.739616879533,31.8));
#6492 = CARTESIAN_POINT('',(25.250000000225,15.739616879533,31.8));
#6493 = CARTESIAN_POINT('',(22.999999999981,15.739616879533,31.8));
#6494 = CARTESIAN_POINT('',(20.749999999775,15.739616879533,31.8));
#6495 = CARTESIAN_POINT('',(18.5,15.739616879533,31.8));
#6496 = PCURVE('',#6437,#6497);
#6497 = DEFINITIONAL_REPRESENTATION('',(#6498),#6504);
#6498 = B_SPLINE_CURVE_WITH_KNOTS('',4,(#6499,#6500,#6501,#6502,#6503),
  .UNSPECIFIED.,.F.,.F.,(5,5),(0.,1.),.PIECEWISE_BEZIER_KNOTS.);
#6499 = CARTESIAN_POINT('',(5.050047906743,-8.9999999991));
#6500 = CARTESIAN_POINT('',(5.050047906743,-6.749999999325));
#6501 = CARTESIAN_POINT('',(5.050047906743,-4.500000000019));
#6502 = CARTESIAN_POINT('',(5.050047906743,-2.250000000675));
#6503 = CARTESIAN_POINT('',(5.050047906743,-8.999396783338E-10));
#6504 = ( GEOMETRIC_REPRESENTATION_CONTEXT(2) 
PARAMETRIC_REPRESENTATION_CONTEXT() REPRESENTATION_CONTEXT('2D SPACE',''
  ) );
#6505 = PCURVE('',#6506,#6511);
#6506 = PLANE('',#6507);
#6507 = AXIS2_PLACEMENT_3D('',#6508,#6509,#6510);
#6508 = CARTESIAN_POINT('',(18.5,15.5,31.8));
#6509 = DIRECTION('',(0.,0.,1.));
#6510 = DIRECTION('',(1.,0.,0.));
#6511 = DEFINITIONAL_REPRESENTATION('',(#6512),#6518);
#6512 = B_SPLINE_CURVE_WITH_KNOTS('',4,(#6513,#6514,#6515,#6516,#6517),
  .UNSPECIFIED.,.F.,.F.,(5,5),(0.,1.),.PIECEWISE_BEZIER_KNOTS.);
#6513 = CARTESIAN_POINT('',(9.,0.239616879533));
#6514 = CARTESIAN_POINT('',(6.750000000225,0.239616879533));
#6515 = CARTESIAN_POINT('',(4.499999999981,0.239616879533));
#6516 = CARTESIAN_POINT('',(2.249999999775,0.239616879533));
#6517 = CARTESIAN_POINT('',(0.,0.239616879533));
#6518 = ( GEOMETRIC_REPRESENTATION_CONTEXT(2) 
PARAMETRIC_REPRESENTATION_CONTEXT() REPRESENTATION_CONTEXT('2D SPACE',''
  ) );
#6519 = ORIENTED_EDGE('',*,*,#6520,.T.);
#6520 = EDGE_CURVE('',#6487,#6521,#6523,.T.);
#6521 = VERTEX_POINT('',#6522);
#6522 = CARTESIAN_POINT('',(27.5,1.943766784956E-15,43.507894736842));
#6523 = SURFACE_CURVE('',#6524,(#6529,#6535),.PCURVE_S1.);
#6524 = ELLIPSE('',#6525,17.507894736842,16.681578947368);
#6525 = AXIS2_PLACEMENT_3D('',#6526,#6527,#6528);
#6526 = CARTESIAN_POINT('',(27.5,0.,26.));
#6527 = DIRECTION('',(1.,0.,-0.));
#6528 = DIRECTION('',(0.,1.110223024625E-16,1.));
#6529 = PCURVE('',#6437,#6530);
#6530 = DEFINITIONAL_REPRESENTATION('',(#6531),#6534);
#6531 = B_SPLINE_CURVE_WITH_KNOTS('',1,(#6532,#6533),.UNSPECIFIED.,.F.,
  .F.,(2,2),(4.758098568096,6.28318530718),.PIECEWISE_BEZIER_KNOTS.);
#6532 = CARTESIAN_POINT('',(4.758098568096,-9.));
#6533 = CARTESIAN_POINT('',(6.28318530718,-9.));
#6534 = ( GEOMETRIC_REPRESENTATION_CONTEXT(2) 
PARAMETRIC_REPRESENTATION_CONTEXT() REPRESENTATION_CONTEXT('2D SPACE',''
  ) );
#6535 = PCURVE('',#6536,#6541);
#6536 = PLANE('',#6537);
#6537 = AXIS2_PLACEMENT_3D('',#6538,#6539,#6540);
#6538 = CARTESIAN_POINT('',(27.5,-2.625415892908E-16,26.106401974852));
#6539 = DIRECTION('',(1.,0.,0.));
#6540 = DIRECTION('',(-0.,0.,1.));
#6541 = DEFINITIONAL_REPRESENTATION('',(#6542),#6546);
#6542 = ELLIPSE('',#6543,17.507894736842,16.681578947368);
#6543 = AXIS2_PLACEMENT_2D('',#6544,#6545);
#6544 = CARTESIAN_POINT('',(-0.106401974852,-2.625415892908E-16));
#6545 = DIRECTION('',(1.,-1.110223024625E-16));
#6546 = ( GEOMETRIC_REPRESENTATION_CONTEXT(2) 
PARAMETRIC_REPRESENTATION_CONTEXT() REPRESENTATION_CONTEXT('2D SPACE',''
  ) );
#6547 = ORIENTED_EDGE('',*,*,#6548,.T.);
#6548 = EDGE_CURVE('',#6521,#6549,#6551,.T.);
#6549 = VERTEX_POINT('',#6550);
#6550 = CARTESIAN_POINT('',(27.5,-15.73961687953,31.8));
#6551 = SURFACE_CURVE('',#6552,(#6557,#6563),.PCURVE_S1.);
#6552 = ELLIPSE('',#6553,17.507894736842,16.681578947368);
#6553 = AXIS2_PLACEMENT_3D('',#6554,#6555,#6556);
#6554 = CARTESIAN_POINT('',(27.5,0.,26.));
#6555 = DIRECTION('',(1.,0.,-0.));
#6556 = DIRECTION('',(0.,1.110223024625E-16,1.));
#6557 = PCURVE('',#6437,#6558);
#6558 = DEFINITIONAL_REPRESENTATION('',(#6559),#6562);
#6559 = B_SPLINE_CURVE_WITH_KNOTS('',1,(#6560,#6561),.UNSPECIFIED.,.F.,
  .F.,(2,2),(0.,1.525086739084),.PIECEWISE_BEZIER_KNOTS.);
#6560 = CARTESIAN_POINT('',(6.28318530718,-9.));
#6561 = CARTESIAN_POINT('',(7.808272046263,-9.));
#6562 = ( GEOMETRIC_REPRESENTATION_CONTEXT(2) 
PARAMETRIC_REPRESENTATION_CONTEXT() REPRESENTATION_CONTEXT('2D SPACE',''
  ) );
#6563 = PCURVE('',#6536,#6564);
#6564 = DEFINITIONAL_REPRESENTATION('',(#6565),#6569);
#6565 = ELLIPSE('',#6566,17.507894736842,16.681578947368);
#6566 = AXIS2_PLACEMENT_2D('',#6567,#6568);
#6567 = CARTESIAN_POINT('',(-0.106401974852,-2.625415892908E-16));
#6568 = DIRECTION('',(1.,-1.110223024625E-16));
#6569 = ( GEOMETRIC_REPRESENTATION_CONTEXT(2) 
PARAMETRIC_REPRESENTATION_CONTEXT() REPRESENTATION_CONTEXT('2D SPACE',''
  ) );
#6570 = ORIENTED_EDGE('',*,*,#6571,.T.);
#6571 = EDGE_CURVE('',#6549,#6428,#6572,.T.);
#6572 = SURFACE_CURVE('',#6573,(#6579,#6588),.PCURVE_S1.);
#6573 = B_SPLINE_CURVE_WITH_KNOTS('',4,(#6574,#6575,#6576,#6577,#6578),
  .UNSPECIFIED.,.F.,.F.,(5,5),(0.,1.),.PIECEWISE_BEZIER_KNOTS.);
#6574 = CARTESIAN_POINT('',(27.5,-15.73961687953,31.8));
#6575 = CARTESIAN_POINT('',(25.250000000225,-15.73961687953,31.8));
#6576 = CARTESIAN_POINT('',(22.999999999981,-15.73961687953,31.8));
#6577 = CARTESIAN_POINT('',(20.749999999775,-15.73961687953,31.8));
#6578 = CARTESIAN_POINT('',(18.5,-15.73961687953,31.8));
#6579 = PCURVE('',#6437,#6580);
#6580 = DEFINITIONAL_REPRESENTATION('',(#6581),#6587);
#6581 = B_SPLINE_CURVE_WITH_KNOTS('',4,(#6582,#6583,#6584,#6585,#6586),
  .UNSPECIFIED.,.F.,.F.,(5,5),(0.,1.),.PIECEWISE_BEZIER_KNOTS.);
#6582 = CARTESIAN_POINT('',(7.516322707616,-8.9999999991));
#6583 = CARTESIAN_POINT('',(7.516322707616,-6.749999999325));
#6584 = CARTESIAN_POINT('',(7.516322707616,-4.500000000019));
#6585 = CARTESIAN_POINT('',(7.516322707616,-2.250000000675));
#6586 = CARTESIAN_POINT('',(7.516322707616,-8.999396783338E-10));
#6587 = ( GEOMETRIC_REPRESENTATION_CONTEXT(2) 
PARAMETRIC_REPRESENTATION_CONTEXT() REPRESENTATION_CONTEXT('2D SPACE',''
  ) );
#6588 = PCURVE('',#6589,#6594);
#6589 = PLANE('',#6590);
#6590 = AXIS2_PLACEMENT_3D('',#6591,#6592,#6593);
#6591 = CARTESIAN_POINT('',(18.5,-28.5,31.8));
#6592 = DIRECTION('',(0.,0.,1.));
#6593 = DIRECTION('',(1.,0.,0.));
#6594 = DEFINITIONAL_REPRESENTATION('',(#6595),#6601);
#6595 = B_SPLINE_CURVE_WITH_KNOTS('',4,(#6596,#6597,#6598,#6599,#6600),
  .UNSPECIFIED.,.F.,.F.,(5,5),(0.,1.),.PIECEWISE_BEZIER_KNOTS.);
#6596 = CARTESIAN_POINT('',(9.,12.760383120467));
#6597 = CARTESIAN_POINT('',(6.750000000225,12.760383120467));
#6598 = CARTESIAN_POINT('',(4.499999999981,12.760383120467));
#6599 = CARTESIAN_POINT('',(2.249999999775,12.760383120467));
#6600 = CARTESIAN_POINT('',(0.,12.760383120467));
#6601 = ( GEOMETRIC_REPRESENTATION_CONTEXT(2) 
PARAMETRIC_REPRESENTATION_CONTEXT() REPRESENTATION_CONTEXT('2D SPACE',''
  ) );
#6602 = ADVANCED_FACE('',(#6603),#6451,.F.);
#6603 = FACE_BOUND('',#6604,.F.);
#6604 = EDGE_LOOP('',(#6605,#6635,#6663,#6684,#6685,#6686,#6709,#6737,
    #6765));
#6605 = ORIENTED_EDGE('',*,*,#6606,.F.);
#6606 = EDGE_CURVE('',#6607,#6609,#6611,.T.);
#6607 = VERTEX_POINT('',#6608);
#6608 = CARTESIAN_POINT('',(18.5,28.5,26.8));
#6609 = VERTEX_POINT('',#6610);
#6610 = CARTESIAN_POINT('',(18.5,12.659318735032,26.8));
#6611 = SURFACE_CURVE('',#6612,(#6616,#6623),.PCURVE_S1.);
#6612 = LINE('',#6613,#6614);
#6613 = CARTESIAN_POINT('',(18.5,28.5,26.8));
#6614 = VECTOR('',#6615,1.);
#6615 = DIRECTION('',(0.,-1.,0.));
#6616 = PCURVE('',#6451,#6617);
#6617 = DEFINITIONAL_REPRESENTATION('',(#6618),#6622);
#6618 = LINE('',#6619,#6620);
#6619 = CARTESIAN_POINT('',(0.693598025148,-28.5));
#6620 = VECTOR('',#6621,1.);
#6621 = DIRECTION('',(0.,1.));
#6622 = ( GEOMETRIC_REPRESENTATION_CONTEXT(2) 
PARAMETRIC_REPRESENTATION_CONTEXT() REPRESENTATION_CONTEXT('2D SPACE',''
  ) );
#6623 = PCURVE('',#6624,#6629);
#6624 = PLANE('',#6625);
#6625 = AXIS2_PLACEMENT_3D('',#6626,#6627,#6628);
#6626 = CARTESIAN_POINT('',(-50.,-50.,26.8));
#6627 = DIRECTION('',(0.,0.,1.));
#6628 = DIRECTION('',(1.,0.,0.));
#6629 = DEFINITIONAL_REPRESENTATION('',(#6630),#6634);
#6630 = LINE('',#6631,#6632);
#6631 = CARTESIAN_POINT('',(68.5,78.5));
#6632 = VECTOR('',#6633,1.);
#6633 = DIRECTION('',(0.,-1.));
#6634 = ( GEOMETRIC_REPRESENTATION_CONTEXT(2) 
PARAMETRIC_REPRESENTATION_CONTEXT() REPRESENTATION_CONTEXT('2D SPACE',''
  ) );
#6635 = ORIENTED_EDGE('',*,*,#6636,.T.);
#6636 = EDGE_CURVE('',#6607,#6637,#6639,.T.);
#6637 = VERTEX_POINT('',#6638);
#6638 = CARTESIAN_POINT('',(18.5,28.5,31.8));
#6639 = SURFACE_CURVE('',#6640,(#6644,#6651),.PCURVE_S1.);
#6640 = LINE('',#6641,#6642);
#6641 = CARTESIAN_POINT('',(18.5,28.5,26.8));
#6642 = VECTOR('',#6643,1.);
#6643 = DIRECTION('',(0.,0.,1.));
#6644 = PCURVE('',#6451,#6645);
#6645 = DEFINITIONAL_REPRESENTATION('',(#6646),#6650);
#6646 = LINE('',#6647,#6648);
#6647 = CARTESIAN_POINT('',(0.693598025148,-28.5));
#6648 = VECTOR('',#6649,1.);
#6649 = DIRECTION('',(1.,0.));
#6650 = ( GEOMETRIC_REPRESENTATION_CONTEXT(2) 
PARAMETRIC_REPRESENTATION_CONTEXT() REPRESENTATION_CONTEXT('2D SPACE',''
  ) );
#6651 = PCURVE('',#6652,#6657);
#6652 = PLANE('',#6653);
#6653 = AXIS2_PLACEMENT_3D('',#6654,#6655,#6656);
#6654 = CARTESIAN_POINT('',(18.5,28.5,26.8));
#6655 = DIRECTION('',(0.,1.,0.));
#6656 = DIRECTION('',(0.,0.,1.));
#6657 = DEFINITIONAL_REPRESENTATION('',(#6658),#6662);
#6658 = LINE('',#6659,#6660);
#6659 = CARTESIAN_POINT('',(0.,0.));
#6660 = VECTOR('',#6661,1.);
#6661 = DIRECTION('',(1.,0.));
#6662 = ( GEOMETRIC_REPRESENTATION_CONTEXT(2) 
PARAMETRIC_REPRESENTATION_CONTEXT() REPRESENTATION_CONTEXT('2D SPACE',''
  ) );
#6663 = ORIENTED_EDGE('',*,*,#6664,.F.);
#6664 = EDGE_CURVE('',#6464,#6637,#6665,.T.);
#6665 = SURFACE_CURVE('',#6666,(#6670,#6677),.PCURVE_S1.);
#6666 = LINE('',#6667,#6668);
#6667 = CARTESIAN_POINT('',(18.5,15.5,31.8));
#6668 = VECTOR('',#6669,1.);
#6669 = DIRECTION('',(0.,1.,0.));
#6670 = PCURVE('',#6451,#6671);
#6671 = DEFINITIONAL_REPRESENTATION('',(#6672),#6676);
#6672 = LINE('',#6673,#6674);
#6673 = CARTESIAN_POINT('',(5.693598025148,-15.5));
#6674 = VECTOR('',#6675,1.);
#6675 = DIRECTION('',(0.,-1.));
#6676 = ( GEOMETRIC_REPRESENTATION_CONTEXT(2) 
PARAMETRIC_REPRESENTATION_CONTEXT() REPRESENTATION_CONTEXT('2D SPACE',''
  ) );
#6677 = PCURVE('',#6506,#6678);
#6678 = DEFINITIONAL_REPRESENTATION('',(#6679),#6683);
#6679 = LINE('',#6680,#6681);
#6680 = CARTESIAN_POINT('',(0.,0.));
#6681 = VECTOR('',#6682,1.);
#6682 = DIRECTION('',(0.,1.));
#6683 = ( GEOMETRIC_REPRESENTATION_CONTEXT(2) 
PARAMETRIC_REPRESENTATION_CONTEXT() REPRESENTATION_CONTEXT('2D SPACE',''
  ) );
#6684 = ORIENTED_EDGE('',*,*,#6463,.T.);
#6685 = ORIENTED_EDGE('',*,*,#6425,.T.);
#6686 = ORIENTED_EDGE('',*,*,#6687,.F.);
#6687 = EDGE_CURVE('',#6688,#6428,#6690,.T.);
#6688 = VERTEX_POINT('',#6689);
#6689 = CARTESIAN_POINT('',(18.5,-28.5,31.8));
#6690 = SURFACE_CURVE('',#6691,(#6695,#6702),.PCURVE_S1.);
#6691 = LINE('',#6692,#6693);
#6692 = CARTESIAN_POINT('',(18.5,-28.5,31.8));
#6693 = VECTOR('',#6694,1.);
#6694 = DIRECTION('',(0.,1.,0.));
#6695 = PCURVE('',#6451,#6696);
#6696 = DEFINITIONAL_REPRESENTATION('',(#6697),#6701);
#6697 = LINE('',#6698,#6699);
#6698 = CARTESIAN_POINT('',(5.693598025148,28.5));
#6699 = VECTOR('',#6700,1.);
#6700 = DIRECTION('',(0.,-1.));
#6701 = ( GEOMETRIC_REPRESENTATION_CONTEXT(2) 
PARAMETRIC_REPRESENTATION_CONTEXT() REPRESENTATION_CONTEXT('2D SPACE',''
  ) );
#6702 = PCURVE('',#6589,#6703);
#6703 = DEFINITIONAL_REPRESENTATION('',(#6704),#6708);
#6704 = LINE('',#6705,#6706);
#6705 = CARTESIAN_POINT('',(0.,0.));
#6706 = VECTOR('',#6707,1.);
#6707 = DIRECTION('',(0.,1.));
#6708 = ( GEOMETRIC_REPRESENTATION_CONTEXT(2) 
PARAMETRIC_REPRESENTATION_CONTEXT() REPRESENTATION_CONTEXT('2D SPACE',''
  ) );
#6709 = ORIENTED_EDGE('',*,*,#6710,.F.);
#6710 = EDGE_CURVE('',#6711,#6688,#6713,.T.);
#6711 = VERTEX_POINT('',#6712);
#6712 = CARTESIAN_POINT('',(18.5,-28.5,26.8));
#6713 = SURFACE_CURVE('',#6714,(#6718,#6725),.PCURVE_S1.);
#6714 = LINE('',#6715,#6716);
#6715 = CARTESIAN_POINT('',(18.5,-28.5,26.8));
#6716 = VECTOR('',#6717,1.);
#6717 = DIRECTION('',(0.,0.,1.));
#6718 = PCURVE('',#6451,#6719);
#6719 = DEFINITIONAL_REPRESENTATION('',(#6720),#6724);
#6720 = LINE('',#6721,#6722);
#6721 = CARTESIAN_POINT('',(0.693598025148,28.5));
#6722 = VECTOR('',#6723,1.);
#6723 = DIRECTION('',(1.,0.));
#6724 = ( GEOMETRIC_REPRESENTATION_CONTEXT(2) 
PARAMETRIC_REPRESENTATION_CONTEXT() REPRESENTATION_CONTEXT('2D SPACE',''
  ) );
#6725 = PCURVE('',#6726,#6731);
#6726 = PLANE('',#6727);
#6727 = AXIS2_PLACEMENT_3D('',#6728,#6729,#6730);
#6728 = CARTESIAN_POINT('',(18.5,-28.5,26.8));
#6729 = DIRECTION('',(0.,1.,0.));
#6730 = DIRECTION('',(0.,0.,1.));
#6731 = DEFINITIONAL_REPRESENTATION('',(#6732),#6736);
#6732 = LINE('',#6733,#6734);
#6733 = CARTESIAN_POINT('',(0.,0.));
#6734 = VECTOR('',#6735,1.);
#6735 = DIRECTION('',(1.,0.));
#6736 = ( GEOMETRIC_REPRESENTATION_CONTEXT(2) 
PARAMETRIC_REPRESENTATION_CONTEXT() REPRESENTATION_CONTEXT('2D SPACE',''
  ) );
#6737 = ORIENTED_EDGE('',*,*,#6738,.F.);
#6738 = EDGE_CURVE('',#6739,#6711,#6741,.T.);
#6739 = VERTEX_POINT('',#6740);
#6740 = CARTESIAN_POINT('',(18.5,-12.65931873503,26.8));
#6741 = SURFACE_CURVE('',#6742,(#6746,#6753),.PCURVE_S1.);
#6742 = LINE('',#6743,#6744);
#6743 = CARTESIAN_POINT('',(18.5,28.5,26.8));
#6744 = VECTOR('',#6745,1.);
#6745 = DIRECTION('',(0.,-1.,0.));
#6746 = PCURVE('',#6451,#6747);
#6747 = DEFINITIONAL_REPRESENTATION('',(#6748),#6752);
#6748 = LINE('',#6749,#6750);
#6749 = CARTESIAN_POINT('',(0.693598025148,-28.5));
#6750 = VECTOR('',#6751,1.);
#6751 = DIRECTION('',(0.,1.));
#6752 = ( GEOMETRIC_REPRESENTATION_CONTEXT(2) 
PARAMETRIC_REPRESENTATION_CONTEXT() REPRESENTATION_CONTEXT('2D SPACE',''
  ) );
#6753 = PCURVE('',#6754,#6759);
#6754 = PLANE('',#6755);
#6755 = AXIS2_PLACEMENT_3D('',#6756,#6757,#6758);
#6756 = CARTESIAN_POINT('',(-50.,-50.,26.8));
#6757 = DIRECTION('',(0.,0.,1.));
#6758 = DIRECTION('',(1.,0.,0.));
#6759 = DEFINITIONAL_REPRESENTATION('',(#6760),#6764);
#6760 = LINE('',#6761,#6762);
#6761 = CARTESIAN_POINT('',(68.5,78.5));
#6762 = VECTOR('',#6763,1.);
#6763 = DIRECTION('',(0.,-1.));
#6764 = ( GEOMETRIC_REPRESENTATION_CONTEXT(2) 
PARAMETRIC_REPRESENTATION_CONTEXT() REPRESENTATION_CONTEXT('2D SPACE',''
  ) );
#6765 = ORIENTED_EDGE('',*,*,#6766,.F.);
#6766 = EDGE_CURVE('',#6609,#6739,#6767,.T.);
#6767 = SURFACE_CURVE('',#6768,(#6819,#6873),.PCURVE_S1.);
#6768 = B_SPLINE_CURVE_WITH_KNOTS('',7,(#6769,#6770,#6771,#6772,#6773,
    #6774,#6775,#6776,#6777,#6778,#6779,#6780,#6781,#6782,#6783,#6784,
    #6785,#6786,#6787,#6788,#6789,#6790,#6791,#6792,#6793,#6794,#6795,
    #6796,#6797,#6798,#6799,#6800,#6801,#6802,#6803,#6804,#6805,#6806,
    #6807,#6808,#6809,#6810,#6811,#6812,#6813,#6814,#6815,#6816,#6817,
    #6818),.UNSPECIFIED.,.F.,.F.,(8,6,6,6,6,6,6,6,8),(0.,0.339268537252,
    0.515126365107,0.684070212938,1.,1.315929787062,1.484873634892,
    1.660731462747,2.),.UNSPECIFIED.);
#6769 = CARTESIAN_POINT('',(18.5,12.659318735032,26.8));
#6770 = CARTESIAN_POINT('',(18.5,12.606014485543,27.756997617361));
#6771 = CARTESIAN_POINT('',(18.5,12.478288042415,28.709836642301));
#6772 = CARTESIAN_POINT('',(18.5,12.276368662387,29.651608554742));
#6773 = CARTESIAN_POINT('',(18.5,12.00096765597,30.575284418486));
#6774 = CARTESIAN_POINT('',(18.5,11.653346592262,31.473730606434));
#6775 = CARTESIAN_POINT('',(18.5,11.235420300511,32.339741510232));
#6776 = CARTESIAN_POINT('',(18.5,10.498225345568,33.594421660884));
#6777 = CARTESIAN_POINT('',(18.5,10.228401698808,34.01208312032));
#6778 = CARTESIAN_POINT('',(18.5,9.940812048135,34.418055136863));
#6779 = CARTESIAN_POINT('',(18.5,9.635906137378,34.811316822739));
#6780 = CARTESIAN_POINT('',(18.5,9.314203363356,35.190851601668));
#6781 = CARTESIAN_POINT('',(18.5,8.976301005056,35.555653932358));
#6782 = CARTESIAN_POINT('',(18.5,8.28335881122,36.240093711793));
#6783 = CARTESIAN_POINT('',(18.5,7.929510320825,36.560947509418));
#6784 = CARTESIAN_POINT('',(18.5,7.561949392246,36.86641699389));
#6785 = CARTESIAN_POINT('',(18.5,7.181354275813,37.155646356102));
#6786 = CARTESIAN_POINT('',(18.5,6.788475498618,37.427813554904));
#6787 = CARTESIAN_POINT('',(18.5,6.384142301596,37.682139463181));
#6788 = CARTESIAN_POINT('',(18.5,5.193444379115,38.358770320412));
#6789 = CARTESIAN_POINT('',(18.5,4.38047315776,38.734874861645));
#6790 = CARTESIAN_POINT('',(18.5,3.536683734418,39.041157251475));
#6791 = CARTESIAN_POINT('',(18.5,2.668996735925,39.273750898301));
#6792 = CARTESIAN_POINT('',(18.5,1.784869999043,39.429871153108));
#6793 = CARTESIAN_POINT('',(18.5,0.892314784638,39.507894736842));
#6794 = CARTESIAN_POINT('',(18.5,-0.892314784637,39.507894736842));
#6795 = CARTESIAN_POINT('',(18.5,-1.784869999049,39.429871153106));
#6796 = CARTESIAN_POINT('',(18.5,-2.668996735916,39.273750898305));
#6797 = CARTESIAN_POINT('',(18.5,-3.536683734429,39.041157251469));
#6798 = CARTESIAN_POINT('',(18.5,-4.380473157755,38.734874861648));
#6799 = CARTESIAN_POINT('',(18.5,-5.193444379118,38.35877032041));
#6800 = CARTESIAN_POINT('',(18.5,-6.384142301598,37.68213946318));
#6801 = CARTESIAN_POINT('',(18.5,-6.78847549862,37.427813554903));
#6802 = CARTESIAN_POINT('',(18.5,-7.181354275814,37.155646356101));
#6803 = CARTESIAN_POINT('',(18.5,-7.561949392248,36.866416993889));
#6804 = CARTESIAN_POINT('',(18.5,-7.929510320826,36.560947509417));
#6805 = CARTESIAN_POINT('',(18.5,-8.283358811222,36.240093711791));
#6806 = CARTESIAN_POINT('',(18.5,-8.976301005058,35.555653932356));
#6807 = CARTESIAN_POINT('',(18.5,-9.314203363358,35.190851601666));
#6808 = CARTESIAN_POINT('',(18.5,-9.635906137379,34.811316822737));
#6809 = CARTESIAN_POINT('',(18.5,-9.940812048137,34.418055136861));
#6810 = CARTESIAN_POINT('',(18.5,-10.22840169881,34.012083120318));
#6811 = CARTESIAN_POINT('',(18.5,-10.49822534556,33.594421660882));
#6812 = CARTESIAN_POINT('',(18.5,-11.23542030051,32.33974151023));
#6813 = CARTESIAN_POINT('',(18.5,-11.65334659226,31.473730606432));
#6814 = CARTESIAN_POINT('',(18.5,-12.00096765597,30.575284418485));
#6815 = CARTESIAN_POINT('',(18.5,-12.27636866238,29.651608554741));
#6816 = CARTESIAN_POINT('',(18.5,-12.47828804241,28.7098366423));
#6817 = CARTESIAN_POINT('',(18.5,-12.60601448554,27.756997617361));
#6818 = CARTESIAN_POINT('',(18.5,-12.65931873503,26.8));
#6819 = PCURVE('',#6451,#6820);
#6820 = DEFINITIONAL_REPRESENTATION('',(#6821),#6872);
#6821 = B_SPLINE_CURVE_WITH_KNOTS('',7,(#6822,#6823,#6824,#6825,#6826,
    #6827,#6828,#6829,#6830,#6831,#6832,#6833,#6834,#6835,#6836,#6837,
    #6838,#6839,#6840,#6841,#6842,#6843,#6844,#6845,#6846,#6847,#6848,
    #6849,#6850,#6851,#6852,#6853,#6854,#6855,#6856,#6857,#6858,#6859,
    #6860,#6861,#6862,#6863,#6864,#6865,#6866,#6867,#6868,#6869,#6870,
    #6871),.UNSPECIFIED.,.F.,.F.,(8,6,6,6,6,6,6,6,8),(0.,0.339268537252,
    0.515126365107,0.684070212938,1.,1.315929787062,1.484873634892,
    1.660731462747,2.),.UNSPECIFIED.);
#6822 = CARTESIAN_POINT('',(0.693598025148,-12.65931873503));
#6823 = CARTESIAN_POINT('',(1.650595642509,-12.60601448554));
#6824 = CARTESIAN_POINT('',(2.603434667448,-12.47828804241));
#6825 = CARTESIAN_POINT('',(3.54520657989,-12.27636866238));
#6826 = CARTESIAN_POINT('',(4.468882443634,-12.00096765597));
#6827 = CARTESIAN_POINT('',(5.367328631582,-11.65334659226));
#6828 = CARTESIAN_POINT('',(6.233339535379,-11.23542030051));
#6829 = CARTESIAN_POINT('',(7.488019686032,-10.49822534556));
#6830 = CARTESIAN_POINT('',(7.905681145467,-10.2284016988));
#6831 = CARTESIAN_POINT('',(8.311653162011,-9.940812048135));
#6832 = CARTESIAN_POINT('',(8.704914847887,-9.635906137378));
#6833 = CARTESIAN_POINT('',(9.084449626815,-9.314203363356));
#6834 = CARTESIAN_POINT('',(9.449251957506,-8.976301005056));
#6835 = CARTESIAN_POINT('',(10.13369173694,-8.28335881122));
#6836 = CARTESIAN_POINT('',(10.454545534566,-7.929510320825));
#6837 = CARTESIAN_POINT('',(10.760015019037,-7.561949392246));
#6838 = CARTESIAN_POINT('',(11.049244381249,-7.181354275813));
#6839 = CARTESIAN_POINT('',(11.321411580052,-6.788475498618));
#6840 = CARTESIAN_POINT('',(11.575737488329,-6.384142301596));
#6841 = CARTESIAN_POINT('',(12.252368345559,-5.193444379115));
#6842 = CARTESIAN_POINT('',(12.628472886792,-4.38047315776));
#6843 = CARTESIAN_POINT('',(12.934755276622,-3.536683734418));
#6844 = CARTESIAN_POINT('',(13.167348923449,-2.668996735925));
#6845 = CARTESIAN_POINT('',(13.323469178255,-1.784869999043));
#6846 = CARTESIAN_POINT('',(13.40149276199,-0.892314784638));
#6847 = CARTESIAN_POINT('',(13.40149276199,0.892314784637));
#6848 = CARTESIAN_POINT('',(13.323469178254,1.784869999049));
#6849 = CARTESIAN_POINT('',(13.167348923453,2.668996735916));
#6850 = CARTESIAN_POINT('',(12.934755276617,3.536683734429));
#6851 = CARTESIAN_POINT('',(12.628472886795,4.380473157755));
#6852 = CARTESIAN_POINT('',(12.252368345558,5.193444379118));
#6853 = CARTESIAN_POINT('',(11.575737488328,6.384142301598));
#6854 = CARTESIAN_POINT('',(11.321411580051,6.78847549862));
#6855 = CARTESIAN_POINT('',(11.049244381248,7.181354275814));
#6856 = CARTESIAN_POINT('',(10.760015019036,7.561949392248));
#6857 = CARTESIAN_POINT('',(10.454545534564,7.929510320826));
#6858 = CARTESIAN_POINT('',(10.133691736939,8.283358811222));
#6859 = CARTESIAN_POINT('',(9.449251957504,8.976301005058));
#6860 = CARTESIAN_POINT('',(9.084449626814,9.314203363358));
#6861 = CARTESIAN_POINT('',(8.704914847885,9.635906137379));
#6862 = CARTESIAN_POINT('',(8.311653162009,9.940812048137));
#6863 = CARTESIAN_POINT('',(7.905681145465,10.22840169881));
#6864 = CARTESIAN_POINT('',(7.48801968603,10.498225345569));
#6865 = CARTESIAN_POINT('',(6.233339535377,11.235420300512));
#6866 = CARTESIAN_POINT('',(5.36732863158,11.653346592263));
#6867 = CARTESIAN_POINT('',(4.468882443632,12.00096765597));
#6868 = CARTESIAN_POINT('',(3.545206579889,12.276368662387));
#6869 = CARTESIAN_POINT('',(2.603434667447,12.478288042415));
#6870 = CARTESIAN_POINT('',(1.650595642508,12.606014485543));
#6871 = CARTESIAN_POINT('',(0.693598025148,12.659318735032));
#6872 = ( GEOMETRIC_REPRESENTATION_CONTEXT(2) 
PARAMETRIC_REPRESENTATION_CONTEXT() REPRESENTATION_CONTEXT('2D SPACE',''
  ) );
#6873 = PCURVE('',#6874,#6882);
#6874 = SURFACE_OF_LINEAR_EXTRUSION('',#6875,#6880);
#6875 = ELLIPSE('',#6876,13.507894736842,12.681578947368);
#6876 = AXIS2_PLACEMENT_3D('',#6877,#6878,#6879);
#6877 = CARTESIAN_POINT('',(17.5,0.,26.));
#6878 = DIRECTION('',(1.,0.,-0.));
#6879 = DIRECTION('',(0.,1.110223024625E-16,1.));
#6880 = VECTOR('',#6881,1.);
#6881 = DIRECTION('',(-1.,-0.,-0.));
#6882 = DEFINITIONAL_REPRESENTATION('',(#6883),#6953);
#6883 = B_SPLINE_CURVE_WITH_KNOTS('',3,(#6884,#6885,#6886,#6887,#6888,
    #6889,#6890,#6891,#6892,#6893,#6894,#6895,#6896,#6897,#6898,#6899,
    #6900,#6901,#6902,#6903,#6904,#6905,#6906,#6907,#6908,#6909,#6910,
    #6911,#6912,#6913,#6914,#6915,#6916,#6917,#6918,#6919,#6920,#6921,
    #6922,#6923,#6924,#6925,#6926,#6927,#6928,#6929,#6930,#6931,#6932,
    #6933,#6934,#6935,#6936,#6937,#6938,#6939,#6940,#6941,#6942,#6943,
    #6944,#6945,#6946,#6947,#6948,#6949,#6950,#6951,#6952),
  .UNSPECIFIED.,.F.,.F.,(4,1,1,1,1,1,1,1,1,1,1,1,1,1,1,1,1,1,1,1,1,1,1,1
    ,1,1,1,1,1,1,1,1,1,1,1,1,1,1,1,1,1,1,1,1,1,1,1,1,1,1,1,1,1,1,1,1,1,1
    ,1,1,1,1,1,1,1,1,4),(0.,3.030303030302E-02,6.060606060605E-02,
    9.090909090907E-02,0.121212121212,0.151515151515,0.181818181818,
    0.212121212121,0.242424242424,0.272727272727,0.30303030303,
    0.333333333333,0.363636363636,0.393939393939,0.424242424242,
    0.454545454545,0.484848484848,0.515151515151,0.545454545454,
    0.575757575757,0.60606060606,0.636363636364,0.666666666667,
    0.69696969697,0.727272727273,0.757575757576,0.787878787879,
    0.818181818182,0.848484848485,0.878787878788,0.909090909091,
    0.939393939394,0.969696969697,1.,1.030303030303,1.060606060606,
    1.090909090909,1.121212121212,1.151515151515,1.181818181818,
    1.212121212121,1.242424242424,1.272727272727,1.30303030303,
    1.333333333333,1.363636363636,1.393939393939,1.424242424242,
    1.454545454545,1.484848484848,1.515151515151,1.545454545454,
    1.575757575757,1.60606060606,1.636363636363,1.666666666666,
    1.696969696969,1.727272727272,1.757575757575,1.787878787878,
    1.818181818181,1.848484848485,1.878787878788,1.909090909091,
    1.939393939394,1.969696969697,2.),.QUASI_UNIFORM_KNOTS.);
#6884 = CARTESIAN_POINT('',(4.771648282406,-1.));
#6885 = CARTESIAN_POINT('',(4.786439519912,-1.));
#6886 = CARTESIAN_POINT('',(4.816026610787,-1.));
#6887 = CARTESIAN_POINT('',(4.86043127917,-1.));
#6888 = CARTESIAN_POINT('',(4.904870304932,-1.));
#6889 = CARTESIAN_POINT('',(4.949353520499,-1.));
#6890 = CARTESIAN_POINT('',(4.99389047586,-1.));
#6891 = CARTESIAN_POINT('',(5.038490412917,-1.));
#6892 = CARTESIAN_POINT('',(5.083162292512,-1.));
#6893 = CARTESIAN_POINT('',(5.12791479191,-1.));
#6894 = CARTESIAN_POINT('',(5.172756306371,-1.));
#6895 = CARTESIAN_POINT('',(5.217694897159,-1.));
#6896 = CARTESIAN_POINT('',(5.262738379134,-1.));
#6897 = CARTESIAN_POINT('',(5.307893830894,-1.));
#6898 = CARTESIAN_POINT('',(5.353165498158,-1.));
#6899 = CARTESIAN_POINT('',(5.398558544988,-1.));
#6900 = CARTESIAN_POINT('',(5.444076996829,-1.));
#6901 = CARTESIAN_POINT('',(5.489724170282,-1.));
#6902 = CARTESIAN_POINT('',(5.535502235881,-1.));
#6903 = CARTESIAN_POINT('',(5.581412710338,-1.));
#6904 = CARTESIAN_POINT('',(5.627455413711,-1.));
#6905 = CARTESIAN_POINT('',(5.673628970179,-1.));
#6906 = CARTESIAN_POINT('',(5.719931105612,-1.));
#6907 = CARTESIAN_POINT('',(5.766358705806,-1.));
#6908 = CARTESIAN_POINT('',(5.812905760812,-1.));
#6909 = CARTESIAN_POINT('',(5.859574663158,-1.));
#6910 = CARTESIAN_POINT('',(5.906352201078,-1.));
#6911 = CARTESIAN_POINT('',(5.953227731226,-1.));
#6912 = CARTESIAN_POINT('',(6.000190749593,-1.));
#6913 = CARTESIAN_POINT('',(6.047231011722,-1.));
#6914 = CARTESIAN_POINT('',(6.094337949782,-1.));
#6915 = CARTESIAN_POINT('',(6.141500349617,-1.));
#6916 = CARTESIAN_POINT('',(6.188705597648,-1.));
#6917 = CARTESIAN_POINT('',(6.235940189605,-1.));
#6918 = CARTESIAN_POINT('',(6.283185307179,-1.));
#6919 = CARTESIAN_POINT('',(6.330430424754,-1.));
#6920 = CARTESIAN_POINT('',(6.377665016711,-1.));
#6921 = CARTESIAN_POINT('',(6.424870264742,-1.));
#6922 = CARTESIAN_POINT('',(6.472032664577,-1.));
#6923 = CARTESIAN_POINT('',(6.519139602637,-1.));
#6924 = CARTESIAN_POINT('',(6.566179864766,-1.));
#6925 = CARTESIAN_POINT('',(6.613142883133,-1.));
#6926 = CARTESIAN_POINT('',(6.660018413281,-1.));
#6927 = CARTESIAN_POINT('',(6.706795951201,-1.));
#6928 = CARTESIAN_POINT('',(6.753464853548,-1.));
#6929 = CARTESIAN_POINT('',(6.800011908554,-1.));
#6930 = CARTESIAN_POINT('',(6.846439508747,-1.));
#6931 = CARTESIAN_POINT('',(6.892741644181,-1.));
#6932 = CARTESIAN_POINT('',(6.938915200649,-1.));
#6933 = CARTESIAN_POINT('',(6.984957904021,-1.));
#6934 = CARTESIAN_POINT('',(7.030868378478,-1.));
#6935 = CARTESIAN_POINT('',(7.076646444078,-1.));
#6936 = CARTESIAN_POINT('',(7.122293617531,-1.));
#6937 = CARTESIAN_POINT('',(7.167812069371,-1.));
#6938 = CARTESIAN_POINT('',(7.213205116201,-1.));
#6939 = CARTESIAN_POINT('',(7.258476783466,-1.));
#6940 = CARTESIAN_POINT('',(7.303632235225,-1.));
#6941 = CARTESIAN_POINT('',(7.348675717201,-1.));
#6942 = CARTESIAN_POINT('',(7.393614307988,-1.));
#6943 = CARTESIAN_POINT('',(7.438455822449,-1.));
#6944 = CARTESIAN_POINT('',(7.483208321847,-1.));
#6945 = CARTESIAN_POINT('',(7.527880201442,-1.));
#6946 = CARTESIAN_POINT('',(7.572480138499,-1.));
#6947 = CARTESIAN_POINT('',(7.61701709386,-1.));
#6948 = CARTESIAN_POINT('',(7.661500309427,-1.));
#6949 = CARTESIAN_POINT('',(7.70593933519,-1.));
#6950 = CARTESIAN_POINT('',(7.750344003573,-1.));
#6951 = CARTESIAN_POINT('',(7.779931094447,-1.));
#6952 = CARTESIAN_POINT('',(7.794722331953,-1.));
#6953 = ( GEOMETRIC_REPRESENTATION_CONTEXT(2) 
PARAMETRIC_REPRESENTATION_CONTEXT() REPRESENTATION_CONTEXT('2D SPACE',''
  ) );
#6954 = ADVANCED_FACE('',(#6955,#7003),#6589,.T.);
#6955 = FACE_BOUND('',#6956,.T.);
#6956 = EDGE_LOOP('',(#6957,#6958,#6981,#7002));
#6957 = ORIENTED_EDGE('',*,*,#6687,.F.);
#6958 = ORIENTED_EDGE('',*,*,#6959,.T.);
#6959 = EDGE_CURVE('',#6688,#6960,#6962,.T.);
#6960 = VERTEX_POINT('',#6961);
#6961 = CARTESIAN_POINT('',(27.5,-28.5,31.8));
#6962 = SURFACE_CURVE('',#6963,(#6967,#6974),.PCURVE_S1.);
#6963 = LINE('',#6964,#6965);
#6964 = CARTESIAN_POINT('',(18.5,-28.5,31.8));
#6965 = VECTOR('',#6966,1.);
#6966 = DIRECTION('',(1.,0.,0.));
#6967 = PCURVE('',#6589,#6968);
#6968 = DEFINITIONAL_REPRESENTATION('',(#6969),#6973);
#6969 = LINE('',#6970,#6971);
#6970 = CARTESIAN_POINT('',(0.,0.));
#6971 = VECTOR('',#6972,1.);
#6972 = DIRECTION('',(1.,0.));
#6973 = ( GEOMETRIC_REPRESENTATION_CONTEXT(2) 
PARAMETRIC_REPRESENTATION_CONTEXT() REPRESENTATION_CONTEXT('2D SPACE',''
  ) );
#6974 = PCURVE('',#6726,#6975);
#6975 = DEFINITIONAL_REPRESENTATION('',(#6976),#6980);
#6976 = LINE('',#6977,#6978);
#6977 = CARTESIAN_POINT('',(5.,0.));
#6978 = VECTOR('',#6979,1.);
#6979 = DIRECTION('',(0.,1.));
#6980 = ( GEOMETRIC_REPRESENTATION_CONTEXT(2) 
PARAMETRIC_REPRESENTATION_CONTEXT() REPRESENTATION_CONTEXT('2D SPACE',''
  ) );
#6981 = ORIENTED_EDGE('',*,*,#6982,.T.);
#6982 = EDGE_CURVE('',#6960,#6549,#6983,.T.);
#6983 = SURFACE_CURVE('',#6984,(#6988,#6995),.PCURVE_S1.);
#6984 = LINE('',#6985,#6986);
#6985 = CARTESIAN_POINT('',(27.5,-28.5,31.8));
#6986 = VECTOR('',#6987,1.);
#6987 = DIRECTION('',(0.,1.,0.));
#6988 = PCURVE('',#6589,#6989);
#6989 = DEFINITIONAL_REPRESENTATION('',(#6990),#6994);
#6990 = LINE('',#6991,#6992);
#6991 = CARTESIAN_POINT('',(9.,0.));
#6992 = VECTOR('',#6993,1.);
#6993 = DIRECTION('',(0.,1.));
#6994 = ( GEOMETRIC_REPRESENTATION_CONTEXT(2) 
PARAMETRIC_REPRESENTATION_CONTEXT() REPRESENTATION_CONTEXT('2D SPACE',''
  ) );
#6995 = PCURVE('',#6536,#6996);
#6996 = DEFINITIONAL_REPRESENTATION('',(#6997),#7001);
#6997 = LINE('',#6998,#6999);
#6998 = CARTESIAN_POINT('',(5.693598025148,28.5));
#6999 = VECTOR('',#7000,1.);
#7000 = DIRECTION('',(0.,-1.));
#7001 = ( GEOMETRIC_REPRESENTATION_CONTEXT(2) 
PARAMETRIC_REPRESENTATION_CONTEXT() REPRESENTATION_CONTEXT('2D SPACE',''
  ) );
#7002 = ORIENTED_EDGE('',*,*,#6571,.T.);
#7003 = FACE_BOUND('',#7004,.T.);
#7004 = EDGE_LOOP('',(#7005));
#7005 = ORIENTED_EDGE('',*,*,#7006,.T.);
#7006 = EDGE_CURVE('',#7007,#7007,#7009,.T.);
#7007 = VERTEX_POINT('',#7008);
#7008 = CARTESIAN_POINT('',(24.7,-22.,31.8));
#7009 = SURFACE_CURVE('',#7010,(#7015,#7026),.PCURVE_S1.);
#7010 = CIRCLE('',#7011,1.7);
#7011 = AXIS2_PLACEMENT_3D('',#7012,#7013,#7014);
#7012 = CARTESIAN_POINT('',(23.,-22.,31.8));
#7013 = DIRECTION('',(0.,0.,-1.));
#7014 = DIRECTION('',(1.,0.,0.));
#7015 = PCURVE('',#6589,#7016);
#7016 = DEFINITIONAL_REPRESENTATION('',(#7017),#7025);
#7017 = ( BOUNDED_CURVE() B_SPLINE_CURVE(2,(#7018,#7019,#7020,#7021,
#7022,#7023,#7024),.UNSPECIFIED.,.T.,.F.) B_SPLINE_CURVE_WITH_KNOTS((1,2
    ,2,2,2,1),(-2.094395102393,0.,2.094395102393,4.188790204786,
6.28318530718,8.377580409573),.UNSPECIFIED.) CURVE() 
GEOMETRIC_REPRESENTATION_ITEM() RATIONAL_B_SPLINE_CURVE((1.,0.5,1.,0.5,
1.,0.5,1.)) REPRESENTATION_ITEM('') );
#7018 = CARTESIAN_POINT('',(6.2,6.5));
#7019 = CARTESIAN_POINT('',(6.2,3.555513627133));
#7020 = CARTESIAN_POINT('',(3.65,5.027756813566));
#7021 = CARTESIAN_POINT('',(1.1,6.5));
#7022 = CARTESIAN_POINT('',(3.65,7.972243186434));
#7023 = CARTESIAN_POINT('',(6.2,9.444486372867));
#7024 = CARTESIAN_POINT('',(6.2,6.5));
#7025 = ( GEOMETRIC_REPRESENTATION_CONTEXT(2) 
PARAMETRIC_REPRESENTATION_CONTEXT() REPRESENTATION_CONTEXT('2D SPACE',''
  ) );
#7026 = PCURVE('',#7027,#7032);
#7027 = CYLINDRICAL_SURFACE('',#7028,1.7);
#7028 = AXIS2_PLACEMENT_3D('',#7029,#7030,#7031);
#7029 = CARTESIAN_POINT('',(23.,-22.,26.));
#7030 = DIRECTION('',(-0.,-0.,-1.));
#7031 = DIRECTION('',(1.,0.,0.));
#7032 = DEFINITIONAL_REPRESENTATION('',(#7033),#7037);
#7033 = LINE('',#7034,#7035);
#7034 = CARTESIAN_POINT('',(-6.28318530718,-5.8));
#7035 = VECTOR('',#7036,1.);
#7036 = DIRECTION('',(1.,-0.));
#7037 = ( GEOMETRIC_REPRESENTATION_CONTEXT(2) 
PARAMETRIC_REPRESENTATION_CONTEXT() REPRESENTATION_CONTEXT('2D SPACE',''
  ) );
#7038 = ADVANCED_FACE('',(#7039),#6536,.T.);
#7039 = FACE_BOUND('',#7040,.T.);
#7040 = EDGE_LOOP('',(#7041,#7064,#7087,#7270,#7293,#7316,#7337,#7338,
    #7339));
#7041 = ORIENTED_EDGE('',*,*,#7042,.F.);
#7042 = EDGE_CURVE('',#7043,#6960,#7045,.T.);
#7043 = VERTEX_POINT('',#7044);
#7044 = CARTESIAN_POINT('',(27.5,-28.5,26.8));
#7045 = SURFACE_CURVE('',#7046,(#7050,#7057),.PCURVE_S1.);
#7046 = LINE('',#7047,#7048);
#7047 = CARTESIAN_POINT('',(27.5,-28.5,26.8));
#7048 = VECTOR('',#7049,1.);
#7049 = DIRECTION('',(0.,0.,1.));
#7050 = PCURVE('',#6536,#7051);
#7051 = DEFINITIONAL_REPRESENTATION('',(#7052),#7056);
#7052 = LINE('',#7053,#7054);
#7053 = CARTESIAN_POINT('',(0.693598025148,28.5));
#7054 = VECTOR('',#7055,1.);
#7055 = DIRECTION('',(1.,0.));
#7056 = ( GEOMETRIC_REPRESENTATION_CONTEXT(2) 
PARAMETRIC_REPRESENTATION_CONTEXT() REPRESENTATION_CONTEXT('2D SPACE',''
  ) );
#7057 = PCURVE('',#6726,#7058);
#7058 = DEFINITIONAL_REPRESENTATION('',(#7059),#7063);
#7059 = LINE('',#7060,#7061);
#7060 = CARTESIAN_POINT('',(0.,9.));
#7061 = VECTOR('',#7062,1.);
#7062 = DIRECTION('',(1.,0.));
#7063 = ( GEOMETRIC_REPRESENTATION_CONTEXT(2) 
PARAMETRIC_REPRESENTATION_CONTEXT() REPRESENTATION_CONTEXT('2D SPACE',''
  ) );
#7064 = ORIENTED_EDGE('',*,*,#7065,.T.);
#7065 = EDGE_CURVE('',#7043,#7066,#7068,.T.);
#7066 = VERTEX_POINT('',#7067);
#7067 = CARTESIAN_POINT('',(27.5,-12.65931873503,26.8));
#7068 = SURFACE_CURVE('',#7069,(#7073,#7080),.PCURVE_S1.);
#7069 = LINE('',#7070,#7071);
#7070 = CARTESIAN_POINT('',(27.5,-28.5,26.8));
#7071 = VECTOR('',#7072,1.);
#7072 = DIRECTION('',(0.,1.,0.));
#7073 = PCURVE('',#6536,#7074);
#7074 = DEFINITIONAL_REPRESENTATION('',(#7075),#7079);
#7075 = LINE('',#7076,#7077);
#7076 = CARTESIAN_POINT('',(0.693598025148,28.5));
#7077 = VECTOR('',#7078,1.);
#7078 = DIRECTION('',(0.,-1.));
#7079 = ( GEOMETRIC_REPRESENTATION_CONTEXT(2) 
PARAMETRIC_REPRESENTATION_CONTEXT() REPRESENTATION_CONTEXT('2D SPACE',''
  ) );
#7080 = PCURVE('',#6754,#7081);
#7081 = DEFINITIONAL_REPRESENTATION('',(#7082),#7086);
#7082 = LINE('',#7083,#7084);
#7083 = CARTESIAN_POINT('',(77.5,21.5));
#7084 = VECTOR('',#7085,1.);
#7085 = DIRECTION('',(0.,1.));
#7086 = ( GEOMETRIC_REPRESENTATION_CONTEXT(2) 
PARAMETRIC_REPRESENTATION_CONTEXT() REPRESENTATION_CONTEXT('2D SPACE',''
  ) );
#7087 = ORIENTED_EDGE('',*,*,#7088,.T.);
#7088 = EDGE_CURVE('',#7066,#7089,#7091,.T.);
#7089 = VERTEX_POINT('',#7090);
#7090 = CARTESIAN_POINT('',(27.5,12.659318735032,26.8));
#7091 = SURFACE_CURVE('',#7092,(#7143,#7197),.PCURVE_S1.);
#7092 = B_SPLINE_CURVE_WITH_KNOTS('',7,(#7093,#7094,#7095,#7096,#7097,
    #7098,#7099,#7100,#7101,#7102,#7103,#7104,#7105,#7106,#7107,#7108,
    #7109,#7110,#7111,#7112,#7113,#7114,#7115,#7116,#7117,#7118,#7119,
    #7120,#7121,#7122,#7123,#7124,#7125,#7126,#7127,#7128,#7129,#7130,
    #7131,#7132,#7133,#7134,#7135,#7136,#7137,#7138,#7139,#7140,#7141,
    #7142),.UNSPECIFIED.,.F.,.F.,(8,6,6,6,6,6,6,6,8),(0.,0.339268537252,
    0.515126365107,0.684070212938,1.,1.315929787062,1.484873634893,
    1.660731462748,2.),.UNSPECIFIED.);
#7093 = CARTESIAN_POINT('',(27.5,-12.65931873503,26.8));
#7094 = CARTESIAN_POINT('',(27.5,-12.60601448554,27.756997617361));
#7095 = CARTESIAN_POINT('',(27.5,-12.47828804241,28.7098366423));
#7096 = CARTESIAN_POINT('',(27.5,-12.27636866238,29.651608554741));
#7097 = CARTESIAN_POINT('',(27.5,-12.00096765597,30.575284418485));
#7098 = CARTESIAN_POINT('',(27.5,-11.65334659226,31.473730606432));
#7099 = CARTESIAN_POINT('',(27.5,-11.23542030051,32.33974151023));
#7100 = CARTESIAN_POINT('',(27.5,-10.49822534556,33.594421660882));
#7101 = CARTESIAN_POINT('',(27.5,-10.22840169881,34.012083120318));
#7102 = CARTESIAN_POINT('',(27.5,-9.940812048137,34.418055136861));
#7103 = CARTESIAN_POINT('',(27.5,-9.635906137379,34.811316822737));
#7104 = CARTESIAN_POINT('',(27.5,-9.314203363358,35.190851601666));
#7105 = CARTESIAN_POINT('',(27.5,-8.976301005058,35.555653932356));
#7106 = CARTESIAN_POINT('',(27.5,-8.283358811222,36.240093711791));
#7107 = CARTESIAN_POINT('',(27.5,-7.929510320826,36.560947509417));
#7108 = CARTESIAN_POINT('',(27.5,-7.561949392248,36.866416993889));
#7109 = CARTESIAN_POINT('',(27.5,-7.181354275814,37.155646356101));
#7110 = CARTESIAN_POINT('',(27.5,-6.78847549862,37.427813554903));
#7111 = CARTESIAN_POINT('',(27.5,-6.384142301598,37.68213946318));
#7112 = CARTESIAN_POINT('',(27.5,-5.193444379118,38.35877032041));
#7113 = CARTESIAN_POINT('',(27.5,-4.380473157755,38.734874861648));
#7114 = CARTESIAN_POINT('',(27.5,-3.536683734429,39.041157251469));
#7115 = CARTESIAN_POINT('',(27.5,-2.668996735916,39.273750898305));
#7116 = CARTESIAN_POINT('',(27.5,-1.784869999049,39.429871153106));
#7117 = CARTESIAN_POINT('',(27.5,-0.892314784637,39.507894736842));
#7118 = CARTESIAN_POINT('',(27.5,0.892314784638,39.507894736842));
#7119 = CARTESIAN_POINT('',(27.5,1.784869999043,39.429871153108));
#7120 = CARTESIAN_POINT('',(27.5,2.668996735925,39.273750898301));
#7121 = CARTESIAN_POINT('',(27.5,3.536683734418,39.041157251475));
#7122 = CARTESIAN_POINT('',(27.5,4.38047315776,38.734874861645));
#7123 = CARTESIAN_POINT('',(27.5,5.193444379115,38.358770320412));
#7124 = CARTESIAN_POINT('',(27.5,6.384142301596,37.682139463181));
#7125 = CARTESIAN_POINT('',(27.5,6.788475498618,37.427813554904));
#7126 = CARTESIAN_POINT('',(27.5,7.181354275813,37.155646356102));
#7127 = CARTESIAN_POINT('',(27.5,7.561949392246,36.86641699389));
#7128 = CARTESIAN_POINT('',(27.5,7.929510320825,36.560947509418));
#7129 = CARTESIAN_POINT('',(27.5,8.28335881122,36.240093711793));
#7130 = CARTESIAN_POINT('',(27.5,8.976301005056,35.555653932358));
#7131 = CARTESIAN_POINT('',(27.5,9.314203363356,35.190851601668));
#7132 = CARTESIAN_POINT('',(27.5,9.635906137378,34.811316822739));
#7133 = CARTESIAN_POINT('',(27.5,9.940812048135,34.418055136863));
#7134 = CARTESIAN_POINT('',(27.5,10.228401698808,34.01208312032));
#7135 = CARTESIAN_POINT('',(27.5,10.498225345568,33.594421660884));
#7136 = CARTESIAN_POINT('',(27.5,11.235420300511,32.339741510232));
#7137 = CARTESIAN_POINT('',(27.5,11.653346592262,31.473730606434));
#7138 = CARTESIAN_POINT('',(27.5,12.00096765597,30.575284418486));
#7139 = CARTESIAN_POINT('',(27.5,12.276368662387,29.651608554742));
#7140 = CARTESIAN_POINT('',(27.5,12.478288042415,28.709836642301));
#7141 = CARTESIAN_POINT('',(27.5,12.606014485543,27.756997617361));
#7142 = CARTESIAN_POINT('',(27.5,12.659318735032,26.8));
#7143 = PCURVE('',#6536,#7144);
#7144 = DEFINITIONAL_REPRESENTATION('',(#7145),#7196);
#7145 = B_SPLINE_CURVE_WITH_KNOTS('',7,(#7146,#7147,#7148,#7149,#7150,
    #7151,#7152,#7153,#7154,#7155,#7156,#7157,#7158,#7159,#7160,#7161,
    #7162,#7163,#7164,#7165,#7166,#7167,#7168,#7169,#7170,#7171,#7172,
    #7173,#7174,#7175,#7176,#7177,#7178,#7179,#7180,#7181,#7182,#7183,
    #7184,#7185,#7186,#7187,#7188,#7189,#7190,#7191,#7192,#7193,#7194,
    #7195),.UNSPECIFIED.,.F.,.F.,(8,6,6,6,6,6,6,6,8),(0.,0.339268537252,
    0.515126365107,0.684070212938,1.,1.315929787062,1.484873634893,
    1.660731462748,2.),.UNSPECIFIED.);
#7146 = CARTESIAN_POINT('',(0.693598025148,12.659318735032));
#7147 = CARTESIAN_POINT('',(1.650595642508,12.606014485543));
#7148 = CARTESIAN_POINT('',(2.603434667447,12.478288042415));
#7149 = CARTESIAN_POINT('',(3.545206579889,12.276368662387));
#7150 = CARTESIAN_POINT('',(4.468882443632,12.00096765597));
#7151 = CARTESIAN_POINT('',(5.36732863158,11.653346592263));
#7152 = CARTESIAN_POINT('',(6.233339535377,11.235420300512));
#7153 = CARTESIAN_POINT('',(7.48801968603,10.498225345569));
#7154 = CARTESIAN_POINT('',(7.905681145465,10.22840169881));
#7155 = CARTESIAN_POINT('',(8.311653162009,9.940812048137));
#7156 = CARTESIAN_POINT('',(8.704914847885,9.635906137379));
#7157 = CARTESIAN_POINT('',(9.084449626814,9.314203363358));
#7158 = CARTESIAN_POINT('',(9.449251957504,8.976301005058));
#7159 = CARTESIAN_POINT('',(10.133691736939,8.283358811222));
#7160 = CARTESIAN_POINT('',(10.454545534564,7.929510320826));
#7161 = CARTESIAN_POINT('',(10.760015019036,7.561949392248));
#7162 = CARTESIAN_POINT('',(11.049244381248,7.181354275814));
#7163 = CARTESIAN_POINT('',(11.321411580051,6.78847549862));
#7164 = CARTESIAN_POINT('',(11.575737488328,6.384142301598));
#7165 = CARTESIAN_POINT('',(12.252368345558,5.193444379118));
#7166 = CARTESIAN_POINT('',(12.628472886795,4.380473157755));
#7167 = CARTESIAN_POINT('',(12.934755276617,3.536683734429));
#7168 = CARTESIAN_POINT('',(13.167348923453,2.668996735916));
#7169 = CARTESIAN_POINT('',(13.323469178254,1.784869999049));
#7170 = CARTESIAN_POINT('',(13.40149276199,0.892314784637));
#7171 = CARTESIAN_POINT('',(13.40149276199,-0.892314784638));
#7172 = CARTESIAN_POINT('',(13.323469178255,-1.784869999043));
#7173 = CARTESIAN_POINT('',(13.167348923449,-2.668996735925));
#7174 = CARTESIAN_POINT('',(12.934755276622,-3.536683734418));
#7175 = CARTESIAN_POINT('',(12.628472886792,-4.38047315776));
#7176 = CARTESIAN_POINT('',(12.252368345559,-5.193444379115));
#7177 = CARTESIAN_POINT('',(11.575737488329,-6.384142301596));
#7178 = CARTESIAN_POINT('',(11.321411580052,-6.788475498618));
#7179 = CARTESIAN_POINT('',(11.049244381249,-7.181354275813));
#7180 = CARTESIAN_POINT('',(10.760015019037,-7.561949392246));
#7181 = CARTESIAN_POINT('',(10.454545534566,-7.929510320825));
#7182 = CARTESIAN_POINT('',(10.13369173694,-8.28335881122));
#7183 = CARTESIAN_POINT('',(9.449251957506,-8.976301005056));
#7184 = CARTESIAN_POINT('',(9.084449626815,-9.314203363356));
#7185 = CARTESIAN_POINT('',(8.704914847887,-9.635906137378));
#7186 = CARTESIAN_POINT('',(8.311653162011,-9.940812048135));
#7187 = CARTESIAN_POINT('',(7.905681145467,-10.2284016988));
#7188 = CARTESIAN_POINT('',(7.488019686032,-10.49822534556));
#7189 = CARTESIAN_POINT('',(6.233339535379,-11.23542030051));
#7190 = CARTESIAN_POINT('',(5.367328631582,-11.65334659226));
#7191 = CARTESIAN_POINT('',(4.468882443634,-12.00096765597));
#7192 = CARTESIAN_POINT('',(3.54520657989,-12.27636866238));
#7193 = CARTESIAN_POINT('',(2.603434667448,-12.47828804241));
#7194 = CARTESIAN_POINT('',(1.650595642509,-12.60601448554));
#7195 = CARTESIAN_POINT('',(0.693598025148,-12.65931873503));
#7196 = ( GEOMETRIC_REPRESENTATION_CONTEXT(2) 
PARAMETRIC_REPRESENTATION_CONTEXT() REPRESENTATION_CONTEXT('2D SPACE',''
  ) );
#7197 = PCURVE('',#6874,#7198);
#7198 = DEFINITIONAL_REPRESENTATION('',(#7199),#7269);
#7199 = B_SPLINE_CURVE_WITH_KNOTS('',3,(#7200,#7201,#7202,#7203,#7204,
    #7205,#7206,#7207,#7208,#7209,#7210,#7211,#7212,#7213,#7214,#7215,
    #7216,#7217,#7218,#7219,#7220,#7221,#7222,#7223,#7224,#7225,#7226,
    #7227,#7228,#7229,#7230,#7231,#7232,#7233,#7234,#7235,#7236,#7237,
    #7238,#7239,#7240,#7241,#7242,#7243,#7244,#7245,#7246,#7247,#7248,
    #7249,#7250,#7251,#7252,#7253,#7254,#7255,#7256,#7257,#7258,#7259,
    #7260,#7261,#7262,#7263,#7264,#7265,#7266,#7267,#7268),
  .UNSPECIFIED.,.F.,.F.,(4,1,1,1,1,1,1,1,1,1,1,1,1,1,1,1,1,1,1,1,1,1,1,1
    ,1,1,1,1,1,1,1,1,1,1,1,1,1,1,1,1,1,1,1,1,1,1,1,1,1,1,1,1,1,1,1,1,1,1
    ,1,1,1,1,1,1,1,1,4),(0.,3.030303030304E-02,6.060606060607E-02,
    9.090909090911E-02,0.121212121212,0.151515151515,0.181818181818,
    0.212121212121,0.242424242424,0.272727272727,0.30303030303,
    0.333333333333,0.363636363636,0.393939393939,0.424242424242,
    0.454545454546,0.484848484849,0.515151515152,0.545454545455,
    0.575757575758,0.606060606061,0.636363636364,0.666666666667,
    0.69696969697,0.727272727273,0.757575757576,0.787878787879,
    0.818181818182,0.848484848485,0.878787878788,0.909090909091,
    0.939393939394,0.969696969697,1.,1.030303030303,1.060606060606,
    1.090909090909,1.121212121212,1.151515151515,1.181818181818,
    1.212121212121,1.242424242424,1.272727272727,1.303030303031,
    1.333333333334,1.363636363637,1.39393939394,1.424242424243,
    1.454545454546,1.484848484849,1.515151515152,1.545454545455,
    1.575757575758,1.606060606061,1.636363636364,1.666666666667,
    1.69696969697,1.727272727273,1.757575757576,1.787878787879,
    1.818181818182,1.848484848485,1.878787878788,1.909090909091,
    1.939393939394,1.969696969697,2.),.QUASI_UNIFORM_KNOTS.);
#7200 = CARTESIAN_POINT('',(7.794722331953,-10.));
#7201 = CARTESIAN_POINT('',(7.779931094447,-10.));
#7202 = CARTESIAN_POINT('',(7.750344003573,-10.));
#7203 = CARTESIAN_POINT('',(7.70593933519,-10.));
#7204 = CARTESIAN_POINT('',(7.661500309427,-10.));
#7205 = CARTESIAN_POINT('',(7.61701709386,-10.));
#7206 = CARTESIAN_POINT('',(7.572480138499,-10.));
#7207 = CARTESIAN_POINT('',(7.527880201442,-10.));
#7208 = CARTESIAN_POINT('',(7.483208321847,-10.));
#7209 = CARTESIAN_POINT('',(7.438455822449,-10.));
#7210 = CARTESIAN_POINT('',(7.393614307988,-10.));
#7211 = CARTESIAN_POINT('',(7.348675717201,-10.));
#7212 = CARTESIAN_POINT('',(7.303632235225,-10.));
#7213 = CARTESIAN_POINT('',(7.258476783466,-10.));
#7214 = CARTESIAN_POINT('',(7.213205116201,-10.));
#7215 = CARTESIAN_POINT('',(7.167812069371,-10.));
#7216 = CARTESIAN_POINT('',(7.122293617531,-10.));
#7217 = CARTESIAN_POINT('',(7.076646444078,-10.));
#7218 = CARTESIAN_POINT('',(7.030868378478,-10.));
#7219 = CARTESIAN_POINT('',(6.984957904021,-10.));
#7220 = CARTESIAN_POINT('',(6.938915200649,-10.));
#7221 = CARTESIAN_POINT('',(6.892741644181,-10.));
#7222 = CARTESIAN_POINT('',(6.846439508747,-10.));
#7223 = CARTESIAN_POINT('',(6.800011908554,-10.));
#7224 = CARTESIAN_POINT('',(6.753464853548,-10.));
#7225 = CARTESIAN_POINT('',(6.706795951201,-10.));
#7226 = CARTESIAN_POINT('',(6.660018413281,-10.));
#7227 = CARTESIAN_POINT('',(6.613142883133,-10.));
#7228 = CARTESIAN_POINT('',(6.566179864766,-10.));
#7229 = CARTESIAN_POINT('',(6.519139602637,-10.));
#7230 = CARTESIAN_POINT('',(6.472032664577,-10.));
#7231 = CARTESIAN_POINT('',(6.424870264742,-10.));
#7232 = CARTESIAN_POINT('',(6.377665016711,-10.));
#7233 = CARTESIAN_POINT('',(6.330430424754,-10.));
#7234 = CARTESIAN_POINT('',(6.283185307179,-10.));
#7235 = CARTESIAN_POINT('',(6.235940189605,-10.));
#7236 = CARTESIAN_POINT('',(6.188705597648,-10.));
#7237 = CARTESIAN_POINT('',(6.141500349617,-10.));
#7238 = CARTESIAN_POINT('',(6.094337949782,-10.));
#7239 = CARTESIAN_POINT('',(6.047231011722,-10.));
#7240 = CARTESIAN_POINT('',(6.000190749593,-10.));
#7241 = CARTESIAN_POINT('',(5.953227731226,-10.));
#7242 = CARTESIAN_POINT('',(5.906352201078,-10.));
#7243 = CARTESIAN_POINT('',(5.859574663158,-10.));
#7244 = CARTESIAN_POINT('',(5.812905760812,-10.));
#7245 = CARTESIAN_POINT('',(5.766358705806,-10.));
#7246 = CARTESIAN_POINT('',(5.719931105612,-10.));
#7247 = CARTESIAN_POINT('',(5.673628970179,-10.));
#7248 = CARTESIAN_POINT('',(5.627455413711,-10.));
#7249 = CARTESIAN_POINT('',(5.581412710338,-10.));
#7250 = CARTESIAN_POINT('',(5.535502235881,-10.));
#7251 = CARTESIAN_POINT('',(5.489724170282,-10.));
#7252 = CARTESIAN_POINT('',(5.444076996829,-10.));
#7253 = CARTESIAN_POINT('',(5.398558544988,-10.));
#7254 = CARTESIAN_POINT('',(5.353165498158,-10.));
#7255 = CARTESIAN_POINT('',(5.307893830894,-10.));
#7256 = CARTESIAN_POINT('',(5.262738379134,-10.));
#7257 = CARTESIAN_POINT('',(5.217694897159,-10.));
#7258 = CARTESIAN_POINT('',(5.172756306371,-10.));
#7259 = CARTESIAN_POINT('',(5.12791479191,-10.));
#7260 = CARTESIAN_POINT('',(5.083162292512,-10.));
#7261 = CARTESIAN_POINT('',(5.038490412917,-10.));
#7262 = CARTESIAN_POINT('',(4.99389047586,-10.));
#7263 = CARTESIAN_POINT('',(4.949353520499,-10.));
#7264 = CARTESIAN_POINT('',(4.904870304932,-10.));
#7265 = CARTESIAN_POINT('',(4.86043127917,-10.));
#7266 = CARTESIAN_POINT('',(4.816026610787,-10.));
#7267 = CARTESIAN_POINT('',(4.786439519912,-10.));
#7268 = CARTESIAN_POINT('',(4.771648282406,-10.));
#7269 = ( GEOMETRIC_REPRESENTATION_CONTEXT(2) 
PARAMETRIC_REPRESENTATION_CONTEXT() REPRESENTATION_CONTEXT('2D SPACE',''
  ) );
#7270 = ORIENTED_EDGE('',*,*,#7271,.T.);
#7271 = EDGE_CURVE('',#7089,#7272,#7274,.T.);
#7272 = VERTEX_POINT('',#7273);
#7273 = CARTESIAN_POINT('',(27.5,28.5,26.8));
#7274 = SURFACE_CURVE('',#7275,(#7279,#7286),.PCURVE_S1.);
#7275 = LINE('',#7276,#7277);
#7276 = CARTESIAN_POINT('',(27.5,-28.5,26.8));
#7277 = VECTOR('',#7278,1.);
#7278 = DIRECTION('',(0.,1.,0.));
#7279 = PCURVE('',#6536,#7280);
#7280 = DEFINITIONAL_REPRESENTATION('',(#7281),#7285);
#7281 = LINE('',#7282,#7283);
#7282 = CARTESIAN_POINT('',(0.693598025148,28.5));
#7283 = VECTOR('',#7284,1.);
#7284 = DIRECTION('',(0.,-1.));
#7285 = ( GEOMETRIC_REPRESENTATION_CONTEXT(2) 
PARAMETRIC_REPRESENTATION_CONTEXT() REPRESENTATION_CONTEXT('2D SPACE',''
  ) );
#7286 = PCURVE('',#6624,#7287);
#7287 = DEFINITIONAL_REPRESENTATION('',(#7288),#7292);
#7288 = LINE('',#7289,#7290);
#7289 = CARTESIAN_POINT('',(77.5,21.5));
#7290 = VECTOR('',#7291,1.);
#7291 = DIRECTION('',(0.,1.));
#7292 = ( GEOMETRIC_REPRESENTATION_CONTEXT(2) 
PARAMETRIC_REPRESENTATION_CONTEXT() REPRESENTATION_CONTEXT('2D SPACE',''
  ) );
#7293 = ORIENTED_EDGE('',*,*,#7294,.T.);
#7294 = EDGE_CURVE('',#7272,#7295,#7297,.T.);
#7295 = VERTEX_POINT('',#7296);
#7296 = CARTESIAN_POINT('',(27.5,28.5,31.8));
#7297 = SURFACE_CURVE('',#7298,(#7302,#7309),.PCURVE_S1.);
#7298 = LINE('',#7299,#7300);
#7299 = CARTESIAN_POINT('',(27.5,28.5,26.8));
#7300 = VECTOR('',#7301,1.);
#7301 = DIRECTION('',(0.,0.,1.));
#7302 = PCURVE('',#6536,#7303);
#7303 = DEFINITIONAL_REPRESENTATION('',(#7304),#7308);
#7304 = LINE('',#7305,#7306);
#7305 = CARTESIAN_POINT('',(0.693598025148,-28.5));
#7306 = VECTOR('',#7307,1.);
#7307 = DIRECTION('',(1.,0.));
#7308 = ( GEOMETRIC_REPRESENTATION_CONTEXT(2) 
PARAMETRIC_REPRESENTATION_CONTEXT() REPRESENTATION_CONTEXT('2D SPACE',''
  ) );
#7309 = PCURVE('',#6652,#7310);
#7310 = DEFINITIONAL_REPRESENTATION('',(#7311),#7315);
#7311 = LINE('',#7312,#7313);
#7312 = CARTESIAN_POINT('',(0.,9.));
#7313 = VECTOR('',#7314,1.);
#7314 = DIRECTION('',(1.,0.));
#7315 = ( GEOMETRIC_REPRESENTATION_CONTEXT(2) 
PARAMETRIC_REPRESENTATION_CONTEXT() REPRESENTATION_CONTEXT('2D SPACE',''
  ) );
#7316 = ORIENTED_EDGE('',*,*,#7317,.F.);
#7317 = EDGE_CURVE('',#6487,#7295,#7318,.T.);
#7318 = SURFACE_CURVE('',#7319,(#7323,#7330),.PCURVE_S1.);
#7319 = LINE('',#7320,#7321);
#7320 = CARTESIAN_POINT('',(27.5,15.5,31.8));
#7321 = VECTOR('',#7322,1.);
#7322 = DIRECTION('',(0.,1.,0.));
#7323 = PCURVE('',#6536,#7324);
#7324 = DEFINITIONAL_REPRESENTATION('',(#7325),#7329);
#7325 = LINE('',#7326,#7327);
#7326 = CARTESIAN_POINT('',(5.693598025148,-15.5));
#7327 = VECTOR('',#7328,1.);
#7328 = DIRECTION('',(0.,-1.));
#7329 = ( GEOMETRIC_REPRESENTATION_CONTEXT(2) 
PARAMETRIC_REPRESENTATION_CONTEXT() REPRESENTATION_CONTEXT('2D SPACE',''
  ) );
#7330 = PCURVE('',#6506,#7331);
#7331 = DEFINITIONAL_REPRESENTATION('',(#7332),#7336);
#7332 = LINE('',#7333,#7334);
#7333 = CARTESIAN_POINT('',(9.,0.));
#7334 = VECTOR('',#7335,1.);
#7335 = DIRECTION('',(0.,1.));
#7336 = ( GEOMETRIC_REPRESENTATION_CONTEXT(2) 
PARAMETRIC_REPRESENTATION_CONTEXT() REPRESENTATION_CONTEXT('2D SPACE',''
  ) );
#7337 = ORIENTED_EDGE('',*,*,#6520,.T.);
#7338 = ORIENTED_EDGE('',*,*,#6548,.T.);
#7339 = ORIENTED_EDGE('',*,*,#6982,.F.);
#7340 = ADVANCED_FACE('',(#7341,#7367),#6506,.T.);
#7341 = FACE_BOUND('',#7342,.T.);
#7342 = EDGE_LOOP('',(#7343,#7344,#7345,#7346));
#7343 = ORIENTED_EDGE('',*,*,#6664,.F.);
#7344 = ORIENTED_EDGE('',*,*,#6486,.F.);
#7345 = ORIENTED_EDGE('',*,*,#7317,.T.);
#7346 = ORIENTED_EDGE('',*,*,#7347,.F.);
#7347 = EDGE_CURVE('',#6637,#7295,#7348,.T.);
#7348 = SURFACE_CURVE('',#7349,(#7353,#7360),.PCURVE_S1.);
#7349 = LINE('',#7350,#7351);
#7350 = CARTESIAN_POINT('',(18.5,28.5,31.8));
#7351 = VECTOR('',#7352,1.);
#7352 = DIRECTION('',(1.,0.,0.));
#7353 = PCURVE('',#6506,#7354);
#7354 = DEFINITIONAL_REPRESENTATION('',(#7355),#7359);
#7355 = LINE('',#7356,#7357);
#7356 = CARTESIAN_POINT('',(0.,13.));
#7357 = VECTOR('',#7358,1.);
#7358 = DIRECTION('',(1.,0.));
#7359 = ( GEOMETRIC_REPRESENTATION_CONTEXT(2) 
PARAMETRIC_REPRESENTATION_CONTEXT() REPRESENTATION_CONTEXT('2D SPACE',''
  ) );
#7360 = PCURVE('',#6652,#7361);
#7361 = DEFINITIONAL_REPRESENTATION('',(#7362),#7366);
#7362 = LINE('',#7363,#7364);
#7363 = CARTESIAN_POINT('',(5.,0.));
#7364 = VECTOR('',#7365,1.);
#7365 = DIRECTION('',(0.,1.));
#7366 = ( GEOMETRIC_REPRESENTATION_CONTEXT(2) 
PARAMETRIC_REPRESENTATION_CONTEXT() REPRESENTATION_CONTEXT('2D SPACE',''
  ) );
#7367 = FACE_BOUND('',#7368,.T.);
#7368 = EDGE_LOOP('',(#7369));
#7369 = ORIENTED_EDGE('',*,*,#7370,.T.);
#7370 = EDGE_CURVE('',#7371,#7371,#7373,.T.);
#7371 = VERTEX_POINT('',#7372);
#7372 = CARTESIAN_POINT('',(24.7,22.,31.8));
#7373 = SURFACE_CURVE('',#7374,(#7379,#7390),.PCURVE_S1.);
#7374 = CIRCLE('',#7375,1.7);
#7375 = AXIS2_PLACEMENT_3D('',#7376,#7377,#7378);
#7376 = CARTESIAN_POINT('',(23.,22.,31.8));
#7377 = DIRECTION('',(0.,0.,-1.));
#7378 = DIRECTION('',(1.,0.,0.));
#7379 = PCURVE('',#6506,#7380);
#7380 = DEFINITIONAL_REPRESENTATION('',(#7381),#7389);
#7381 = ( BOUNDED_CURVE() B_SPLINE_CURVE(2,(#7382,#7383,#7384,#7385,
#7386,#7387,#7388),.UNSPECIFIED.,.T.,.F.) B_SPLINE_CURVE_WITH_KNOTS((1,2
    ,2,2,2,1),(-2.094395102393,0.,2.094395102393,4.188790204786,
6.28318530718,8.377580409573),.UNSPECIFIED.) CURVE() 
GEOMETRIC_REPRESENTATION_ITEM() RATIONAL_B_SPLINE_CURVE((1.,0.5,1.,0.5,
1.,0.5,1.)) REPRESENTATION_ITEM('') );
#7382 = CARTESIAN_POINT('',(6.2,6.5));
#7383 = CARTESIAN_POINT('',(6.2,3.555513627133));
#7384 = CARTESIAN_POINT('',(3.65,5.027756813566));
#7385 = CARTESIAN_POINT('',(1.1,6.5));
#7386 = CARTESIAN_POINT('',(3.65,7.972243186434));
#7387 = CARTESIAN_POINT('',(6.2,9.444486372867));
#7388 = CARTESIAN_POINT('',(6.2,6.5));
#7389 = ( GEOMETRIC_REPRESENTATION_CONTEXT(2) 
PARAMETRIC_REPRESENTATION_CONTEXT() REPRESENTATION_CONTEXT('2D SPACE',''
  ) );
#7390 = PCURVE('',#7391,#7396);
#7391 = CYLINDRICAL_SURFACE('',#7392,1.7);
#7392 = AXIS2_PLACEMENT_3D('',#7393,#7394,#7395);
#7393 = CARTESIAN_POINT('',(23.,22.,26.));
#7394 = DIRECTION('',(-0.,-0.,-1.));
#7395 = DIRECTION('',(1.,0.,0.));
#7396 = DEFINITIONAL_REPRESENTATION('',(#7397),#7401);
#7397 = LINE('',#7398,#7399);
#7398 = CARTESIAN_POINT('',(-6.28318530718,-5.8));
#7399 = VECTOR('',#7400,1.);
#7400 = DIRECTION('',(1.,-0.));
#7401 = ( GEOMETRIC_REPRESENTATION_CONTEXT(2) 
PARAMETRIC_REPRESENTATION_CONTEXT() REPRESENTATION_CONTEXT('2D SPACE',''
  ) );
#7402 = ADVANCED_FACE('',(#7403,#7455),#6624,.F.);
#7403 = FACE_BOUND('',#7404,.F.);
#7404 = EDGE_LOOP('',(#7405,#7432,#7433,#7454));
#7405 = ORIENTED_EDGE('',*,*,#7406,.F.);
#7406 = EDGE_CURVE('',#7089,#6609,#7407,.T.);
#7407 = SURFACE_CURVE('',#7408,(#7414,#7423),.PCURVE_S1.);
#7408 = B_SPLINE_CURVE_WITH_KNOTS('',4,(#7409,#7410,#7411,#7412,#7413),
  .UNSPECIFIED.,.F.,.F.,(5,5),(0.,1.),.PIECEWISE_BEZIER_KNOTS.);
#7409 = CARTESIAN_POINT('',(27.5,12.659318735032,26.8));
#7410 = CARTESIAN_POINT('',(25.25,12.659318735032,26.8));
#7411 = CARTESIAN_POINT('',(23.,12.659318735032,26.8));
#7412 = CARTESIAN_POINT('',(20.75,12.659318735032,26.8));
#7413 = CARTESIAN_POINT('',(18.5,12.659318735032,26.8));
#7414 = PCURVE('',#6624,#7415);
#7415 = DEFINITIONAL_REPRESENTATION('',(#7416),#7422);
#7416 = B_SPLINE_CURVE_WITH_KNOTS('',4,(#7417,#7418,#7419,#7420,#7421),
  .UNSPECIFIED.,.F.,.F.,(5,5),(0.,1.),.PIECEWISE_BEZIER_KNOTS.);
#7417 = CARTESIAN_POINT('',(77.5,62.659318735032));
#7418 = CARTESIAN_POINT('',(75.25,62.659318735032));
#7419 = CARTESIAN_POINT('',(73.,62.659318735032));
#7420 = CARTESIAN_POINT('',(70.75,62.659318735032));
#7421 = CARTESIAN_POINT('',(68.5,62.659318735032));
#7422 = ( GEOMETRIC_REPRESENTATION_CONTEXT(2) 
PARAMETRIC_REPRESENTATION_CONTEXT() REPRESENTATION_CONTEXT('2D SPACE',''
  ) );
#7423 = PCURVE('',#6874,#7424);
#7424 = DEFINITIONAL_REPRESENTATION('',(#7425),#7431);
#7425 = B_SPLINE_CURVE_WITH_KNOTS('',4,(#7426,#7427,#7428,#7429,#7430),
  .UNSPECIFIED.,.F.,.F.,(5,5),(0.,1.),.PIECEWISE_BEZIER_KNOTS.);
#7426 = CARTESIAN_POINT('',(4.771648282406,-10.));
#7427 = CARTESIAN_POINT('',(4.771648282406,-7.75));
#7428 = CARTESIAN_POINT('',(4.771648282406,-5.5));
#7429 = CARTESIAN_POINT('',(4.771648282406,-3.25));
#7430 = CARTESIAN_POINT('',(4.771648282406,-1.));
#7431 = ( GEOMETRIC_REPRESENTATION_CONTEXT(2) 
PARAMETRIC_REPRESENTATION_CONTEXT() REPRESENTATION_CONTEXT('2D SPACE',''
  ) );
#7432 = ORIENTED_EDGE('',*,*,#7271,.T.);
#7433 = ORIENTED_EDGE('',*,*,#7434,.F.);
#7434 = EDGE_CURVE('',#6607,#7272,#7435,.T.);
#7435 = SURFACE_CURVE('',#7436,(#7440,#7447),.PCURVE_S1.);
#7436 = LINE('',#7437,#7438);
#7437 = CARTESIAN_POINT('',(18.5,28.5,26.8));
#7438 = VECTOR('',#7439,1.);
#7439 = DIRECTION('',(1.,0.,0.));
#7440 = PCURVE('',#6624,#7441);
#7441 = DEFINITIONAL_REPRESENTATION('',(#7442),#7446);
#7442 = LINE('',#7443,#7444);
#7443 = CARTESIAN_POINT('',(68.5,78.5));
#7444 = VECTOR('',#7445,1.);
#7445 = DIRECTION('',(1.,0.));
#7446 = ( GEOMETRIC_REPRESENTATION_CONTEXT(2) 
PARAMETRIC_REPRESENTATION_CONTEXT() REPRESENTATION_CONTEXT('2D SPACE',''
  ) );
#7447 = PCURVE('',#6652,#7448);
#7448 = DEFINITIONAL_REPRESENTATION('',(#7449),#7453);
#7449 = LINE('',#7450,#7451);
#7450 = CARTESIAN_POINT('',(0.,0.));
#7451 = VECTOR('',#7452,1.);
#7452 = DIRECTION('',(0.,1.));
#7453 = ( GEOMETRIC_REPRESENTATION_CONTEXT(2) 
PARAMETRIC_REPRESENTATION_CONTEXT() REPRESENTATION_CONTEXT('2D SPACE',''
  ) );
#7454 = ORIENTED_EDGE('',*,*,#6606,.T.);
#7455 = FACE_BOUND('',#7456,.F.);
#7456 = EDGE_LOOP('',(#7457));
#7457 = ORIENTED_EDGE('',*,*,#7458,.T.);
#7458 = EDGE_CURVE('',#7459,#7459,#7461,.T.);
#7459 = VERTEX_POINT('',#7460);
#7460 = CARTESIAN_POINT('',(24.7,22.,26.8));
#7461 = SURFACE_CURVE('',#7462,(#7467,#7478),.PCURVE_S1.);
#7462 = CIRCLE('',#7463,1.7);
#7463 = AXIS2_PLACEMENT_3D('',#7464,#7465,#7466);
#7464 = CARTESIAN_POINT('',(23.,22.,26.8));
#7465 = DIRECTION('',(0.,0.,-1.));
#7466 = DIRECTION('',(1.,0.,0.));
#7467 = PCURVE('',#6624,#7468);
#7468 = DEFINITIONAL_REPRESENTATION('',(#7469),#7477);
#7469 = ( BOUNDED_CURVE() B_SPLINE_CURVE(2,(#7470,#7471,#7472,#7473,
#7474,#7475,#7476),.UNSPECIFIED.,.T.,.F.) B_SPLINE_CURVE_WITH_KNOTS((1,2
    ,2,2,2,1),(-2.094395102393,0.,2.094395102393,4.188790204786,
6.28318530718,8.377580409573),.UNSPECIFIED.) CURVE() 
GEOMETRIC_REPRESENTATION_ITEM() RATIONAL_B_SPLINE_CURVE((1.,0.5,1.,0.5,
1.,0.5,1.)) REPRESENTATION_ITEM('') );
#7470 = CARTESIAN_POINT('',(74.7,72.));
#7471 = CARTESIAN_POINT('',(74.7,69.055513627133));
#7472 = CARTESIAN_POINT('',(72.15,70.527756813566));
#7473 = CARTESIAN_POINT('',(69.6,72.));
#7474 = CARTESIAN_POINT('',(72.15,73.472243186434));
#7475 = CARTESIAN_POINT('',(74.7,74.944486372867));
#7476 = CARTESIAN_POINT('',(74.7,72.));
#7477 = ( GEOMETRIC_REPRESENTATION_CONTEXT(2) 
PARAMETRIC_REPRESENTATION_CONTEXT() REPRESENTATION_CONTEXT('2D SPACE',''
  ) );
#7478 = PCURVE('',#7391,#7479);
#7479 = DEFINITIONAL_REPRESENTATION('',(#7480),#7484);
#7480 = LINE('',#7481,#7482);
#7481 = CARTESIAN_POINT('',(-6.28318530718,-0.8));
#7482 = VECTOR('',#7483,1.);
#7483 = DIRECTION('',(1.,-0.));
#7484 = ( GEOMETRIC_REPRESENTATION_CONTEXT(2) 
PARAMETRIC_REPRESENTATION_CONTEXT() REPRESENTATION_CONTEXT('2D SPACE',''
  ) );
#7485 = ADVANCED_FACE('',(#7486),#6652,.T.);
#7486 = FACE_BOUND('',#7487,.T.);
#7487 = EDGE_LOOP('',(#7488,#7489,#7490,#7491));
#7488 = ORIENTED_EDGE('',*,*,#7434,.F.);
#7489 = ORIENTED_EDGE('',*,*,#6636,.T.);
#7490 = ORIENTED_EDGE('',*,*,#7347,.T.);
#7491 = ORIENTED_EDGE('',*,*,#7294,.F.);
#7492 = ADVANCED_FACE('',(#7493),#6726,.F.);
#7493 = FACE_BOUND('',#7494,.F.);
#7494 = EDGE_LOOP('',(#7495,#7516,#7517,#7518));
#7495 = ORIENTED_EDGE('',*,*,#7496,.F.);
#7496 = EDGE_CURVE('',#6711,#7043,#7497,.T.);
#7497 = SURFACE_CURVE('',#7498,(#7502,#7509),.PCURVE_S1.);
#7498 = LINE('',#7499,#7500);
#7499 = CARTESIAN_POINT('',(18.5,-28.5,26.8));
#7500 = VECTOR('',#7501,1.);
#7501 = DIRECTION('',(1.,0.,0.));
#7502 = PCURVE('',#6726,#7503);
#7503 = DEFINITIONAL_REPRESENTATION('',(#7504),#7508);
#7504 = LINE('',#7505,#7506);
#7505 = CARTESIAN_POINT('',(0.,0.));
#7506 = VECTOR('',#7507,1.);
#7507 = DIRECTION('',(0.,1.));
#7508 = ( GEOMETRIC_REPRESENTATION_CONTEXT(2) 
PARAMETRIC_REPRESENTATION_CONTEXT() REPRESENTATION_CONTEXT('2D SPACE',''
  ) );
#7509 = PCURVE('',#6754,#7510);
#7510 = DEFINITIONAL_REPRESENTATION('',(#7511),#7515);
#7511 = LINE('',#7512,#7513);
#7512 = CARTESIAN_POINT('',(68.5,21.5));
#7513 = VECTOR('',#7514,1.);
#7514 = DIRECTION('',(1.,0.));
#7515 = ( GEOMETRIC_REPRESENTATION_CONTEXT(2) 
PARAMETRIC_REPRESENTATION_CONTEXT() REPRESENTATION_CONTEXT('2D SPACE',''
  ) );
#7516 = ORIENTED_EDGE('',*,*,#6710,.T.);
#7517 = ORIENTED_EDGE('',*,*,#6959,.T.);
#7518 = ORIENTED_EDGE('',*,*,#7042,.F.);
#7519 = ADVANCED_FACE('',(#7520,#7552),#6754,.F.);
#7520 = FACE_BOUND('',#7521,.F.);
#7521 = EDGE_LOOP('',(#7522,#7523,#7524,#7551));
#7522 = ORIENTED_EDGE('',*,*,#7496,.T.);
#7523 = ORIENTED_EDGE('',*,*,#7065,.T.);
#7524 = ORIENTED_EDGE('',*,*,#7525,.T.);
#7525 = EDGE_CURVE('',#7066,#6739,#7526,.T.);
#7526 = SURFACE_CURVE('',#7527,(#7533,#7542),.PCURVE_S1.);
#7527 = B_SPLINE_CURVE_WITH_KNOTS('',4,(#7528,#7529,#7530,#7531,#7532),
  .UNSPECIFIED.,.F.,.F.,(5,5),(0.,1.),.PIECEWISE_BEZIER_KNOTS.);
#7528 = CARTESIAN_POINT('',(27.5,-12.65931873503,26.8));
#7529 = CARTESIAN_POINT('',(25.25,-12.65931873503,26.8));
#7530 = CARTESIAN_POINT('',(23.,-12.65931873503,26.8));
#7531 = CARTESIAN_POINT('',(20.75,-12.65931873503,26.8));
#7532 = CARTESIAN_POINT('',(18.5,-12.65931873503,26.8));
#7533 = PCURVE('',#6754,#7534);
#7534 = DEFINITIONAL_REPRESENTATION('',(#7535),#7541);
#7535 = B_SPLINE_CURVE_WITH_KNOTS('',4,(#7536,#7537,#7538,#7539,#7540),
  .UNSPECIFIED.,.F.,.F.,(5,5),(0.,1.),.PIECEWISE_BEZIER_KNOTS.);
#7536 = CARTESIAN_POINT('',(77.5,37.340681264968));
#7537 = CARTESIAN_POINT('',(75.25,37.340681264968));
#7538 = CARTESIAN_POINT('',(73.,37.340681264968));
#7539 = CARTESIAN_POINT('',(70.75,37.340681264968));
#7540 = CARTESIAN_POINT('',(68.5,37.340681264968));
#7541 = ( GEOMETRIC_REPRESENTATION_CONTEXT(2) 
PARAMETRIC_REPRESENTATION_CONTEXT() REPRESENTATION_CONTEXT('2D SPACE',''
  ) );
#7542 = PCURVE('',#6874,#7543);
#7543 = DEFINITIONAL_REPRESENTATION('',(#7544),#7550);
#7544 = B_SPLINE_CURVE_WITH_KNOTS('',4,(#7545,#7546,#7547,#7548,#7549),
  .UNSPECIFIED.,.F.,.F.,(5,5),(0.,1.),.PIECEWISE_BEZIER_KNOTS.);
#7545 = CARTESIAN_POINT('',(7.794722331953,-10.));
#7546 = CARTESIAN_POINT('',(7.794722331953,-7.75));
#7547 = CARTESIAN_POINT('',(7.794722331953,-5.5));
#7548 = CARTESIAN_POINT('',(7.794722331953,-3.25));
#7549 = CARTESIAN_POINT('',(7.794722331953,-1.));
#7550 = ( GEOMETRIC_REPRESENTATION_CONTEXT(2) 
PARAMETRIC_REPRESENTATION_CONTEXT() REPRESENTATION_CONTEXT('2D SPACE',''
  ) );
#7551 = ORIENTED_EDGE('',*,*,#6738,.T.);
#7552 = FACE_BOUND('',#7553,.F.);
#7553 = EDGE_LOOP('',(#7554));
#7554 = ORIENTED_EDGE('',*,*,#7555,.T.);
#7555 = EDGE_CURVE('',#7556,#7556,#7558,.T.);
#7556 = VERTEX_POINT('',#7557);
#7557 = CARTESIAN_POINT('',(24.7,-22.,26.8));
#7558 = SURFACE_CURVE('',#7559,(#7564,#7575),.PCURVE_S1.);
#7559 = CIRCLE('',#7560,1.7);
#7560 = AXIS2_PLACEMENT_3D('',#7561,#7562,#7563);
#7561 = CARTESIAN_POINT('',(23.,-22.,26.8));
#7562 = DIRECTION('',(0.,0.,-1.));
#7563 = DIRECTION('',(1.,0.,0.));
#7564 = PCURVE('',#6754,#7565);
#7565 = DEFINITIONAL_REPRESENTATION('',(#7566),#7574);
#7566 = ( BOUNDED_CURVE() B_SPLINE_CURVE(2,(#7567,#7568,#7569,#7570,
#7571,#7572,#7573),.UNSPECIFIED.,.T.,.F.) B_SPLINE_CURVE_WITH_KNOTS((1,2
    ,2,2,2,1),(-2.094395102393,0.,2.094395102393,4.188790204786,
6.28318530718,8.377580409573),.UNSPECIFIED.) CURVE() 
GEOMETRIC_REPRESENTATION_ITEM() RATIONAL_B_SPLINE_CURVE((1.,0.5,1.,0.5,
1.,0.5,1.)) REPRESENTATION_ITEM('') );
#7567 = CARTESIAN_POINT('',(74.7,28.));
#7568 = CARTESIAN_POINT('',(74.7,25.055513627133));
#7569 = CARTESIAN_POINT('',(72.15,26.527756813566));
#7570 = CARTESIAN_POINT('',(69.6,28.));
#7571 = CARTESIAN_POINT('',(72.15,29.472243186434));
#7572 = CARTESIAN_POINT('',(74.7,30.944486372867));
#7573 = CARTESIAN_POINT('',(74.7,28.));
#7574 = ( GEOMETRIC_REPRESENTATION_CONTEXT(2) 
PARAMETRIC_REPRESENTATION_CONTEXT() REPRESENTATION_CONTEXT('2D SPACE',''
  ) );
#7575 = PCURVE('',#7027,#7576);
#7576 = DEFINITIONAL_REPRESENTATION('',(#7577),#7581);
#7577 = LINE('',#7578,#7579);
#7578 = CARTESIAN_POINT('',(-6.28318530718,-0.8));
#7579 = VECTOR('',#7580,1.);
#7580 = DIRECTION('',(1.,-0.));
#7581 = ( GEOMETRIC_REPRESENTATION_CONTEXT(2) 
PARAMETRIC_REPRESENTATION_CONTEXT() REPRESENTATION_CONTEXT('2D SPACE',''
  ) );
#7582 = ADVANCED_FACE('',(#7583),#6874,.T.);
#7583 = FACE_BOUND('',#7584,.T.);
#7584 = EDGE_LOOP('',(#7585,#7586,#7587,#7588));
#7585 = ORIENTED_EDGE('',*,*,#7088,.F.);
#7586 = ORIENTED_EDGE('',*,*,#7525,.T.);
#7587 = ORIENTED_EDGE('',*,*,#6766,.F.);
#7588 = ORIENTED_EDGE('',*,*,#7406,.F.);
#7589 = ADVANCED_FACE('',(#7590),#7027,.F.);
#7590 = FACE_BOUND('',#7591,.T.);
#7591 = EDGE_LOOP('',(#7592,#7593,#7614,#7615));
#7592 = ORIENTED_EDGE('',*,*,#7555,.T.);
#7593 = ORIENTED_EDGE('',*,*,#7594,.T.);
#7594 = EDGE_CURVE('',#7556,#7007,#7595,.T.);
#7595 = SEAM_CURVE('',#7596,(#7600,#7607),.PCURVE_S1.);
#7596 = LINE('',#7597,#7598);
#7597 = CARTESIAN_POINT('',(24.7,-22.,26.));
#7598 = VECTOR('',#7599,1.);
#7599 = DIRECTION('',(0.,0.,1.));
#7600 = PCURVE('',#7027,#7601);
#7601 = DEFINITIONAL_REPRESENTATION('',(#7602),#7606);
#7602 = LINE('',#7603,#7604);
#7603 = CARTESIAN_POINT('',(-6.28318530718,0.));
#7604 = VECTOR('',#7605,1.);
#7605 = DIRECTION('',(-0.,-1.));
#7606 = ( GEOMETRIC_REPRESENTATION_CONTEXT(2) 
PARAMETRIC_REPRESENTATION_CONTEXT() REPRESENTATION_CONTEXT('2D SPACE',''
  ) );
#7607 = PCURVE('',#7027,#7608);
#7608 = DEFINITIONAL_REPRESENTATION('',(#7609),#7613);
#7609 = LINE('',#7610,#7611);
#7610 = CARTESIAN_POINT('',(-0.,0.));
#7611 = VECTOR('',#7612,1.);
#7612 = DIRECTION('',(-0.,-1.));
#7613 = ( GEOMETRIC_REPRESENTATION_CONTEXT(2) 
PARAMETRIC_REPRESENTATION_CONTEXT() REPRESENTATION_CONTEXT('2D SPACE',''
  ) );
#7614 = ORIENTED_EDGE('',*,*,#7006,.F.);
#7615 = ORIENTED_EDGE('',*,*,#7594,.F.);
#7616 = ADVANCED_FACE('',(#7617),#7391,.F.);
#7617 = FACE_BOUND('',#7618,.T.);
#7618 = EDGE_LOOP('',(#7619,#7620,#7641,#7642));
#7619 = ORIENTED_EDGE('',*,*,#7458,.T.);
#7620 = ORIENTED_EDGE('',*,*,#7621,.T.);
#7621 = EDGE_CURVE('',#7459,#7371,#7622,.T.);
#7622 = SEAM_CURVE('',#7623,(#7627,#7634),.PCURVE_S1.);
#7623 = LINE('',#7624,#7625);
#7624 = CARTESIAN_POINT('',(24.7,22.,26.));
#7625 = VECTOR('',#7626,1.);
#7626 = DIRECTION('',(0.,0.,1.));
#7627 = PCURVE('',#7391,#7628);
#7628 = DEFINITIONAL_REPRESENTATION('',(#7629),#7633);
#7629 = LINE('',#7630,#7631);
#7630 = CARTESIAN_POINT('',(-6.28318530718,0.));
#7631 = VECTOR('',#7632,1.);
#7632 = DIRECTION('',(-0.,-1.));
#7633 = ( GEOMETRIC_REPRESENTATION_CONTEXT(2) 
PARAMETRIC_REPRESENTATION_CONTEXT() REPRESENTATION_CONTEXT('2D SPACE',''
  ) );
#7634 = PCURVE('',#7391,#7635);
#7635 = DEFINITIONAL_REPRESENTATION('',(#7636),#7640);
#7636 = LINE('',#7637,#7638);
#7637 = CARTESIAN_POINT('',(-0.,0.));
#7638 = VECTOR('',#7639,1.);
#7639 = DIRECTION('',(-0.,-1.));
#7640 = ( GEOMETRIC_REPRESENTATION_CONTEXT(2) 
PARAMETRIC_REPRESENTATION_CONTEXT() REPRESENTATION_CONTEXT('2D SPACE',''
  ) );
#7641 = ORIENTED_EDGE('',*,*,#7370,.F.);
#7642 = ORIENTED_EDGE('',*,*,#7621,.F.);
#7643 = ( GEOMETRIC_REPRESENTATION_CONTEXT(3) 
GLOBAL_UNCERTAINTY_ASSIGNED_CONTEXT((#7647)) 
GLOBAL_UNIT_ASSIGNED_CONTEXT((#7644,#7645,#7646)) REPRESENTATION_CONTEXT
('Context #1','3D Context with UNIT and UNCERTAINTY') );
#7644 = ( LENGTH_UNIT() NAMED_UNIT(*) SI_UNIT(.MILLI.,.METRE.) );
#7645 = ( NAMED_UNIT(*) PLANE_ANGLE_UNIT() SI_UNIT($,.RADIAN.) );
#7646 = ( NAMED_UNIT(*) SI_UNIT($,.STERADIAN.) SOLID_ANGLE_UNIT() );
#7647 = UNCERTAINTY_MEASURE_WITH_UNIT(LENGTH_MEASURE(2.E-06),#7644,
  'distance_accuracy_value','confusion accuracy');
#7648 = CONTEXT_DEPENDENT_SHAPE_REPRESENTATION(#7649,#7651);
#7649 = ( REPRESENTATION_RELATIONSHIP('','',#6418,#10) 
REPRESENTATION_RELATIONSHIP_WITH_TRANSFORMATION(#7650) 
SHAPE_REPRESENTATION_RELATIONSHIP() );
#7650 = ITEM_DEFINED_TRANSFORMATION('','',#11,#23);
#7651 = PRODUCT_DEFINITION_SHAPE('Placement','Placement of an item',
  #7652);
#7652 = NEXT_ASSEMBLY_USAGE_OCCURRENCE('3','','',#5,#6413,$);
#7653 = PRODUCT_RELATED_PRODUCT_CATEGORY('part',$,(#6415));
ENDSEC;
END-ISO-10303-21;
