ISO-10303-21;
HEADER;
FILE_DESCRIPTION(('Open CASCADE Model'),'2;1');
FILE_NAME('Open CASCADE Shape Model','2026-09-24T11:07:15',('Author'),(
    'Open CASCADE'),'Open CASCADE STEP processor 7.9','Open CASCADE 7.9'
  ,'Unknown');
FILE_SCHEMA(('AUTOMOTIVE_DESIGN { 1 0 10303 214 1 1 1 1 }'));
ENDSEC;
DATA;
#1 = APPLICATION_PROTOCOL_DEFINITION('international standard',
  'automotive_design',2000,#2);
#2 = APPLICATION_CONTEXT(
  'core data for automotive mechanical design processes');
#3 = SHAPE_DEFINITION_REPRESENTATION(#4,#10);
#4 = PRODUCT_DEFINITION_SHAPE('','',#5);
#5 = PRODUCT_DEFINITION('design','',#6,#9);
#6 = PRODUCT_DEFINITION_FORMATION('','',#7);
#7 = PRODUCT('Open CASCADE STEP translator 7.9 6',
  'Open CASCADE STEP translator 7.9 6','',(#8));
#8 = PRODUCT_CONTEXT('',#2,'mechanical');
#9 = PRODUCT_DEFINITION_CONTEXT('part definition',#2,'design');
#10 = SHAPE_REPRESENTATION('',(#11,#15,#19,#23,#27,#31,#35,#39),#43);
#11 = AXIS2_PLACEMENT_3D('',#12,#13,#14);
#12 = CARTESIAN_POINT('',(0.,0.,0.));
#13 = DIRECTION('',(0.,0.,1.));
#14 = DIRECTION('',(1.,0.,-0.));
#15 = AXIS2_PLACEMENT_3D('',#16,#17,#18);
#16 = CARTESIAN_POINT('',(0.,0.,0.));
#17 = DIRECTION('',(0.,0.,1.));
#18 = DIRECTION('',(1.,0.,-0.));
#19 = AXIS2_PLACEMENT_3D('',#20,#21,#22);
#20 = CARTESIAN_POINT('',(0.,0.,0.));
#21 = DIRECTION('',(0.,0.,1.));
#22 = DIRECTION('',(1.,0.,-0.));
#23 = AXIS2_PLACEMENT_3D('',#24,#25,#26);
#24 = CARTESIAN_POINT('',(0.,0.,0.));
#25 = DIRECTION('',(0.,0.,1.));
#26 = DIRECTION('',(1.,0.,-0.));
#27 = AXIS2_PLACEMENT_3D('',#28,#29,#30);
#28 = CARTESIAN_POINT('',(0.,0.,0.));
#29 = DIRECTION('',(0.,0.,1.));
#30 = DIRECTION('',(1.,0.,-0.));
#31 = AXIS2_PLACEMENT_3D('',#32,#33,#34);
#32 = CARTESIAN_POINT('',(0.,0.,0.));
#33 = DIRECTION('',(0.,0.,1.));
#34 = DIRECTION('',(1.,0.,-0.));
#35 = AXIS2_PLACEMENT_3D('',#36,#37,#38);
#36 = CARTESIAN_POINT('',(0.,0.,0.));
#37 = DIRECTION('',(0.,0.,1.));
#38 = DIRECTION('',(1.,0.,0.));
#39 = AXIS2_PLACEMENT_3D('',#40,#41,#42);
#40 = CARTESIAN_POINT('',(0.,0.,0.));
#41 = DIRECTION('',(0.,0.,1.));
#42 = DIRECTION('',(1.,0.,0.));
#43 = ( GEOMETRIC_REPRESENTATION_CONTEXT(3) 
GLOBAL_UNCERTAINTY_ASSIGNED_CONTEXT((#47)) GLOBAL_UNIT_ASSIGNED_CONTEXT(
(#44,#45,#46)) REPRESENTATION_CONTEXT('Context #1',
  '3D Context with UNIT and UNCERTAINTY') );
#44 = ( LENGTH_UNIT() NAMED_UNIT(*) SI_UNIT(.MILLI.,.METRE.) );
#45 = ( NAMED_UNIT(*) PLANE_ANGLE_UNIT() SI_UNIT($,.RADIAN.) );
#46 = ( NAMED_UNIT(*) SI_UNIT($,.STERADIAN.) SOLID_ANGLE_UNIT() );
#47 = UNCERTAINTY_MEASURE_WITH_UNIT(LENGTH_MEASURE(5.E-07),#44,
  'distance_accuracy_value','confusion accuracy');
#48 = PRODUCT_RELATED_PRODUCT_CATEGORY('part',$,(#7));
#49 = SHAPE_DEFINITION_REPRESENTATION(#50,#56);
#50 = PRODUCT_DEFINITION_SHAPE('','',#51);
#51 = PRODUCT_DEFINITION('design','',#52,#55);
#52 = PRODUCT_DEFINITION_FORMATION('','',#53);
#53 = PRODUCT('Open CASCADE STEP translator 7.9 6.1',
  'Open CASCADE STEP translator 7.9 6.1','',(#54));
#54 = PRODUCT_CONTEXT('',#2,'mechanical');
#55 = PRODUCT_DEFINITION_CONTEXT('part definition',#2,'design');
#56 = ADVANCED_BREP_SHAPE_REPRESENTATION('',(#11,#57),#5173);
#57 = MANIFOLD_SOLID_BREP('',#58);
#58 = CLOSED_SHELL('',(#59,#179,#714,#764,#818,#1067,#1222,#1324,#1373,
    #1448,#1475,#1502,#1529,#1536,#1978,#2025,#2072,#2432,#2874,#2921,
    #2968,#3328,#3380,#3432,#3484,#3536,#3808,#3834,#3861,#3867,#4046,
    #4073,#4100,#4127,#4154,#4218,#4251,#4309,#4336,#4343,#4370,#4397,
    #4461,#4494,#4552,#4579,#4586,#4641,#4696,#4751,#4806,#4833,#4860,
    #4867,#4894,#4921,#4976,#5031,#5086,#5141,#5145,#5149,#5153,#5157,
    #5161,#5165,#5169));
#59 = ADVANCED_FACE('',(#60),#74,.F.);
#60 = FACE_BOUND('',#61,.F.);
#61 = EDGE_LOOP('',(#62,#97,#125,#153));
#62 = ORIENTED_EDGE('',*,*,#63,.F.);
#63 = EDGE_CURVE('',#64,#66,#68,.T.);
#64 = VERTEX_POINT('',#65);
#65 = CARTESIAN_POINT('',(-34.,-20.,8.));
#66 = VERTEX_POINT('',#67);
#67 = CARTESIAN_POINT('',(-34.,20.,8.));
#68 = SURFACE_CURVE('',#69,(#73,#85),.PCURVE_S1.);
#69 = LINE('',#70,#71);
#70 = CARTESIAN_POINT('',(-34.,-23.,8.));
#71 = VECTOR('',#72,1.);
#72 = DIRECTION('',(0.,1.,0.));
#73 = PCURVE('',#74,#79);
#74 = PLANE('',#75);
#75 = AXIS2_PLACEMENT_3D('',#76,#77,#78);
#76 = CARTESIAN_POINT('',(-34.,-23.,0.));
#77 = DIRECTION('',(1.,0.,0.));
#78 = DIRECTION('',(0.,0.,1.));
#79 = DEFINITIONAL_REPRESENTATION('',(#80),#84);
#80 = LINE('',#81,#82);
#81 = CARTESIAN_POINT('',(8.,0.));
#82 = VECTOR('',#83,1.);
#83 = DIRECTION('',(0.,-1.));
#84 = ( GEOMETRIC_REPRESENTATION_CONTEXT(2) 
PARAMETRIC_REPRESENTATION_CONTEXT() REPRESENTATION_CONTEXT('2D SPACE',''
  ) );
#85 = PCURVE('',#86,#91);
#86 = PLANE('',#87);
#87 = AXIS2_PLACEMENT_3D('',#88,#89,#90);
#88 = CARTESIAN_POINT('',(-34.,-23.,8.));
#89 = DIRECTION('',(0.,0.,1.));
#90 = DIRECTION('',(1.,0.,0.));
#91 = DEFINITIONAL_REPRESENTATION('',(#92),#96);
#92 = LINE('',#93,#94);
#93 = CARTESIAN_POINT('',(0.,0.));
#94 = VECTOR('',#95,1.);
#95 = DIRECTION('',(0.,1.));
#96 = ( GEOMETRIC_REPRESENTATION_CONTEXT(2) 
PARAMETRIC_REPRESENTATION_CONTEXT() REPRESENTATION_CONTEXT('2D SPACE',''
  ) );
#97 = ORIENTED_EDGE('',*,*,#98,.F.);
#98 = EDGE_CURVE('',#99,#64,#101,.T.);
#99 = VERTEX_POINT('',#100);
#100 = CARTESIAN_POINT('',(-34.,-20.,0.));
#101 = SURFACE_CURVE('',#102,(#106,#113),.PCURVE_S1.);
#102 = LINE('',#103,#104);
#103 = CARTESIAN_POINT('',(-34.,-20.,0.));
#104 = VECTOR('',#105,1.);
#105 = DIRECTION('',(0.,0.,1.));
#106 = PCURVE('',#74,#107);
#107 = DEFINITIONAL_REPRESENTATION('',(#108),#112);
#108 = LINE('',#109,#110);
#109 = CARTESIAN_POINT('',(0.,-3.));
#110 = VECTOR('',#111,1.);
#111 = DIRECTION('',(1.,0.));
#112 = ( GEOMETRIC_REPRESENTATION_CONTEXT(2) 
PARAMETRIC_REPRESENTATION_CONTEXT() REPRESENTATION_CONTEXT('2D SPACE',''
  ) );
#113 = PCURVE('',#114,#119);
#114 = CYLINDRICAL_SURFACE('',#115,3.);
#115 = AXIS2_PLACEMENT_3D('',#116,#117,#118);
#116 = CARTESIAN_POINT('',(-31.,-20.,0.));
#117 = DIRECTION('',(0.,0.,1.));
#118 = DIRECTION('',(-1.,-0.,0.));
#119 = DEFINITIONAL_REPRESENTATION('',(#120),#124);
#120 = LINE('',#121,#122);
#121 = CARTESIAN_POINT('',(0.,0.));
#122 = VECTOR('',#123,1.);
#123 = DIRECTION('',(0.,1.));
#124 = ( GEOMETRIC_REPRESENTATION_CONTEXT(2) 
PARAMETRIC_REPRESENTATION_CONTEXT() REPRESENTATION_CONTEXT('2D SPACE',''
  ) );
#125 = ORIENTED_EDGE('',*,*,#126,.T.);
#126 = EDGE_CURVE('',#99,#127,#129,.T.);
#127 = VERTEX_POINT('',#128);
#128 = CARTESIAN_POINT('',(-34.,20.,0.));
#129 = SURFACE_CURVE('',#130,(#134,#141),.PCURVE_S1.);
#130 = LINE('',#131,#132);
#131 = CARTESIAN_POINT('',(-34.,-23.,0.));
#132 = VECTOR('',#133,1.);
#133 = DIRECTION('',(0.,1.,0.));
#134 = PCURVE('',#74,#135);
#135 = DEFINITIONAL_REPRESENTATION('',(#136),#140);
#136 = LINE('',#137,#138);
#137 = CARTESIAN_POINT('',(0.,0.));
#138 = VECTOR('',#139,1.);
#139 = DIRECTION('',(0.,-1.));
#140 = ( GEOMETRIC_REPRESENTATION_CONTEXT(2) 
PARAMETRIC_REPRESENTATION_CONTEXT() REPRESENTATION_CONTEXT('2D SPACE',''
  ) );
#141 = PCURVE('',#142,#147);
#142 = PLANE('',#143);
#143 = AXIS2_PLACEMENT_3D('',#144,#145,#146);
#144 = CARTESIAN_POINT('',(-34.,-23.,0.));
#145 = DIRECTION('',(0.,0.,1.));
#146 = DIRECTION('',(1.,0.,0.));
#147 = DEFINITIONAL_REPRESENTATION('',(#148),#152);
#148 = LINE('',#149,#150);
#149 = CARTESIAN_POINT('',(0.,0.));
#150 = VECTOR('',#151,1.);
#151 = DIRECTION('',(0.,1.));
#152 = ( GEOMETRIC_REPRESENTATION_CONTEXT(2) 
PARAMETRIC_REPRESENTATION_CONTEXT() REPRESENTATION_CONTEXT('2D SPACE',''
  ) );
#153 = ORIENTED_EDGE('',*,*,#154,.T.);
#154 = EDGE_CURVE('',#127,#66,#155,.T.);
#155 = SURFACE_CURVE('',#156,(#160,#167),.PCURVE_S1.);
#156 = LINE('',#157,#158);
#157 = CARTESIAN_POINT('',(-34.,20.,0.));
#158 = VECTOR('',#159,1.);
#159 = DIRECTION('',(0.,0.,1.));
#160 = PCURVE('',#74,#161);
#161 = DEFINITIONAL_REPRESENTATION('',(#162),#166);
#162 = LINE('',#163,#164);
#163 = CARTESIAN_POINT('',(0.,-43.));
#164 = VECTOR('',#165,1.);
#165 = DIRECTION('',(1.,0.));
#166 = ( GEOMETRIC_REPRESENTATION_CONTEXT(2) 
PARAMETRIC_REPRESENTATION_CONTEXT() REPRESENTATION_CONTEXT('2D SPACE',''
  ) );
#167 = PCURVE('',#168,#173);
#168 = CYLINDRICAL_SURFACE('',#169,3.);
#169 = AXIS2_PLACEMENT_3D('',#170,#171,#172);
#170 = CARTESIAN_POINT('',(-31.,20.,0.));
#171 = DIRECTION('',(0.,0.,1.));
#172 = DIRECTION('',(-1.,-0.,0.));
#173 = DEFINITIONAL_REPRESENTATION('',(#174),#178);
#174 = LINE('',#175,#176);
#175 = CARTESIAN_POINT('',(-0.,0.));
#176 = VECTOR('',#177,1.);
#177 = DIRECTION('',(-0.,1.));
#178 = ( GEOMETRIC_REPRESENTATION_CONTEXT(2) 
PARAMETRIC_REPRESENTATION_CONTEXT() REPRESENTATION_CONTEXT('2D SPACE',''
  ) );
#179 = ADVANCED_FACE('',(#180,#486,#600),#86,.T.);
#180 = FACE_BOUND('',#181,.T.);
#181 = EDGE_LOOP('',(#182,#183,#207,#235,#268,#296,#325,#353,#381,#409,
    #437,#460));
#182 = ORIENTED_EDGE('',*,*,#63,.F.);
#183 = ORIENTED_EDGE('',*,*,#184,.T.);
#184 = EDGE_CURVE('',#64,#185,#187,.T.);
#185 = VERTEX_POINT('',#186);
#186 = CARTESIAN_POINT('',(-31.,-23.,8.));
#187 = SURFACE_CURVE('',#188,(#193,#200),.PCURVE_S1.);
#188 = CIRCLE('',#189,3.);
#189 = AXIS2_PLACEMENT_3D('',#190,#191,#192);
#190 = CARTESIAN_POINT('',(-31.,-20.,8.));
#191 = DIRECTION('',(0.,0.,1.));
#192 = DIRECTION('',(0.,-1.,0.));
#193 = PCURVE('',#86,#194);
#194 = DEFINITIONAL_REPRESENTATION('',(#195),#199);
#195 = CIRCLE('',#196,3.);
#196 = AXIS2_PLACEMENT_2D('',#197,#198);
#197 = CARTESIAN_POINT('',(3.,3.));
#198 = DIRECTION('',(0.,-1.));
#199 = ( GEOMETRIC_REPRESENTATION_CONTEXT(2) 
PARAMETRIC_REPRESENTATION_CONTEXT() REPRESENTATION_CONTEXT('2D SPACE',''
  ) );
#200 = PCURVE('',#114,#201);
#201 = DEFINITIONAL_REPRESENTATION('',(#202),#206);
#202 = LINE('',#203,#204);
#203 = CARTESIAN_POINT('',(-4.712388980385,8.));
#204 = VECTOR('',#205,1.);
#205 = DIRECTION('',(1.,0.));
#206 = ( GEOMETRIC_REPRESENTATION_CONTEXT(2) 
PARAMETRIC_REPRESENTATION_CONTEXT() REPRESENTATION_CONTEXT('2D SPACE',''
  ) );
#207 = ORIENTED_EDGE('',*,*,#208,.T.);
#208 = EDGE_CURVE('',#185,#209,#211,.T.);
#209 = VERTEX_POINT('',#210);
#210 = CARTESIAN_POINT('',(31.,-23.,8.));
#211 = SURFACE_CURVE('',#212,(#216,#223),.PCURVE_S1.);
#212 = LINE('',#213,#214);
#213 = CARTESIAN_POINT('',(-34.,-23.,8.));
#214 = VECTOR('',#215,1.);
#215 = DIRECTION('',(1.,0.,0.));
#216 = PCURVE('',#86,#217);
#217 = DEFINITIONAL_REPRESENTATION('',(#218),#222);
#218 = LINE('',#219,#220);
#219 = CARTESIAN_POINT('',(0.,0.));
#220 = VECTOR('',#221,1.);
#221 = DIRECTION('',(1.,0.));
#222 = ( GEOMETRIC_REPRESENTATION_CONTEXT(2) 
PARAMETRIC_REPRESENTATION_CONTEXT() REPRESENTATION_CONTEXT('2D SPACE',''
  ) );
#223 = PCURVE('',#224,#229);
#224 = PLANE('',#225);
#225 = AXIS2_PLACEMENT_3D('',#226,#227,#228);
#226 = CARTESIAN_POINT('',(-34.,-23.,0.));
#227 = DIRECTION('',(0.,1.,0.));
#228 = DIRECTION('',(0.,0.,1.));
#229 = DEFINITIONAL_REPRESENTATION('',(#230),#234);
#230 = LINE('',#231,#232);
#231 = CARTESIAN_POINT('',(8.,0.));
#232 = VECTOR('',#233,1.);
#233 = DIRECTION('',(0.,1.));
#234 = ( GEOMETRIC_REPRESENTATION_CONTEXT(2) 
PARAMETRIC_REPRESENTATION_CONTEXT() REPRESENTATION_CONTEXT('2D SPACE',''
  ) );
#235 = ORIENTED_EDGE('',*,*,#236,.F.);
#236 = EDGE_CURVE('',#237,#209,#239,.T.);
#237 = VERTEX_POINT('',#238);
#238 = CARTESIAN_POINT('',(34.,-20.,8.));
#239 = SURFACE_CURVE('',#240,(#245,#256),.PCURVE_S1.);
#240 = CIRCLE('',#241,3.);
#241 = AXIS2_PLACEMENT_3D('',#242,#243,#244);
#242 = CARTESIAN_POINT('',(31.,-20.,8.));
#243 = DIRECTION('',(-0.,-0.,-1.));
#244 = DIRECTION('',(0.,-1.,0.));
#245 = PCURVE('',#86,#246);
#246 = DEFINITIONAL_REPRESENTATION('',(#247),#255);
#247 = ( BOUNDED_CURVE() B_SPLINE_CURVE(2,(#248,#249,#250,#251,#252,#253
,#254),.UNSPECIFIED.,.T.,.F.) B_SPLINE_CURVE_WITH_KNOTS((1,2,2,2,2,1),(
    -2.094395102393,0.,2.094395102393,4.188790204786,6.28318530718,
8.377580409573),.UNSPECIFIED.) CURVE() GEOMETRIC_REPRESENTATION_ITEM() 
RATIONAL_B_SPLINE_CURVE((1.,0.5,1.,0.5,1.,0.5,1.)) REPRESENTATION_ITEM(
  '') );
#248 = CARTESIAN_POINT('',(65.,0.));
#249 = CARTESIAN_POINT('',(59.803847577293,0.));
#250 = CARTESIAN_POINT('',(62.401923788647,4.5));
#251 = CARTESIAN_POINT('',(65.,9.));
#252 = CARTESIAN_POINT('',(67.598076211353,4.5));
#253 = CARTESIAN_POINT('',(70.196152422707,4.440892098501E-15));
#254 = CARTESIAN_POINT('',(65.,0.));
#255 = ( GEOMETRIC_REPRESENTATION_CONTEXT(2) 
PARAMETRIC_REPRESENTATION_CONTEXT() REPRESENTATION_CONTEXT('2D SPACE',''
  ) );
#256 = PCURVE('',#257,#262);
#257 = CYLINDRICAL_SURFACE('',#258,3.);
#258 = AXIS2_PLACEMENT_3D('',#259,#260,#261);
#259 = CARTESIAN_POINT('',(31.,-20.,0.));
#260 = DIRECTION('',(0.,0.,1.));
#261 = DIRECTION('',(1.,0.,-0.));
#262 = DEFINITIONAL_REPRESENTATION('',(#263),#267);
#263 = LINE('',#264,#265);
#264 = CARTESIAN_POINT('',(4.712388980385,8.));
#265 = VECTOR('',#266,1.);
#266 = DIRECTION('',(-1.,0.));
#267 = ( GEOMETRIC_REPRESENTATION_CONTEXT(2) 
PARAMETRIC_REPRESENTATION_CONTEXT() REPRESENTATION_CONTEXT('2D SPACE',''
  ) );
#268 = ORIENTED_EDGE('',*,*,#269,.T.);
#269 = EDGE_CURVE('',#237,#270,#272,.T.);
#270 = VERTEX_POINT('',#271);
#271 = CARTESIAN_POINT('',(34.,20.,8.));
#272 = SURFACE_CURVE('',#273,(#277,#284),.PCURVE_S1.);
#273 = LINE('',#274,#275);
#274 = CARTESIAN_POINT('',(34.,-23.,8.));
#275 = VECTOR('',#276,1.);
#276 = DIRECTION('',(0.,1.,0.));
#277 = PCURVE('',#86,#278);
#278 = DEFINITIONAL_REPRESENTATION('',(#279),#283);
#279 = LINE('',#280,#281);
#280 = CARTESIAN_POINT('',(68.,0.));
#281 = VECTOR('',#282,1.);
#282 = DIRECTION('',(0.,1.));
#283 = ( GEOMETRIC_REPRESENTATION_CONTEXT(2) 
PARAMETRIC_REPRESENTATION_CONTEXT() REPRESENTATION_CONTEXT('2D SPACE',''
  ) );
#284 = PCURVE('',#285,#290);
#285 = PLANE('',#286);
#286 = AXIS2_PLACEMENT_3D('',#287,#288,#289);
#287 = CARTESIAN_POINT('',(34.,-23.,0.));
#288 = DIRECTION('',(1.,0.,0.));
#289 = DIRECTION('',(0.,0.,1.));
#290 = DEFINITIONAL_REPRESENTATION('',(#291),#295);
#291 = LINE('',#292,#293);
#292 = CARTESIAN_POINT('',(8.,0.));
#293 = VECTOR('',#294,1.);
#294 = DIRECTION('',(0.,-1.));
#295 = ( GEOMETRIC_REPRESENTATION_CONTEXT(2) 
PARAMETRIC_REPRESENTATION_CONTEXT() REPRESENTATION_CONTEXT('2D SPACE',''
  ) );
#296 = ORIENTED_EDGE('',*,*,#297,.T.);
#297 = EDGE_CURVE('',#270,#298,#300,.T.);
#298 = VERTEX_POINT('',#299);
#299 = CARTESIAN_POINT('',(31.,23.,8.));
#300 = SURFACE_CURVE('',#301,(#306,#313),.PCURVE_S1.);
#301 = CIRCLE('',#302,3.);
#302 = AXIS2_PLACEMENT_3D('',#303,#304,#305);
#303 = CARTESIAN_POINT('',(31.,20.,8.));
#304 = DIRECTION('',(0.,0.,1.));
#305 = DIRECTION('',(0.,-1.,0.));
#306 = PCURVE('',#86,#307);
#307 = DEFINITIONAL_REPRESENTATION('',(#308),#312);
#308 = CIRCLE('',#309,3.);
#309 = AXIS2_PLACEMENT_2D('',#310,#311);
#310 = CARTESIAN_POINT('',(65.,43.));
#311 = DIRECTION('',(0.,-1.));
#312 = ( GEOMETRIC_REPRESENTATION_CONTEXT(2) 
PARAMETRIC_REPRESENTATION_CONTEXT() REPRESENTATION_CONTEXT('2D SPACE',''
  ) );
#313 = PCURVE('',#314,#319);
#314 = CYLINDRICAL_SURFACE('',#315,3.);
#315 = AXIS2_PLACEMENT_3D('',#316,#317,#318);
#316 = CARTESIAN_POINT('',(31.,20.,0.));
#317 = DIRECTION('',(0.,0.,1.));
#318 = DIRECTION('',(1.,0.,-0.));
#319 = DEFINITIONAL_REPRESENTATION('',(#320),#324);
#320 = LINE('',#321,#322);
#321 = CARTESIAN_POINT('',(-1.570796326795,8.));
#322 = VECTOR('',#323,1.);
#323 = DIRECTION('',(1.,0.));
#324 = ( GEOMETRIC_REPRESENTATION_CONTEXT(2) 
PARAMETRIC_REPRESENTATION_CONTEXT() REPRESENTATION_CONTEXT('2D SPACE',''
  ) );
#325 = ORIENTED_EDGE('',*,*,#326,.F.);
#326 = EDGE_CURVE('',#327,#298,#329,.T.);
#327 = VERTEX_POINT('',#328);
#328 = CARTESIAN_POINT('',(8.,23.,8.));
#329 = SURFACE_CURVE('',#330,(#334,#341),.PCURVE_S1.);
#330 = LINE('',#331,#332);
#331 = CARTESIAN_POINT('',(-34.,23.,8.));
#332 = VECTOR('',#333,1.);
#333 = DIRECTION('',(1.,0.,0.));
#334 = PCURVE('',#86,#335);
#335 = DEFINITIONAL_REPRESENTATION('',(#336),#340);
#336 = LINE('',#337,#338);
#337 = CARTESIAN_POINT('',(0.,46.));
#338 = VECTOR('',#339,1.);
#339 = DIRECTION('',(1.,0.));
#340 = ( GEOMETRIC_REPRESENTATION_CONTEXT(2) 
PARAMETRIC_REPRESENTATION_CONTEXT() REPRESENTATION_CONTEXT('2D SPACE',''
  ) );
#341 = PCURVE('',#342,#347);
#342 = PLANE('',#343);
#343 = AXIS2_PLACEMENT_3D('',#344,#345,#346);
#344 = CARTESIAN_POINT('',(-34.,23.,0.));
#345 = DIRECTION('',(0.,1.,0.));
#346 = DIRECTION('',(0.,0.,1.));
#347 = DEFINITIONAL_REPRESENTATION('',(#348),#352);
#348 = LINE('',#349,#350);
#349 = CARTESIAN_POINT('',(8.,0.));
#350 = VECTOR('',#351,1.);
#351 = DIRECTION('',(0.,1.));
#352 = ( GEOMETRIC_REPRESENTATION_CONTEXT(2) 
PARAMETRIC_REPRESENTATION_CONTEXT() REPRESENTATION_CONTEXT('2D SPACE',''
  ) );
#353 = ORIENTED_EDGE('',*,*,#354,.F.);
#354 = EDGE_CURVE('',#355,#327,#357,.T.);
#355 = VERTEX_POINT('',#356);
#356 = CARTESIAN_POINT('',(8.,16.,8.));
#357 = SURFACE_CURVE('',#358,(#362,#369),.PCURVE_S1.);
#358 = LINE('',#359,#360);
#359 = CARTESIAN_POINT('',(8.,16.,8.));
#360 = VECTOR('',#361,1.);
#361 = DIRECTION('',(0.,1.,0.));
#362 = PCURVE('',#86,#363);
#363 = DEFINITIONAL_REPRESENTATION('',(#364),#368);
#364 = LINE('',#365,#366);
#365 = CARTESIAN_POINT('',(42.,39.));
#366 = VECTOR('',#367,1.);
#367 = DIRECTION('',(0.,1.));
#368 = ( GEOMETRIC_REPRESENTATION_CONTEXT(2) 
PARAMETRIC_REPRESENTATION_CONTEXT() REPRESENTATION_CONTEXT('2D SPACE',''
  ) );
#369 = PCURVE('',#370,#375);
#370 = PLANE('',#371);
#371 = AXIS2_PLACEMENT_3D('',#372,#373,#374);
#372 = CARTESIAN_POINT('',(8.,16.,8.));
#373 = DIRECTION('',(1.,0.,0.));
#374 = DIRECTION('',(0.,0.,1.));
#375 = DEFINITIONAL_REPRESENTATION('',(#376),#380);
#376 = LINE('',#377,#378);
#377 = CARTESIAN_POINT('',(0.,0.));
#378 = VECTOR('',#379,1.);
#379 = DIRECTION('',(0.,-1.));
#380 = ( GEOMETRIC_REPRESENTATION_CONTEXT(2) 
PARAMETRIC_REPRESENTATION_CONTEXT() REPRESENTATION_CONTEXT('2D SPACE',''
  ) );
#381 = ORIENTED_EDGE('',*,*,#382,.F.);
#382 = EDGE_CURVE('',#383,#355,#385,.T.);
#383 = VERTEX_POINT('',#384);
#384 = CARTESIAN_POINT('',(-8.,16.,8.));
#385 = SURFACE_CURVE('',#386,(#390,#397),.PCURVE_S1.);
#386 = LINE('',#387,#388);
#387 = CARTESIAN_POINT('',(-8.,16.,8.));
#388 = VECTOR('',#389,1.);
#389 = DIRECTION('',(1.,0.,0.));
#390 = PCURVE('',#86,#391);
#391 = DEFINITIONAL_REPRESENTATION('',(#392),#396);
#392 = LINE('',#393,#394);
#393 = CARTESIAN_POINT('',(26.,39.));
#394 = VECTOR('',#395,1.);
#395 = DIRECTION('',(1.,0.));
#396 = ( GEOMETRIC_REPRESENTATION_CONTEXT(2) 
PARAMETRIC_REPRESENTATION_CONTEXT() REPRESENTATION_CONTEXT('2D SPACE',''
  ) );
#397 = PCURVE('',#398,#403);
#398 = PLANE('',#399);
#399 = AXIS2_PLACEMENT_3D('',#400,#401,#402);
#400 = CARTESIAN_POINT('',(-8.,16.,8.));
#401 = DIRECTION('',(0.,1.,0.));
#402 = DIRECTION('',(0.,0.,1.));
#403 = DEFINITIONAL_REPRESENTATION('',(#404),#408);
#404 = LINE('',#405,#406);
#405 = CARTESIAN_POINT('',(0.,0.));
#406 = VECTOR('',#407,1.);
#407 = DIRECTION('',(0.,1.));
#408 = ( GEOMETRIC_REPRESENTATION_CONTEXT(2) 
PARAMETRIC_REPRESENTATION_CONTEXT() REPRESENTATION_CONTEXT('2D SPACE',''
  ) );
#409 = ORIENTED_EDGE('',*,*,#410,.T.);
#410 = EDGE_CURVE('',#383,#411,#413,.T.);
#411 = VERTEX_POINT('',#412);
#412 = CARTESIAN_POINT('',(-8.,23.,8.));
#413 = SURFACE_CURVE('',#414,(#418,#425),.PCURVE_S1.);
#414 = LINE('',#415,#416);
#415 = CARTESIAN_POINT('',(-8.,16.,8.));
#416 = VECTOR('',#417,1.);
#417 = DIRECTION('',(0.,1.,0.));
#418 = PCURVE('',#86,#419);
#419 = DEFINITIONAL_REPRESENTATION('',(#420),#424);
#420 = LINE('',#421,#422);
#421 = CARTESIAN_POINT('',(26.,39.));
#422 = VECTOR('',#423,1.);
#423 = DIRECTION('',(0.,1.));
#424 = ( GEOMETRIC_REPRESENTATION_CONTEXT(2) 
PARAMETRIC_REPRESENTATION_CONTEXT() REPRESENTATION_CONTEXT('2D SPACE',''
  ) );
#425 = PCURVE('',#426,#431);
#426 = PLANE('',#427);
#427 = AXIS2_PLACEMENT_3D('',#428,#429,#430);
#428 = CARTESIAN_POINT('',(-8.,16.,8.));
#429 = DIRECTION('',(1.,0.,0.));
#430 = DIRECTION('',(0.,0.,1.));
#431 = DEFINITIONAL_REPRESENTATION('',(#432),#436);
#432 = LINE('',#433,#434);
#433 = CARTESIAN_POINT('',(0.,0.));
#434 = VECTOR('',#435,1.);
#435 = DIRECTION('',(0.,-1.));
#436 = ( GEOMETRIC_REPRESENTATION_CONTEXT(2) 
PARAMETRIC_REPRESENTATION_CONTEXT() REPRESENTATION_CONTEXT('2D SPACE',''
  ) );
#437 = ORIENTED_EDGE('',*,*,#438,.F.);
#438 = EDGE_CURVE('',#439,#411,#441,.T.);
#439 = VERTEX_POINT('',#440);
#440 = CARTESIAN_POINT('',(-31.,23.,8.));
#441 = SURFACE_CURVE('',#442,(#446,#453),.PCURVE_S1.);
#442 = LINE('',#443,#444);
#443 = CARTESIAN_POINT('',(-34.,23.,8.));
#444 = VECTOR('',#445,1.);
#445 = DIRECTION('',(1.,0.,0.));
#446 = PCURVE('',#86,#447);
#447 = DEFINITIONAL_REPRESENTATION('',(#448),#452);
#448 = LINE('',#449,#450);
#449 = CARTESIAN_POINT('',(0.,46.));
#450 = VECTOR('',#451,1.);
#451 = DIRECTION('',(1.,0.));
#452 = ( GEOMETRIC_REPRESENTATION_CONTEXT(2) 
PARAMETRIC_REPRESENTATION_CONTEXT() REPRESENTATION_CONTEXT('2D SPACE',''
  ) );
#453 = PCURVE('',#342,#454);
#454 = DEFINITIONAL_REPRESENTATION('',(#455),#459);
#455 = LINE('',#456,#457);
#456 = CARTESIAN_POINT('',(8.,0.));
#457 = VECTOR('',#458,1.);
#458 = DIRECTION('',(0.,1.));
#459 = ( GEOMETRIC_REPRESENTATION_CONTEXT(2) 
PARAMETRIC_REPRESENTATION_CONTEXT() REPRESENTATION_CONTEXT('2D SPACE',''
  ) );
#460 = ORIENTED_EDGE('',*,*,#461,.F.);
#461 = EDGE_CURVE('',#66,#439,#462,.T.);
#462 = SURFACE_CURVE('',#463,(#468,#479),.PCURVE_S1.);
#463 = CIRCLE('',#464,3.);
#464 = AXIS2_PLACEMENT_3D('',#465,#466,#467);
#465 = CARTESIAN_POINT('',(-31.,20.,8.));
#466 = DIRECTION('',(-0.,-0.,-1.));
#467 = DIRECTION('',(0.,-1.,0.));
#468 = PCURVE('',#86,#469);
#469 = DEFINITIONAL_REPRESENTATION('',(#470),#478);
#470 = ( BOUNDED_CURVE() B_SPLINE_CURVE(2,(#471,#472,#473,#474,#475,#476
,#477),.UNSPECIFIED.,.T.,.F.) B_SPLINE_CURVE_WITH_KNOTS((1,2,2,2,2,1),(
    -2.094395102393,0.,2.094395102393,4.188790204786,6.28318530718,
8.377580409573),.UNSPECIFIED.) CURVE() GEOMETRIC_REPRESENTATION_ITEM() 
RATIONAL_B_SPLINE_CURVE((1.,0.5,1.,0.5,1.,0.5,1.)) REPRESENTATION_ITEM(
  '') );
#471 = CARTESIAN_POINT('',(3.,40.));
#472 = CARTESIAN_POINT('',(-2.196152422707,40.));
#473 = CARTESIAN_POINT('',(0.401923788647,44.5));
#474 = CARTESIAN_POINT('',(3.,49.));
#475 = CARTESIAN_POINT('',(5.598076211353,44.5));
#476 = CARTESIAN_POINT('',(8.196152422707,40.));
#477 = CARTESIAN_POINT('',(3.,40.));
#478 = ( GEOMETRIC_REPRESENTATION_CONTEXT(2) 
PARAMETRIC_REPRESENTATION_CONTEXT() REPRESENTATION_CONTEXT('2D SPACE',''
  ) );
#479 = PCURVE('',#168,#480);
#480 = DEFINITIONAL_REPRESENTATION('',(#481),#485);
#481 = LINE('',#482,#483);
#482 = CARTESIAN_POINT('',(1.570796326795,8.));
#483 = VECTOR('',#484,1.);
#484 = DIRECTION('',(-1.,0.));
#485 = ( GEOMETRIC_REPRESENTATION_CONTEXT(2) 
PARAMETRIC_REPRESENTATION_CONTEXT() REPRESENTATION_CONTEXT('2D SPACE',''
  ) );
#486 = FACE_BOUND('',#487,.T.);
#487 = EDGE_LOOP('',(#488,#518,#546,#574));
#488 = ORIENTED_EDGE('',*,*,#489,.F.);
#489 = EDGE_CURVE('',#490,#492,#494,.T.);
#490 = VERTEX_POINT('',#491);
#491 = CARTESIAN_POINT('',(-27.5,17.286842105263,8.));
#492 = VERTEX_POINT('',#493);
#493 = CARTESIAN_POINT('',(-27.5,-17.28684210526,8.));
#494 = SURFACE_CURVE('',#495,(#499,#506),.PCURVE_S1.);
#495 = LINE('',#496,#497);
#496 = CARTESIAN_POINT('',(-27.5,17.286842105263,8.));
#497 = VECTOR('',#498,1.);
#498 = DIRECTION('',(0.,-1.,0.));
#499 = PCURVE('',#86,#500);
#500 = DEFINITIONAL_REPRESENTATION('',(#501),#505);
#501 = LINE('',#502,#503);
#502 = CARTESIAN_POINT('',(6.5,40.286842105263));
#503 = VECTOR('',#504,1.);
#504 = DIRECTION('',(0.,-1.));
#505 = ( GEOMETRIC_REPRESENTATION_CONTEXT(2) 
PARAMETRIC_REPRESENTATION_CONTEXT() REPRESENTATION_CONTEXT('2D SPACE',''
  ) );
#506 = PCURVE('',#507,#512);
#507 = PLANE('',#508);
#508 = AXIS2_PLACEMENT_3D('',#509,#510,#511);
#509 = CARTESIAN_POINT('',(-27.5,-1.746000824833E-16,26.122357823109));
#510 = DIRECTION('',(1.,0.,0.));
#511 = DIRECTION('',(-0.,0.,1.));
#512 = DEFINITIONAL_REPRESENTATION('',(#513),#517);
#513 = LINE('',#514,#515);
#514 = CARTESIAN_POINT('',(-18.1223578231,-17.28684210526));
#515 = VECTOR('',#516,1.);
#516 = DIRECTION('',(0.,1.));
#517 = ( GEOMETRIC_REPRESENTATION_CONTEXT(2) 
PARAMETRIC_REPRESENTATION_CONTEXT() REPRESENTATION_CONTEXT('2D SPACE',''
  ) );
#518 = ORIENTED_EDGE('',*,*,#519,.T.);
#519 = EDGE_CURVE('',#490,#520,#522,.T.);
#520 = VERTEX_POINT('',#521);
#521 = CARTESIAN_POINT('',(-18.5,17.286842105263,8.));
#522 = SURFACE_CURVE('',#523,(#527,#534),.PCURVE_S1.);
#523 = LINE('',#524,#525);
#524 = CARTESIAN_POINT('',(-27.5,17.286842105263,8.));
#525 = VECTOR('',#526,1.);
#526 = DIRECTION('',(1.,0.,0.));
#527 = PCURVE('',#86,#528);
#528 = DEFINITIONAL_REPRESENTATION('',(#529),#533);
#529 = LINE('',#530,#531);
#530 = CARTESIAN_POINT('',(6.5,40.286842105263));
#531 = VECTOR('',#532,1.);
#532 = DIRECTION('',(1.,0.));
#533 = ( GEOMETRIC_REPRESENTATION_CONTEXT(2) 
PARAMETRIC_REPRESENTATION_CONTEXT() REPRESENTATION_CONTEXT('2D SPACE',''
  ) );
#534 = PCURVE('',#535,#540);
#535 = PLANE('',#536);
#536 = AXIS2_PLACEMENT_3D('',#537,#538,#539);
#537 = CARTESIAN_POINT('',(-27.5,17.286842105263,8.));
#538 = DIRECTION('',(0.,1.,0.));
#539 = DIRECTION('',(0.,0.,1.));
#540 = DEFINITIONAL_REPRESENTATION('',(#541),#545);
#541 = LINE('',#542,#543);
#542 = CARTESIAN_POINT('',(0.,0.));
#543 = VECTOR('',#544,1.);
#544 = DIRECTION('',(0.,1.));
#545 = ( GEOMETRIC_REPRESENTATION_CONTEXT(2) 
PARAMETRIC_REPRESENTATION_CONTEXT() REPRESENTATION_CONTEXT('2D SPACE',''
  ) );
#546 = ORIENTED_EDGE('',*,*,#547,.T.);
#547 = EDGE_CURVE('',#520,#548,#550,.T.);
#548 = VERTEX_POINT('',#549);
#549 = CARTESIAN_POINT('',(-18.5,-17.28684210526,8.));
#550 = SURFACE_CURVE('',#551,(#555,#562),.PCURVE_S1.);
#551 = LINE('',#552,#553);
#552 = CARTESIAN_POINT('',(-18.5,17.286842105263,8.));
#553 = VECTOR('',#554,1.);
#554 = DIRECTION('',(0.,-1.,0.));
#555 = PCURVE('',#86,#556);
#556 = DEFINITIONAL_REPRESENTATION('',(#557),#561);
#557 = LINE('',#558,#559);
#558 = CARTESIAN_POINT('',(15.5,40.286842105263));
#559 = VECTOR('',#560,1.);
#560 = DIRECTION('',(0.,-1.));
#561 = ( GEOMETRIC_REPRESENTATION_CONTEXT(2) 
PARAMETRIC_REPRESENTATION_CONTEXT() REPRESENTATION_CONTEXT('2D SPACE',''
  ) );
#562 = PCURVE('',#563,#568);
#563 = PLANE('',#564);
#564 = AXIS2_PLACEMENT_3D('',#565,#566,#567);
#565 = CARTESIAN_POINT('',(-18.5,-1.746000824833E-16,26.122357823109));
#566 = DIRECTION('',(1.,0.,0.));
#567 = DIRECTION('',(-0.,0.,1.));
#568 = DEFINITIONAL_REPRESENTATION('',(#569),#573);
#569 = LINE('',#570,#571);
#570 = CARTESIAN_POINT('',(-18.1223578231,-17.28684210526));
#571 = VECTOR('',#572,1.);
#572 = DIRECTION('',(0.,1.));
#573 = ( GEOMETRIC_REPRESENTATION_CONTEXT(2) 
PARAMETRIC_REPRESENTATION_CONTEXT() REPRESENTATION_CONTEXT('2D SPACE',''
  ) );
#574 = ORIENTED_EDGE('',*,*,#575,.F.);
#575 = EDGE_CURVE('',#492,#548,#576,.T.);
#576 = SURFACE_CURVE('',#577,(#581,#588),.PCURVE_S1.);
#577 = LINE('',#578,#579);
#578 = CARTESIAN_POINT('',(-27.5,-17.28684210526,8.));
#579 = VECTOR('',#580,1.);
#580 = DIRECTION('',(1.,0.,0.));
#581 = PCURVE('',#86,#582);
#582 = DEFINITIONAL_REPRESENTATION('',(#583),#587);
#583 = LINE('',#584,#585);
#584 = CARTESIAN_POINT('',(6.5,5.713157894737));
#585 = VECTOR('',#586,1.);
#586 = DIRECTION('',(1.,0.));
#587 = ( GEOMETRIC_REPRESENTATION_CONTEXT(2) 
PARAMETRIC_REPRESENTATION_CONTEXT() REPRESENTATION_CONTEXT('2D SPACE',''
  ) );
#588 = PCURVE('',#589,#594);
#589 = PLANE('',#590);
#590 = AXIS2_PLACEMENT_3D('',#591,#592,#593);
#591 = CARTESIAN_POINT('',(-27.5,-17.28684210526,8.));
#592 = DIRECTION('',(0.,1.,0.));
#593 = DIRECTION('',(0.,0.,1.));
#594 = DEFINITIONAL_REPRESENTATION('',(#595),#599);
#595 = LINE('',#596,#597);
#596 = CARTESIAN_POINT('',(0.,0.));
#597 = VECTOR('',#598,1.);
#598 = DIRECTION('',(0.,1.));
#599 = ( GEOMETRIC_REPRESENTATION_CONTEXT(2) 
PARAMETRIC_REPRESENTATION_CONTEXT() REPRESENTATION_CONTEXT('2D SPACE',''
  ) );
#600 = FACE_BOUND('',#601,.T.);
#601 = EDGE_LOOP('',(#602,#632,#660,#688));
#602 = ORIENTED_EDGE('',*,*,#603,.T.);
#603 = EDGE_CURVE('',#604,#606,#608,.T.);
#604 = VERTEX_POINT('',#605);
#605 = CARTESIAN_POINT('',(18.5,-16.68157894736,8.));
#606 = VERTEX_POINT('',#607);
#607 = CARTESIAN_POINT('',(18.5,16.681578947368,8.));
#608 = SURFACE_CURVE('',#609,(#613,#620),.PCURVE_S1.);
#609 = LINE('',#610,#611);
#610 = CARTESIAN_POINT('',(18.5,-16.68157894736,8.));
#611 = VECTOR('',#612,1.);
#612 = DIRECTION('',(0.,1.,0.));
#613 = PCURVE('',#86,#614);
#614 = DEFINITIONAL_REPRESENTATION('',(#615),#619);
#615 = LINE('',#616,#617);
#616 = CARTESIAN_POINT('',(52.5,6.318421052632));
#617 = VECTOR('',#618,1.);
#618 = DIRECTION('',(0.,1.));
#619 = ( GEOMETRIC_REPRESENTATION_CONTEXT(2) 
PARAMETRIC_REPRESENTATION_CONTEXT() REPRESENTATION_CONTEXT('2D SPACE',''
  ) );
#620 = PCURVE('',#621,#626);
#621 = PLANE('',#622);
#622 = AXIS2_PLACEMENT_3D('',#623,#624,#625);
#623 = CARTESIAN_POINT('',(18.5,-2.625415892908E-16,26.106401974852));
#624 = DIRECTION('',(1.,0.,0.));
#625 = DIRECTION('',(-0.,0.,1.));
#626 = DEFINITIONAL_REPRESENTATION('',(#627),#631);
#627 = LINE('',#628,#629);
#628 = CARTESIAN_POINT('',(-18.10640197485,16.681578947368));
#629 = VECTOR('',#630,1.);
#630 = DIRECTION('',(0.,-1.));
#631 = ( GEOMETRIC_REPRESENTATION_CONTEXT(2) 
PARAMETRIC_REPRESENTATION_CONTEXT() REPRESENTATION_CONTEXT('2D SPACE',''
  ) );
#632 = ORIENTED_EDGE('',*,*,#633,.T.);
#633 = EDGE_CURVE('',#606,#634,#636,.T.);
#634 = VERTEX_POINT('',#635);
#635 = CARTESIAN_POINT('',(27.5,16.681578947368,8.));
#636 = SURFACE_CURVE('',#637,(#641,#648),.PCURVE_S1.);
#637 = LINE('',#638,#639);
#638 = CARTESIAN_POINT('',(18.5,16.681578947368,8.));
#639 = VECTOR('',#640,1.);
#640 = DIRECTION('',(1.,0.,0.));
#641 = PCURVE('',#86,#642);
#642 = DEFINITIONAL_REPRESENTATION('',(#643),#647);
#643 = LINE('',#644,#645);
#644 = CARTESIAN_POINT('',(52.5,39.681578947368));
#645 = VECTOR('',#646,1.);
#646 = DIRECTION('',(1.,0.));
#647 = ( GEOMETRIC_REPRESENTATION_CONTEXT(2) 
PARAMETRIC_REPRESENTATION_CONTEXT() REPRESENTATION_CONTEXT('2D SPACE',''
  ) );
#648 = PCURVE('',#649,#654);
#649 = PLANE('',#650);
#650 = AXIS2_PLACEMENT_3D('',#651,#652,#653);
#651 = CARTESIAN_POINT('',(18.5,16.681578947368,8.));
#652 = DIRECTION('',(0.,1.,0.));
#653 = DIRECTION('',(0.,0.,1.));
#654 = DEFINITIONAL_REPRESENTATION('',(#655),#659);
#655 = LINE('',#656,#657);
#656 = CARTESIAN_POINT('',(0.,0.));
#657 = VECTOR('',#658,1.);
#658 = DIRECTION('',(0.,1.));
#659 = ( GEOMETRIC_REPRESENTATION_CONTEXT(2) 
PARAMETRIC_REPRESENTATION_CONTEXT() REPRESENTATION_CONTEXT('2D SPACE',''
  ) );
#660 = ORIENTED_EDGE('',*,*,#661,.F.);
#661 = EDGE_CURVE('',#662,#634,#664,.T.);
#662 = VERTEX_POINT('',#663);
#663 = CARTESIAN_POINT('',(27.5,-16.68157894736,8.));
#664 = SURFACE_CURVE('',#665,(#669,#676),.PCURVE_S1.);
#665 = LINE('',#666,#667);
#666 = CARTESIAN_POINT('',(27.5,-16.68157894736,8.));
#667 = VECTOR('',#668,1.);
#668 = DIRECTION('',(0.,1.,0.));
#669 = PCURVE('',#86,#670);
#670 = DEFINITIONAL_REPRESENTATION('',(#671),#675);
#671 = LINE('',#672,#673);
#672 = CARTESIAN_POINT('',(61.5,6.318421052632));
#673 = VECTOR('',#674,1.);
#674 = DIRECTION('',(0.,1.));
#675 = ( GEOMETRIC_REPRESENTATION_CONTEXT(2) 
PARAMETRIC_REPRESENTATION_CONTEXT() REPRESENTATION_CONTEXT('2D SPACE',''
  ) );
#676 = PCURVE('',#677,#682);
#677 = PLANE('',#678);
#678 = AXIS2_PLACEMENT_3D('',#679,#680,#681);
#679 = CARTESIAN_POINT('',(27.5,-2.625415892908E-16,26.106401974852));
#680 = DIRECTION('',(1.,0.,0.));
#681 = DIRECTION('',(-0.,0.,1.));
#682 = DEFINITIONAL_REPRESENTATION('',(#683),#687);
#683 = LINE('',#684,#685);
#684 = CARTESIAN_POINT('',(-18.10640197485,16.681578947368));
#685 = VECTOR('',#686,1.);
#686 = DIRECTION('',(0.,-1.));
#687 = ( GEOMETRIC_REPRESENTATION_CONTEXT(2) 
PARAMETRIC_REPRESENTATION_CONTEXT() REPRESENTATION_CONTEXT('2D SPACE',''
  ) );
#688 = ORIENTED_EDGE('',*,*,#689,.F.);
#689 = EDGE_CURVE('',#604,#662,#690,.T.);
#690 = SURFACE_CURVE('',#691,(#695,#702),.PCURVE_S1.);
#691 = LINE('',#692,#693);
#692 = CARTESIAN_POINT('',(18.5,-16.68157894736,8.));
#693 = VECTOR('',#694,1.);
#694 = DIRECTION('',(1.,0.,0.));
#695 = PCURVE('',#86,#696);
#696 = DEFINITIONAL_REPRESENTATION('',(#697),#701);
#697 = LINE('',#698,#699);
#698 = CARTESIAN_POINT('',(52.5,6.318421052632));
#699 = VECTOR('',#700,1.);
#700 = DIRECTION('',(1.,0.));
#701 = ( GEOMETRIC_REPRESENTATION_CONTEXT(2) 
PARAMETRIC_REPRESENTATION_CONTEXT() REPRESENTATION_CONTEXT('2D SPACE',''
  ) );
#702 = PCURVE('',#703,#708);
#703 = PLANE('',#704);
#704 = AXIS2_PLACEMENT_3D('',#705,#706,#707);
#705 = CARTESIAN_POINT('',(18.5,-16.68157894736,8.));
#706 = DIRECTION('',(0.,1.,0.));
#707 = DIRECTION('',(0.,0.,1.));
#708 = DEFINITIONAL_REPRESENTATION('',(#709),#713);
#709 = LINE('',#710,#711);
#710 = CARTESIAN_POINT('',(0.,0.));
#711 = VECTOR('',#712,1.);
#712 = DIRECTION('',(0.,1.));
#713 = ( GEOMETRIC_REPRESENTATION_CONTEXT(2) 
PARAMETRIC_REPRESENTATION_CONTEXT() REPRESENTATION_CONTEXT('2D SPACE',''
  ) );
#714 = ADVANCED_FACE('',(#715),#114,.T.);
#715 = FACE_BOUND('',#716,.T.);
#716 = EDGE_LOOP('',(#717,#741,#762,#763));
#717 = ORIENTED_EDGE('',*,*,#718,.T.);
#718 = EDGE_CURVE('',#99,#719,#721,.T.);
#719 = VERTEX_POINT('',#720);
#720 = CARTESIAN_POINT('',(-31.,-23.,0.));
#721 = SURFACE_CURVE('',#722,(#727,#734),.PCURVE_S1.);
#722 = CIRCLE('',#723,3.);
#723 = AXIS2_PLACEMENT_3D('',#724,#725,#726);
#724 = CARTESIAN_POINT('',(-31.,-20.,0.));
#725 = DIRECTION('',(0.,0.,1.));
#726 = DIRECTION('',(0.,-1.,0.));
#727 = PCURVE('',#114,#728);
#728 = DEFINITIONAL_REPRESENTATION('',(#729),#733);
#729 = LINE('',#730,#731);
#730 = CARTESIAN_POINT('',(-4.712388980385,0.));
#731 = VECTOR('',#732,1.);
#732 = DIRECTION('',(1.,0.));
#733 = ( GEOMETRIC_REPRESENTATION_CONTEXT(2) 
PARAMETRIC_REPRESENTATION_CONTEXT() REPRESENTATION_CONTEXT('2D SPACE',''
  ) );
#734 = PCURVE('',#142,#735);
#735 = DEFINITIONAL_REPRESENTATION('',(#736),#740);
#736 = CIRCLE('',#737,3.);
#737 = AXIS2_PLACEMENT_2D('',#738,#739);
#738 = CARTESIAN_POINT('',(3.,3.));
#739 = DIRECTION('',(0.,-1.));
#740 = ( GEOMETRIC_REPRESENTATION_CONTEXT(2) 
PARAMETRIC_REPRESENTATION_CONTEXT() REPRESENTATION_CONTEXT('2D SPACE',''
  ) );
#741 = ORIENTED_EDGE('',*,*,#742,.T.);
#742 = EDGE_CURVE('',#719,#185,#743,.T.);
#743 = SURFACE_CURVE('',#744,(#748,#755),.PCURVE_S1.);
#744 = LINE('',#745,#746);
#745 = CARTESIAN_POINT('',(-31.,-23.,0.));
#746 = VECTOR('',#747,1.);
#747 = DIRECTION('',(0.,0.,1.));
#748 = PCURVE('',#114,#749);
#749 = DEFINITIONAL_REPRESENTATION('',(#750),#754);
#750 = LINE('',#751,#752);
#751 = CARTESIAN_POINT('',(1.570796326795,0.));
#752 = VECTOR('',#753,1.);
#753 = DIRECTION('',(0.,1.));
#754 = ( GEOMETRIC_REPRESENTATION_CONTEXT(2) 
PARAMETRIC_REPRESENTATION_CONTEXT() REPRESENTATION_CONTEXT('2D SPACE',''
  ) );
#755 = PCURVE('',#224,#756);
#756 = DEFINITIONAL_REPRESENTATION('',(#757),#761);
#757 = LINE('',#758,#759);
#758 = CARTESIAN_POINT('',(0.,3.));
#759 = VECTOR('',#760,1.);
#760 = DIRECTION('',(1.,0.));
#761 = ( GEOMETRIC_REPRESENTATION_CONTEXT(2) 
PARAMETRIC_REPRESENTATION_CONTEXT() REPRESENTATION_CONTEXT('2D SPACE',''
  ) );
#762 = ORIENTED_EDGE('',*,*,#184,.F.);
#763 = ORIENTED_EDGE('',*,*,#98,.F.);
#764 = ADVANCED_FACE('',(#765),#168,.T.);
#765 = FACE_BOUND('',#766,.F.);
#766 = EDGE_LOOP('',(#767,#795,#816,#817));
#767 = ORIENTED_EDGE('',*,*,#768,.T.);
#768 = EDGE_CURVE('',#127,#769,#771,.T.);
#769 = VERTEX_POINT('',#770);
#770 = CARTESIAN_POINT('',(-31.,23.,0.));
#771 = SURFACE_CURVE('',#772,(#777,#784),.PCURVE_S1.);
#772 = CIRCLE('',#773,3.);
#773 = AXIS2_PLACEMENT_3D('',#774,#775,#776);
#774 = CARTESIAN_POINT('',(-31.,20.,0.));
#775 = DIRECTION('',(-0.,-0.,-1.));
#776 = DIRECTION('',(0.,-1.,0.));
#777 = PCURVE('',#168,#778);
#778 = DEFINITIONAL_REPRESENTATION('',(#779),#783);
#779 = LINE('',#780,#781);
#780 = CARTESIAN_POINT('',(1.570796326795,-0.));
#781 = VECTOR('',#782,1.);
#782 = DIRECTION('',(-1.,0.));
#783 = ( GEOMETRIC_REPRESENTATION_CONTEXT(2) 
PARAMETRIC_REPRESENTATION_CONTEXT() REPRESENTATION_CONTEXT('2D SPACE',''
  ) );
#784 = PCURVE('',#142,#785);
#785 = DEFINITIONAL_REPRESENTATION('',(#786),#794);
#786 = ( BOUNDED_CURVE() B_SPLINE_CURVE(2,(#787,#788,#789,#790,#791,#792
,#793),.UNSPECIFIED.,.T.,.F.) B_SPLINE_CURVE_WITH_KNOTS((1,2,2,2,2,1),(
    -2.094395102393,0.,2.094395102393,4.188790204786,6.28318530718,
8.377580409573),.UNSPECIFIED.) CURVE() GEOMETRIC_REPRESENTATION_ITEM() 
RATIONAL_B_SPLINE_CURVE((1.,0.5,1.,0.5,1.,0.5,1.)) REPRESENTATION_ITEM(
  '') );
#787 = CARTESIAN_POINT('',(3.,40.));
#788 = CARTESIAN_POINT('',(-2.196152422707,40.));
#789 = CARTESIAN_POINT('',(0.401923788647,44.5));
#790 = CARTESIAN_POINT('',(3.,49.));
#791 = CARTESIAN_POINT('',(5.598076211353,44.5));
#792 = CARTESIAN_POINT('',(8.196152422707,40.));
#793 = CARTESIAN_POINT('',(3.,40.));
#794 = ( GEOMETRIC_REPRESENTATION_CONTEXT(2) 
PARAMETRIC_REPRESENTATION_CONTEXT() REPRESENTATION_CONTEXT('2D SPACE',''
  ) );
#795 = ORIENTED_EDGE('',*,*,#796,.T.);
#796 = EDGE_CURVE('',#769,#439,#797,.T.);
#797 = SURFACE_CURVE('',#798,(#802,#809),.PCURVE_S1.);
#798 = LINE('',#799,#800);
#799 = CARTESIAN_POINT('',(-31.,23.,0.));
#800 = VECTOR('',#801,1.);
#801 = DIRECTION('',(0.,0.,1.));
#802 = PCURVE('',#168,#803);
#803 = DEFINITIONAL_REPRESENTATION('',(#804),#808);
#804 = LINE('',#805,#806);
#805 = CARTESIAN_POINT('',(-1.570796326795,0.));
#806 = VECTOR('',#807,1.);
#807 = DIRECTION('',(-0.,1.));
#808 = ( GEOMETRIC_REPRESENTATION_CONTEXT(2) 
PARAMETRIC_REPRESENTATION_CONTEXT() REPRESENTATION_CONTEXT('2D SPACE',''
  ) );
#809 = PCURVE('',#342,#810);
#810 = DEFINITIONAL_REPRESENTATION('',(#811),#815);
#811 = LINE('',#812,#813);
#812 = CARTESIAN_POINT('',(0.,3.));
#813 = VECTOR('',#814,1.);
#814 = DIRECTION('',(1.,0.));
#815 = ( GEOMETRIC_REPRESENTATION_CONTEXT(2) 
PARAMETRIC_REPRESENTATION_CONTEXT() REPRESENTATION_CONTEXT('2D SPACE',''
  ) );
#816 = ORIENTED_EDGE('',*,*,#461,.F.);
#817 = ORIENTED_EDGE('',*,*,#154,.F.);
#818 = ADVANCED_FACE('',(#819,#943,#974,#1005,#1036),#142,.F.);
#819 = FACE_BOUND('',#820,.F.);
#820 = EDGE_LOOP('',(#821,#822,#823,#846,#874,#897,#921,#942));
#821 = ORIENTED_EDGE('',*,*,#126,.F.);
#822 = ORIENTED_EDGE('',*,*,#718,.T.);
#823 = ORIENTED_EDGE('',*,*,#824,.T.);
#824 = EDGE_CURVE('',#719,#825,#827,.T.);
#825 = VERTEX_POINT('',#826);
#826 = CARTESIAN_POINT('',(31.,-23.,0.));
#827 = SURFACE_CURVE('',#828,(#832,#839),.PCURVE_S1.);
#828 = LINE('',#829,#830);
#829 = CARTESIAN_POINT('',(-34.,-23.,0.));
#830 = VECTOR('',#831,1.);
#831 = DIRECTION('',(1.,0.,0.));
#832 = PCURVE('',#142,#833);
#833 = DEFINITIONAL_REPRESENTATION('',(#834),#838);
#834 = LINE('',#835,#836);
#835 = CARTESIAN_POINT('',(0.,0.));
#836 = VECTOR('',#837,1.);
#837 = DIRECTION('',(1.,0.));
#838 = ( GEOMETRIC_REPRESENTATION_CONTEXT(2) 
PARAMETRIC_REPRESENTATION_CONTEXT() REPRESENTATION_CONTEXT('2D SPACE',''
  ) );
#839 = PCURVE('',#224,#840);
#840 = DEFINITIONAL_REPRESENTATION('',(#841),#845);
#841 = LINE('',#842,#843);
#842 = CARTESIAN_POINT('',(0.,0.));
#843 = VECTOR('',#844,1.);
#844 = DIRECTION('',(0.,1.));
#845 = ( GEOMETRIC_REPRESENTATION_CONTEXT(2) 
PARAMETRIC_REPRESENTATION_CONTEXT() REPRESENTATION_CONTEXT('2D SPACE',''
  ) );
#846 = ORIENTED_EDGE('',*,*,#847,.F.);
#847 = EDGE_CURVE('',#848,#825,#850,.T.);
#848 = VERTEX_POINT('',#849);
#849 = CARTESIAN_POINT('',(34.,-20.,0.));
#850 = SURFACE_CURVE('',#851,(#856,#867),.PCURVE_S1.);
#851 = CIRCLE('',#852,3.);
#852 = AXIS2_PLACEMENT_3D('',#853,#854,#855);
#853 = CARTESIAN_POINT('',(31.,-20.,0.));
#854 = DIRECTION('',(-0.,-0.,-1.));
#855 = DIRECTION('',(0.,-1.,0.));
#856 = PCURVE('',#142,#857);
#857 = DEFINITIONAL_REPRESENTATION('',(#858),#866);
#858 = ( BOUNDED_CURVE() B_SPLINE_CURVE(2,(#859,#860,#861,#862,#863,#864
,#865),.UNSPECIFIED.,.T.,.F.) B_SPLINE_CURVE_WITH_KNOTS((1,2,2,2,2,1),(
    -2.094395102393,0.,2.094395102393,4.188790204786,6.28318530718,
8.377580409573),.UNSPECIFIED.) CURVE() GEOMETRIC_REPRESENTATION_ITEM() 
RATIONAL_B_SPLINE_CURVE((1.,0.5,1.,0.5,1.,0.5,1.)) REPRESENTATION_ITEM(
  '') );
#859 = CARTESIAN_POINT('',(65.,0.));
#860 = CARTESIAN_POINT('',(59.803847577293,0.));
#861 = CARTESIAN_POINT('',(62.401923788647,4.5));
#862 = CARTESIAN_POINT('',(65.,9.));
#863 = CARTESIAN_POINT('',(67.598076211353,4.5));
#864 = CARTESIAN_POINT('',(70.196152422707,4.440892098501E-15));
#865 = CARTESIAN_POINT('',(65.,0.));
#866 = ( GEOMETRIC_REPRESENTATION_CONTEXT(2) 
PARAMETRIC_REPRESENTATION_CONTEXT() REPRESENTATION_CONTEXT('2D SPACE',''
  ) );
#867 = PCURVE('',#257,#868);
#868 = DEFINITIONAL_REPRESENTATION('',(#869),#873);
#869 = LINE('',#870,#871);
#870 = CARTESIAN_POINT('',(4.712388980385,-0.));
#871 = VECTOR('',#872,1.);
#872 = DIRECTION('',(-1.,0.));
#873 = ( GEOMETRIC_REPRESENTATION_CONTEXT(2) 
PARAMETRIC_REPRESENTATION_CONTEXT() REPRESENTATION_CONTEXT('2D SPACE',''
  ) );
#874 = ORIENTED_EDGE('',*,*,#875,.T.);
#875 = EDGE_CURVE('',#848,#876,#878,.T.);
#876 = VERTEX_POINT('',#877);
#877 = CARTESIAN_POINT('',(34.,20.,0.));
#878 = SURFACE_CURVE('',#879,(#883,#890),.PCURVE_S1.);
#879 = LINE('',#880,#881);
#880 = CARTESIAN_POINT('',(34.,-23.,0.));
#881 = VECTOR('',#882,1.);
#882 = DIRECTION('',(0.,1.,0.));
#883 = PCURVE('',#142,#884);
#884 = DEFINITIONAL_REPRESENTATION('',(#885),#889);
#885 = LINE('',#886,#887);
#886 = CARTESIAN_POINT('',(68.,0.));
#887 = VECTOR('',#888,1.);
#888 = DIRECTION('',(0.,1.));
#889 = ( GEOMETRIC_REPRESENTATION_CONTEXT(2) 
PARAMETRIC_REPRESENTATION_CONTEXT() REPRESENTATION_CONTEXT('2D SPACE',''
  ) );
#890 = PCURVE('',#285,#891);
#891 = DEFINITIONAL_REPRESENTATION('',(#892),#896);
#892 = LINE('',#893,#894);
#893 = CARTESIAN_POINT('',(0.,0.));
#894 = VECTOR('',#895,1.);
#895 = DIRECTION('',(0.,-1.));
#896 = ( GEOMETRIC_REPRESENTATION_CONTEXT(2) 
PARAMETRIC_REPRESENTATION_CONTEXT() REPRESENTATION_CONTEXT('2D SPACE',''
  ) );
#897 = ORIENTED_EDGE('',*,*,#898,.T.);
#898 = EDGE_CURVE('',#876,#899,#901,.T.);
#899 = VERTEX_POINT('',#900);
#900 = CARTESIAN_POINT('',(31.,23.,0.));
#901 = SURFACE_CURVE('',#902,(#907,#914),.PCURVE_S1.);
#902 = CIRCLE('',#903,3.);
#903 = AXIS2_PLACEMENT_3D('',#904,#905,#906);
#904 = CARTESIAN_POINT('',(31.,20.,0.));
#905 = DIRECTION('',(0.,0.,1.));
#906 = DIRECTION('',(0.,-1.,0.));
#907 = PCURVE('',#142,#908);
#908 = DEFINITIONAL_REPRESENTATION('',(#909),#913);
#909 = CIRCLE('',#910,3.);
#910 = AXIS2_PLACEMENT_2D('',#911,#912);
#911 = CARTESIAN_POINT('',(65.,43.));
#912 = DIRECTION('',(0.,-1.));
#913 = ( GEOMETRIC_REPRESENTATION_CONTEXT(2) 
PARAMETRIC_REPRESENTATION_CONTEXT() REPRESENTATION_CONTEXT('2D SPACE',''
  ) );
#914 = PCURVE('',#314,#915);
#915 = DEFINITIONAL_REPRESENTATION('',(#916),#920);
#916 = LINE('',#917,#918);
#917 = CARTESIAN_POINT('',(-1.570796326795,0.));
#918 = VECTOR('',#919,1.);
#919 = DIRECTION('',(1.,0.));
#920 = ( GEOMETRIC_REPRESENTATION_CONTEXT(2) 
PARAMETRIC_REPRESENTATION_CONTEXT() REPRESENTATION_CONTEXT('2D SPACE',''
  ) );
#921 = ORIENTED_EDGE('',*,*,#922,.F.);
#922 = EDGE_CURVE('',#769,#899,#923,.T.);
#923 = SURFACE_CURVE('',#924,(#928,#935),.PCURVE_S1.);
#924 = LINE('',#925,#926);
#925 = CARTESIAN_POINT('',(-34.,23.,0.));
#926 = VECTOR('',#927,1.);
#927 = DIRECTION('',(1.,0.,0.));
#928 = PCURVE('',#142,#929);
#929 = DEFINITIONAL_REPRESENTATION('',(#930),#934);
#930 = LINE('',#931,#932);
#931 = CARTESIAN_POINT('',(0.,46.));
#932 = VECTOR('',#933,1.);
#933 = DIRECTION('',(1.,0.));
#934 = ( GEOMETRIC_REPRESENTATION_CONTEXT(2) 
PARAMETRIC_REPRESENTATION_CONTEXT() REPRESENTATION_CONTEXT('2D SPACE',''
  ) );
#935 = PCURVE('',#342,#936);
#936 = DEFINITIONAL_REPRESENTATION('',(#937),#941);
#937 = LINE('',#938,#939);
#938 = CARTESIAN_POINT('',(0.,0.));
#939 = VECTOR('',#940,1.);
#940 = DIRECTION('',(0.,1.));
#941 = ( GEOMETRIC_REPRESENTATION_CONTEXT(2) 
PARAMETRIC_REPRESENTATION_CONTEXT() REPRESENTATION_CONTEXT('2D SPACE',''
  ) );
#942 = ORIENTED_EDGE('',*,*,#768,.F.);
#943 = FACE_BOUND('',#944,.F.);
#944 = EDGE_LOOP('',(#945));
#945 = ORIENTED_EDGE('',*,*,#946,.F.);
#946 = EDGE_CURVE('',#947,#947,#949,.T.);
#947 = VERTEX_POINT('',#948);
#948 = CARTESIAN_POINT('',(-10.65,-13.,0.));
#949 = SURFACE_CURVE('',#950,(#955,#962),.PCURVE_S1.);
#950 = CIRCLE('',#951,2.35);
#951 = AXIS2_PLACEMENT_3D('',#952,#953,#954);
#952 = CARTESIAN_POINT('',(-13.,-13.,0.));
#953 = DIRECTION('',(0.,0.,1.));
#954 = DIRECTION('',(1.,0.,0.));
#955 = PCURVE('',#142,#956);
#956 = DEFINITIONAL_REPRESENTATION('',(#957),#961);
#957 = CIRCLE('',#958,2.35);
#958 = AXIS2_PLACEMENT_2D('',#959,#960);
#959 = CARTESIAN_POINT('',(21.,10.));
#960 = DIRECTION('',(1.,0.));
#961 = ( GEOMETRIC_REPRESENTATION_CONTEXT(2) 
PARAMETRIC_REPRESENTATION_CONTEXT() REPRESENTATION_CONTEXT('2D SPACE',''
  ) );
#962 = PCURVE('',#963,#968);
#963 = CONICAL_SURFACE('',#964,2.35,0.463647609001);
#964 = AXIS2_PLACEMENT_3D('',#965,#966,#967);
#965 = CARTESIAN_POINT('',(-13.,-13.,0.));
#966 = DIRECTION('',(-0.,-0.,-1.));
#967 = DIRECTION('',(1.,0.,0.));
#968 = DEFINITIONAL_REPRESENTATION('',(#969),#973);
#969 = LINE('',#970,#971);
#970 = CARTESIAN_POINT('',(-0.,-0.));
#971 = VECTOR('',#972,1.);
#972 = DIRECTION('',(-1.,-0.));
#973 = ( GEOMETRIC_REPRESENTATION_CONTEXT(2) 
PARAMETRIC_REPRESENTATION_CONTEXT() REPRESENTATION_CONTEXT('2D SPACE',''
  ) );
#974 = FACE_BOUND('',#975,.F.);
#975 = EDGE_LOOP('',(#976));
#976 = ORIENTED_EDGE('',*,*,#977,.F.);
#977 = EDGE_CURVE('',#978,#978,#980,.T.);
#978 = VERTEX_POINT('',#979);
#979 = CARTESIAN_POINT('',(15.35,-13.,0.));
#980 = SURFACE_CURVE('',#981,(#986,#993),.PCURVE_S1.);
#981 = CIRCLE('',#982,2.35);
#982 = AXIS2_PLACEMENT_3D('',#983,#984,#985);
#983 = CARTESIAN_POINT('',(13.,-13.,0.));
#984 = DIRECTION('',(0.,0.,1.));
#985 = DIRECTION('',(1.,0.,0.));
#986 = PCURVE('',#142,#987);
#987 = DEFINITIONAL_REPRESENTATION('',(#988),#992);
#988 = CIRCLE('',#989,2.35);
#989 = AXIS2_PLACEMENT_2D('',#990,#991);
#990 = CARTESIAN_POINT('',(47.,10.));
#991 = DIRECTION('',(1.,0.));
#992 = ( GEOMETRIC_REPRESENTATION_CONTEXT(2) 
PARAMETRIC_REPRESENTATION_CONTEXT() REPRESENTATION_CONTEXT('2D SPACE',''
  ) );
#993 = PCURVE('',#994,#999);
#994 = CONICAL_SURFACE('',#995,2.35,0.463647609001);
#995 = AXIS2_PLACEMENT_3D('',#996,#997,#998);
#996 = CARTESIAN_POINT('',(13.,-13.,0.));
#997 = DIRECTION('',(-0.,-0.,-1.));
#998 = DIRECTION('',(1.,0.,0.));
#999 = DEFINITIONAL_REPRESENTATION('',(#1000),#1004);
#1000 = LINE('',#1001,#1002);
#1001 = CARTESIAN_POINT('',(-0.,-0.));
#1002 = VECTOR('',#1003,1.);
#1003 = DIRECTION('',(-1.,-0.));
#1004 = ( GEOMETRIC_REPRESENTATION_CONTEXT(2) 
PARAMETRIC_REPRESENTATION_CONTEXT() REPRESENTATION_CONTEXT('2D SPACE',''
  ) );
#1005 = FACE_BOUND('',#1006,.F.);
#1006 = EDGE_LOOP('',(#1007));
#1007 = ORIENTED_EDGE('',*,*,#1008,.F.);
#1008 = EDGE_CURVE('',#1009,#1009,#1011,.T.);
#1009 = VERTEX_POINT('',#1010);
#1010 = CARTESIAN_POINT('',(-10.65,13.,0.));
#1011 = SURFACE_CURVE('',#1012,(#1017,#1024),.PCURVE_S1.);
#1012 = CIRCLE('',#1013,2.35);
#1013 = AXIS2_PLACEMENT_3D('',#1014,#1015,#1016);
#1014 = CARTESIAN_POINT('',(-13.,13.,0.));
#1015 = DIRECTION('',(0.,0.,1.));
#1016 = DIRECTION('',(1.,0.,0.));
#1017 = PCURVE('',#142,#1018);
#1018 = DEFINITIONAL_REPRESENTATION('',(#1019),#1023);
#1019 = CIRCLE('',#1020,2.35);
#1020 = AXIS2_PLACEMENT_2D('',#1021,#1022);
#1021 = CARTESIAN_POINT('',(21.,36.));
#1022 = DIRECTION('',(1.,0.));
#1023 = ( GEOMETRIC_REPRESENTATION_CONTEXT(2) 
PARAMETRIC_REPRESENTATION_CONTEXT() REPRESENTATION_CONTEXT('2D SPACE',''
  ) );
#1024 = PCURVE('',#1025,#1030);
#1025 = CONICAL_SURFACE('',#1026,2.35,0.463647609001);
#1026 = AXIS2_PLACEMENT_3D('',#1027,#1028,#1029);
#1027 = CARTESIAN_POINT('',(-13.,13.,0.));
#1028 = DIRECTION('',(-0.,-0.,-1.));
#1029 = DIRECTION('',(1.,0.,0.));
#1030 = DEFINITIONAL_REPRESENTATION('',(#1031),#1035);
#1031 = LINE('',#1032,#1033);
#1032 = CARTESIAN_POINT('',(-0.,-0.));
#1033 = VECTOR('',#1034,1.);
#1034 = DIRECTION('',(-1.,-0.));
#1035 = ( GEOMETRIC_REPRESENTATION_CONTEXT(2) 
PARAMETRIC_REPRESENTATION_CONTEXT() REPRESENTATION_CONTEXT('2D SPACE',''
  ) );
#1036 = FACE_BOUND('',#1037,.F.);
#1037 = EDGE_LOOP('',(#1038));
#1038 = ORIENTED_EDGE('',*,*,#1039,.F.);
#1039 = EDGE_CURVE('',#1040,#1040,#1042,.T.);
#1040 = VERTEX_POINT('',#1041);
#1041 = CARTESIAN_POINT('',(15.35,13.,0.));
#1042 = SURFACE_CURVE('',#1043,(#1048,#1055),.PCURVE_S1.);
#1043 = CIRCLE('',#1044,2.35);
#1044 = AXIS2_PLACEMENT_3D('',#1045,#1046,#1047);
#1045 = CARTESIAN_POINT('',(13.,13.,0.));
#1046 = DIRECTION('',(0.,0.,1.));
#1047 = DIRECTION('',(1.,0.,0.));
#1048 = PCURVE('',#142,#1049);
#1049 = DEFINITIONAL_REPRESENTATION('',(#1050),#1054);
#1050 = CIRCLE('',#1051,2.35);
#1051 = AXIS2_PLACEMENT_2D('',#1052,#1053);
#1052 = CARTESIAN_POINT('',(47.,36.));
#1053 = DIRECTION('',(1.,0.));
#1054 = ( GEOMETRIC_REPRESENTATION_CONTEXT(2) 
PARAMETRIC_REPRESENTATION_CONTEXT() REPRESENTATION_CONTEXT('2D SPACE',''
  ) );
#1055 = PCURVE('',#1056,#1061);
#1056 = CONICAL_SURFACE('',#1057,2.35,0.463647609001);
#1057 = AXIS2_PLACEMENT_3D('',#1058,#1059,#1060);
#1058 = CARTESIAN_POINT('',(13.,13.,0.));
#1059 = DIRECTION('',(-0.,-0.,-1.));
#1060 = DIRECTION('',(1.,0.,0.));
#1061 = DEFINITIONAL_REPRESENTATION('',(#1062),#1066);
#1062 = LINE('',#1063,#1064);
#1063 = CARTESIAN_POINT('',(-0.,-0.));
#1064 = VECTOR('',#1065,1.);
#1065 = DIRECTION('',(-1.,-0.));
#1066 = ( GEOMETRIC_REPRESENTATION_CONTEXT(2) 
PARAMETRIC_REPRESENTATION_CONTEXT() REPRESENTATION_CONTEXT('2D SPACE',''
  ) );
#1067 = ADVANCED_FACE('',(#1068),#342,.T.);
#1068 = FACE_BOUND('',#1069,.T.);
#1069 = EDGE_LOOP('',(#1070,#1071,#1072,#1073,#1101,#1127,#1153,#1179,
    #1200,#1201));
#1070 = ORIENTED_EDGE('',*,*,#922,.F.);
#1071 = ORIENTED_EDGE('',*,*,#796,.T.);
#1072 = ORIENTED_EDGE('',*,*,#438,.T.);
#1073 = ORIENTED_EDGE('',*,*,#1074,.T.);
#1074 = EDGE_CURVE('',#411,#1075,#1077,.T.);
#1075 = VERTEX_POINT('',#1076);
#1076 = CARTESIAN_POINT('',(-3.,23.,8.));
#1077 = SURFACE_CURVE('',#1078,(#1082,#1089),.PCURVE_S1.);
#1078 = LINE('',#1079,#1080);
#1079 = CARTESIAN_POINT('',(-34.,23.,8.));
#1080 = VECTOR('',#1081,1.);
#1081 = DIRECTION('',(1.,0.,0.));
#1082 = PCURVE('',#342,#1083);
#1083 = DEFINITIONAL_REPRESENTATION('',(#1084),#1088);
#1084 = LINE('',#1085,#1086);
#1085 = CARTESIAN_POINT('',(8.,0.));
#1086 = VECTOR('',#1087,1.);
#1087 = DIRECTION('',(0.,1.));
#1088 = ( GEOMETRIC_REPRESENTATION_CONTEXT(2) 
PARAMETRIC_REPRESENTATION_CONTEXT() REPRESENTATION_CONTEXT('2D SPACE',''
  ) );
#1089 = PCURVE('',#1090,#1095);
#1090 = PLANE('',#1091);
#1091 = AXIS2_PLACEMENT_3D('',#1092,#1093,#1094);
#1092 = CARTESIAN_POINT('',(-8.,16.,8.));
#1093 = DIRECTION('',(0.,0.,1.));
#1094 = DIRECTION('',(1.,0.,0.));
#1095 = DEFINITIONAL_REPRESENTATION('',(#1096),#1100);
#1096 = LINE('',#1097,#1098);
#1097 = CARTESIAN_POINT('',(-26.,7.));
#1098 = VECTOR('',#1099,1.);
#1099 = DIRECTION('',(1.,0.));
#1100 = ( GEOMETRIC_REPRESENTATION_CONTEXT(2) 
PARAMETRIC_REPRESENTATION_CONTEXT() REPRESENTATION_CONTEXT('2D SPACE',''
  ) );
#1101 = ORIENTED_EDGE('',*,*,#1102,.T.);
#1102 = EDGE_CURVE('',#1075,#1103,#1105,.T.);
#1103 = VERTEX_POINT('',#1104);
#1104 = CARTESIAN_POINT('',(-3.,23.,1.));
#1105 = SURFACE_CURVE('',#1106,(#1110,#1116),.PCURVE_S1.);
#1106 = LINE('',#1107,#1108);
#1107 = CARTESIAN_POINT('',(-3.,23.,2.900980486407));
#1108 = VECTOR('',#1109,1.);
#1109 = DIRECTION('',(0.,0.,-1.));
#1110 = PCURVE('',#342,#1111);
#1111 = DEFINITIONAL_REPRESENTATION('',(#1112),#1115);
#1112 = B_SPLINE_CURVE_WITH_KNOTS('',1,(#1113,#1114),.UNSPECIFIED.,.F.,
  .F.,(2,2),(-5.099019513593,2.900980486407),.PIECEWISE_BEZIER_KNOTS.);
#1113 = CARTESIAN_POINT('',(8.,31.));
#1114 = CARTESIAN_POINT('',(0.,31.));
#1115 = ( GEOMETRIC_REPRESENTATION_CONTEXT(2) 
PARAMETRIC_REPRESENTATION_CONTEXT() REPRESENTATION_CONTEXT('2D SPACE',''
  ) );
#1116 = PCURVE('',#1117,#1122);
#1117 = PLANE('',#1118);
#1118 = AXIS2_PLACEMENT_3D('',#1119,#1120,#1121);
#1119 = CARTESIAN_POINT('',(-3.,36.198039027186,5.801960972814));
#1120 = DIRECTION('',(1.,0.,0.));
#1121 = DIRECTION('',(-0.,0.,1.));
#1122 = DEFINITIONAL_REPRESENTATION('',(#1123),#1126);
#1123 = B_SPLINE_CURVE_WITH_KNOTS('',1,(#1124,#1125),.UNSPECIFIED.,.F.,
  .F.,(2,2),(-5.099019513593,2.900980486407),.PIECEWISE_BEZIER_KNOTS.);
#1124 = CARTESIAN_POINT('',(2.198039027186,13.198039027186));
#1125 = CARTESIAN_POINT('',(-5.801960972814,13.198039027186));
#1126 = ( GEOMETRIC_REPRESENTATION_CONTEXT(2) 
PARAMETRIC_REPRESENTATION_CONTEXT() REPRESENTATION_CONTEXT('2D SPACE',''
  ) );
#1127 = ORIENTED_EDGE('',*,*,#1128,.T.);
#1128 = EDGE_CURVE('',#1103,#1129,#1131,.T.);
#1129 = VERTEX_POINT('',#1130);
#1130 = CARTESIAN_POINT('',(3.,23.,1.));
#1131 = SURFACE_CURVE('',#1132,(#1136,#1142),.PCURVE_S1.);
#1132 = LINE('',#1133,#1134);
#1133 = CARTESIAN_POINT('',(-18.5,23.,1.));
#1134 = VECTOR('',#1135,1.);
#1135 = DIRECTION('',(1.,0.,-0.));
#1136 = PCURVE('',#342,#1137);
#1137 = DEFINITIONAL_REPRESENTATION('',(#1138),#1141);
#1138 = B_SPLINE_CURVE_WITH_KNOTS('',1,(#1139,#1140),.UNSPECIFIED.,.F.,
  .F.,(2,2),(15.5,21.5),.PIECEWISE_BEZIER_KNOTS.);
#1139 = CARTESIAN_POINT('',(1.,31.));
#1140 = CARTESIAN_POINT('',(1.,37.));
#1141 = ( GEOMETRIC_REPRESENTATION_CONTEXT(2) 
PARAMETRIC_REPRESENTATION_CONTEXT() REPRESENTATION_CONTEXT('2D SPACE',''
  ) );
#1142 = PCURVE('',#1143,#1148);
#1143 = PLANE('',#1144);
#1144 = AXIS2_PLACEMENT_3D('',#1145,#1146,#1147);
#1145 = CARTESIAN_POINT('',(-3.,18.,0.));
#1146 = DIRECTION('',(0.,-0.196116135138,0.980580675691));
#1147 = DIRECTION('',(0.,0.980580675691,0.196116135138));
#1148 = DEFINITIONAL_REPRESENTATION('',(#1149),#1152);
#1149 = B_SPLINE_CURVE_WITH_KNOTS('',1,(#1150,#1151),.UNSPECIFIED.,.F.,
  .F.,(2,2),(15.5,21.5),.PIECEWISE_BEZIER_KNOTS.);
#1150 = CARTESIAN_POINT('',(5.099019513593,0.));
#1151 = CARTESIAN_POINT('',(5.099019513593,-6.));
#1152 = ( GEOMETRIC_REPRESENTATION_CONTEXT(2) 
PARAMETRIC_REPRESENTATION_CONTEXT() REPRESENTATION_CONTEXT('2D SPACE',''
  ) );
#1153 = ORIENTED_EDGE('',*,*,#1154,.F.);
#1154 = EDGE_CURVE('',#1155,#1129,#1157,.T.);
#1155 = VERTEX_POINT('',#1156);
#1156 = CARTESIAN_POINT('',(3.,23.,8.));
#1157 = SURFACE_CURVE('',#1158,(#1162,#1168),.PCURVE_S1.);
#1158 = LINE('',#1159,#1160);
#1159 = CARTESIAN_POINT('',(3.,23.,2.900980486407));
#1160 = VECTOR('',#1161,1.);
#1161 = DIRECTION('',(0.,0.,-1.));
#1162 = PCURVE('',#342,#1163);
#1163 = DEFINITIONAL_REPRESENTATION('',(#1164),#1167);
#1164 = B_SPLINE_CURVE_WITH_KNOTS('',1,(#1165,#1166),.UNSPECIFIED.,.F.,
  .F.,(2,2),(-5.099019513593,2.900980486407),.PIECEWISE_BEZIER_KNOTS.);
#1165 = CARTESIAN_POINT('',(8.,37.));
#1166 = CARTESIAN_POINT('',(0.,37.));
#1167 = ( GEOMETRIC_REPRESENTATION_CONTEXT(2) 
PARAMETRIC_REPRESENTATION_CONTEXT() REPRESENTATION_CONTEXT('2D SPACE',''
  ) );
#1168 = PCURVE('',#1169,#1174);
#1169 = PLANE('',#1170);
#1170 = AXIS2_PLACEMENT_3D('',#1171,#1172,#1173);
#1171 = CARTESIAN_POINT('',(3.,36.198039027186,5.801960972814));
#1172 = DIRECTION('',(1.,0.,0.));
#1173 = DIRECTION('',(-0.,0.,1.));
#1174 = DEFINITIONAL_REPRESENTATION('',(#1175),#1178);
#1175 = B_SPLINE_CURVE_WITH_KNOTS('',1,(#1176,#1177),.UNSPECIFIED.,.F.,
  .F.,(2,2),(-5.099019513593,2.900980486407),.PIECEWISE_BEZIER_KNOTS.);
#1176 = CARTESIAN_POINT('',(2.198039027186,13.198039027186));
#1177 = CARTESIAN_POINT('',(-5.801960972814,13.198039027186));
#1178 = ( GEOMETRIC_REPRESENTATION_CONTEXT(2) 
PARAMETRIC_REPRESENTATION_CONTEXT() REPRESENTATION_CONTEXT('2D SPACE',''
  ) );
#1179 = ORIENTED_EDGE('',*,*,#1180,.T.);
#1180 = EDGE_CURVE('',#1155,#327,#1181,.T.);
#1181 = SURFACE_CURVE('',#1182,(#1186,#1193),.PCURVE_S1.);
#1182 = LINE('',#1183,#1184);
#1183 = CARTESIAN_POINT('',(-34.,23.,8.));
#1184 = VECTOR('',#1185,1.);
#1185 = DIRECTION('',(1.,0.,0.));
#1186 = PCURVE('',#342,#1187);
#1187 = DEFINITIONAL_REPRESENTATION('',(#1188),#1192);
#1188 = LINE('',#1189,#1190);
#1189 = CARTESIAN_POINT('',(8.,0.));
#1190 = VECTOR('',#1191,1.);
#1191 = DIRECTION('',(0.,1.));
#1192 = ( GEOMETRIC_REPRESENTATION_CONTEXT(2) 
PARAMETRIC_REPRESENTATION_CONTEXT() REPRESENTATION_CONTEXT('2D SPACE',''
  ) );
#1193 = PCURVE('',#1090,#1194);
#1194 = DEFINITIONAL_REPRESENTATION('',(#1195),#1199);
#1195 = LINE('',#1196,#1197);
#1196 = CARTESIAN_POINT('',(-26.,7.));
#1197 = VECTOR('',#1198,1.);
#1198 = DIRECTION('',(1.,0.));
#1199 = ( GEOMETRIC_REPRESENTATION_CONTEXT(2) 
PARAMETRIC_REPRESENTATION_CONTEXT() REPRESENTATION_CONTEXT('2D SPACE',''
  ) );
#1200 = ORIENTED_EDGE('',*,*,#326,.T.);
#1201 = ORIENTED_EDGE('',*,*,#1202,.F.);
#1202 = EDGE_CURVE('',#899,#298,#1203,.T.);
#1203 = SURFACE_CURVE('',#1204,(#1208,#1215),.PCURVE_S1.);
#1204 = LINE('',#1205,#1206);
#1205 = CARTESIAN_POINT('',(31.,23.,0.));
#1206 = VECTOR('',#1207,1.);
#1207 = DIRECTION('',(0.,0.,1.));
#1208 = PCURVE('',#342,#1209);
#1209 = DEFINITIONAL_REPRESENTATION('',(#1210),#1214);
#1210 = LINE('',#1211,#1212);
#1211 = CARTESIAN_POINT('',(0.,65.));
#1212 = VECTOR('',#1213,1.);
#1213 = DIRECTION('',(1.,0.));
#1214 = ( GEOMETRIC_REPRESENTATION_CONTEXT(2) 
PARAMETRIC_REPRESENTATION_CONTEXT() REPRESENTATION_CONTEXT('2D SPACE',''
  ) );
#1215 = PCURVE('',#314,#1216);
#1216 = DEFINITIONAL_REPRESENTATION('',(#1217),#1221);
#1217 = LINE('',#1218,#1219);
#1218 = CARTESIAN_POINT('',(1.570796326795,0.));
#1219 = VECTOR('',#1220,1.);
#1220 = DIRECTION('',(0.,1.));
#1221 = ( GEOMETRIC_REPRESENTATION_CONTEXT(2) 
PARAMETRIC_REPRESENTATION_CONTEXT() REPRESENTATION_CONTEXT('2D SPACE',''
  ) );
#1222 = ADVANCED_FACE('',(#1223),#426,.F.);
#1223 = FACE_BOUND('',#1224,.F.);
#1224 = EDGE_LOOP('',(#1225,#1255,#1276,#1277,#1300));
#1225 = ORIENTED_EDGE('',*,*,#1226,.F.);
#1226 = EDGE_CURVE('',#1227,#1229,#1231,.T.);
#1227 = VERTEX_POINT('',#1228);
#1228 = CARTESIAN_POINT('',(-8.,16.,14.));
#1229 = VERTEX_POINT('',#1230);
#1230 = CARTESIAN_POINT('',(-8.,61.,14.));
#1231 = SURFACE_CURVE('',#1232,(#1236,#1243),.PCURVE_S1.);
#1232 = LINE('',#1233,#1234);
#1233 = CARTESIAN_POINT('',(-8.,16.,14.));
#1234 = VECTOR('',#1235,1.);
#1235 = DIRECTION('',(0.,1.,0.));
#1236 = PCURVE('',#426,#1237);
#1237 = DEFINITIONAL_REPRESENTATION('',(#1238),#1242);
#1238 = LINE('',#1239,#1240);
#1239 = CARTESIAN_POINT('',(6.,0.));
#1240 = VECTOR('',#1241,1.);
#1241 = DIRECTION('',(0.,-1.));
#1242 = ( GEOMETRIC_REPRESENTATION_CONTEXT(2) 
PARAMETRIC_REPRESENTATION_CONTEXT() REPRESENTATION_CONTEXT('2D SPACE',''
  ) );
#1243 = PCURVE('',#1244,#1249);
#1244 = PLANE('',#1245);
#1245 = AXIS2_PLACEMENT_3D('',#1246,#1247,#1248);
#1246 = CARTESIAN_POINT('',(-8.,16.,14.));
#1247 = DIRECTION('',(0.,0.,1.));
#1248 = DIRECTION('',(1.,0.,0.));
#1249 = DEFINITIONAL_REPRESENTATION('',(#1250),#1254);
#1250 = LINE('',#1251,#1252);
#1251 = CARTESIAN_POINT('',(0.,0.));
#1252 = VECTOR('',#1253,1.);
#1253 = DIRECTION('',(0.,1.));
#1254 = ( GEOMETRIC_REPRESENTATION_CONTEXT(2) 
PARAMETRIC_REPRESENTATION_CONTEXT() REPRESENTATION_CONTEXT('2D SPACE',''
  ) );
#1255 = ORIENTED_EDGE('',*,*,#1256,.F.);
#1256 = EDGE_CURVE('',#383,#1227,#1257,.T.);
#1257 = SURFACE_CURVE('',#1258,(#1262,#1269),.PCURVE_S1.);
#1258 = LINE('',#1259,#1260);
#1259 = CARTESIAN_POINT('',(-8.,16.,8.));
#1260 = VECTOR('',#1261,1.);
#1261 = DIRECTION('',(0.,0.,1.));
#1262 = PCURVE('',#426,#1263);
#1263 = DEFINITIONAL_REPRESENTATION('',(#1264),#1268);
#1264 = LINE('',#1265,#1266);
#1265 = CARTESIAN_POINT('',(0.,0.));
#1266 = VECTOR('',#1267,1.);
#1267 = DIRECTION('',(1.,0.));
#1268 = ( GEOMETRIC_REPRESENTATION_CONTEXT(2) 
PARAMETRIC_REPRESENTATION_CONTEXT() REPRESENTATION_CONTEXT('2D SPACE',''
  ) );
#1269 = PCURVE('',#398,#1270);
#1270 = DEFINITIONAL_REPRESENTATION('',(#1271),#1275);
#1271 = LINE('',#1272,#1273);
#1272 = CARTESIAN_POINT('',(0.,0.));
#1273 = VECTOR('',#1274,1.);
#1274 = DIRECTION('',(1.,0.));
#1275 = ( GEOMETRIC_REPRESENTATION_CONTEXT(2) 
PARAMETRIC_REPRESENTATION_CONTEXT() REPRESENTATION_CONTEXT('2D SPACE',''
  ) );
#1276 = ORIENTED_EDGE('',*,*,#410,.T.);
#1277 = ORIENTED_EDGE('',*,*,#1278,.T.);
#1278 = EDGE_CURVE('',#411,#1279,#1281,.T.);
#1279 = VERTEX_POINT('',#1280);
#1280 = CARTESIAN_POINT('',(-8.,61.,8.));
#1281 = SURFACE_CURVE('',#1282,(#1286,#1293),.PCURVE_S1.);
#1282 = LINE('',#1283,#1284);
#1283 = CARTESIAN_POINT('',(-8.,16.,8.));
#1284 = VECTOR('',#1285,1.);
#1285 = DIRECTION('',(0.,1.,0.));
#1286 = PCURVE('',#426,#1287);
#1287 = DEFINITIONAL_REPRESENTATION('',(#1288),#1292);
#1288 = LINE('',#1289,#1290);
#1289 = CARTESIAN_POINT('',(0.,0.));
#1290 = VECTOR('',#1291,1.);
#1291 = DIRECTION('',(0.,-1.));
#1292 = ( GEOMETRIC_REPRESENTATION_CONTEXT(2) 
PARAMETRIC_REPRESENTATION_CONTEXT() REPRESENTATION_CONTEXT('2D SPACE',''
  ) );
#1293 = PCURVE('',#1090,#1294);
#1294 = DEFINITIONAL_REPRESENTATION('',(#1295),#1299);
#1295 = LINE('',#1296,#1297);
#1296 = CARTESIAN_POINT('',(0.,0.));
#1297 = VECTOR('',#1298,1.);
#1298 = DIRECTION('',(0.,1.));
#1299 = ( GEOMETRIC_REPRESENTATION_CONTEXT(2) 
PARAMETRIC_REPRESENTATION_CONTEXT() REPRESENTATION_CONTEXT('2D SPACE',''
  ) );
#1300 = ORIENTED_EDGE('',*,*,#1301,.T.);
#1301 = EDGE_CURVE('',#1279,#1229,#1302,.T.);
#1302 = SURFACE_CURVE('',#1303,(#1307,#1313),.PCURVE_S1.);
#1303 = LINE('',#1304,#1305);
#1304 = CARTESIAN_POINT('',(-8.,61.,8.));
#1305 = VECTOR('',#1306,1.);
#1306 = DIRECTION('',(0.,0.,1.));
#1307 = PCURVE('',#426,#1308);
#1308 = DEFINITIONAL_REPRESENTATION('',(#1309),#1312);
#1309 = B_SPLINE_CURVE_WITH_KNOTS('',1,(#1310,#1311),.UNSPECIFIED.,.F.,
  .F.,(2,2),(0.,6.),.PIECEWISE_BEZIER_KNOTS.);
#1310 = CARTESIAN_POINT('',(0.,-45.));
#1311 = CARTESIAN_POINT('',(6.,-45.));
#1312 = ( GEOMETRIC_REPRESENTATION_CONTEXT(2) 
PARAMETRIC_REPRESENTATION_CONTEXT() REPRESENTATION_CONTEXT('2D SPACE',''
  ) );
#1313 = PCURVE('',#1314,#1319);
#1314 = PLANE('',#1315);
#1315 = AXIS2_PLACEMENT_3D('',#1316,#1317,#1318);
#1316 = CARTESIAN_POINT('',(-28.5,61.,8.));
#1317 = DIRECTION('',(0.,1.,0.));
#1318 = DIRECTION('',(0.,0.,1.));
#1319 = DEFINITIONAL_REPRESENTATION('',(#1320),#1323);
#1320 = B_SPLINE_CURVE_WITH_KNOTS('',1,(#1321,#1322),.UNSPECIFIED.,.F.,
  .F.,(2,2),(0.,6.),.PIECEWISE_BEZIER_KNOTS.);
#1321 = CARTESIAN_POINT('',(0.,20.5));
#1322 = CARTESIAN_POINT('',(6.,20.5));
#1323 = ( GEOMETRIC_REPRESENTATION_CONTEXT(2) 
PARAMETRIC_REPRESENTATION_CONTEXT() REPRESENTATION_CONTEXT('2D SPACE',''
  ) );
#1324 = ADVANCED_FACE('',(#1325),#398,.F.);
#1325 = FACE_BOUND('',#1326,.F.);
#1326 = EDGE_LOOP('',(#1327,#1328,#1329,#1352));
#1327 = ORIENTED_EDGE('',*,*,#382,.F.);
#1328 = ORIENTED_EDGE('',*,*,#1256,.T.);
#1329 = ORIENTED_EDGE('',*,*,#1330,.T.);
#1330 = EDGE_CURVE('',#1227,#1331,#1333,.T.);
#1331 = VERTEX_POINT('',#1332);
#1332 = CARTESIAN_POINT('',(8.,16.,14.));
#1333 = SURFACE_CURVE('',#1334,(#1338,#1345),.PCURVE_S1.);
#1334 = LINE('',#1335,#1336);
#1335 = CARTESIAN_POINT('',(-8.,16.,14.));
#1336 = VECTOR('',#1337,1.);
#1337 = DIRECTION('',(1.,0.,0.));
#1338 = PCURVE('',#398,#1339);
#1339 = DEFINITIONAL_REPRESENTATION('',(#1340),#1344);
#1340 = LINE('',#1341,#1342);
#1341 = CARTESIAN_POINT('',(6.,0.));
#1342 = VECTOR('',#1343,1.);
#1343 = DIRECTION('',(0.,1.));
#1344 = ( GEOMETRIC_REPRESENTATION_CONTEXT(2) 
PARAMETRIC_REPRESENTATION_CONTEXT() REPRESENTATION_CONTEXT('2D SPACE',''
  ) );
#1345 = PCURVE('',#1244,#1346);
#1346 = DEFINITIONAL_REPRESENTATION('',(#1347),#1351);
#1347 = LINE('',#1348,#1349);
#1348 = CARTESIAN_POINT('',(0.,0.));
#1349 = VECTOR('',#1350,1.);
#1350 = DIRECTION('',(1.,0.));
#1351 = ( GEOMETRIC_REPRESENTATION_CONTEXT(2) 
PARAMETRIC_REPRESENTATION_CONTEXT() REPRESENTATION_CONTEXT('2D SPACE',''
  ) );
#1352 = ORIENTED_EDGE('',*,*,#1353,.F.);
#1353 = EDGE_CURVE('',#355,#1331,#1354,.T.);
#1354 = SURFACE_CURVE('',#1355,(#1359,#1366),.PCURVE_S1.);
#1355 = LINE('',#1356,#1357);
#1356 = CARTESIAN_POINT('',(8.,16.,8.));
#1357 = VECTOR('',#1358,1.);
#1358 = DIRECTION('',(0.,0.,1.));
#1359 = PCURVE('',#398,#1360);
#1360 = DEFINITIONAL_REPRESENTATION('',(#1361),#1365);
#1361 = LINE('',#1362,#1363);
#1362 = CARTESIAN_POINT('',(0.,16.));
#1363 = VECTOR('',#1364,1.);
#1364 = DIRECTION('',(1.,0.));
#1365 = ( GEOMETRIC_REPRESENTATION_CONTEXT(2) 
PARAMETRIC_REPRESENTATION_CONTEXT() REPRESENTATION_CONTEXT('2D SPACE',''
  ) );
#1366 = PCURVE('',#370,#1367);
#1367 = DEFINITIONAL_REPRESENTATION('',(#1368),#1372);
#1368 = LINE('',#1369,#1370);
#1369 = CARTESIAN_POINT('',(0.,0.));
#1370 = VECTOR('',#1371,1.);
#1371 = DIRECTION('',(1.,0.));
#1372 = ( GEOMETRIC_REPRESENTATION_CONTEXT(2) 
PARAMETRIC_REPRESENTATION_CONTEXT() REPRESENTATION_CONTEXT('2D SPACE',''
  ) );
#1373 = ADVANCED_FACE('',(#1374),#370,.T.);
#1374 = FACE_BOUND('',#1375,.T.);
#1375 = EDGE_LOOP('',(#1376,#1399,#1400,#1401,#1424));
#1376 = ORIENTED_EDGE('',*,*,#1377,.F.);
#1377 = EDGE_CURVE('',#1331,#1378,#1380,.T.);
#1378 = VERTEX_POINT('',#1379);
#1379 = CARTESIAN_POINT('',(8.,61.,14.));
#1380 = SURFACE_CURVE('',#1381,(#1385,#1392),.PCURVE_S1.);
#1381 = LINE('',#1382,#1383);
#1382 = CARTESIAN_POINT('',(8.,16.,14.));
#1383 = VECTOR('',#1384,1.);
#1384 = DIRECTION('',(0.,1.,0.));
#1385 = PCURVE('',#370,#1386);
#1386 = DEFINITIONAL_REPRESENTATION('',(#1387),#1391);
#1387 = LINE('',#1388,#1389);
#1388 = CARTESIAN_POINT('',(6.,0.));
#1389 = VECTOR('',#1390,1.);
#1390 = DIRECTION('',(0.,-1.));
#1391 = ( GEOMETRIC_REPRESENTATION_CONTEXT(2) 
PARAMETRIC_REPRESENTATION_CONTEXT() REPRESENTATION_CONTEXT('2D SPACE',''
  ) );
#1392 = PCURVE('',#1244,#1393);
#1393 = DEFINITIONAL_REPRESENTATION('',(#1394),#1398);
#1394 = LINE('',#1395,#1396);
#1395 = CARTESIAN_POINT('',(16.,0.));
#1396 = VECTOR('',#1397,1.);
#1397 = DIRECTION('',(0.,1.));
#1398 = ( GEOMETRIC_REPRESENTATION_CONTEXT(2) 
PARAMETRIC_REPRESENTATION_CONTEXT() REPRESENTATION_CONTEXT('2D SPACE',''
  ) );
#1399 = ORIENTED_EDGE('',*,*,#1353,.F.);
#1400 = ORIENTED_EDGE('',*,*,#354,.T.);
#1401 = ORIENTED_EDGE('',*,*,#1402,.T.);
#1402 = EDGE_CURVE('',#327,#1403,#1405,.T.);
#1403 = VERTEX_POINT('',#1404);
#1404 = CARTESIAN_POINT('',(8.,61.,8.));
#1405 = SURFACE_CURVE('',#1406,(#1410,#1417),.PCURVE_S1.);
#1406 = LINE('',#1407,#1408);
#1407 = CARTESIAN_POINT('',(8.,16.,8.));
#1408 = VECTOR('',#1409,1.);
#1409 = DIRECTION('',(0.,1.,0.));
#1410 = PCURVE('',#370,#1411);
#1411 = DEFINITIONAL_REPRESENTATION('',(#1412),#1416);
#1412 = LINE('',#1413,#1414);
#1413 = CARTESIAN_POINT('',(0.,0.));
#1414 = VECTOR('',#1415,1.);
#1415 = DIRECTION('',(0.,-1.));
#1416 = ( GEOMETRIC_REPRESENTATION_CONTEXT(2) 
PARAMETRIC_REPRESENTATION_CONTEXT() REPRESENTATION_CONTEXT('2D SPACE',''
  ) );
#1417 = PCURVE('',#1090,#1418);
#1418 = DEFINITIONAL_REPRESENTATION('',(#1419),#1423);
#1419 = LINE('',#1420,#1421);
#1420 = CARTESIAN_POINT('',(16.,0.));
#1421 = VECTOR('',#1422,1.);
#1422 = DIRECTION('',(0.,1.));
#1423 = ( GEOMETRIC_REPRESENTATION_CONTEXT(2) 
PARAMETRIC_REPRESENTATION_CONTEXT() REPRESENTATION_CONTEXT('2D SPACE',''
  ) );
#1424 = ORIENTED_EDGE('',*,*,#1425,.T.);
#1425 = EDGE_CURVE('',#1403,#1378,#1426,.T.);
#1426 = SURFACE_CURVE('',#1427,(#1431,#1437),.PCURVE_S1.);
#1427 = LINE('',#1428,#1429);
#1428 = CARTESIAN_POINT('',(8.,61.,8.));
#1429 = VECTOR('',#1430,1.);
#1430 = DIRECTION('',(0.,0.,1.));
#1431 = PCURVE('',#370,#1432);
#1432 = DEFINITIONAL_REPRESENTATION('',(#1433),#1436);
#1433 = B_SPLINE_CURVE_WITH_KNOTS('',1,(#1434,#1435),.UNSPECIFIED.,.F.,
  .F.,(2,2),(0.,6.),.PIECEWISE_BEZIER_KNOTS.);
#1434 = CARTESIAN_POINT('',(0.,-45.));
#1435 = CARTESIAN_POINT('',(6.,-45.));
#1436 = ( GEOMETRIC_REPRESENTATION_CONTEXT(2) 
PARAMETRIC_REPRESENTATION_CONTEXT() REPRESENTATION_CONTEXT('2D SPACE',''
  ) );
#1437 = PCURVE('',#1438,#1443);
#1438 = PLANE('',#1439);
#1439 = AXIS2_PLACEMENT_3D('',#1440,#1441,#1442);
#1440 = CARTESIAN_POINT('',(-28.5,61.,8.));
#1441 = DIRECTION('',(0.,1.,0.));
#1442 = DIRECTION('',(0.,0.,1.));
#1443 = DEFINITIONAL_REPRESENTATION('',(#1444),#1447);
#1444 = B_SPLINE_CURVE_WITH_KNOTS('',1,(#1445,#1446),.UNSPECIFIED.,.F.,
  .F.,(2,2),(0.,6.),.PIECEWISE_BEZIER_KNOTS.);
#1445 = CARTESIAN_POINT('',(0.,36.5));
#1446 = CARTESIAN_POINT('',(6.,36.5));
#1447 = ( GEOMETRIC_REPRESENTATION_CONTEXT(2) 
PARAMETRIC_REPRESENTATION_CONTEXT() REPRESENTATION_CONTEXT('2D SPACE',''
  ) );
#1448 = ADVANCED_FACE('',(#1449),#314,.T.);
#1449 = FACE_BOUND('',#1450,.T.);
#1450 = EDGE_LOOP('',(#1451,#1452,#1453,#1454));
#1451 = ORIENTED_EDGE('',*,*,#898,.T.);
#1452 = ORIENTED_EDGE('',*,*,#1202,.T.);
#1453 = ORIENTED_EDGE('',*,*,#297,.F.);
#1454 = ORIENTED_EDGE('',*,*,#1455,.F.);
#1455 = EDGE_CURVE('',#876,#270,#1456,.T.);
#1456 = SURFACE_CURVE('',#1457,(#1461,#1468),.PCURVE_S1.);
#1457 = LINE('',#1458,#1459);
#1458 = CARTESIAN_POINT('',(34.,20.,0.));
#1459 = VECTOR('',#1460,1.);
#1460 = DIRECTION('',(0.,0.,1.));
#1461 = PCURVE('',#314,#1462);
#1462 = DEFINITIONAL_REPRESENTATION('',(#1463),#1467);
#1463 = LINE('',#1464,#1465);
#1464 = CARTESIAN_POINT('',(0.,0.));
#1465 = VECTOR('',#1466,1.);
#1466 = DIRECTION('',(0.,1.));
#1467 = ( GEOMETRIC_REPRESENTATION_CONTEXT(2) 
PARAMETRIC_REPRESENTATION_CONTEXT() REPRESENTATION_CONTEXT('2D SPACE',''
  ) );
#1468 = PCURVE('',#285,#1469);
#1469 = DEFINITIONAL_REPRESENTATION('',(#1470),#1474);
#1470 = LINE('',#1471,#1472);
#1471 = CARTESIAN_POINT('',(0.,-43.));
#1472 = VECTOR('',#1473,1.);
#1473 = DIRECTION('',(1.,0.));
#1474 = ( GEOMETRIC_REPRESENTATION_CONTEXT(2) 
PARAMETRIC_REPRESENTATION_CONTEXT() REPRESENTATION_CONTEXT('2D SPACE',''
  ) );
#1475 = ADVANCED_FACE('',(#1476),#285,.T.);
#1476 = FACE_BOUND('',#1477,.T.);
#1477 = EDGE_LOOP('',(#1478,#1479,#1500,#1501));
#1478 = ORIENTED_EDGE('',*,*,#269,.F.);
#1479 = ORIENTED_EDGE('',*,*,#1480,.F.);
#1480 = EDGE_CURVE('',#848,#237,#1481,.T.);
#1481 = SURFACE_CURVE('',#1482,(#1486,#1493),.PCURVE_S1.);
#1482 = LINE('',#1483,#1484);
#1483 = CARTESIAN_POINT('',(34.,-20.,0.));
#1484 = VECTOR('',#1485,1.);
#1485 = DIRECTION('',(0.,0.,1.));
#1486 = PCURVE('',#285,#1487);
#1487 = DEFINITIONAL_REPRESENTATION('',(#1488),#1492);
#1488 = LINE('',#1489,#1490);
#1489 = CARTESIAN_POINT('',(0.,-3.));
#1490 = VECTOR('',#1491,1.);
#1491 = DIRECTION('',(1.,0.));
#1492 = ( GEOMETRIC_REPRESENTATION_CONTEXT(2) 
PARAMETRIC_REPRESENTATION_CONTEXT() REPRESENTATION_CONTEXT('2D SPACE',''
  ) );
#1493 = PCURVE('',#257,#1494);
#1494 = DEFINITIONAL_REPRESENTATION('',(#1495),#1499);
#1495 = LINE('',#1496,#1497);
#1496 = CARTESIAN_POINT('',(-0.,0.));
#1497 = VECTOR('',#1498,1.);
#1498 = DIRECTION('',(-0.,1.));
#1499 = ( GEOMETRIC_REPRESENTATION_CONTEXT(2) 
PARAMETRIC_REPRESENTATION_CONTEXT() REPRESENTATION_CONTEXT('2D SPACE',''
  ) );
#1500 = ORIENTED_EDGE('',*,*,#875,.T.);
#1501 = ORIENTED_EDGE('',*,*,#1455,.T.);
#1502 = ADVANCED_FACE('',(#1503),#257,.T.);
#1503 = FACE_BOUND('',#1504,.F.);
#1504 = EDGE_LOOP('',(#1505,#1506,#1527,#1528));
#1505 = ORIENTED_EDGE('',*,*,#847,.T.);
#1506 = ORIENTED_EDGE('',*,*,#1507,.T.);
#1507 = EDGE_CURVE('',#825,#209,#1508,.T.);
#1508 = SURFACE_CURVE('',#1509,(#1513,#1520),.PCURVE_S1.);
#1509 = LINE('',#1510,#1511);
#1510 = CARTESIAN_POINT('',(31.,-23.,0.));
#1511 = VECTOR('',#1512,1.);
#1512 = DIRECTION('',(0.,0.,1.));
#1513 = PCURVE('',#257,#1514);
#1514 = DEFINITIONAL_REPRESENTATION('',(#1515),#1519);
#1515 = LINE('',#1516,#1517);
#1516 = CARTESIAN_POINT('',(-1.570796326795,0.));
#1517 = VECTOR('',#1518,1.);
#1518 = DIRECTION('',(-0.,1.));
#1519 = ( GEOMETRIC_REPRESENTATION_CONTEXT(2) 
PARAMETRIC_REPRESENTATION_CONTEXT() REPRESENTATION_CONTEXT('2D SPACE',''
  ) );
#1520 = PCURVE('',#224,#1521);
#1521 = DEFINITIONAL_REPRESENTATION('',(#1522),#1526);
#1522 = LINE('',#1523,#1524);
#1523 = CARTESIAN_POINT('',(0.,65.));
#1524 = VECTOR('',#1525,1.);
#1525 = DIRECTION('',(1.,0.));
#1526 = ( GEOMETRIC_REPRESENTATION_CONTEXT(2) 
PARAMETRIC_REPRESENTATION_CONTEXT() REPRESENTATION_CONTEXT('2D SPACE',''
  ) );
#1527 = ORIENTED_EDGE('',*,*,#236,.F.);
#1528 = ORIENTED_EDGE('',*,*,#1480,.F.);
#1529 = ADVANCED_FACE('',(#1530),#224,.F.);
#1530 = FACE_BOUND('',#1531,.F.);
#1531 = EDGE_LOOP('',(#1532,#1533,#1534,#1535));
#1532 = ORIENTED_EDGE('',*,*,#824,.F.);
#1533 = ORIENTED_EDGE('',*,*,#742,.T.);
#1534 = ORIENTED_EDGE('',*,*,#208,.T.);
#1535 = ORIENTED_EDGE('',*,*,#1507,.F.);
#1536 = ADVANCED_FACE('',(#1537),#507,.F.);
#1537 = FACE_BOUND('',#1538,.F.);
#1538 = EDGE_LOOP('',(#1539,#1540,#1563,#1591,#1619,#1647,#1873,#1901,
    #1929,#1957));
#1539 = ORIENTED_EDGE('',*,*,#489,.F.);
#1540 = ORIENTED_EDGE('',*,*,#1541,.T.);
#1541 = EDGE_CURVE('',#490,#1542,#1544,.T.);
#1542 = VERTEX_POINT('',#1543);
#1543 = CARTESIAN_POINT('',(-27.5,17.286842105263,16.));
#1544 = SURFACE_CURVE('',#1545,(#1549,#1556),.PCURVE_S1.);
#1545 = LINE('',#1546,#1547);
#1546 = CARTESIAN_POINT('',(-27.5,17.286842105263,8.));
#1547 = VECTOR('',#1548,1.);
#1548 = DIRECTION('',(0.,0.,1.));
#1549 = PCURVE('',#507,#1550);
#1550 = DEFINITIONAL_REPRESENTATION('',(#1551),#1555);
#1551 = LINE('',#1552,#1553);
#1552 = CARTESIAN_POINT('',(-18.1223578231,-17.28684210526));
#1553 = VECTOR('',#1554,1.);
#1554 = DIRECTION('',(1.,0.));
#1555 = ( GEOMETRIC_REPRESENTATION_CONTEXT(2) 
PARAMETRIC_REPRESENTATION_CONTEXT() REPRESENTATION_CONTEXT('2D SPACE',''
  ) );
#1556 = PCURVE('',#535,#1557);
#1557 = DEFINITIONAL_REPRESENTATION('',(#1558),#1562);
#1558 = LINE('',#1559,#1560);
#1559 = CARTESIAN_POINT('',(0.,0.));
#1560 = VECTOR('',#1561,1.);
#1561 = DIRECTION('',(1.,0.));
#1562 = ( GEOMETRIC_REPRESENTATION_CONTEXT(2) 
PARAMETRIC_REPRESENTATION_CONTEXT() REPRESENTATION_CONTEXT('2D SPACE',''
  ) );
#1563 = ORIENTED_EDGE('',*,*,#1564,.T.);
#1564 = EDGE_CURVE('',#1542,#1565,#1567,.T.);
#1565 = VERTEX_POINT('',#1566);
#1566 = CARTESIAN_POINT('',(-27.5,28.5,16.));
#1567 = SURFACE_CURVE('',#1568,(#1572,#1579),.PCURVE_S1.);
#1568 = LINE('',#1569,#1570);
#1569 = CARTESIAN_POINT('',(-27.5,15.5,16.));
#1570 = VECTOR('',#1571,1.);
#1571 = DIRECTION('',(0.,1.,0.));
#1572 = PCURVE('',#507,#1573);
#1573 = DEFINITIONAL_REPRESENTATION('',(#1574),#1578);
#1574 = LINE('',#1575,#1576);
#1575 = CARTESIAN_POINT('',(-10.1223578231,-15.5));
#1576 = VECTOR('',#1577,1.);
#1577 = DIRECTION('',(0.,-1.));
#1578 = ( GEOMETRIC_REPRESENTATION_CONTEXT(2) 
PARAMETRIC_REPRESENTATION_CONTEXT() REPRESENTATION_CONTEXT('2D SPACE',''
  ) );
#1579 = PCURVE('',#1580,#1585);
#1580 = PLANE('',#1581);
#1581 = AXIS2_PLACEMENT_3D('',#1582,#1583,#1584);
#1582 = CARTESIAN_POINT('',(-27.5,15.5,16.));
#1583 = DIRECTION('',(0.,0.,1.));
#1584 = DIRECTION('',(1.,0.,0.));
#1585 = DEFINITIONAL_REPRESENTATION('',(#1586),#1590);
#1586 = LINE('',#1587,#1588);
#1587 = CARTESIAN_POINT('',(0.,0.));
#1588 = VECTOR('',#1589,1.);
#1589 = DIRECTION('',(0.,1.));
#1590 = ( GEOMETRIC_REPRESENTATION_CONTEXT(2) 
PARAMETRIC_REPRESENTATION_CONTEXT() REPRESENTATION_CONTEXT('2D SPACE',''
  ) );
#1591 = ORIENTED_EDGE('',*,*,#1592,.T.);
#1592 = EDGE_CURVE('',#1565,#1593,#1595,.T.);
#1593 = VERTEX_POINT('',#1594);
#1594 = CARTESIAN_POINT('',(-27.5,28.5,26.));
#1595 = SURFACE_CURVE('',#1596,(#1600,#1607),.PCURVE_S1.);
#1596 = LINE('',#1597,#1598);
#1597 = CARTESIAN_POINT('',(-27.5,28.5,16.));
#1598 = VECTOR('',#1599,1.);
#1599 = DIRECTION('',(0.,0.,1.));
#1600 = PCURVE('',#507,#1601);
#1601 = DEFINITIONAL_REPRESENTATION('',(#1602),#1606);
#1602 = LINE('',#1603,#1604);
#1603 = CARTESIAN_POINT('',(-10.1223578231,-28.5));
#1604 = VECTOR('',#1605,1.);
#1605 = DIRECTION('',(1.,0.));
#1606 = ( GEOMETRIC_REPRESENTATION_CONTEXT(2) 
PARAMETRIC_REPRESENTATION_CONTEXT() REPRESENTATION_CONTEXT('2D SPACE',''
  ) );
#1607 = PCURVE('',#1608,#1613);
#1608 = PLANE('',#1609);
#1609 = AXIS2_PLACEMENT_3D('',#1610,#1611,#1612);
#1610 = CARTESIAN_POINT('',(-27.5,28.5,16.));
#1611 = DIRECTION('',(0.,1.,0.));
#1612 = DIRECTION('',(0.,0.,1.));
#1613 = DEFINITIONAL_REPRESENTATION('',(#1614),#1618);
#1614 = LINE('',#1615,#1616);
#1615 = CARTESIAN_POINT('',(0.,0.));
#1616 = VECTOR('',#1617,1.);
#1617 = DIRECTION('',(1.,0.));
#1618 = ( GEOMETRIC_REPRESENTATION_CONTEXT(2) 
PARAMETRIC_REPRESENTATION_CONTEXT() REPRESENTATION_CONTEXT('2D SPACE',''
  ) );
#1619 = ORIENTED_EDGE('',*,*,#1620,.F.);
#1620 = EDGE_CURVE('',#1621,#1593,#1623,.T.);
#1621 = VERTEX_POINT('',#1622);
#1622 = CARTESIAN_POINT('',(-27.5,13.286842105263,26.));
#1623 = SURFACE_CURVE('',#1624,(#1628,#1635),.PCURVE_S1.);
#1624 = LINE('',#1625,#1626);
#1625 = CARTESIAN_POINT('',(-27.5,-28.5,26.));
#1626 = VECTOR('',#1627,1.);
#1627 = DIRECTION('',(0.,1.,0.));
#1628 = PCURVE('',#507,#1629);
#1629 = DEFINITIONAL_REPRESENTATION('',(#1630),#1634);
#1630 = LINE('',#1631,#1632);
#1631 = CARTESIAN_POINT('',(-0.122357823109,28.5));
#1632 = VECTOR('',#1633,1.);
#1633 = DIRECTION('',(0.,-1.));
#1634 = ( GEOMETRIC_REPRESENTATION_CONTEXT(2) 
PARAMETRIC_REPRESENTATION_CONTEXT() REPRESENTATION_CONTEXT('2D SPACE',''
  ) );
#1635 = PCURVE('',#1636,#1641);
#1636 = PLANE('',#1637);
#1637 = AXIS2_PLACEMENT_3D('',#1638,#1639,#1640);
#1638 = CARTESIAN_POINT('',(-50.,-50.,26.));
#1639 = DIRECTION('',(0.,0.,1.));
#1640 = DIRECTION('',(1.,0.,0.));
#1641 = DEFINITIONAL_REPRESENTATION('',(#1642),#1646);
#1642 = LINE('',#1643,#1644);
#1643 = CARTESIAN_POINT('',(22.5,21.5));
#1644 = VECTOR('',#1645,1.);
#1645 = DIRECTION('',(0.,1.));
#1646 = ( GEOMETRIC_REPRESENTATION_CONTEXT(2) 
PARAMETRIC_REPRESENTATION_CONTEXT() REPRESENTATION_CONTEXT('2D SPACE',''
  ) );
#1647 = ORIENTED_EDGE('',*,*,#1648,.T.);
#1648 = EDGE_CURVE('',#1621,#1649,#1651,.T.);
#1649 = VERTEX_POINT('',#1650);
#1650 = CARTESIAN_POINT('',(-27.5,-13.28684210526,26.));
#1651 = SURFACE_CURVE('',#1652,(#1721,#1793),.PCURVE_S1.);
#1652 = B_SPLINE_CURVE_WITH_KNOTS('',7,(#1653,#1654,#1655,#1656,#1657,
    #1658,#1659,#1660,#1661,#1662,#1663,#1664,#1665,#1666,#1667,#1668,
    #1669,#1670,#1671,#1672,#1673,#1674,#1675,#1676,#1677,#1678,#1679,
    #1680,#1681,#1682,#1683,#1684,#1685,#1686,#1687,#1688,#1689,#1690,
    #1691,#1692,#1693,#1694,#1695,#1696,#1697,#1698,#1699,#1700,#1701,
    #1702,#1703,#1704,#1705,#1706,#1707,#1708,#1709,#1710,#1711,#1712,
    #1713,#1714,#1715,#1716,#1717,#1718,#1719,#1720),.UNSPECIFIED.,.F.,
  .F.,(8,6,6,6,6,6,6,6,6,6,6,8),(0.,0.182889287709,0.269436666844,
    0.350512172632,0.39739152907,0.428463518508,0.49999957488,
    0.602605754609,0.649485431486,0.730561491455,0.817109462174,1.),
  .UNSPECIFIED.);
#1653 = CARTESIAN_POINT('',(-27.5,13.286842105263,26.));
#1654 = CARTESIAN_POINT('',(-27.5,13.286842105263,24.870049421336));
#1655 = CARTESIAN_POINT('',(-27.5,13.189158726173,23.740147668863));
#1656 = CARTESIAN_POINT('',(-27.5,12.993807074777,22.620287350862));
#1657 = CARTESIAN_POINT('',(-27.5,12.701461799569,21.520702938296));
#1658 = CARTESIAN_POINT('',(-27.5,12.313663487912,20.451819492492));
#1659 = CARTESIAN_POINT('',(-27.5,11.832915763065,19.424226035376));
#1660 = CARTESIAN_POINT('',(-27.5,10.99324820503,17.986899909904));
#1661 = CARTESIAN_POINT('',(-27.5,10.703573641723,17.536872631879));
#1662 = CARTESIAN_POINT('',(-27.5,10.394354834319,17.099660784896));
#1663 = CARTESIAN_POINT('',(-27.5,10.06607797542,16.676423023039));
#1664 = CARTESIAN_POINT('',(-27.5,9.719310340565,16.268317578454));
#1665 = CARTESIAN_POINT('',(-27.5,9.354710809927,15.876493688284));
#1666 = CARTESIAN_POINT('',(-27.5,8.615500708876,15.151344102917));
#1667 = CARTESIAN_POINT('',(-27.5,8.242975902108,14.815881206886));
#1668 = CARTESIAN_POINT('',(-27.5,7.856098451812,14.496631498699));
#1669 = CARTESIAN_POINT('',(-27.5,7.455574052425,14.19450581868));
#1670 = CARTESIAN_POINT('',(-27.5,7.042185992109,13.91038280886));
#1671 = CARTESIAN_POINT('',(-27.5,6.616802767174,13.645098470133));
#1672 = CARTESIAN_POINT('',(-27.5,5.928046379786,13.257381763408));
#1673 = CARTESIAN_POINT('',(-27.5,5.672014156959,13.121890100983));
#1674 = CARTESIAN_POINT('',(-27.5,5.412478194509,12.99310641578));
#1675 = CARTESIAN_POINT('',(-27.5,5.149632627263,12.871173321102));
#1676 = CARTESIAN_POINT('',(-27.5,4.883680123344,12.756225033847));
#1677 = CARTESIAN_POINT('',(-27.5,4.614832216115,12.648386617856));
#1678 = CARTESIAN_POINT('',(-27.5,4.163342431407,12.481085916499));
#1679 = CARTESIAN_POINT('',(-27.5,3.982199856662,12.417572475518));
#1680 = CARTESIAN_POINT('',(-27.5,3.799946035504,12.357266479848));
#1681 = CARTESIAN_POINT('',(-27.5,3.61664643943,12.300199289911));
#1682 = CARTESIAN_POINT('',(-27.5,3.432367887823,12.246400051004));
#1683 = CARTESIAN_POINT('',(-27.5,3.247178547954,12.195895693297));
#1684 = CARTESIAN_POINT('',(-27.5,2.632855551448,12.040078951172));
#1685 = CARTESIAN_POINT('',(-27.5,2.200095084741,11.949040109025));
#1686 = CARTESIAN_POINT('',(-27.5,1.763727188217,11.875897846315));
#1687 = CARTESIAN_POINT('',(-27.5,1.324629842799,11.820883591873));
#1688 = CARTESIAN_POINT('',(-27.5,0.883698317171,11.784154214275));
#1689 = CARTESIAN_POINT('',(-27.5,0.441845127973,11.765789473684));
#1690 = CARTESIAN_POINT('',(-27.5,-0.633750907049,11.765789473684));
#1691 = CARTESIAN_POINT('',(-27.5,-1.267547631199,11.803570597957));
#1692 = CARTESIAN_POINT('',(-27.5,-1.898603480472,11.879142132171));
#1693 = CARTESIAN_POINT('',(-27.5,-2.524238978626,11.992150389131));
#1694 = CARTESIAN_POINT('',(-27.5,-3.141873727688,12.141936995085));
#1695 = CARTESIAN_POINT('',(-27.5,-3.749024510908,12.327559345064));
#1696 = CARTESIAN_POINT('',(-27.5,-4.614832216111,12.648386617855));
#1697 = CARTESIAN_POINT('',(-27.5,-4.88368012334,12.756225033846));
#1698 = CARTESIAN_POINT('',(-27.5,-5.14963262726,12.8711733211));
#1699 = CARTESIAN_POINT('',(-27.5,-5.412478194506,12.993106415778));
#1700 = CARTESIAN_POINT('',(-27.5,-5.672014156956,13.121890100981));
#1701 = CARTESIAN_POINT('',(-27.5,-5.928046379783,13.257381763406));
#1702 = CARTESIAN_POINT('',(-27.5,-6.616802767172,13.645098470132));
#1703 = CARTESIAN_POINT('',(-27.5,-7.042185992105,13.910382808857));
#1704 = CARTESIAN_POINT('',(-27.5,-7.455574052423,14.194505818678));
#1705 = CARTESIAN_POINT('',(-27.5,-7.85609845181,14.496631498697));
#1706 = CARTESIAN_POINT('',(-27.5,-8.242975902104,14.815881206883));
#1707 = CARTESIAN_POINT('',(-27.5,-8.615500708873,15.151344102915));
#1708 = CARTESIAN_POINT('',(-27.5,-9.354710809924,15.876493688281));
#1709 = CARTESIAN_POINT('',(-27.5,-9.719310340562,16.268317578452));
#1710 = CARTESIAN_POINT('',(-27.5,-10.06607797541,16.676423023037));
#1711 = CARTESIAN_POINT('',(-27.5,-10.39435483431,17.099660784893));
#1712 = CARTESIAN_POINT('',(-27.5,-10.70357364172,17.536872631876));
#1713 = CARTESIAN_POINT('',(-27.5,-10.99324820502,17.986899909901));
#1714 = CARTESIAN_POINT('',(-27.5,-11.83291576306,19.424226035373));
#1715 = CARTESIAN_POINT('',(-27.5,-12.31366348791,20.451819492488));
#1716 = CARTESIAN_POINT('',(-27.5,-12.70146179956,21.520702938302));
#1717 = CARTESIAN_POINT('',(-27.5,-12.99380707477,22.62028735085));
#1718 = CARTESIAN_POINT('',(-27.5,-13.18915872617,23.740147668869));
#1719 = CARTESIAN_POINT('',(-27.5,-13.28684210526,24.870049421334));
#1720 = CARTESIAN_POINT('',(-27.5,-13.28684210526,26.));
#1721 = PCURVE('',#507,#1722);
#1722 = DEFINITIONAL_REPRESENTATION('',(#1723),#1792);
#1723 = B_SPLINE_CURVE_WITH_KNOTS('',7,(#1724,#1725,#1726,#1727,#1728,
    #1729,#1730,#1731,#1732,#1733,#1734,#1735,#1736,#1737,#1738,#1739,
    #1740,#1741,#1742,#1743,#1744,#1745,#1746,#1747,#1748,#1749,#1750,
    #1751,#1752,#1753,#1754,#1755,#1756,#1757,#1758,#1759,#1760,#1761,
    #1762,#1763,#1764,#1765,#1766,#1767,#1768,#1769,#1770,#1771,#1772,
    #1773,#1774,#1775,#1776,#1777,#1778,#1779,#1780,#1781,#1782,#1783,
    #1784,#1785,#1786,#1787,#1788,#1789,#1790,#1791),.UNSPECIFIED.,.F.,
  .F.,(8,6,6,6,6,6,6,6,6,6,6,8),(0.,0.182889287709,0.269436666844,
    0.350512172632,0.39739152907,0.428463518508,0.49999957488,
    0.602605754609,0.649485431486,0.730561491455,0.817109462174,1.),
  .UNSPECIFIED.);
#1724 = CARTESIAN_POINT('',(-0.122357823109,-13.28684210526));
#1725 = CARTESIAN_POINT('',(-1.252308401773,-13.28684210526));
#1726 = CARTESIAN_POINT('',(-2.382210154246,-13.18915872617));
#1727 = CARTESIAN_POINT('',(-3.502070472247,-12.99380707477));
#1728 = CARTESIAN_POINT('',(-4.601654884813,-12.70146179956));
#1729 = CARTESIAN_POINT('',(-5.670538330617,-12.31366348791));
#1730 = CARTESIAN_POINT('',(-6.698131787733,-11.83291576306));
#1731 = CARTESIAN_POINT('',(-8.135457913205,-10.99324820503));
#1732 = CARTESIAN_POINT('',(-8.58548519123,-10.70357364172));
#1733 = CARTESIAN_POINT('',(-9.022697038213,-10.39435483431));
#1734 = CARTESIAN_POINT('',(-9.44593480007,-10.06607797542));
#1735 = CARTESIAN_POINT('',(-9.854040244655,-9.719310340565));
#1736 = CARTESIAN_POINT('',(-10.24586413482,-9.354710809927));
#1737 = CARTESIAN_POINT('',(-10.97101372019,-8.615500708876));
#1738 = CARTESIAN_POINT('',(-11.30647661622,-8.242975902108));
#1739 = CARTESIAN_POINT('',(-11.62572632441,-7.856098451812));
#1740 = CARTESIAN_POINT('',(-11.92785200442,-7.455574052425));
#1741 = CARTESIAN_POINT('',(-12.21197501424,-7.042185992109));
#1742 = CARTESIAN_POINT('',(-12.47725935297,-6.616802767174));
#1743 = CARTESIAN_POINT('',(-12.8649760597,-5.928046379786));
#1744 = CARTESIAN_POINT('',(-13.00046772212,-5.672014156959));
#1745 = CARTESIAN_POINT('',(-13.12925140732,-5.412478194509));
#1746 = CARTESIAN_POINT('',(-13.251184502,-5.149632627263));
#1747 = CARTESIAN_POINT('',(-13.36613278926,-4.883680123344));
#1748 = CARTESIAN_POINT('',(-13.47397120525,-4.614832216115));
#1749 = CARTESIAN_POINT('',(-13.64127190661,-4.163342431407));
#1750 = CARTESIAN_POINT('',(-13.70478534759,-3.982199856662));
#1751 = CARTESIAN_POINT('',(-13.76509134326,-3.799946035504));
#1752 = CARTESIAN_POINT('',(-13.82215853319,-3.61664643943));
#1753 = CARTESIAN_POINT('',(-13.8759577721,-3.432367887823));
#1754 = CARTESIAN_POINT('',(-13.92646212981,-3.247178547954));
#1755 = CARTESIAN_POINT('',(-14.08227887193,-2.632855551448));
#1756 = CARTESIAN_POINT('',(-14.17331771408,-2.200095084741));
#1757 = CARTESIAN_POINT('',(-14.24645997679,-1.763727188217));
#1758 = CARTESIAN_POINT('',(-14.30147423123,-1.324629842799));
#1759 = CARTESIAN_POINT('',(-14.33820360883,-0.883698317171));
#1760 = CARTESIAN_POINT('',(-14.35656834942,-0.441845127973));
#1761 = CARTESIAN_POINT('',(-14.35656834942,0.633750907049));
#1762 = CARTESIAN_POINT('',(-14.31878722515,1.267547631199));
#1763 = CARTESIAN_POINT('',(-14.24321569093,1.898603480472));
#1764 = CARTESIAN_POINT('',(-14.13020743397,2.524238978626));
#1765 = CARTESIAN_POINT('',(-13.98042082802,3.141873727688));
#1766 = CARTESIAN_POINT('',(-13.79479847804,3.749024510908));
#1767 = CARTESIAN_POINT('',(-13.47397120525,4.614832216111));
#1768 = CARTESIAN_POINT('',(-13.36613278926,4.88368012334));
#1769 = CARTESIAN_POINT('',(-13.251184502,5.14963262726));
#1770 = CARTESIAN_POINT('',(-13.12925140733,5.412478194506));
#1771 = CARTESIAN_POINT('',(-13.00046772212,5.672014156956));
#1772 = CARTESIAN_POINT('',(-12.8649760597,5.928046379783));
#1773 = CARTESIAN_POINT('',(-12.47725935297,6.616802767172));
#1774 = CARTESIAN_POINT('',(-12.21197501425,7.042185992105));
#1775 = CARTESIAN_POINT('',(-11.92785200443,7.455574052423));
#1776 = CARTESIAN_POINT('',(-11.62572632441,7.85609845181));
#1777 = CARTESIAN_POINT('',(-11.30647661622,8.242975902104));
#1778 = CARTESIAN_POINT('',(-10.97101372019,8.615500708873));
#1779 = CARTESIAN_POINT('',(-10.24586413482,9.354710809924));
#1780 = CARTESIAN_POINT('',(-9.854040244657,9.719310340562));
#1781 = CARTESIAN_POINT('',(-9.445934800072,10.066077975418));
#1782 = CARTESIAN_POINT('',(-9.022697038216,10.394354834317));
#1783 = CARTESIAN_POINT('',(-8.585485191233,10.703573641721));
#1784 = CARTESIAN_POINT('',(-8.135457913208,10.993248205028));
#1785 = CARTESIAN_POINT('',(-6.698131787736,11.832915763063));
#1786 = CARTESIAN_POINT('',(-5.670538330621,12.313663487912));
#1787 = CARTESIAN_POINT('',(-4.601654884807,12.701461799566));
#1788 = CARTESIAN_POINT('',(-3.502070472259,12.993807074779));
#1789 = CARTESIAN_POINT('',(-2.38221015424,13.189158726172));
#1790 = CARTESIAN_POINT('',(-1.252308401775,13.286842105263));
#1791 = CARTESIAN_POINT('',(-0.122357823109,13.286842105263));
#1792 = ( GEOMETRIC_REPRESENTATION_CONTEXT(2) 
PARAMETRIC_REPRESENTATION_CONTEXT() REPRESENTATION_CONTEXT('2D SPACE',''
  ) );
#1793 = PCURVE('',#1794,#1802);
#1794 = SURFACE_OF_LINEAR_EXTRUSION('',#1795,#1800);
#1795 = ELLIPSE('',#1796,14.234210526316,13.286842105263);
#1796 = AXIS2_PLACEMENT_3D('',#1797,#1798,#1799);
#1797 = CARTESIAN_POINT('',(-28.5,0.,26.));
#1798 = DIRECTION('',(1.,0.,-0.));
#1799 = DIRECTION('',(0.,1.110223024625E-16,1.));
#1800 = VECTOR('',#1801,1.);
#1801 = DIRECTION('',(-1.,-0.,-0.));
#1802 = DEFINITIONAL_REPRESENTATION('',(#1803),#1872);
#1803 = B_SPLINE_CURVE_WITH_KNOTS('',7,(#1804,#1805,#1806,#1807,#1808,
    #1809,#1810,#1811,#1812,#1813,#1814,#1815,#1816,#1817,#1818,#1819,
    #1820,#1821,#1822,#1823,#1824,#1825,#1826,#1827,#1828,#1829,#1830,
    #1831,#1832,#1833,#1834,#1835,#1836,#1837,#1838,#1839,#1840,#1841,
    #1842,#1843,#1844,#1845,#1846,#1847,#1848,#1849,#1850,#1851,#1852,
    #1853,#1854,#1855,#1856,#1857,#1858,#1859,#1860,#1861,#1862,#1863,
    #1864,#1865,#1866,#1867,#1868,#1869,#1870,#1871),.UNSPECIFIED.,.F.,
  .F.,(8,6,6,6,6,6,6,6,6,6,6,8),(0.,0.182889287709,0.269436666844,
    0.350512172632,0.39739152907,0.428463518508,0.49999957488,
    0.602605754609,0.649485431486,0.730561491455,0.817109462174,1.),
  .UNSPECIFIED.);
#1804 = CARTESIAN_POINT('',(4.712388980385,-1.));
#1805 = CARTESIAN_POINT('',(4.633006244224,-1.));
#1806 = CARTESIAN_POINT('',(4.553626923821,-1.));
#1807 = CARTESIAN_POINT('',(4.474136081522,-1.));
#1808 = CARTESIAN_POINT('',(4.394435586813,-1.));
#1809 = CARTESIAN_POINT('',(4.314433895972,-1.));
#1810 = CARTESIAN_POINT('',(4.234043419491,-1.));
#1811 = CARTESIAN_POINT('',(4.11492167207,-1.));
#1812 = CARTESIAN_POINT('',(4.076555552814,-1.));
#1813 = CARTESIAN_POINT('',(4.038080833054,-1.));
#1814 = CARTESIAN_POINT('',(3.999492110931,-1.));
#1815 = CARTESIAN_POINT('',(3.960785221743,-1.));
#1816 = CARTESIAN_POINT('',(3.921957579726,-1.));
#1817 = CARTESIAN_POINT('',(3.846521976143,-1.));
#1818 = CARTESIAN_POINT('',(3.809928415642,-1.));
#1819 = CARTESIAN_POINT('',(3.773228061009,-1.));
#1820 = CARTESIAN_POINT('',(3.736421892034,-1.));
#1821 = CARTESIAN_POINT('',(3.699511932398,-1.));
#1822 = CARTESIAN_POINT('',(3.662501857343,-1.));
#1823 = CARTESIAN_POINT('',(3.603943740959,-1.));
#1824 = CARTESIAN_POINT('',(3.582458031383,-1.));
#1825 = CARTESIAN_POINT('',(3.560941965723,-1.));
#1826 = CARTESIAN_POINT('',(3.539396792129,-1.));
#1827 = CARTESIAN_POINT('',(3.517823893285,-1.));
#1828 = CARTESIAN_POINT('',(3.496224845012,-1.));
#1829 = CARTESIAN_POINT('',(3.460269342783,-1.));
#1830 = CARTESIAN_POINT('',(3.445926501517,-1.));
#1831 = CARTESIAN_POINT('',(3.431573464026,-1.));
#1832 = CARTESIAN_POINT('',(3.417210768949,-1.));
#1833 = CARTESIAN_POINT('',(3.402838980617,-1.));
#1834 = CARTESIAN_POINT('',(3.38845868905,-1.));
#1835 = CARTESIAN_POINT('',(3.340945061297,-1.));
#1836 = CARTESIAN_POINT('',(3.307777130378,-1.));
#1837 = CARTESIAN_POINT('',(3.274575311045,-1.));
#1838 = CARTESIAN_POINT('',(3.241347581553,-1.));
#1839 = CARTESIAN_POINT('',(3.208101931842,-1.));
#1840 = CARTESIAN_POINT('',(3.174846990811,-1.));
#1841 = CARTESIAN_POINT('',(3.093895021449,-1.));
#1842 = CARTESIAN_POINT('',(3.046193957689,-1.));
#1843 = CARTESIAN_POINT('',(2.99852186112,-1.));
#1844 = CARTESIAN_POINT('',(2.950903263985,-1.));
#1845 = CARTESIAN_POINT('',(2.903359249421,-1.));
#1846 = CARTESIAN_POINT('',(2.855911193566,-1.));
#1847 = CARTESIAN_POINT('',(2.786960462168,-1.));
#1848 = CARTESIAN_POINT('',(2.765361413895,-1.));
#1849 = CARTESIAN_POINT('',(2.743788515051,-1.));
#1850 = CARTESIAN_POINT('',(2.722243341456,-1.));
#1851 = CARTESIAN_POINT('',(2.700727275797,-1.));
#1852 = CARTESIAN_POINT('',(2.679241566221,-1.));
#1853 = CARTESIAN_POINT('',(2.620683449837,-1.));
#1854 = CARTESIAN_POINT('',(2.583673374782,-1.));
#1855 = CARTESIAN_POINT('',(2.546763415146,-1.));
#1856 = CARTESIAN_POINT('',(2.509957246171,-1.));
#1857 = CARTESIAN_POINT('',(2.473256891538,-1.));
#1858 = CARTESIAN_POINT('',(2.436663331037,-1.));
#1859 = CARTESIAN_POINT('',(2.361227727454,-1.));
#1860 = CARTESIAN_POINT('',(2.322400085436,-1.));
#1861 = CARTESIAN_POINT('',(2.283693196249,-1.));
#1862 = CARTESIAN_POINT('',(2.245104474126,-1.));
#1863 = CARTESIAN_POINT('',(2.206629754366,-1.));
#1864 = CARTESIAN_POINT('',(2.16826363511,-1.));
#1865 = CARTESIAN_POINT('',(2.049141887688,-1.));
#1866 = CARTESIAN_POINT('',(1.968751411208,-1.));
#1867 = CARTESIAN_POINT('',(1.888749720364,-1.));
#1868 = CARTESIAN_POINT('',(1.80904922566,-1.));
#1869 = CARTESIAN_POINT('',(1.729558383357,-1.));
#1870 = CARTESIAN_POINT('',(1.650179062956,-1.));
#1871 = CARTESIAN_POINT('',(1.570796326795,-1.));
#1872 = ( GEOMETRIC_REPRESENTATION_CONTEXT(2) 
PARAMETRIC_REPRESENTATION_CONTEXT() REPRESENTATION_CONTEXT('2D SPACE',''
  ) );
#1873 = ORIENTED_EDGE('',*,*,#1874,.F.);
#1874 = EDGE_CURVE('',#1875,#1649,#1877,.T.);
#1875 = VERTEX_POINT('',#1876);
#1876 = CARTESIAN_POINT('',(-27.5,-28.5,26.));
#1877 = SURFACE_CURVE('',#1878,(#1882,#1889),.PCURVE_S1.);
#1878 = LINE('',#1879,#1880);
#1879 = CARTESIAN_POINT('',(-27.5,-28.5,26.));
#1880 = VECTOR('',#1881,1.);
#1881 = DIRECTION('',(0.,1.,0.));
#1882 = PCURVE('',#507,#1883);
#1883 = DEFINITIONAL_REPRESENTATION('',(#1884),#1888);
#1884 = LINE('',#1885,#1886);
#1885 = CARTESIAN_POINT('',(-0.122357823109,28.5));
#1886 = VECTOR('',#1887,1.);
#1887 = DIRECTION('',(0.,-1.));
#1888 = ( GEOMETRIC_REPRESENTATION_CONTEXT(2) 
PARAMETRIC_REPRESENTATION_CONTEXT() REPRESENTATION_CONTEXT('2D SPACE',''
  ) );
#1889 = PCURVE('',#1890,#1895);
#1890 = PLANE('',#1891);
#1891 = AXIS2_PLACEMENT_3D('',#1892,#1893,#1894);
#1892 = CARTESIAN_POINT('',(-50.,-50.,26.));
#1893 = DIRECTION('',(0.,0.,1.));
#1894 = DIRECTION('',(1.,0.,0.));
#1895 = DEFINITIONAL_REPRESENTATION('',(#1896),#1900);
#1896 = LINE('',#1897,#1898);
#1897 = CARTESIAN_POINT('',(22.5,21.5));
#1898 = VECTOR('',#1899,1.);
#1899 = DIRECTION('',(0.,1.));
#1900 = ( GEOMETRIC_REPRESENTATION_CONTEXT(2) 
PARAMETRIC_REPRESENTATION_CONTEXT() REPRESENTATION_CONTEXT('2D SPACE',''
  ) );
#1901 = ORIENTED_EDGE('',*,*,#1902,.F.);
#1902 = EDGE_CURVE('',#1903,#1875,#1905,.T.);
#1903 = VERTEX_POINT('',#1904);
#1904 = CARTESIAN_POINT('',(-27.5,-28.5,16.));
#1905 = SURFACE_CURVE('',#1906,(#1910,#1917),.PCURVE_S1.);
#1906 = LINE('',#1907,#1908);
#1907 = CARTESIAN_POINT('',(-27.5,-28.5,16.));
#1908 = VECTOR('',#1909,1.);
#1909 = DIRECTION('',(0.,0.,1.));
#1910 = PCURVE('',#507,#1911);
#1911 = DEFINITIONAL_REPRESENTATION('',(#1912),#1916);
#1912 = LINE('',#1913,#1914);
#1913 = CARTESIAN_POINT('',(-10.1223578231,28.5));
#1914 = VECTOR('',#1915,1.);
#1915 = DIRECTION('',(1.,0.));
#1916 = ( GEOMETRIC_REPRESENTATION_CONTEXT(2) 
PARAMETRIC_REPRESENTATION_CONTEXT() REPRESENTATION_CONTEXT('2D SPACE',''
  ) );
#1917 = PCURVE('',#1918,#1923);
#1918 = PLANE('',#1919);
#1919 = AXIS2_PLACEMENT_3D('',#1920,#1921,#1922);
#1920 = CARTESIAN_POINT('',(-27.5,-28.5,16.));
#1921 = DIRECTION('',(0.,1.,0.));
#1922 = DIRECTION('',(0.,0.,1.));
#1923 = DEFINITIONAL_REPRESENTATION('',(#1924),#1928);
#1924 = LINE('',#1925,#1926);
#1925 = CARTESIAN_POINT('',(0.,0.));
#1926 = VECTOR('',#1927,1.);
#1927 = DIRECTION('',(1.,0.));
#1928 = ( GEOMETRIC_REPRESENTATION_CONTEXT(2) 
PARAMETRIC_REPRESENTATION_CONTEXT() REPRESENTATION_CONTEXT('2D SPACE',''
  ) );
#1929 = ORIENTED_EDGE('',*,*,#1930,.T.);
#1930 = EDGE_CURVE('',#1903,#1931,#1933,.T.);
#1931 = VERTEX_POINT('',#1932);
#1932 = CARTESIAN_POINT('',(-27.5,-17.28684210526,16.));
#1933 = SURFACE_CURVE('',#1934,(#1938,#1945),.PCURVE_S1.);
#1934 = LINE('',#1935,#1936);
#1935 = CARTESIAN_POINT('',(-27.5,-28.5,16.));
#1936 = VECTOR('',#1937,1.);
#1937 = DIRECTION('',(0.,1.,0.));
#1938 = PCURVE('',#507,#1939);
#1939 = DEFINITIONAL_REPRESENTATION('',(#1940),#1944);
#1940 = LINE('',#1941,#1942);
#1941 = CARTESIAN_POINT('',(-10.1223578231,28.5));
#1942 = VECTOR('',#1943,1.);
#1943 = DIRECTION('',(0.,-1.));
#1944 = ( GEOMETRIC_REPRESENTATION_CONTEXT(2) 
PARAMETRIC_REPRESENTATION_CONTEXT() REPRESENTATION_CONTEXT('2D SPACE',''
  ) );
#1945 = PCURVE('',#1946,#1951);
#1946 = PLANE('',#1947);
#1947 = AXIS2_PLACEMENT_3D('',#1948,#1949,#1950);
#1948 = CARTESIAN_POINT('',(-27.5,-28.5,16.));
#1949 = DIRECTION('',(0.,0.,1.));
#1950 = DIRECTION('',(1.,0.,0.));
#1951 = DEFINITIONAL_REPRESENTATION('',(#1952),#1956);
#1952 = LINE('',#1953,#1954);
#1953 = CARTESIAN_POINT('',(0.,0.));
#1954 = VECTOR('',#1955,1.);
#1955 = DIRECTION('',(0.,1.));
#1956 = ( GEOMETRIC_REPRESENTATION_CONTEXT(2) 
PARAMETRIC_REPRESENTATION_CONTEXT() REPRESENTATION_CONTEXT('2D SPACE',''
  ) );
#1957 = ORIENTED_EDGE('',*,*,#1958,.F.);
#1958 = EDGE_CURVE('',#492,#1931,#1959,.T.);
#1959 = SURFACE_CURVE('',#1960,(#1964,#1971),.PCURVE_S1.);
#1960 = LINE('',#1961,#1962);
#1961 = CARTESIAN_POINT('',(-27.5,-17.28684210526,8.));
#1962 = VECTOR('',#1963,1.);
#1963 = DIRECTION('',(0.,0.,1.));
#1964 = PCURVE('',#507,#1965);
#1965 = DEFINITIONAL_REPRESENTATION('',(#1966),#1970);
#1966 = LINE('',#1967,#1968);
#1967 = CARTESIAN_POINT('',(-18.1223578231,17.286842105263));
#1968 = VECTOR('',#1969,1.);
#1969 = DIRECTION('',(1.,0.));
#1970 = ( GEOMETRIC_REPRESENTATION_CONTEXT(2) 
PARAMETRIC_REPRESENTATION_CONTEXT() REPRESENTATION_CONTEXT('2D SPACE',''
  ) );
#1971 = PCURVE('',#589,#1972);
#1972 = DEFINITIONAL_REPRESENTATION('',(#1973),#1977);
#1973 = LINE('',#1974,#1975);
#1974 = CARTESIAN_POINT('',(0.,0.));
#1975 = VECTOR('',#1976,1.);
#1976 = DIRECTION('',(1.,0.));
#1977 = ( GEOMETRIC_REPRESENTATION_CONTEXT(2) 
PARAMETRIC_REPRESENTATION_CONTEXT() REPRESENTATION_CONTEXT('2D SPACE',''
  ) );
#1978 = ADVANCED_FACE('',(#1979),#535,.T.);
#1979 = FACE_BOUND('',#1980,.T.);
#1980 = EDGE_LOOP('',(#1981,#2004,#2005,#2006));
#1981 = ORIENTED_EDGE('',*,*,#1982,.F.);
#1982 = EDGE_CURVE('',#520,#1983,#1985,.T.);
#1983 = VERTEX_POINT('',#1984);
#1984 = CARTESIAN_POINT('',(-18.5,17.286842105263,16.));
#1985 = SURFACE_CURVE('',#1986,(#1990,#1997),.PCURVE_S1.);
#1986 = LINE('',#1987,#1988);
#1987 = CARTESIAN_POINT('',(-18.5,17.286842105263,8.));
#1988 = VECTOR('',#1989,1.);
#1989 = DIRECTION('',(0.,0.,1.));
#1990 = PCURVE('',#535,#1991);
#1991 = DEFINITIONAL_REPRESENTATION('',(#1992),#1996);
#1992 = LINE('',#1993,#1994);
#1993 = CARTESIAN_POINT('',(0.,9.));
#1994 = VECTOR('',#1995,1.);
#1995 = DIRECTION('',(1.,0.));
#1996 = ( GEOMETRIC_REPRESENTATION_CONTEXT(2) 
PARAMETRIC_REPRESENTATION_CONTEXT() REPRESENTATION_CONTEXT('2D SPACE',''
  ) );
#1997 = PCURVE('',#563,#1998);
#1998 = DEFINITIONAL_REPRESENTATION('',(#1999),#2003);
#1999 = LINE('',#2000,#2001);
#2000 = CARTESIAN_POINT('',(-18.1223578231,-17.28684210526));
#2001 = VECTOR('',#2002,1.);
#2002 = DIRECTION('',(1.,0.));
#2003 = ( GEOMETRIC_REPRESENTATION_CONTEXT(2) 
PARAMETRIC_REPRESENTATION_CONTEXT() REPRESENTATION_CONTEXT('2D SPACE',''
  ) );
#2004 = ORIENTED_EDGE('',*,*,#519,.F.);
#2005 = ORIENTED_EDGE('',*,*,#1541,.T.);
#2006 = ORIENTED_EDGE('',*,*,#2007,.T.);
#2007 = EDGE_CURVE('',#1542,#1983,#2008,.T.);
#2008 = SURFACE_CURVE('',#2009,(#2013,#2019),.PCURVE_S1.);
#2009 = LINE('',#2010,#2011);
#2010 = CARTESIAN_POINT('',(-27.5,17.286842105263,16.));
#2011 = VECTOR('',#2012,1.);
#2012 = DIRECTION('',(1.,0.,0.));
#2013 = PCURVE('',#535,#2014);
#2014 = DEFINITIONAL_REPRESENTATION('',(#2015),#2018);
#2015 = B_SPLINE_CURVE_WITH_KNOTS('',1,(#2016,#2017),.UNSPECIFIED.,.F.,
  .F.,(2,2),(0.,9.),.PIECEWISE_BEZIER_KNOTS.);
#2016 = CARTESIAN_POINT('',(8.,0.));
#2017 = CARTESIAN_POINT('',(8.,9.));
#2018 = ( GEOMETRIC_REPRESENTATION_CONTEXT(2) 
PARAMETRIC_REPRESENTATION_CONTEXT() REPRESENTATION_CONTEXT('2D SPACE',''
  ) );
#2019 = PCURVE('',#1580,#2020);
#2020 = DEFINITIONAL_REPRESENTATION('',(#2021),#2024);
#2021 = B_SPLINE_CURVE_WITH_KNOTS('',1,(#2022,#2023),.UNSPECIFIED.,.F.,
  .F.,(2,2),(0.,9.),.PIECEWISE_BEZIER_KNOTS.);
#2022 = CARTESIAN_POINT('',(0.,1.786842105263));
#2023 = CARTESIAN_POINT('',(9.,1.786842105263));
#2024 = ( GEOMETRIC_REPRESENTATION_CONTEXT(2) 
PARAMETRIC_REPRESENTATION_CONTEXT() REPRESENTATION_CONTEXT('2D SPACE',''
  ) );
#2025 = ADVANCED_FACE('',(#2026),#589,.F.);
#2026 = FACE_BOUND('',#2027,.F.);
#2027 = EDGE_LOOP('',(#2028,#2051,#2052,#2053));
#2028 = ORIENTED_EDGE('',*,*,#2029,.F.);
#2029 = EDGE_CURVE('',#548,#2030,#2032,.T.);
#2030 = VERTEX_POINT('',#2031);
#2031 = CARTESIAN_POINT('',(-18.5,-17.28684210526,16.));
#2032 = SURFACE_CURVE('',#2033,(#2037,#2044),.PCURVE_S1.);
#2033 = LINE('',#2034,#2035);
#2034 = CARTESIAN_POINT('',(-18.5,-17.28684210526,8.));
#2035 = VECTOR('',#2036,1.);
#2036 = DIRECTION('',(0.,0.,1.));
#2037 = PCURVE('',#589,#2038);
#2038 = DEFINITIONAL_REPRESENTATION('',(#2039),#2043);
#2039 = LINE('',#2040,#2041);
#2040 = CARTESIAN_POINT('',(0.,9.));
#2041 = VECTOR('',#2042,1.);
#2042 = DIRECTION('',(1.,0.));
#2043 = ( GEOMETRIC_REPRESENTATION_CONTEXT(2) 
PARAMETRIC_REPRESENTATION_CONTEXT() REPRESENTATION_CONTEXT('2D SPACE',''
  ) );
#2044 = PCURVE('',#563,#2045);
#2045 = DEFINITIONAL_REPRESENTATION('',(#2046),#2050);
#2046 = LINE('',#2047,#2048);
#2047 = CARTESIAN_POINT('',(-18.1223578231,17.286842105263));
#2048 = VECTOR('',#2049,1.);
#2049 = DIRECTION('',(1.,0.));
#2050 = ( GEOMETRIC_REPRESENTATION_CONTEXT(2) 
PARAMETRIC_REPRESENTATION_CONTEXT() REPRESENTATION_CONTEXT('2D SPACE',''
  ) );
#2051 = ORIENTED_EDGE('',*,*,#575,.F.);
#2052 = ORIENTED_EDGE('',*,*,#1958,.T.);
#2053 = ORIENTED_EDGE('',*,*,#2054,.T.);
#2054 = EDGE_CURVE('',#1931,#2030,#2055,.T.);
#2055 = SURFACE_CURVE('',#2056,(#2060,#2066),.PCURVE_S1.);
#2056 = LINE('',#2057,#2058);
#2057 = CARTESIAN_POINT('',(-27.5,-17.28684210526,16.));
#2058 = VECTOR('',#2059,1.);
#2059 = DIRECTION('',(1.,0.,0.));
#2060 = PCURVE('',#589,#2061);
#2061 = DEFINITIONAL_REPRESENTATION('',(#2062),#2065);
#2062 = B_SPLINE_CURVE_WITH_KNOTS('',1,(#2063,#2064),.UNSPECIFIED.,.F.,
  .F.,(2,2),(0.,9.),.PIECEWISE_BEZIER_KNOTS.);
#2063 = CARTESIAN_POINT('',(8.,0.));
#2064 = CARTESIAN_POINT('',(8.,9.));
#2065 = ( GEOMETRIC_REPRESENTATION_CONTEXT(2) 
PARAMETRIC_REPRESENTATION_CONTEXT() REPRESENTATION_CONTEXT('2D SPACE',''
  ) );
#2066 = PCURVE('',#1946,#2067);
#2067 = DEFINITIONAL_REPRESENTATION('',(#2068),#2071);
#2068 = B_SPLINE_CURVE_WITH_KNOTS('',1,(#2069,#2070),.UNSPECIFIED.,.F.,
  .F.,(2,2),(0.,9.),.PIECEWISE_BEZIER_KNOTS.);
#2069 = CARTESIAN_POINT('',(0.,11.213157894737));
#2070 = CARTESIAN_POINT('',(9.,11.213157894737));
#2071 = ( GEOMETRIC_REPRESENTATION_CONTEXT(2) 
PARAMETRIC_REPRESENTATION_CONTEXT() REPRESENTATION_CONTEXT('2D SPACE',''
  ) );
#2072 = ADVANCED_FACE('',(#2073),#563,.T.);
#2073 = FACE_BOUND('',#2074,.T.);
#2074 = EDGE_LOOP('',(#2075,#2076,#2077,#2100,#2123,#2146,#2364,#2387,
    #2410,#2431));
#2075 = ORIENTED_EDGE('',*,*,#547,.F.);
#2076 = ORIENTED_EDGE('',*,*,#1982,.T.);
#2077 = ORIENTED_EDGE('',*,*,#2078,.T.);
#2078 = EDGE_CURVE('',#1983,#2079,#2081,.T.);
#2079 = VERTEX_POINT('',#2080);
#2080 = CARTESIAN_POINT('',(-18.5,28.5,16.));
#2081 = SURFACE_CURVE('',#2082,(#2086,#2093),.PCURVE_S1.);
#2082 = LINE('',#2083,#2084);
#2083 = CARTESIAN_POINT('',(-18.5,15.5,16.));
#2084 = VECTOR('',#2085,1.);
#2085 = DIRECTION('',(0.,1.,0.));
#2086 = PCURVE('',#563,#2087);
#2087 = DEFINITIONAL_REPRESENTATION('',(#2088),#2092);
#2088 = LINE('',#2089,#2090);
#2089 = CARTESIAN_POINT('',(-10.1223578231,-15.5));
#2090 = VECTOR('',#2091,1.);
#2091 = DIRECTION('',(0.,-1.));
#2092 = ( GEOMETRIC_REPRESENTATION_CONTEXT(2) 
PARAMETRIC_REPRESENTATION_CONTEXT() REPRESENTATION_CONTEXT('2D SPACE',''
  ) );
#2093 = PCURVE('',#1580,#2094);
#2094 = DEFINITIONAL_REPRESENTATION('',(#2095),#2099);
#2095 = LINE('',#2096,#2097);
#2096 = CARTESIAN_POINT('',(9.,0.));
#2097 = VECTOR('',#2098,1.);
#2098 = DIRECTION('',(0.,1.));
#2099 = ( GEOMETRIC_REPRESENTATION_CONTEXT(2) 
PARAMETRIC_REPRESENTATION_CONTEXT() REPRESENTATION_CONTEXT('2D SPACE',''
  ) );
#2100 = ORIENTED_EDGE('',*,*,#2101,.T.);
#2101 = EDGE_CURVE('',#2079,#2102,#2104,.T.);
#2102 = VERTEX_POINT('',#2103);
#2103 = CARTESIAN_POINT('',(-18.5,28.5,26.));
#2104 = SURFACE_CURVE('',#2105,(#2109,#2116),.PCURVE_S1.);
#2105 = LINE('',#2106,#2107);
#2106 = CARTESIAN_POINT('',(-18.5,28.5,16.));
#2107 = VECTOR('',#2108,1.);
#2108 = DIRECTION('',(0.,0.,1.));
#2109 = PCURVE('',#563,#2110);
#2110 = DEFINITIONAL_REPRESENTATION('',(#2111),#2115);
#2111 = LINE('',#2112,#2113);
#2112 = CARTESIAN_POINT('',(-10.1223578231,-28.5));
#2113 = VECTOR('',#2114,1.);
#2114 = DIRECTION('',(1.,0.));
#2115 = ( GEOMETRIC_REPRESENTATION_CONTEXT(2) 
PARAMETRIC_REPRESENTATION_CONTEXT() REPRESENTATION_CONTEXT('2D SPACE',''
  ) );
#2116 = PCURVE('',#1608,#2117);
#2117 = DEFINITIONAL_REPRESENTATION('',(#2118),#2122);
#2118 = LINE('',#2119,#2120);
#2119 = CARTESIAN_POINT('',(0.,9.));
#2120 = VECTOR('',#2121,1.);
#2121 = DIRECTION('',(1.,0.));
#2122 = ( GEOMETRIC_REPRESENTATION_CONTEXT(2) 
PARAMETRIC_REPRESENTATION_CONTEXT() REPRESENTATION_CONTEXT('2D SPACE',''
  ) );
#2123 = ORIENTED_EDGE('',*,*,#2124,.F.);
#2124 = EDGE_CURVE('',#2125,#2102,#2127,.T.);
#2125 = VERTEX_POINT('',#2126);
#2126 = CARTESIAN_POINT('',(-18.5,13.286842105263,26.));
#2127 = SURFACE_CURVE('',#2128,(#2132,#2139),.PCURVE_S1.);
#2128 = LINE('',#2129,#2130);
#2129 = CARTESIAN_POINT('',(-18.5,-28.5,26.));
#2130 = VECTOR('',#2131,1.);
#2131 = DIRECTION('',(0.,1.,0.));
#2132 = PCURVE('',#563,#2133);
#2133 = DEFINITIONAL_REPRESENTATION('',(#2134),#2138);
#2134 = LINE('',#2135,#2136);
#2135 = CARTESIAN_POINT('',(-0.122357823109,28.5));
#2136 = VECTOR('',#2137,1.);
#2137 = DIRECTION('',(0.,-1.));
#2138 = ( GEOMETRIC_REPRESENTATION_CONTEXT(2) 
PARAMETRIC_REPRESENTATION_CONTEXT() REPRESENTATION_CONTEXT('2D SPACE',''
  ) );
#2139 = PCURVE('',#1636,#2140);
#2140 = DEFINITIONAL_REPRESENTATION('',(#2141),#2145);
#2141 = LINE('',#2142,#2143);
#2142 = CARTESIAN_POINT('',(31.5,21.5));
#2143 = VECTOR('',#2144,1.);
#2144 = DIRECTION('',(0.,1.));
#2145 = ( GEOMETRIC_REPRESENTATION_CONTEXT(2) 
PARAMETRIC_REPRESENTATION_CONTEXT() REPRESENTATION_CONTEXT('2D SPACE',''
  ) );
#2146 = ORIENTED_EDGE('',*,*,#2147,.T.);
#2147 = EDGE_CURVE('',#2125,#2148,#2150,.T.);
#2148 = VERTEX_POINT('',#2149);
#2149 = CARTESIAN_POINT('',(-18.5,-13.28684210526,26.));
#2150 = SURFACE_CURVE('',#2151,(#2220,#2292),.PCURVE_S1.);
#2151 = B_SPLINE_CURVE_WITH_KNOTS('',7,(#2152,#2153,#2154,#2155,#2156,
    #2157,#2158,#2159,#2160,#2161,#2162,#2163,#2164,#2165,#2166,#2167,
    #2168,#2169,#2170,#2171,#2172,#2173,#2174,#2175,#2176,#2177,#2178,
    #2179,#2180,#2181,#2182,#2183,#2184,#2185,#2186,#2187,#2188,#2189,
    #2190,#2191,#2192,#2193,#2194,#2195,#2196,#2197,#2198,#2199,#2200,
    #2201,#2202,#2203,#2204,#2205,#2206,#2207,#2208,#2209,#2210,#2211,
    #2212,#2213,#2214,#2215,#2216,#2217,#2218,#2219),.UNSPECIFIED.,.F.,
  .F.,(8,6,6,6,6,6,6,6,6,6,6,8),(0.,0.182889287709,0.269436666844,
    0.350512172632,0.39739152907,0.428463518508,0.49999957488,
    0.602605754609,0.649485431486,0.730561491455,0.817109462174,1.),
  .UNSPECIFIED.);
#2152 = CARTESIAN_POINT('',(-18.5,13.286842105263,26.));
#2153 = CARTESIAN_POINT('',(-18.5,13.286842105263,24.870049421336));
#2154 = CARTESIAN_POINT('',(-18.5,13.189158726173,23.740147668863));
#2155 = CARTESIAN_POINT('',(-18.5,12.993807074777,22.620287350862));
#2156 = CARTESIAN_POINT('',(-18.5,12.701461799569,21.520702938296));
#2157 = CARTESIAN_POINT('',(-18.5,12.313663487912,20.451819492492));
#2158 = CARTESIAN_POINT('',(-18.5,11.832915763065,19.424226035376));
#2159 = CARTESIAN_POINT('',(-18.5,10.99324820503,17.986899909904));
#2160 = CARTESIAN_POINT('',(-18.5,10.703573641723,17.536872631879));
#2161 = CARTESIAN_POINT('',(-18.5,10.394354834319,17.099660784896));
#2162 = CARTESIAN_POINT('',(-18.5,10.06607797542,16.676423023039));
#2163 = CARTESIAN_POINT('',(-18.5,9.719310340565,16.268317578454));
#2164 = CARTESIAN_POINT('',(-18.5,9.354710809927,15.876493688284));
#2165 = CARTESIAN_POINT('',(-18.5,8.615500708876,15.151344102917));
#2166 = CARTESIAN_POINT('',(-18.5,8.242975902108,14.815881206886));
#2167 = CARTESIAN_POINT('',(-18.5,7.856098451812,14.496631498699));
#2168 = CARTESIAN_POINT('',(-18.5,7.455574052425,14.19450581868));
#2169 = CARTESIAN_POINT('',(-18.5,7.042185992109,13.91038280886));
#2170 = CARTESIAN_POINT('',(-18.5,6.616802767174,13.645098470133));
#2171 = CARTESIAN_POINT('',(-18.5,5.928046379786,13.257381763408));
#2172 = CARTESIAN_POINT('',(-18.5,5.672014156959,13.121890100983));
#2173 = CARTESIAN_POINT('',(-18.5,5.412478194509,12.99310641578));
#2174 = CARTESIAN_POINT('',(-18.5,5.149632627263,12.871173321102));
#2175 = CARTESIAN_POINT('',(-18.5,4.883680123344,12.756225033847));
#2176 = CARTESIAN_POINT('',(-18.5,4.614832216115,12.648386617856));
#2177 = CARTESIAN_POINT('',(-18.5,4.163342431407,12.481085916499));
#2178 = CARTESIAN_POINT('',(-18.5,3.982199856662,12.417572475518));
#2179 = CARTESIAN_POINT('',(-18.5,3.799946035504,12.357266479848));
#2180 = CARTESIAN_POINT('',(-18.5,3.61664643943,12.300199289911));
#2181 = CARTESIAN_POINT('',(-18.5,3.432367887823,12.246400051004));
#2182 = CARTESIAN_POINT('',(-18.5,3.247178547954,12.195895693297));
#2183 = CARTESIAN_POINT('',(-18.5,2.632855551448,12.040078951172));
#2184 = CARTESIAN_POINT('',(-18.5,2.200095084741,11.949040109025));
#2185 = CARTESIAN_POINT('',(-18.5,1.763727188217,11.875897846315));
#2186 = CARTESIAN_POINT('',(-18.5,1.324629842799,11.820883591873));
#2187 = CARTESIAN_POINT('',(-18.5,0.883698317171,11.784154214275));
#2188 = CARTESIAN_POINT('',(-18.5,0.441845127973,11.765789473684));
#2189 = CARTESIAN_POINT('',(-18.5,-0.633750907049,11.765789473684));
#2190 = CARTESIAN_POINT('',(-18.5,-1.267547631199,11.803570597957));
#2191 = CARTESIAN_POINT('',(-18.5,-1.898603480472,11.879142132171));
#2192 = CARTESIAN_POINT('',(-18.5,-2.524238978626,11.992150389131));
#2193 = CARTESIAN_POINT('',(-18.5,-3.141873727688,12.141936995085));
#2194 = CARTESIAN_POINT('',(-18.5,-3.749024510908,12.327559345064));
#2195 = CARTESIAN_POINT('',(-18.5,-4.614832216111,12.648386617855));
#2196 = CARTESIAN_POINT('',(-18.5,-4.88368012334,12.756225033846));
#2197 = CARTESIAN_POINT('',(-18.5,-5.14963262726,12.8711733211));
#2198 = CARTESIAN_POINT('',(-18.5,-5.412478194506,12.993106415778));
#2199 = CARTESIAN_POINT('',(-18.5,-5.672014156956,13.121890100981));
#2200 = CARTESIAN_POINT('',(-18.5,-5.928046379783,13.257381763406));
#2201 = CARTESIAN_POINT('',(-18.5,-6.616802767172,13.645098470132));
#2202 = CARTESIAN_POINT('',(-18.5,-7.042185992105,13.910382808857));
#2203 = CARTESIAN_POINT('',(-18.5,-7.455574052423,14.194505818678));
#2204 = CARTESIAN_POINT('',(-18.5,-7.85609845181,14.496631498697));
#2205 = CARTESIAN_POINT('',(-18.5,-8.242975902104,14.815881206883));
#2206 = CARTESIAN_POINT('',(-18.5,-8.615500708873,15.151344102915));
#2207 = CARTESIAN_POINT('',(-18.5,-9.354710809924,15.876493688281));
#2208 = CARTESIAN_POINT('',(-18.5,-9.719310340562,16.268317578452));
#2209 = CARTESIAN_POINT('',(-18.5,-10.06607797541,16.676423023037));
#2210 = CARTESIAN_POINT('',(-18.5,-10.39435483431,17.099660784893));
#2211 = CARTESIAN_POINT('',(-18.5,-10.70357364172,17.536872631876));
#2212 = CARTESIAN_POINT('',(-18.5,-10.99324820502,17.986899909901));
#2213 = CARTESIAN_POINT('',(-18.5,-11.83291576306,19.424226035373));
#2214 = CARTESIAN_POINT('',(-18.5,-12.31366348791,20.451819492488));
#2215 = CARTESIAN_POINT('',(-18.5,-12.70146179956,21.520702938302));
#2216 = CARTESIAN_POINT('',(-18.5,-12.99380707477,22.62028735085));
#2217 = CARTESIAN_POINT('',(-18.5,-13.18915872617,23.740147668869));
#2218 = CARTESIAN_POINT('',(-18.5,-13.28684210526,24.870049421334));
#2219 = CARTESIAN_POINT('',(-18.5,-13.28684210526,26.));
#2220 = PCURVE('',#563,#2221);
#2221 = DEFINITIONAL_REPRESENTATION('',(#2222),#2291);
#2222 = B_SPLINE_CURVE_WITH_KNOTS('',7,(#2223,#2224,#2225,#2226,#2227,
    #2228,#2229,#2230,#2231,#2232,#2233,#2234,#2235,#2236,#2237,#2238,
    #2239,#2240,#2241,#2242,#2243,#2244,#2245,#2246,#2247,#2248,#2249,
    #2250,#2251,#2252,#2253,#2254,#2255,#2256,#2257,#2258,#2259,#2260,
    #2261,#2262,#2263,#2264,#2265,#2266,#2267,#2268,#2269,#2270,#2271,
    #2272,#2273,#2274,#2275,#2276,#2277,#2278,#2279,#2280,#2281,#2282,
    #2283,#2284,#2285,#2286,#2287,#2288,#2289,#2290),.UNSPECIFIED.,.F.,
  .F.,(8,6,6,6,6,6,6,6,6,6,6,8),(0.,0.182889287709,0.269436666844,
    0.350512172632,0.39739152907,0.428463518508,0.49999957488,
    0.602605754609,0.649485431486,0.730561491455,0.817109462174,1.),
  .UNSPECIFIED.);
#2223 = CARTESIAN_POINT('',(-0.122357823109,-13.28684210526));
#2224 = CARTESIAN_POINT('',(-1.252308401773,-13.28684210526));
#2225 = CARTESIAN_POINT('',(-2.382210154246,-13.18915872617));
#2226 = CARTESIAN_POINT('',(-3.502070472247,-12.99380707477));
#2227 = CARTESIAN_POINT('',(-4.601654884813,-12.70146179956));
#2228 = CARTESIAN_POINT('',(-5.670538330617,-12.31366348791));
#2229 = CARTESIAN_POINT('',(-6.698131787733,-11.83291576306));
#2230 = CARTESIAN_POINT('',(-8.135457913205,-10.99324820503));
#2231 = CARTESIAN_POINT('',(-8.58548519123,-10.70357364172));
#2232 = CARTESIAN_POINT('',(-9.022697038213,-10.39435483431));
#2233 = CARTESIAN_POINT('',(-9.44593480007,-10.06607797542));
#2234 = CARTESIAN_POINT('',(-9.854040244655,-9.719310340565));
#2235 = CARTESIAN_POINT('',(-10.24586413482,-9.354710809927));
#2236 = CARTESIAN_POINT('',(-10.97101372019,-8.615500708876));
#2237 = CARTESIAN_POINT('',(-11.30647661622,-8.242975902108));
#2238 = CARTESIAN_POINT('',(-11.62572632441,-7.856098451812));
#2239 = CARTESIAN_POINT('',(-11.92785200442,-7.455574052425));
#2240 = CARTESIAN_POINT('',(-12.21197501424,-7.042185992109));
#2241 = CARTESIAN_POINT('',(-12.47725935297,-6.616802767174));
#2242 = CARTESIAN_POINT('',(-12.8649760597,-5.928046379786));
#2243 = CARTESIAN_POINT('',(-13.00046772212,-5.672014156959));
#2244 = CARTESIAN_POINT('',(-13.12925140732,-5.412478194509));
#2245 = CARTESIAN_POINT('',(-13.251184502,-5.149632627263));
#2246 = CARTESIAN_POINT('',(-13.36613278926,-4.883680123344));
#2247 = CARTESIAN_POINT('',(-13.47397120525,-4.614832216115));
#2248 = CARTESIAN_POINT('',(-13.64127190661,-4.163342431407));
#2249 = CARTESIAN_POINT('',(-13.70478534759,-3.982199856662));
#2250 = CARTESIAN_POINT('',(-13.76509134326,-3.799946035504));
#2251 = CARTESIAN_POINT('',(-13.82215853319,-3.61664643943));
#2252 = CARTESIAN_POINT('',(-13.8759577721,-3.432367887823));
#2253 = CARTESIAN_POINT('',(-13.92646212981,-3.247178547954));
#2254 = CARTESIAN_POINT('',(-14.08227887193,-2.632855551448));
#2255 = CARTESIAN_POINT('',(-14.17331771408,-2.200095084741));
#2256 = CARTESIAN_POINT('',(-14.24645997679,-1.763727188217));
#2257 = CARTESIAN_POINT('',(-14.30147423123,-1.324629842799));
#2258 = CARTESIAN_POINT('',(-14.33820360883,-0.883698317171));
#2259 = CARTESIAN_POINT('',(-14.35656834942,-0.441845127973));
#2260 = CARTESIAN_POINT('',(-14.35656834942,0.633750907049));
#2261 = CARTESIAN_POINT('',(-14.31878722515,1.267547631199));
#2262 = CARTESIAN_POINT('',(-14.24321569093,1.898603480472));
#2263 = CARTESIAN_POINT('',(-14.13020743397,2.524238978626));
#2264 = CARTESIAN_POINT('',(-13.98042082802,3.141873727688));
#2265 = CARTESIAN_POINT('',(-13.79479847804,3.749024510908));
#2266 = CARTESIAN_POINT('',(-13.47397120525,4.614832216111));
#2267 = CARTESIAN_POINT('',(-13.36613278926,4.88368012334));
#2268 = CARTESIAN_POINT('',(-13.251184502,5.14963262726));
#2269 = CARTESIAN_POINT('',(-13.12925140733,5.412478194506));
#2270 = CARTESIAN_POINT('',(-13.00046772212,5.672014156956));
#2271 = CARTESIAN_POINT('',(-12.8649760597,5.928046379783));
#2272 = CARTESIAN_POINT('',(-12.47725935297,6.616802767172));
#2273 = CARTESIAN_POINT('',(-12.21197501425,7.042185992105));
#2274 = CARTESIAN_POINT('',(-11.92785200443,7.455574052423));
#2275 = CARTESIAN_POINT('',(-11.62572632441,7.85609845181));
#2276 = CARTESIAN_POINT('',(-11.30647661622,8.242975902104));
#2277 = CARTESIAN_POINT('',(-10.97101372019,8.615500708873));
#2278 = CARTESIAN_POINT('',(-10.24586413482,9.354710809924));
#2279 = CARTESIAN_POINT('',(-9.854040244657,9.719310340562));
#2280 = CARTESIAN_POINT('',(-9.445934800072,10.066077975418));
#2281 = CARTESIAN_POINT('',(-9.022697038216,10.394354834317));
#2282 = CARTESIAN_POINT('',(-8.585485191233,10.703573641721));
#2283 = CARTESIAN_POINT('',(-8.135457913208,10.993248205028));
#2284 = CARTESIAN_POINT('',(-6.698131787736,11.832915763063));
#2285 = CARTESIAN_POINT('',(-5.670538330621,12.313663487912));
#2286 = CARTESIAN_POINT('',(-4.601654884807,12.701461799566));
#2287 = CARTESIAN_POINT('',(-3.502070472259,12.993807074779));
#2288 = CARTESIAN_POINT('',(-2.38221015424,13.189158726172));
#2289 = CARTESIAN_POINT('',(-1.252308401775,13.286842105263));
#2290 = CARTESIAN_POINT('',(-0.122357823109,13.286842105263));
#2291 = ( GEOMETRIC_REPRESENTATION_CONTEXT(2) 
PARAMETRIC_REPRESENTATION_CONTEXT() REPRESENTATION_CONTEXT('2D SPACE',''
  ) );
#2292 = PCURVE('',#1794,#2293);
#2293 = DEFINITIONAL_REPRESENTATION('',(#2294),#2363);
#2294 = B_SPLINE_CURVE_WITH_KNOTS('',7,(#2295,#2296,#2297,#2298,#2299,
    #2300,#2301,#2302,#2303,#2304,#2305,#2306,#2307,#2308,#2309,#2310,
    #2311,#2312,#2313,#2314,#2315,#2316,#2317,#2318,#2319,#2320,#2321,
    #2322,#2323,#2324,#2325,#2326,#2327,#2328,#2329,#2330,#2331,#2332,
    #2333,#2334,#2335,#2336,#2337,#2338,#2339,#2340,#2341,#2342,#2343,
    #2344,#2345,#2346,#2347,#2348,#2349,#2350,#2351,#2352,#2353,#2354,
    #2355,#2356,#2357,#2358,#2359,#2360,#2361,#2362),.UNSPECIFIED.,.F.,
  .F.,(8,6,6,6,6,6,6,6,6,6,6,8),(0.,0.182889287709,0.269436666844,
    0.350512172632,0.39739152907,0.428463518508,0.49999957488,
    0.602605754609,0.649485431486,0.730561491455,0.817109462174,1.),
  .UNSPECIFIED.);
#2295 = CARTESIAN_POINT('',(4.712388980385,-10.));
#2296 = CARTESIAN_POINT('',(4.633006244224,-10.));
#2297 = CARTESIAN_POINT('',(4.553626923821,-10.));
#2298 = CARTESIAN_POINT('',(4.474136081522,-10.));
#2299 = CARTESIAN_POINT('',(4.394435586813,-10.));
#2300 = CARTESIAN_POINT('',(4.314433895972,-10.));
#2301 = CARTESIAN_POINT('',(4.234043419491,-10.));
#2302 = CARTESIAN_POINT('',(4.11492167207,-10.));
#2303 = CARTESIAN_POINT('',(4.076555552814,-10.));
#2304 = CARTESIAN_POINT('',(4.038080833054,-10.));
#2305 = CARTESIAN_POINT('',(3.999492110931,-10.));
#2306 = CARTESIAN_POINT('',(3.960785221743,-10.));
#2307 = CARTESIAN_POINT('',(3.921957579726,-10.));
#2308 = CARTESIAN_POINT('',(3.846521976143,-10.));
#2309 = CARTESIAN_POINT('',(3.809928415642,-10.));
#2310 = CARTESIAN_POINT('',(3.773228061009,-10.));
#2311 = CARTESIAN_POINT('',(3.736421892034,-10.));
#2312 = CARTESIAN_POINT('',(3.699511932398,-10.));
#2313 = CARTESIAN_POINT('',(3.662501857343,-10.));
#2314 = CARTESIAN_POINT('',(3.603943740959,-10.));
#2315 = CARTESIAN_POINT('',(3.582458031383,-10.));
#2316 = CARTESIAN_POINT('',(3.560941965723,-10.));
#2317 = CARTESIAN_POINT('',(3.539396792129,-10.));
#2318 = CARTESIAN_POINT('',(3.517823893285,-10.));
#2319 = CARTESIAN_POINT('',(3.496224845012,-10.));
#2320 = CARTESIAN_POINT('',(3.460269342783,-10.));
#2321 = CARTESIAN_POINT('',(3.445926501517,-10.));
#2322 = CARTESIAN_POINT('',(3.431573464026,-10.));
#2323 = CARTESIAN_POINT('',(3.417210768949,-10.));
#2324 = CARTESIAN_POINT('',(3.402838980617,-10.));
#2325 = CARTESIAN_POINT('',(3.38845868905,-10.));
#2326 = CARTESIAN_POINT('',(3.340945061297,-10.));
#2327 = CARTESIAN_POINT('',(3.307777130378,-10.));
#2328 = CARTESIAN_POINT('',(3.274575311045,-10.));
#2329 = CARTESIAN_POINT('',(3.241347581553,-10.));
#2330 = CARTESIAN_POINT('',(3.208101931842,-10.));
#2331 = CARTESIAN_POINT('',(3.174846990811,-10.));
#2332 = CARTESIAN_POINT('',(3.093895021449,-10.));
#2333 = CARTESIAN_POINT('',(3.046193957689,-10.));
#2334 = CARTESIAN_POINT('',(2.99852186112,-10.));
#2335 = CARTESIAN_POINT('',(2.950903263985,-10.));
#2336 = CARTESIAN_POINT('',(2.903359249421,-10.));
#2337 = CARTESIAN_POINT('',(2.855911193566,-10.));
#2338 = CARTESIAN_POINT('',(2.786960462168,-10.));
#2339 = CARTESIAN_POINT('',(2.765361413895,-10.));
#2340 = CARTESIAN_POINT('',(2.743788515051,-10.));
#2341 = CARTESIAN_POINT('',(2.722243341456,-10.));
#2342 = CARTESIAN_POINT('',(2.700727275797,-10.));
#2343 = CARTESIAN_POINT('',(2.679241566221,-10.));
#2344 = CARTESIAN_POINT('',(2.620683449837,-10.));
#2345 = CARTESIAN_POINT('',(2.583673374782,-10.));
#2346 = CARTESIAN_POINT('',(2.546763415146,-10.));
#2347 = CARTESIAN_POINT('',(2.509957246171,-10.));
#2348 = CARTESIAN_POINT('',(2.473256891538,-10.));
#2349 = CARTESIAN_POINT('',(2.436663331037,-10.));
#2350 = CARTESIAN_POINT('',(2.361227727454,-10.));
#2351 = CARTESIAN_POINT('',(2.322400085436,-10.));
#2352 = CARTESIAN_POINT('',(2.283693196249,-10.));
#2353 = CARTESIAN_POINT('',(2.245104474126,-10.));
#2354 = CARTESIAN_POINT('',(2.206629754366,-10.));
#2355 = CARTESIAN_POINT('',(2.16826363511,-10.));
#2356 = CARTESIAN_POINT('',(2.049141887688,-10.));
#2357 = CARTESIAN_POINT('',(1.968751411208,-10.));
#2358 = CARTESIAN_POINT('',(1.888749720364,-10.));
#2359 = CARTESIAN_POINT('',(1.80904922566,-10.));
#2360 = CARTESIAN_POINT('',(1.729558383357,-10.));
#2361 = CARTESIAN_POINT('',(1.650179062956,-10.));
#2362 = CARTESIAN_POINT('',(1.570796326795,-10.));
#2363 = ( GEOMETRIC_REPRESENTATION_CONTEXT(2) 
PARAMETRIC_REPRESENTATION_CONTEXT() REPRESENTATION_CONTEXT('2D SPACE',''
  ) );
#2364 = ORIENTED_EDGE('',*,*,#2365,.F.);
#2365 = EDGE_CURVE('',#2366,#2148,#2368,.T.);
#2366 = VERTEX_POINT('',#2367);
#2367 = CARTESIAN_POINT('',(-18.5,-28.5,26.));
#2368 = SURFACE_CURVE('',#2369,(#2373,#2380),.PCURVE_S1.);
#2369 = LINE('',#2370,#2371);
#2370 = CARTESIAN_POINT('',(-18.5,-28.5,26.));
#2371 = VECTOR('',#2372,1.);
#2372 = DIRECTION('',(0.,1.,0.));
#2373 = PCURVE('',#563,#2374);
#2374 = DEFINITIONAL_REPRESENTATION('',(#2375),#2379);
#2375 = LINE('',#2376,#2377);
#2376 = CARTESIAN_POINT('',(-0.122357823109,28.5));
#2377 = VECTOR('',#2378,1.);
#2378 = DIRECTION('',(0.,-1.));
#2379 = ( GEOMETRIC_REPRESENTATION_CONTEXT(2) 
PARAMETRIC_REPRESENTATION_CONTEXT() REPRESENTATION_CONTEXT('2D SPACE',''
  ) );
#2380 = PCURVE('',#1890,#2381);
#2381 = DEFINITIONAL_REPRESENTATION('',(#2382),#2386);
#2382 = LINE('',#2383,#2384);
#2383 = CARTESIAN_POINT('',(31.5,21.5));
#2384 = VECTOR('',#2385,1.);
#2385 = DIRECTION('',(0.,1.));
#2386 = ( GEOMETRIC_REPRESENTATION_CONTEXT(2) 
PARAMETRIC_REPRESENTATION_CONTEXT() REPRESENTATION_CONTEXT('2D SPACE',''
  ) );
#2387 = ORIENTED_EDGE('',*,*,#2388,.F.);
#2388 = EDGE_CURVE('',#2389,#2366,#2391,.T.);
#2389 = VERTEX_POINT('',#2390);
#2390 = CARTESIAN_POINT('',(-18.5,-28.5,16.));
#2391 = SURFACE_CURVE('',#2392,(#2396,#2403),.PCURVE_S1.);
#2392 = LINE('',#2393,#2394);
#2393 = CARTESIAN_POINT('',(-18.5,-28.5,16.));
#2394 = VECTOR('',#2395,1.);
#2395 = DIRECTION('',(0.,0.,1.));
#2396 = PCURVE('',#563,#2397);
#2397 = DEFINITIONAL_REPRESENTATION('',(#2398),#2402);
#2398 = LINE('',#2399,#2400);
#2399 = CARTESIAN_POINT('',(-10.1223578231,28.5));
#2400 = VECTOR('',#2401,1.);
#2401 = DIRECTION('',(1.,0.));
#2402 = ( GEOMETRIC_REPRESENTATION_CONTEXT(2) 
PARAMETRIC_REPRESENTATION_CONTEXT() REPRESENTATION_CONTEXT('2D SPACE',''
  ) );
#2403 = PCURVE('',#1918,#2404);
#2404 = DEFINITIONAL_REPRESENTATION('',(#2405),#2409);
#2405 = LINE('',#2406,#2407);
#2406 = CARTESIAN_POINT('',(0.,9.));
#2407 = VECTOR('',#2408,1.);
#2408 = DIRECTION('',(1.,0.));
#2409 = ( GEOMETRIC_REPRESENTATION_CONTEXT(2) 
PARAMETRIC_REPRESENTATION_CONTEXT() REPRESENTATION_CONTEXT('2D SPACE',''
  ) );
#2410 = ORIENTED_EDGE('',*,*,#2411,.T.);
#2411 = EDGE_CURVE('',#2389,#2030,#2412,.T.);
#2412 = SURFACE_CURVE('',#2413,(#2417,#2424),.PCURVE_S1.);
#2413 = LINE('',#2414,#2415);
#2414 = CARTESIAN_POINT('',(-18.5,-28.5,16.));
#2415 = VECTOR('',#2416,1.);
#2416 = DIRECTION('',(0.,1.,0.));
#2417 = PCURVE('',#563,#2418);
#2418 = DEFINITIONAL_REPRESENTATION('',(#2419),#2423);
#2419 = LINE('',#2420,#2421);
#2420 = CARTESIAN_POINT('',(-10.1223578231,28.5));
#2421 = VECTOR('',#2422,1.);
#2422 = DIRECTION('',(0.,-1.));
#2423 = ( GEOMETRIC_REPRESENTATION_CONTEXT(2) 
PARAMETRIC_REPRESENTATION_CONTEXT() REPRESENTATION_CONTEXT('2D SPACE',''
  ) );
#2424 = PCURVE('',#1946,#2425);
#2425 = DEFINITIONAL_REPRESENTATION('',(#2426),#2430);
#2426 = LINE('',#2427,#2428);
#2427 = CARTESIAN_POINT('',(9.,0.));
#2428 = VECTOR('',#2429,1.);
#2429 = DIRECTION('',(0.,1.));
#2430 = ( GEOMETRIC_REPRESENTATION_CONTEXT(2) 
PARAMETRIC_REPRESENTATION_CONTEXT() REPRESENTATION_CONTEXT('2D SPACE',''
  ) );
#2431 = ORIENTED_EDGE('',*,*,#2029,.F.);
#2432 = ADVANCED_FACE('',(#2433),#621,.F.);
#2433 = FACE_BOUND('',#2434,.F.);
#2434 = EDGE_LOOP('',(#2435,#2436,#2459,#2487,#2515,#2543,#2769,#2797,
    #2825,#2853));
#2435 = ORIENTED_EDGE('',*,*,#603,.T.);
#2436 = ORIENTED_EDGE('',*,*,#2437,.T.);
#2437 = EDGE_CURVE('',#606,#2438,#2440,.T.);
#2438 = VERTEX_POINT('',#2439);
#2439 = CARTESIAN_POINT('',(18.5,16.681578947368,16.));
#2440 = SURFACE_CURVE('',#2441,(#2445,#2452),.PCURVE_S1.);
#2441 = LINE('',#2442,#2443);
#2442 = CARTESIAN_POINT('',(18.5,16.681578947368,8.));
#2443 = VECTOR('',#2444,1.);
#2444 = DIRECTION('',(0.,0.,1.));
#2445 = PCURVE('',#621,#2446);
#2446 = DEFINITIONAL_REPRESENTATION('',(#2447),#2451);
#2447 = LINE('',#2448,#2449);
#2448 = CARTESIAN_POINT('',(-18.10640197485,-16.68157894736));
#2449 = VECTOR('',#2450,1.);
#2450 = DIRECTION('',(1.,0.));
#2451 = ( GEOMETRIC_REPRESENTATION_CONTEXT(2) 
PARAMETRIC_REPRESENTATION_CONTEXT() REPRESENTATION_CONTEXT('2D SPACE',''
  ) );
#2452 = PCURVE('',#649,#2453);
#2453 = DEFINITIONAL_REPRESENTATION('',(#2454),#2458);
#2454 = LINE('',#2455,#2456);
#2455 = CARTESIAN_POINT('',(0.,0.));
#2456 = VECTOR('',#2457,1.);
#2457 = DIRECTION('',(1.,0.));
#2458 = ( GEOMETRIC_REPRESENTATION_CONTEXT(2) 
PARAMETRIC_REPRESENTATION_CONTEXT() REPRESENTATION_CONTEXT('2D SPACE',''
  ) );
#2459 = ORIENTED_EDGE('',*,*,#2460,.T.);
#2460 = EDGE_CURVE('',#2438,#2461,#2463,.T.);
#2461 = VERTEX_POINT('',#2462);
#2462 = CARTESIAN_POINT('',(18.5,28.5,16.));
#2463 = SURFACE_CURVE('',#2464,(#2468,#2475),.PCURVE_S1.);
#2464 = LINE('',#2465,#2466);
#2465 = CARTESIAN_POINT('',(18.5,15.5,16.));
#2466 = VECTOR('',#2467,1.);
#2467 = DIRECTION('',(0.,1.,0.));
#2468 = PCURVE('',#621,#2469);
#2469 = DEFINITIONAL_REPRESENTATION('',(#2470),#2474);
#2470 = LINE('',#2471,#2472);
#2471 = CARTESIAN_POINT('',(-10.10640197485,-15.5));
#2472 = VECTOR('',#2473,1.);
#2473 = DIRECTION('',(0.,-1.));
#2474 = ( GEOMETRIC_REPRESENTATION_CONTEXT(2) 
PARAMETRIC_REPRESENTATION_CONTEXT() REPRESENTATION_CONTEXT('2D SPACE',''
  ) );
#2475 = PCURVE('',#2476,#2481);
#2476 = PLANE('',#2477);
#2477 = AXIS2_PLACEMENT_3D('',#2478,#2479,#2480);
#2478 = CARTESIAN_POINT('',(18.5,15.5,16.));
#2479 = DIRECTION('',(0.,0.,1.));
#2480 = DIRECTION('',(1.,0.,0.));
#2481 = DEFINITIONAL_REPRESENTATION('',(#2482),#2486);
#2482 = LINE('',#2483,#2484);
#2483 = CARTESIAN_POINT('',(0.,0.));
#2484 = VECTOR('',#2485,1.);
#2485 = DIRECTION('',(0.,1.));
#2486 = ( GEOMETRIC_REPRESENTATION_CONTEXT(2) 
PARAMETRIC_REPRESENTATION_CONTEXT() REPRESENTATION_CONTEXT('2D SPACE',''
  ) );
#2487 = ORIENTED_EDGE('',*,*,#2488,.T.);
#2488 = EDGE_CURVE('',#2461,#2489,#2491,.T.);
#2489 = VERTEX_POINT('',#2490);
#2490 = CARTESIAN_POINT('',(18.5,28.5,26.));
#2491 = SURFACE_CURVE('',#2492,(#2496,#2503),.PCURVE_S1.);
#2492 = LINE('',#2493,#2494);
#2493 = CARTESIAN_POINT('',(18.5,28.5,16.));
#2494 = VECTOR('',#2495,1.);
#2495 = DIRECTION('',(0.,0.,1.));
#2496 = PCURVE('',#621,#2497);
#2497 = DEFINITIONAL_REPRESENTATION('',(#2498),#2502);
#2498 = LINE('',#2499,#2500);
#2499 = CARTESIAN_POINT('',(-10.10640197485,-28.5));
#2500 = VECTOR('',#2501,1.);
#2501 = DIRECTION('',(1.,0.));
#2502 = ( GEOMETRIC_REPRESENTATION_CONTEXT(2) 
PARAMETRIC_REPRESENTATION_CONTEXT() REPRESENTATION_CONTEXT('2D SPACE',''
  ) );
#2503 = PCURVE('',#2504,#2509);
#2504 = PLANE('',#2505);
#2505 = AXIS2_PLACEMENT_3D('',#2506,#2507,#2508);
#2506 = CARTESIAN_POINT('',(18.5,28.5,16.));
#2507 = DIRECTION('',(0.,1.,0.));
#2508 = DIRECTION('',(0.,0.,1.));
#2509 = DEFINITIONAL_REPRESENTATION('',(#2510),#2514);
#2510 = LINE('',#2511,#2512);
#2511 = CARTESIAN_POINT('',(0.,0.));
#2512 = VECTOR('',#2513,1.);
#2513 = DIRECTION('',(1.,0.));
#2514 = ( GEOMETRIC_REPRESENTATION_CONTEXT(2) 
PARAMETRIC_REPRESENTATION_CONTEXT() REPRESENTATION_CONTEXT('2D SPACE',''
  ) );
#2515 = ORIENTED_EDGE('',*,*,#2516,.F.);
#2516 = EDGE_CURVE('',#2517,#2489,#2519,.T.);
#2517 = VERTEX_POINT('',#2518);
#2518 = CARTESIAN_POINT('',(18.5,12.681578947368,26.));
#2519 = SURFACE_CURVE('',#2520,(#2524,#2531),.PCURVE_S1.);
#2520 = LINE('',#2521,#2522);
#2521 = CARTESIAN_POINT('',(18.5,-28.5,26.));
#2522 = VECTOR('',#2523,1.);
#2523 = DIRECTION('',(0.,1.,0.));
#2524 = PCURVE('',#621,#2525);
#2525 = DEFINITIONAL_REPRESENTATION('',(#2526),#2530);
#2526 = LINE('',#2527,#2528);
#2527 = CARTESIAN_POINT('',(-0.106401974852,28.5));
#2528 = VECTOR('',#2529,1.);
#2529 = DIRECTION('',(0.,-1.));
#2530 = ( GEOMETRIC_REPRESENTATION_CONTEXT(2) 
PARAMETRIC_REPRESENTATION_CONTEXT() REPRESENTATION_CONTEXT('2D SPACE',''
  ) );
#2531 = PCURVE('',#2532,#2537);
#2532 = PLANE('',#2533);
#2533 = AXIS2_PLACEMENT_3D('',#2534,#2535,#2536);
#2534 = CARTESIAN_POINT('',(-50.,-50.,26.));
#2535 = DIRECTION('',(0.,0.,1.));
#2536 = DIRECTION('',(1.,0.,0.));
#2537 = DEFINITIONAL_REPRESENTATION('',(#2538),#2542);
#2538 = LINE('',#2539,#2540);
#2539 = CARTESIAN_POINT('',(68.5,21.5));
#2540 = VECTOR('',#2541,1.);
#2541 = DIRECTION('',(0.,1.));
#2542 = ( GEOMETRIC_REPRESENTATION_CONTEXT(2) 
PARAMETRIC_REPRESENTATION_CONTEXT() REPRESENTATION_CONTEXT('2D SPACE',''
  ) );
#2543 = ORIENTED_EDGE('',*,*,#2544,.T.);
#2544 = EDGE_CURVE('',#2517,#2545,#2547,.T.);
#2545 = VERTEX_POINT('',#2546);
#2546 = CARTESIAN_POINT('',(18.5,-12.68157894736,26.));
#2547 = SURFACE_CURVE('',#2548,(#2617,#2689),.PCURVE_S1.);
#2548 = B_SPLINE_CURVE_WITH_KNOTS('',7,(#2549,#2550,#2551,#2552,#2553,
    #2554,#2555,#2556,#2557,#2558,#2559,#2560,#2561,#2562,#2563,#2564,
    #2565,#2566,#2567,#2568,#2569,#2570,#2571,#2572,#2573,#2574,#2575,
    #2576,#2577,#2578,#2579,#2580,#2581,#2582,#2583,#2584,#2585,#2586,
    #2587,#2588,#2589,#2590,#2591,#2592,#2593,#2594,#2595,#2596,#2597,
    #2598,#2599,#2600,#2601,#2602,#2603,#2604,#2605,#2606,#2607,#2608,
    #2609,#2610,#2611,#2612,#2613,#2614,#2615,#2616),.UNSPECIFIED.,.F.,
  .F.,(8,6,6,6,6,6,6,6,6,6,6,8),(0.,0.182480231288,0.266984792069,
    0.348166993804,0.397105211679,0.428255387757,0.499999684658,
    0.60289239009,0.651830903517,0.733013595534,0.817518666662,1.),
  .UNSPECIFIED.);
#2549 = CARTESIAN_POINT('',(18.5,12.681578947368,26.));
#2550 = CARTESIAN_POINT('',(18.5,12.681578947369,24.927173743392));
#2551 = CARTESIAN_POINT('',(18.5,12.588252712571,23.85437298234));
#2552 = CARTESIAN_POINT('',(18.5,12.401608447685,22.791245566126));
#2553 = CARTESIAN_POINT('',(18.5,12.122362470894,21.747620092718));
#2554 = CARTESIAN_POINT('',(18.5,11.752098352092,20.733463454473));
#2555 = CARTESIAN_POINT('',(18.5,11.293352628724,19.758857295692));
#2556 = CARTESIAN_POINT('',(18.5,10.498225345569,18.405578339118));
#2557 = CARTESIAN_POINT('',(18.5,10.22840169881,17.987916879683));
#2558 = CARTESIAN_POINT('',(18.5,9.940812048137,17.581944863139));
#2559 = CARTESIAN_POINT('',(18.5,9.635906137379,17.188683177263));
#2560 = CARTESIAN_POINT('',(18.5,9.314203363358,16.809148398334));
#2561 = CARTESIAN_POINT('',(18.5,8.976301005058,16.444346067644));
#2562 = CARTESIAN_POINT('',(18.5,8.283358811222,15.759906288209));
#2563 = CARTESIAN_POINT('',(18.5,7.929510320827,15.439052490583));
#2564 = CARTESIAN_POINT('',(18.5,7.561949392248,15.133583006112));
#2565 = CARTESIAN_POINT('',(18.5,7.181354275815,14.8443536439));
#2566 = CARTESIAN_POINT('',(18.5,6.78847549862,14.572186445097));
#2567 = CARTESIAN_POINT('',(18.5,6.384142301598,14.31786053682));
#2568 = CARTESIAN_POINT('',(18.5,5.719175388048,13.939983726715));
#2569 = CARTESIAN_POINT('',(18.5,5.465249791952,13.804610915571));
#2570 = CARTESIAN_POINT('',(18.5,5.207692297168,13.676143384694));
#2571 = CARTESIAN_POINT('',(18.5,4.94671164291,13.554731436209));
#2572 = CARTESIAN_POINT('',(18.5,4.682525645613,13.440516047234));
#2573 = CARTESIAN_POINT('',(18.5,4.415361545812,13.333628074804));
#2574 = CARTESIAN_POINT('',(18.5,3.973656183652,13.170891477203));
#2575 = CARTESIAN_POINT('',(18.5,3.800745090248,13.110612676863));
#2576 = CARTESIAN_POINT('',(18.5,3.626784038734,13.053382016138));
#2577 = CARTESIAN_POINT('',(18.5,3.451835197977,12.999228389919));
#2578 = CARTESIAN_POINT('',(18.5,3.275961941785,12.948178631619));
#2579 = CARTESIAN_POINT('',(18.5,3.099228848909,12.900257513183));
#2580 = CARTESIAN_POINT('',(18.5,2.512825675204,12.752375148628));
#2581 = CARTESIAN_POINT('',(18.5,2.099729525048,12.665977334885));
#2582 = CARTESIAN_POINT('',(18.5,1.683227918386,12.59657340259));
#2583 = CARTESIAN_POINT('',(18.5,1.264150978175,12.544375938158));
#2584 = CARTESIAN_POINT('',(18.5,0.84334422533,12.509528860053));
#2585 = CARTESIAN_POINT('',(18.5,0.421668519523,12.492105263158));
#2586 = CARTESIAN_POINT('',(18.5,-0.604739563191,12.492105263158));
#2587 = CARTESIAN_POINT('',(18.5,-1.209520171378,12.527941757774));
#2588 = CARTESIAN_POINT('',(18.5,-1.811718703369,12.599623032252));
#2589 = CARTESIAN_POINT('',(18.5,-2.408807369582,12.706825433019));
#2590 = CARTESIAN_POINT('',(18.5,-2.998346595107,12.848944965334));
#2591 = CARTESIAN_POINT('',(18.5,-3.577983554027,13.025114624521));
#2592 = CARTESIAN_POINT('',(18.5,-4.415361545809,13.333628074803));
#2593 = CARTESIAN_POINT('',(18.5,-4.682525645609,13.440516047233));
#2594 = CARTESIAN_POINT('',(18.5,-4.946711642907,13.554731436208));
#2595 = CARTESIAN_POINT('',(18.5,-5.207692297165,13.676143384693));
#2596 = CARTESIAN_POINT('',(18.5,-5.465249791948,13.804610915569));
#2597 = CARTESIAN_POINT('',(18.5,-5.719175388045,13.939983726714));
#2598 = CARTESIAN_POINT('',(18.5,-6.384142301595,14.317860536818));
#2599 = CARTESIAN_POINT('',(18.5,-6.788475498617,14.572186445095));
#2600 = CARTESIAN_POINT('',(18.5,-7.181354275812,14.844353643898));
#2601 = CARTESIAN_POINT('',(18.5,-7.561949392246,15.133583006109));
#2602 = CARTESIAN_POINT('',(18.5,-7.929510320824,15.439052490581));
#2603 = CARTESIAN_POINT('',(18.5,-8.283358811219,15.759906288206));
#2604 = CARTESIAN_POINT('',(18.5,-8.976301005056,16.444346067641));
#2605 = CARTESIAN_POINT('',(18.5,-9.314203363356,16.809148398331));
#2606 = CARTESIAN_POINT('',(18.5,-9.635906137377,17.18868317726));
#2607 = CARTESIAN_POINT('',(18.5,-9.940812048135,17.581944863136));
#2608 = CARTESIAN_POINT('',(18.5,-10.2284016988,17.98791687968));
#2609 = CARTESIAN_POINT('',(18.5,-10.49822534556,18.405578339115));
#2610 = CARTESIAN_POINT('',(18.5,-11.29335262872,19.758857295693));
#2611 = CARTESIAN_POINT('',(18.5,-11.75209835208,20.733463454456));
#2612 = CARTESIAN_POINT('',(18.5,-12.1223624709,21.74762009274));
#2613 = CARTESIAN_POINT('',(18.5,-12.40160844767,22.791245566102));
#2614 = CARTESIAN_POINT('',(18.5,-12.58825271257,23.85437298235));
#2615 = CARTESIAN_POINT('',(18.5,-12.68157894736,24.927173743389));
#2616 = CARTESIAN_POINT('',(18.5,-12.68157894736,26.));
#2617 = PCURVE('',#621,#2618);
#2618 = DEFINITIONAL_REPRESENTATION('',(#2619),#2688);
#2619 = B_SPLINE_CURVE_WITH_KNOTS('',7,(#2620,#2621,#2622,#2623,#2624,
    #2625,#2626,#2627,#2628,#2629,#2630,#2631,#2632,#2633,#2634,#2635,
    #2636,#2637,#2638,#2639,#2640,#2641,#2642,#2643,#2644,#2645,#2646,
    #2647,#2648,#2649,#2650,#2651,#2652,#2653,#2654,#2655,#2656,#2657,
    #2658,#2659,#2660,#2661,#2662,#2663,#2664,#2665,#2666,#2667,#2668,
    #2669,#2670,#2671,#2672,#2673,#2674,#2675,#2676,#2677,#2678,#2679,
    #2680,#2681,#2682,#2683,#2684,#2685,#2686,#2687),.UNSPECIFIED.,.F.,
  .F.,(8,6,6,6,6,6,6,6,6,6,6,8),(0.,0.182480231288,0.266984792069,
    0.348166993804,0.397105211679,0.428255387757,0.499999684658,
    0.60289239009,0.651830903517,0.733013595534,0.817518666662,1.),
  .UNSPECIFIED.);
#2620 = CARTESIAN_POINT('',(-0.106401974852,-12.68157894736));
#2621 = CARTESIAN_POINT('',(-1.17922823146,-12.68157894736));
#2622 = CARTESIAN_POINT('',(-2.252028992513,-12.58825271257));
#2623 = CARTESIAN_POINT('',(-3.315156408727,-12.40160844768));
#2624 = CARTESIAN_POINT('',(-4.358781882135,-12.12236247089));
#2625 = CARTESIAN_POINT('',(-5.372938520379,-11.75209835209));
#2626 = CARTESIAN_POINT('',(-6.347544679161,-11.29335262872));
#2627 = CARTESIAN_POINT('',(-7.700823635734,-10.49822534556));
#2628 = CARTESIAN_POINT('',(-8.11848509517,-10.22840169881));
#2629 = CARTESIAN_POINT('',(-8.524457111714,-9.940812048137));
#2630 = CARTESIAN_POINT('',(-8.91771879759,-9.635906137379));
#2631 = CARTESIAN_POINT('',(-9.297253576518,-9.314203363358));
#2632 = CARTESIAN_POINT('',(-9.662055907209,-8.976301005058));
#2633 = CARTESIAN_POINT('',(-10.34649568664,-8.283358811222));
#2634 = CARTESIAN_POINT('',(-10.66734948426,-7.929510320827));
#2635 = CARTESIAN_POINT('',(-10.97281896874,-7.561949392248));
#2636 = CARTESIAN_POINT('',(-11.26204833095,-7.181354275815));
#2637 = CARTESIAN_POINT('',(-11.53421552975,-6.78847549862));
#2638 = CARTESIAN_POINT('',(-11.78854143803,-6.384142301598));
#2639 = CARTESIAN_POINT('',(-12.16641824813,-5.719175388048));
#2640 = CARTESIAN_POINT('',(-12.30179105928,-5.465249791952));
#2641 = CARTESIAN_POINT('',(-12.43025859015,-5.207692297168));
#2642 = CARTESIAN_POINT('',(-12.55167053864,-4.94671164291));
#2643 = CARTESIAN_POINT('',(-12.66588592761,-4.682525645613));
#2644 = CARTESIAN_POINT('',(-12.77277390004,-4.415361545812));
#2645 = CARTESIAN_POINT('',(-12.93551049764,-3.973656183652));
#2646 = CARTESIAN_POINT('',(-12.99578929798,-3.800745090248));
#2647 = CARTESIAN_POINT('',(-13.05301995871,-3.626784038734));
#2648 = CARTESIAN_POINT('',(-13.10717358493,-3.451835197977));
#2649 = CARTESIAN_POINT('',(-13.15822334323,-3.275961941785));
#2650 = CARTESIAN_POINT('',(-13.20614446167,-3.099228848909));
#2651 = CARTESIAN_POINT('',(-13.35402682622,-2.512825675204));
#2652 = CARTESIAN_POINT('',(-13.44042463996,-2.099729525048));
#2653 = CARTESIAN_POINT('',(-13.50982857226,-1.683227918386));
#2654 = CARTESIAN_POINT('',(-13.56202603669,-1.264150978175));
#2655 = CARTESIAN_POINT('',(-13.5968731148,-0.84334422533));
#2656 = CARTESIAN_POINT('',(-13.61429671169,-0.421668519523));
#2657 = CARTESIAN_POINT('',(-13.61429671169,0.604739563191));
#2658 = CARTESIAN_POINT('',(-13.57846021707,1.209520171378));
#2659 = CARTESIAN_POINT('',(-13.5067789426,1.811718703369));
#2660 = CARTESIAN_POINT('',(-13.39957654183,2.408807369582));
#2661 = CARTESIAN_POINT('',(-13.25745700951,2.998346595107));
#2662 = CARTESIAN_POINT('',(-13.08128735033,3.577983554027));
#2663 = CARTESIAN_POINT('',(-12.77277390005,4.415361545809));
#2664 = CARTESIAN_POINT('',(-12.66588592762,4.682525645609));
#2665 = CARTESIAN_POINT('',(-12.55167053864,4.946711642907));
#2666 = CARTESIAN_POINT('',(-12.43025859016,5.207692297165));
#2667 = CARTESIAN_POINT('',(-12.30179105928,5.465249791948));
#2668 = CARTESIAN_POINT('',(-12.16641824813,5.719175388045));
#2669 = CARTESIAN_POINT('',(-11.78854143803,6.384142301595));
#2670 = CARTESIAN_POINT('',(-11.53421552975,6.788475498617));
#2671 = CARTESIAN_POINT('',(-11.26204833095,7.181354275812));
#2672 = CARTESIAN_POINT('',(-10.97281896874,7.561949392246));
#2673 = CARTESIAN_POINT('',(-10.66734948427,7.929510320824));
#2674 = CARTESIAN_POINT('',(-10.34649568664,8.283358811219));
#2675 = CARTESIAN_POINT('',(-9.662055907211,8.976301005056));
#2676 = CARTESIAN_POINT('',(-9.297253576521,9.314203363356));
#2677 = CARTESIAN_POINT('',(-8.917718797592,9.635906137377));
#2678 = CARTESIAN_POINT('',(-8.524457111716,9.940812048135));
#2679 = CARTESIAN_POINT('',(-8.118485095173,10.228401698808));
#2680 = CARTESIAN_POINT('',(-7.700823635737,10.498225345567));
#2681 = CARTESIAN_POINT('',(-6.34754467916,11.293352628725));
#2682 = CARTESIAN_POINT('',(-5.372938520396,11.752098352084));
#2683 = CARTESIAN_POINT('',(-4.358781882112,12.122362470904));
#2684 = CARTESIAN_POINT('',(-3.31515640875,12.401608447678));
#2685 = CARTESIAN_POINT('',(-2.252028992503,12.588252712573));
#2686 = CARTESIAN_POINT('',(-1.179228231463,12.681578947368));
#2687 = CARTESIAN_POINT('',(-0.106401974852,12.681578947368));
#2688 = ( GEOMETRIC_REPRESENTATION_CONTEXT(2) 
PARAMETRIC_REPRESENTATION_CONTEXT() REPRESENTATION_CONTEXT('2D SPACE',''
  ) );
#2689 = PCURVE('',#2690,#2698);
#2690 = SURFACE_OF_LINEAR_EXTRUSION('',#2691,#2696);
#2691 = ELLIPSE('',#2692,13.507894736842,12.681578947368);
#2692 = AXIS2_PLACEMENT_3D('',#2693,#2694,#2695);
#2693 = CARTESIAN_POINT('',(17.5,0.,26.));
#2694 = DIRECTION('',(1.,0.,-0.));
#2695 = DIRECTION('',(0.,1.110223024625E-16,1.));
#2696 = VECTOR('',#2697,1.);
#2697 = DIRECTION('',(-1.,-0.,-0.));
#2698 = DEFINITIONAL_REPRESENTATION('',(#2699),#2768);
#2699 = B_SPLINE_CURVE_WITH_KNOTS('',7,(#2700,#2701,#2702,#2703,#2704,
    #2705,#2706,#2707,#2708,#2709,#2710,#2711,#2712,#2713,#2714,#2715,
    #2716,#2717,#2718,#2719,#2720,#2721,#2722,#2723,#2724,#2725,#2726,
    #2727,#2728,#2729,#2730,#2731,#2732,#2733,#2734,#2735,#2736,#2737,
    #2738,#2739,#2740,#2741,#2742,#2743,#2744,#2745,#2746,#2747,#2748,
    #2749,#2750,#2751,#2752,#2753,#2754,#2755,#2756,#2757,#2758,#2759,
    #2760,#2761,#2762,#2763,#2764,#2765,#2766,#2767),.UNSPECIFIED.,.F.,
  .F.,(8,6,6,6,6,6,6,6,6,6,6,8),(0.,0.182480231288,0.266984792069,
    0.348166993804,0.397105211679,0.428255387757,0.499999684658,
    0.60289239009,0.651830903517,0.733013595534,0.817518666662,1.),
  .UNSPECIFIED.);
#2700 = CARTESIAN_POINT('',(4.712388980385,-1.));
#2701 = CARTESIAN_POINT('',(4.632966814495,-1.));
#2702 = CARTESIAN_POINT('',(4.553546521498,-1.));
#2703 = CARTESIAN_POINT('',(4.474024169821,-1.));
#2704 = CARTESIAN_POINT('',(4.394308888811,-1.));
#2705 = CARTESIAN_POINT('',(4.314315897494,-1.));
#2706 = CARTESIAN_POINT('',(4.233964415147,-1.));
#2707 = CARTESIAN_POINT('',(4.115777667446,-1.));
#2708 = CARTESIAN_POINT('',(4.078280020921,-1.));
#2709 = CARTESIAN_POINT('',(4.040687285761,-1.));
#2710 = CARTESIAN_POINT('',(4.002994906705,-1.));
#2711 = CARTESIAN_POINT('',(3.965199356885,-1.));
#2712 = CARTESIAN_POINT('',(3.927298458776,-1.));
#2713 = CARTESIAN_POINT('',(3.852779215024,-1.));
#2714 = CARTESIAN_POINT('',(3.816168520923,-1.));
#2715 = CARTESIAN_POINT('',(3.779459930071,-1.));
#2716 = CARTESIAN_POINT('',(3.742654216486,-1.));
#2717 = CARTESIAN_POINT('',(3.705753193653,-1.));
#2718 = CARTESIAN_POINT('',(3.668760287194,-1.));
#2719 = CARTESIAN_POINT('',(3.609329053365,-1.));
#2720 = CARTESIAN_POINT('',(3.586945492715,-1.));
#2721 = CARTESIAN_POINT('',(3.564531639487,-1.));
#2722 = CARTESIAN_POINT('',(3.542088777751,-1.));
#2723 = CARTESIAN_POINT('',(3.519618330327,-1.));
#2724 = CARTESIAN_POINT('',(3.497121927356,-1.));
#2725 = CARTESIAN_POINT('',(3.460266746498,-1.));
#2726 = CARTESIAN_POINT('',(3.445922248841,-1.));
#2727 = CARTESIAN_POINT('',(3.431568453007,-1.));
#2728 = CARTESIAN_POINT('',(3.417205852956,-1.));
#2729 = CARTESIAN_POINT('',(3.402834965505,-1.));
#2730 = CARTESIAN_POINT('',(3.388456330328,-1.));
#2731 = CARTESIAN_POINT('',(3.340937452685,-1.));
#2732 = CARTESIAN_POINT('',(3.30776565256,-1.));
#2733 = CARTESIAN_POINT('',(3.274562989022,-1.));
#2734 = CARTESIAN_POINT('',(3.241336738179,-1.));
#2735 = CARTESIAN_POINT('',(3.208094167125,-1.));
#2736 = CARTESIAN_POINT('',(3.174843128256,-1.));
#2737 = CARTESIAN_POINT('',(3.093906197061,-1.));
#2738 = CARTESIAN_POINT('',(3.046216519892,-1.));
#2739 = CARTESIAN_POINT('',(2.998553261437,-1.));
#2740 = CARTESIAN_POINT('',(2.950938738978,-1.));
#2741 = CARTESIAN_POINT('',(2.903392094626,-1.));
#2742 = CARTESIAN_POINT('',(2.855932844806,-1.));
#2743 = CARTESIAN_POINT('',(2.786063379824,-1.));
#2744 = CARTESIAN_POINT('',(2.763566976853,-1.));
#2745 = CARTESIAN_POINT('',(2.741096529429,-1.));
#2746 = CARTESIAN_POINT('',(2.718653667693,-1.));
#2747 = CARTESIAN_POINT('',(2.696239814465,-1.));
#2748 = CARTESIAN_POINT('',(2.673856253815,-1.));
#2749 = CARTESIAN_POINT('',(2.614425019986,-1.));
#2750 = CARTESIAN_POINT('',(2.577432113527,-1.));
#2751 = CARTESIAN_POINT('',(2.540531090694,-1.));
#2752 = CARTESIAN_POINT('',(2.503725377109,-1.));
#2753 = CARTESIAN_POINT('',(2.467016786257,-1.));
#2754 = CARTESIAN_POINT('',(2.430406092156,-1.));
#2755 = CARTESIAN_POINT('',(2.355886848404,-1.));
#2756 = CARTESIAN_POINT('',(2.317985950294,-1.));
#2757 = CARTESIAN_POINT('',(2.280190400475,-1.));
#2758 = CARTESIAN_POINT('',(2.242498021419,-1.));
#2759 = CARTESIAN_POINT('',(2.204905286259,-1.));
#2760 = CARTESIAN_POINT('',(2.167407639733,-1.));
#2761 = CARTESIAN_POINT('',(2.049220892033,-1.));
#2762 = CARTESIAN_POINT('',(1.968869409687,-1.));
#2763 = CARTESIAN_POINT('',(1.888876418367,-1.));
#2764 = CARTESIAN_POINT('',(1.809161137362,-1.));
#2765 = CARTESIAN_POINT('',(1.72963878568,-1.));
#2766 = CARTESIAN_POINT('',(1.650218492685,-1.));
#2767 = CARTESIAN_POINT('',(1.570796326795,-1.));
#2768 = ( GEOMETRIC_REPRESENTATION_CONTEXT(2) 
PARAMETRIC_REPRESENTATION_CONTEXT() REPRESENTATION_CONTEXT('2D SPACE',''
  ) );
#2769 = ORIENTED_EDGE('',*,*,#2770,.F.);
#2770 = EDGE_CURVE('',#2771,#2545,#2773,.T.);
#2771 = VERTEX_POINT('',#2772);
#2772 = CARTESIAN_POINT('',(18.5,-28.5,26.));
#2773 = SURFACE_CURVE('',#2774,(#2778,#2785),.PCURVE_S1.);
#2774 = LINE('',#2775,#2776);
#2775 = CARTESIAN_POINT('',(18.5,-28.5,26.));
#2776 = VECTOR('',#2777,1.);
#2777 = DIRECTION('',(0.,1.,0.));
#2778 = PCURVE('',#621,#2779);
#2779 = DEFINITIONAL_REPRESENTATION('',(#2780),#2784);
#2780 = LINE('',#2781,#2782);
#2781 = CARTESIAN_POINT('',(-0.106401974852,28.5));
#2782 = VECTOR('',#2783,1.);
#2783 = DIRECTION('',(0.,-1.));
#2784 = ( GEOMETRIC_REPRESENTATION_CONTEXT(2) 
PARAMETRIC_REPRESENTATION_CONTEXT() REPRESENTATION_CONTEXT('2D SPACE',''
  ) );
#2785 = PCURVE('',#2786,#2791);
#2786 = PLANE('',#2787);
#2787 = AXIS2_PLACEMENT_3D('',#2788,#2789,#2790);
#2788 = CARTESIAN_POINT('',(-50.,-50.,26.));
#2789 = DIRECTION('',(0.,0.,1.));
#2790 = DIRECTION('',(1.,0.,0.));
#2791 = DEFINITIONAL_REPRESENTATION('',(#2792),#2796);
#2792 = LINE('',#2793,#2794);
#2793 = CARTESIAN_POINT('',(68.5,21.5));
#2794 = VECTOR('',#2795,1.);
#2795 = DIRECTION('',(0.,1.));
#2796 = ( GEOMETRIC_REPRESENTATION_CONTEXT(2) 
PARAMETRIC_REPRESENTATION_CONTEXT() REPRESENTATION_CONTEXT('2D SPACE',''
  ) );
#2797 = ORIENTED_EDGE('',*,*,#2798,.F.);
#2798 = EDGE_CURVE('',#2799,#2771,#2801,.T.);
#2799 = VERTEX_POINT('',#2800);
#2800 = CARTESIAN_POINT('',(18.5,-28.5,16.));
#2801 = SURFACE_CURVE('',#2802,(#2806,#2813),.PCURVE_S1.);
#2802 = LINE('',#2803,#2804);
#2803 = CARTESIAN_POINT('',(18.5,-28.5,16.));
#2804 = VECTOR('',#2805,1.);
#2805 = DIRECTION('',(0.,0.,1.));
#2806 = PCURVE('',#621,#2807);
#2807 = DEFINITIONAL_REPRESENTATION('',(#2808),#2812);
#2808 = LINE('',#2809,#2810);
#2809 = CARTESIAN_POINT('',(-10.10640197485,28.5));
#2810 = VECTOR('',#2811,1.);
#2811 = DIRECTION('',(1.,0.));
#2812 = ( GEOMETRIC_REPRESENTATION_CONTEXT(2) 
PARAMETRIC_REPRESENTATION_CONTEXT() REPRESENTATION_CONTEXT('2D SPACE',''
  ) );
#2813 = PCURVE('',#2814,#2819);
#2814 = PLANE('',#2815);
#2815 = AXIS2_PLACEMENT_3D('',#2816,#2817,#2818);
#2816 = CARTESIAN_POINT('',(18.5,-28.5,16.));
#2817 = DIRECTION('',(0.,1.,0.));
#2818 = DIRECTION('',(0.,0.,1.));
#2819 = DEFINITIONAL_REPRESENTATION('',(#2820),#2824);
#2820 = LINE('',#2821,#2822);
#2821 = CARTESIAN_POINT('',(0.,0.));
#2822 = VECTOR('',#2823,1.);
#2823 = DIRECTION('',(1.,0.));
#2824 = ( GEOMETRIC_REPRESENTATION_CONTEXT(2) 
PARAMETRIC_REPRESENTATION_CONTEXT() REPRESENTATION_CONTEXT('2D SPACE',''
  ) );
#2825 = ORIENTED_EDGE('',*,*,#2826,.T.);
#2826 = EDGE_CURVE('',#2799,#2827,#2829,.T.);
#2827 = VERTEX_POINT('',#2828);
#2828 = CARTESIAN_POINT('',(18.5,-16.68157894736,16.));
#2829 = SURFACE_CURVE('',#2830,(#2834,#2841),.PCURVE_S1.);
#2830 = LINE('',#2831,#2832);
#2831 = CARTESIAN_POINT('',(18.5,-28.5,16.));
#2832 = VECTOR('',#2833,1.);
#2833 = DIRECTION('',(0.,1.,0.));
#2834 = PCURVE('',#621,#2835);
#2835 = DEFINITIONAL_REPRESENTATION('',(#2836),#2840);
#2836 = LINE('',#2837,#2838);
#2837 = CARTESIAN_POINT('',(-10.10640197485,28.5));
#2838 = VECTOR('',#2839,1.);
#2839 = DIRECTION('',(0.,-1.));
#2840 = ( GEOMETRIC_REPRESENTATION_CONTEXT(2) 
PARAMETRIC_REPRESENTATION_CONTEXT() REPRESENTATION_CONTEXT('2D SPACE',''
  ) );
#2841 = PCURVE('',#2842,#2847);
#2842 = PLANE('',#2843);
#2843 = AXIS2_PLACEMENT_3D('',#2844,#2845,#2846);
#2844 = CARTESIAN_POINT('',(18.5,-28.5,16.));
#2845 = DIRECTION('',(0.,0.,1.));
#2846 = DIRECTION('',(1.,0.,0.));
#2847 = DEFINITIONAL_REPRESENTATION('',(#2848),#2852);
#2848 = LINE('',#2849,#2850);
#2849 = CARTESIAN_POINT('',(0.,0.));
#2850 = VECTOR('',#2851,1.);
#2851 = DIRECTION('',(0.,1.));
#2852 = ( GEOMETRIC_REPRESENTATION_CONTEXT(2) 
PARAMETRIC_REPRESENTATION_CONTEXT() REPRESENTATION_CONTEXT('2D SPACE',''
  ) );
#2853 = ORIENTED_EDGE('',*,*,#2854,.F.);
#2854 = EDGE_CURVE('',#604,#2827,#2855,.T.);
#2855 = SURFACE_CURVE('',#2856,(#2860,#2867),.PCURVE_S1.);
#2856 = LINE('',#2857,#2858);
#2857 = CARTESIAN_POINT('',(18.5,-16.68157894736,8.));
#2858 = VECTOR('',#2859,1.);
#2859 = DIRECTION('',(0.,0.,1.));
#2860 = PCURVE('',#621,#2861);
#2861 = DEFINITIONAL_REPRESENTATION('',(#2862),#2866);
#2862 = LINE('',#2863,#2864);
#2863 = CARTESIAN_POINT('',(-18.10640197485,16.681578947368));
#2864 = VECTOR('',#2865,1.);
#2865 = DIRECTION('',(1.,0.));
#2866 = ( GEOMETRIC_REPRESENTATION_CONTEXT(2) 
PARAMETRIC_REPRESENTATION_CONTEXT() REPRESENTATION_CONTEXT('2D SPACE',''
  ) );
#2867 = PCURVE('',#703,#2868);
#2868 = DEFINITIONAL_REPRESENTATION('',(#2869),#2873);
#2869 = LINE('',#2870,#2871);
#2870 = CARTESIAN_POINT('',(0.,0.));
#2871 = VECTOR('',#2872,1.);
#2872 = DIRECTION('',(1.,0.));
#2873 = ( GEOMETRIC_REPRESENTATION_CONTEXT(2) 
PARAMETRIC_REPRESENTATION_CONTEXT() REPRESENTATION_CONTEXT('2D SPACE',''
  ) );
#2874 = ADVANCED_FACE('',(#2875),#649,.T.);
#2875 = FACE_BOUND('',#2876,.T.);
#2876 = EDGE_LOOP('',(#2877,#2900,#2901,#2902));
#2877 = ORIENTED_EDGE('',*,*,#2878,.F.);
#2878 = EDGE_CURVE('',#634,#2879,#2881,.T.);
#2879 = VERTEX_POINT('',#2880);
#2880 = CARTESIAN_POINT('',(27.5,16.681578947368,16.));
#2881 = SURFACE_CURVE('',#2882,(#2886,#2893),.PCURVE_S1.);
#2882 = LINE('',#2883,#2884);
#2883 = CARTESIAN_POINT('',(27.5,16.681578947368,8.));
#2884 = VECTOR('',#2885,1.);
#2885 = DIRECTION('',(0.,0.,1.));
#2886 = PCURVE('',#649,#2887);
#2887 = DEFINITIONAL_REPRESENTATION('',(#2888),#2892);
#2888 = LINE('',#2889,#2890);
#2889 = CARTESIAN_POINT('',(0.,9.));
#2890 = VECTOR('',#2891,1.);
#2891 = DIRECTION('',(1.,0.));
#2892 = ( GEOMETRIC_REPRESENTATION_CONTEXT(2) 
PARAMETRIC_REPRESENTATION_CONTEXT() REPRESENTATION_CONTEXT('2D SPACE',''
  ) );
#2893 = PCURVE('',#677,#2894);
#2894 = DEFINITIONAL_REPRESENTATION('',(#2895),#2899);
#2895 = LINE('',#2896,#2897);
#2896 = CARTESIAN_POINT('',(-18.10640197485,-16.68157894736));
#2897 = VECTOR('',#2898,1.);
#2898 = DIRECTION('',(1.,0.));
#2899 = ( GEOMETRIC_REPRESENTATION_CONTEXT(2) 
PARAMETRIC_REPRESENTATION_CONTEXT() REPRESENTATION_CONTEXT('2D SPACE',''
  ) );
#2900 = ORIENTED_EDGE('',*,*,#633,.F.);
#2901 = ORIENTED_EDGE('',*,*,#2437,.T.);
#2902 = ORIENTED_EDGE('',*,*,#2903,.T.);
#2903 = EDGE_CURVE('',#2438,#2879,#2904,.T.);
#2904 = SURFACE_CURVE('',#2905,(#2909,#2915),.PCURVE_S1.);
#2905 = LINE('',#2906,#2907);
#2906 = CARTESIAN_POINT('',(18.5,16.681578947368,16.));
#2907 = VECTOR('',#2908,1.);
#2908 = DIRECTION('',(1.,0.,0.));
#2909 = PCURVE('',#649,#2910);
#2910 = DEFINITIONAL_REPRESENTATION('',(#2911),#2914);
#2911 = B_SPLINE_CURVE_WITH_KNOTS('',1,(#2912,#2913),.UNSPECIFIED.,.F.,
  .F.,(2,2),(0.,9.),.PIECEWISE_BEZIER_KNOTS.);
#2912 = CARTESIAN_POINT('',(8.,0.));
#2913 = CARTESIAN_POINT('',(8.,9.));
#2914 = ( GEOMETRIC_REPRESENTATION_CONTEXT(2) 
PARAMETRIC_REPRESENTATION_CONTEXT() REPRESENTATION_CONTEXT('2D SPACE',''
  ) );
#2915 = PCURVE('',#2476,#2916);
#2916 = DEFINITIONAL_REPRESENTATION('',(#2917),#2920);
#2917 = B_SPLINE_CURVE_WITH_KNOTS('',1,(#2918,#2919),.UNSPECIFIED.,.F.,
  .F.,(2,2),(0.,9.),.PIECEWISE_BEZIER_KNOTS.);
#2918 = CARTESIAN_POINT('',(0.,1.181578947368));
#2919 = CARTESIAN_POINT('',(9.,1.181578947368));
#2920 = ( GEOMETRIC_REPRESENTATION_CONTEXT(2) 
PARAMETRIC_REPRESENTATION_CONTEXT() REPRESENTATION_CONTEXT('2D SPACE',''
  ) );
#2921 = ADVANCED_FACE('',(#2922),#703,.F.);
#2922 = FACE_BOUND('',#2923,.F.);
#2923 = EDGE_LOOP('',(#2924,#2947,#2948,#2949));
#2924 = ORIENTED_EDGE('',*,*,#2925,.F.);
#2925 = EDGE_CURVE('',#662,#2926,#2928,.T.);
#2926 = VERTEX_POINT('',#2927);
#2927 = CARTESIAN_POINT('',(27.5,-16.68157894736,16.));
#2928 = SURFACE_CURVE('',#2929,(#2933,#2940),.PCURVE_S1.);
#2929 = LINE('',#2930,#2931);
#2930 = CARTESIAN_POINT('',(27.5,-16.68157894736,8.));
#2931 = VECTOR('',#2932,1.);
#2932 = DIRECTION('',(0.,0.,1.));
#2933 = PCURVE('',#703,#2934);
#2934 = DEFINITIONAL_REPRESENTATION('',(#2935),#2939);
#2935 = LINE('',#2936,#2937);
#2936 = CARTESIAN_POINT('',(0.,9.));
#2937 = VECTOR('',#2938,1.);
#2938 = DIRECTION('',(1.,0.));
#2939 = ( GEOMETRIC_REPRESENTATION_CONTEXT(2) 
PARAMETRIC_REPRESENTATION_CONTEXT() REPRESENTATION_CONTEXT('2D SPACE',''
  ) );
#2940 = PCURVE('',#677,#2941);
#2941 = DEFINITIONAL_REPRESENTATION('',(#2942),#2946);
#2942 = LINE('',#2943,#2944);
#2943 = CARTESIAN_POINT('',(-18.10640197485,16.681578947368));
#2944 = VECTOR('',#2945,1.);
#2945 = DIRECTION('',(1.,0.));
#2946 = ( GEOMETRIC_REPRESENTATION_CONTEXT(2) 
PARAMETRIC_REPRESENTATION_CONTEXT() REPRESENTATION_CONTEXT('2D SPACE',''
  ) );
#2947 = ORIENTED_EDGE('',*,*,#689,.F.);
#2948 = ORIENTED_EDGE('',*,*,#2854,.T.);
#2949 = ORIENTED_EDGE('',*,*,#2950,.T.);
#2950 = EDGE_CURVE('',#2827,#2926,#2951,.T.);
#2951 = SURFACE_CURVE('',#2952,(#2956,#2962),.PCURVE_S1.);
#2952 = LINE('',#2953,#2954);
#2953 = CARTESIAN_POINT('',(18.5,-16.68157894736,16.));
#2954 = VECTOR('',#2955,1.);
#2955 = DIRECTION('',(1.,0.,0.));
#2956 = PCURVE('',#703,#2957);
#2957 = DEFINITIONAL_REPRESENTATION('',(#2958),#2961);
#2958 = B_SPLINE_CURVE_WITH_KNOTS('',1,(#2959,#2960),.UNSPECIFIED.,.F.,
  .F.,(2,2),(0.,9.),.PIECEWISE_BEZIER_KNOTS.);
#2959 = CARTESIAN_POINT('',(8.,0.));
#2960 = CARTESIAN_POINT('',(8.,9.));
#2961 = ( GEOMETRIC_REPRESENTATION_CONTEXT(2) 
PARAMETRIC_REPRESENTATION_CONTEXT() REPRESENTATION_CONTEXT('2D SPACE',''
  ) );
#2962 = PCURVE('',#2842,#2963);
#2963 = DEFINITIONAL_REPRESENTATION('',(#2964),#2967);
#2964 = B_SPLINE_CURVE_WITH_KNOTS('',1,(#2965,#2966),.UNSPECIFIED.,.F.,
  .F.,(2,2),(0.,9.),.PIECEWISE_BEZIER_KNOTS.);
#2965 = CARTESIAN_POINT('',(0.,11.818421052632));
#2966 = CARTESIAN_POINT('',(9.,11.818421052632));
#2967 = ( GEOMETRIC_REPRESENTATION_CONTEXT(2) 
PARAMETRIC_REPRESENTATION_CONTEXT() REPRESENTATION_CONTEXT('2D SPACE',''
  ) );
#2968 = ADVANCED_FACE('',(#2969),#677,.T.);
#2969 = FACE_BOUND('',#2970,.T.);
#2970 = EDGE_LOOP('',(#2971,#2972,#2973,#2996,#3019,#3042,#3260,#3283,
    #3306,#3327));
#2971 = ORIENTED_EDGE('',*,*,#661,.T.);
#2972 = ORIENTED_EDGE('',*,*,#2878,.T.);
#2973 = ORIENTED_EDGE('',*,*,#2974,.T.);
#2974 = EDGE_CURVE('',#2879,#2975,#2977,.T.);
#2975 = VERTEX_POINT('',#2976);
#2976 = CARTESIAN_POINT('',(27.5,28.5,16.));
#2977 = SURFACE_CURVE('',#2978,(#2982,#2989),.PCURVE_S1.);
#2978 = LINE('',#2979,#2980);
#2979 = CARTESIAN_POINT('',(27.5,15.5,16.));
#2980 = VECTOR('',#2981,1.);
#2981 = DIRECTION('',(0.,1.,0.));
#2982 = PCURVE('',#677,#2983);
#2983 = DEFINITIONAL_REPRESENTATION('',(#2984),#2988);
#2984 = LINE('',#2985,#2986);
#2985 = CARTESIAN_POINT('',(-10.10640197485,-15.5));
#2986 = VECTOR('',#2987,1.);
#2987 = DIRECTION('',(0.,-1.));
#2988 = ( GEOMETRIC_REPRESENTATION_CONTEXT(2) 
PARAMETRIC_REPRESENTATION_CONTEXT() REPRESENTATION_CONTEXT('2D SPACE',''
  ) );
#2989 = PCURVE('',#2476,#2990);
#2990 = DEFINITIONAL_REPRESENTATION('',(#2991),#2995);
#2991 = LINE('',#2992,#2993);
#2992 = CARTESIAN_POINT('',(9.,0.));
#2993 = VECTOR('',#2994,1.);
#2994 = DIRECTION('',(0.,1.));
#2995 = ( GEOMETRIC_REPRESENTATION_CONTEXT(2) 
PARAMETRIC_REPRESENTATION_CONTEXT() REPRESENTATION_CONTEXT('2D SPACE',''
  ) );
#2996 = ORIENTED_EDGE('',*,*,#2997,.T.);
#2997 = EDGE_CURVE('',#2975,#2998,#3000,.T.);
#2998 = VERTEX_POINT('',#2999);
#2999 = CARTESIAN_POINT('',(27.5,28.5,26.));
#3000 = SURFACE_CURVE('',#3001,(#3005,#3012),.PCURVE_S1.);
#3001 = LINE('',#3002,#3003);
#3002 = CARTESIAN_POINT('',(27.5,28.5,16.));
#3003 = VECTOR('',#3004,1.);
#3004 = DIRECTION('',(0.,0.,1.));
#3005 = PCURVE('',#677,#3006);
#3006 = DEFINITIONAL_REPRESENTATION('',(#3007),#3011);
#3007 = LINE('',#3008,#3009);
#3008 = CARTESIAN_POINT('',(-10.10640197485,-28.5));
#3009 = VECTOR('',#3010,1.);
#3010 = DIRECTION('',(1.,0.));
#3011 = ( GEOMETRIC_REPRESENTATION_CONTEXT(2) 
PARAMETRIC_REPRESENTATION_CONTEXT() REPRESENTATION_CONTEXT('2D SPACE',''
  ) );
#3012 = PCURVE('',#2504,#3013);
#3013 = DEFINITIONAL_REPRESENTATION('',(#3014),#3018);
#3014 = LINE('',#3015,#3016);
#3015 = CARTESIAN_POINT('',(0.,9.));
#3016 = VECTOR('',#3017,1.);
#3017 = DIRECTION('',(1.,0.));
#3018 = ( GEOMETRIC_REPRESENTATION_CONTEXT(2) 
PARAMETRIC_REPRESENTATION_CONTEXT() REPRESENTATION_CONTEXT('2D SPACE',''
  ) );
#3019 = ORIENTED_EDGE('',*,*,#3020,.F.);
#3020 = EDGE_CURVE('',#3021,#2998,#3023,.T.);
#3021 = VERTEX_POINT('',#3022);
#3022 = CARTESIAN_POINT('',(27.5,12.681578947368,26.));
#3023 = SURFACE_CURVE('',#3024,(#3028,#3035),.PCURVE_S1.);
#3024 = LINE('',#3025,#3026);
#3025 = CARTESIAN_POINT('',(27.5,-28.5,26.));
#3026 = VECTOR('',#3027,1.);
#3027 = DIRECTION('',(0.,1.,0.));
#3028 = PCURVE('',#677,#3029);
#3029 = DEFINITIONAL_REPRESENTATION('',(#3030),#3034);
#3030 = LINE('',#3031,#3032);
#3031 = CARTESIAN_POINT('',(-0.106401974852,28.5));
#3032 = VECTOR('',#3033,1.);
#3033 = DIRECTION('',(0.,-1.));
#3034 = ( GEOMETRIC_REPRESENTATION_CONTEXT(2) 
PARAMETRIC_REPRESENTATION_CONTEXT() REPRESENTATION_CONTEXT('2D SPACE',''
  ) );
#3035 = PCURVE('',#2532,#3036);
#3036 = DEFINITIONAL_REPRESENTATION('',(#3037),#3041);
#3037 = LINE('',#3038,#3039);
#3038 = CARTESIAN_POINT('',(77.5,21.5));
#3039 = VECTOR('',#3040,1.);
#3040 = DIRECTION('',(0.,1.));
#3041 = ( GEOMETRIC_REPRESENTATION_CONTEXT(2) 
PARAMETRIC_REPRESENTATION_CONTEXT() REPRESENTATION_CONTEXT('2D SPACE',''
  ) );
#3042 = ORIENTED_EDGE('',*,*,#3043,.T.);
#3043 = EDGE_CURVE('',#3021,#3044,#3046,.T.);
#3044 = VERTEX_POINT('',#3045);
#3045 = CARTESIAN_POINT('',(27.5,-12.68157894736,26.));
#3046 = SURFACE_CURVE('',#3047,(#3116,#3188),.PCURVE_S1.);
#3047 = B_SPLINE_CURVE_WITH_KNOTS('',7,(#3048,#3049,#3050,#3051,#3052,
    #3053,#3054,#3055,#3056,#3057,#3058,#3059,#3060,#3061,#3062,#3063,
    #3064,#3065,#3066,#3067,#3068,#3069,#3070,#3071,#3072,#3073,#3074,
    #3075,#3076,#3077,#3078,#3079,#3080,#3081,#3082,#3083,#3084,#3085,
    #3086,#3087,#3088,#3089,#3090,#3091,#3092,#3093,#3094,#3095,#3096,
    #3097,#3098,#3099,#3100,#3101,#3102,#3103,#3104,#3105,#3106,#3107,
    #3108,#3109,#3110,#3111,#3112,#3113,#3114,#3115),.UNSPECIFIED.,.F.,
  .F.,(8,6,6,6,6,6,6,6,6,6,6,8),(0.,0.182480231288,0.266984792069,
    0.348166993804,0.397105211679,0.428255387757,0.499999684658,
    0.60289239009,0.651830903517,0.733013595534,0.817518666662,1.),
  .UNSPECIFIED.);
#3048 = CARTESIAN_POINT('',(27.5,12.681578947368,26.));
#3049 = CARTESIAN_POINT('',(27.5,12.681578947369,24.927173743392));
#3050 = CARTESIAN_POINT('',(27.5,12.588252712571,23.85437298234));
#3051 = CARTESIAN_POINT('',(27.5,12.401608447685,22.791245566126));
#3052 = CARTESIAN_POINT('',(27.5,12.122362470894,21.747620092718));
#3053 = CARTESIAN_POINT('',(27.5,11.752098352092,20.733463454473));
#3054 = CARTESIAN_POINT('',(27.5,11.293352628724,19.758857295692));
#3055 = CARTESIAN_POINT('',(27.5,10.498225345569,18.405578339118));
#3056 = CARTESIAN_POINT('',(27.5,10.22840169881,17.987916879683));
#3057 = CARTESIAN_POINT('',(27.5,9.940812048137,17.581944863139));
#3058 = CARTESIAN_POINT('',(27.5,9.635906137379,17.188683177263));
#3059 = CARTESIAN_POINT('',(27.5,9.314203363358,16.809148398334));
#3060 = CARTESIAN_POINT('',(27.5,8.976301005058,16.444346067644));
#3061 = CARTESIAN_POINT('',(27.5,8.283358811222,15.759906288209));
#3062 = CARTESIAN_POINT('',(27.5,7.929510320827,15.439052490583));
#3063 = CARTESIAN_POINT('',(27.5,7.561949392248,15.133583006112));
#3064 = CARTESIAN_POINT('',(27.5,7.181354275815,14.8443536439));
#3065 = CARTESIAN_POINT('',(27.5,6.78847549862,14.572186445097));
#3066 = CARTESIAN_POINT('',(27.5,6.384142301598,14.31786053682));
#3067 = CARTESIAN_POINT('',(27.5,5.719175388048,13.939983726715));
#3068 = CARTESIAN_POINT('',(27.5,5.465249791952,13.804610915571));
#3069 = CARTESIAN_POINT('',(27.5,5.207692297168,13.676143384694));
#3070 = CARTESIAN_POINT('',(27.5,4.94671164291,13.554731436209));
#3071 = CARTESIAN_POINT('',(27.5,4.682525645613,13.440516047234));
#3072 = CARTESIAN_POINT('',(27.5,4.415361545812,13.333628074804));
#3073 = CARTESIAN_POINT('',(27.5,3.973656183652,13.170891477203));
#3074 = CARTESIAN_POINT('',(27.5,3.800745090248,13.110612676863));
#3075 = CARTESIAN_POINT('',(27.5,3.626784038734,13.053382016138));
#3076 = CARTESIAN_POINT('',(27.5,3.451835197977,12.999228389919));
#3077 = CARTESIAN_POINT('',(27.5,3.275961941785,12.948178631619));
#3078 = CARTESIAN_POINT('',(27.5,3.099228848909,12.900257513183));
#3079 = CARTESIAN_POINT('',(27.5,2.512825675204,12.752375148628));
#3080 = CARTESIAN_POINT('',(27.5,2.099729525048,12.665977334885));
#3081 = CARTESIAN_POINT('',(27.5,1.683227918386,12.59657340259));
#3082 = CARTESIAN_POINT('',(27.5,1.264150978175,12.544375938158));
#3083 = CARTESIAN_POINT('',(27.5,0.84334422533,12.509528860053));
#3084 = CARTESIAN_POINT('',(27.5,0.421668519523,12.492105263158));
#3085 = CARTESIAN_POINT('',(27.5,-0.604739563191,12.492105263158));
#3086 = CARTESIAN_POINT('',(27.5,-1.209520171378,12.527941757774));
#3087 = CARTESIAN_POINT('',(27.5,-1.811718703369,12.599623032252));
#3088 = CARTESIAN_POINT('',(27.5,-2.408807369582,12.706825433019));
#3089 = CARTESIAN_POINT('',(27.5,-2.998346595107,12.848944965334));
#3090 = CARTESIAN_POINT('',(27.5,-3.577983554027,13.025114624521));
#3091 = CARTESIAN_POINT('',(27.5,-4.415361545809,13.333628074803));
#3092 = CARTESIAN_POINT('',(27.5,-4.682525645609,13.440516047233));
#3093 = CARTESIAN_POINT('',(27.5,-4.946711642907,13.554731436208));
#3094 = CARTESIAN_POINT('',(27.5,-5.207692297165,13.676143384693));
#3095 = CARTESIAN_POINT('',(27.5,-5.465249791948,13.804610915569));
#3096 = CARTESIAN_POINT('',(27.5,-5.719175388045,13.939983726714));
#3097 = CARTESIAN_POINT('',(27.5,-6.384142301595,14.317860536818));
#3098 = CARTESIAN_POINT('',(27.5,-6.788475498617,14.572186445095));
#3099 = CARTESIAN_POINT('',(27.5,-7.181354275812,14.844353643898));
#3100 = CARTESIAN_POINT('',(27.5,-7.561949392246,15.133583006109));
#3101 = CARTESIAN_POINT('',(27.5,-7.929510320824,15.439052490581));
#3102 = CARTESIAN_POINT('',(27.5,-8.283358811219,15.759906288206));
#3103 = CARTESIAN_POINT('',(27.5,-8.976301005056,16.444346067641));
#3104 = CARTESIAN_POINT('',(27.5,-9.314203363356,16.809148398331));
#3105 = CARTESIAN_POINT('',(27.5,-9.635906137377,17.18868317726));
#3106 = CARTESIAN_POINT('',(27.5,-9.940812048135,17.581944863136));
#3107 = CARTESIAN_POINT('',(27.5,-10.2284016988,17.98791687968));
#3108 = CARTESIAN_POINT('',(27.5,-10.49822534556,18.405578339115));
#3109 = CARTESIAN_POINT('',(27.5,-11.29335262872,19.758857295693));
#3110 = CARTESIAN_POINT('',(27.5,-11.75209835208,20.733463454456));
#3111 = CARTESIAN_POINT('',(27.5,-12.1223624709,21.74762009274));
#3112 = CARTESIAN_POINT('',(27.5,-12.40160844767,22.791245566102));
#3113 = CARTESIAN_POINT('',(27.5,-12.58825271257,23.85437298235));
#3114 = CARTESIAN_POINT('',(27.5,-12.68157894736,24.927173743389));
#3115 = CARTESIAN_POINT('',(27.5,-12.68157894736,26.));
#3116 = PCURVE('',#677,#3117);
#3117 = DEFINITIONAL_REPRESENTATION('',(#3118),#3187);
#3118 = B_SPLINE_CURVE_WITH_KNOTS('',7,(#3119,#3120,#3121,#3122,#3123,
    #3124,#3125,#3126,#3127,#3128,#3129,#3130,#3131,#3132,#3133,#3134,
    #3135,#3136,#3137,#3138,#3139,#3140,#3141,#3142,#3143,#3144,#3145,
    #3146,#3147,#3148,#3149,#3150,#3151,#3152,#3153,#3154,#3155,#3156,
    #3157,#3158,#3159,#3160,#3161,#3162,#3163,#3164,#3165,#3166,#3167,
    #3168,#3169,#3170,#3171,#3172,#3173,#3174,#3175,#3176,#3177,#3178,
    #3179,#3180,#3181,#3182,#3183,#3184,#3185,#3186),.UNSPECIFIED.,.F.,
  .F.,(8,6,6,6,6,6,6,6,6,6,6,8),(0.,0.182480231288,0.266984792069,
    0.348166993804,0.397105211679,0.428255387757,0.499999684658,
    0.60289239009,0.651830903517,0.733013595534,0.817518666662,1.),
  .UNSPECIFIED.);
#3119 = CARTESIAN_POINT('',(-0.106401974852,-12.68157894736));
#3120 = CARTESIAN_POINT('',(-1.17922823146,-12.68157894736));
#3121 = CARTESIAN_POINT('',(-2.252028992513,-12.58825271257));
#3122 = CARTESIAN_POINT('',(-3.315156408727,-12.40160844768));
#3123 = CARTESIAN_POINT('',(-4.358781882135,-12.12236247089));
#3124 = CARTESIAN_POINT('',(-5.372938520379,-11.75209835209));
#3125 = CARTESIAN_POINT('',(-6.347544679161,-11.29335262872));
#3126 = CARTESIAN_POINT('',(-7.700823635734,-10.49822534556));
#3127 = CARTESIAN_POINT('',(-8.11848509517,-10.22840169881));
#3128 = CARTESIAN_POINT('',(-8.524457111714,-9.940812048137));
#3129 = CARTESIAN_POINT('',(-8.91771879759,-9.635906137379));
#3130 = CARTESIAN_POINT('',(-9.297253576518,-9.314203363358));
#3131 = CARTESIAN_POINT('',(-9.662055907209,-8.976301005058));
#3132 = CARTESIAN_POINT('',(-10.34649568664,-8.283358811222));
#3133 = CARTESIAN_POINT('',(-10.66734948426,-7.929510320827));
#3134 = CARTESIAN_POINT('',(-10.97281896874,-7.561949392248));
#3135 = CARTESIAN_POINT('',(-11.26204833095,-7.181354275815));
#3136 = CARTESIAN_POINT('',(-11.53421552975,-6.78847549862));
#3137 = CARTESIAN_POINT('',(-11.78854143803,-6.384142301598));
#3138 = CARTESIAN_POINT('',(-12.16641824813,-5.719175388048));
#3139 = CARTESIAN_POINT('',(-12.30179105928,-5.465249791952));
#3140 = CARTESIAN_POINT('',(-12.43025859015,-5.207692297168));
#3141 = CARTESIAN_POINT('',(-12.55167053864,-4.94671164291));
#3142 = CARTESIAN_POINT('',(-12.66588592761,-4.682525645613));
#3143 = CARTESIAN_POINT('',(-12.77277390004,-4.415361545812));
#3144 = CARTESIAN_POINT('',(-12.93551049764,-3.973656183652));
#3145 = CARTESIAN_POINT('',(-12.99578929798,-3.800745090248));
#3146 = CARTESIAN_POINT('',(-13.05301995871,-3.626784038734));
#3147 = CARTESIAN_POINT('',(-13.10717358493,-3.451835197977));
#3148 = CARTESIAN_POINT('',(-13.15822334323,-3.275961941785));
#3149 = CARTESIAN_POINT('',(-13.20614446167,-3.099228848909));
#3150 = CARTESIAN_POINT('',(-13.35402682622,-2.512825675204));
#3151 = CARTESIAN_POINT('',(-13.44042463996,-2.099729525048));
#3152 = CARTESIAN_POINT('',(-13.50982857226,-1.683227918386));
#3153 = CARTESIAN_POINT('',(-13.56202603669,-1.264150978175));
#3154 = CARTESIAN_POINT('',(-13.5968731148,-0.84334422533));
#3155 = CARTESIAN_POINT('',(-13.61429671169,-0.421668519523));
#3156 = CARTESIAN_POINT('',(-13.61429671169,0.604739563191));
#3157 = CARTESIAN_POINT('',(-13.57846021707,1.209520171378));
#3158 = CARTESIAN_POINT('',(-13.5067789426,1.811718703369));
#3159 = CARTESIAN_POINT('',(-13.39957654183,2.408807369582));
#3160 = CARTESIAN_POINT('',(-13.25745700951,2.998346595107));
#3161 = CARTESIAN_POINT('',(-13.08128735033,3.577983554027));
#3162 = CARTESIAN_POINT('',(-12.77277390005,4.415361545809));
#3163 = CARTESIAN_POINT('',(-12.66588592762,4.682525645609));
#3164 = CARTESIAN_POINT('',(-12.55167053864,4.946711642907));
#3165 = CARTESIAN_POINT('',(-12.43025859016,5.207692297165));
#3166 = CARTESIAN_POINT('',(-12.30179105928,5.465249791948));
#3167 = CARTESIAN_POINT('',(-12.16641824813,5.719175388045));
#3168 = CARTESIAN_POINT('',(-11.78854143803,6.384142301595));
#3169 = CARTESIAN_POINT('',(-11.53421552975,6.788475498617));
#3170 = CARTESIAN_POINT('',(-11.26204833095,7.181354275812));
#3171 = CARTESIAN_POINT('',(-10.97281896874,7.561949392246));
#3172 = CARTESIAN_POINT('',(-10.66734948427,7.929510320824));
#3173 = CARTESIAN_POINT('',(-10.34649568664,8.283358811219));
#3174 = CARTESIAN_POINT('',(-9.662055907211,8.976301005056));
#3175 = CARTESIAN_POINT('',(-9.297253576521,9.314203363356));
#3176 = CARTESIAN_POINT('',(-8.917718797592,9.635906137377));
#3177 = CARTESIAN_POINT('',(-8.524457111716,9.940812048135));
#3178 = CARTESIAN_POINT('',(-8.118485095173,10.228401698808));
#3179 = CARTESIAN_POINT('',(-7.700823635737,10.498225345567));
#3180 = CARTESIAN_POINT('',(-6.34754467916,11.293352628725));
#3181 = CARTESIAN_POINT('',(-5.372938520396,11.752098352084));
#3182 = CARTESIAN_POINT('',(-4.358781882112,12.122362470904));
#3183 = CARTESIAN_POINT('',(-3.31515640875,12.401608447678));
#3184 = CARTESIAN_POINT('',(-2.252028992503,12.588252712573));
#3185 = CARTESIAN_POINT('',(-1.179228231463,12.681578947368));
#3186 = CARTESIAN_POINT('',(-0.106401974852,12.681578947368));
#3187 = ( GEOMETRIC_REPRESENTATION_CONTEXT(2) 
PARAMETRIC_REPRESENTATION_CONTEXT() REPRESENTATION_CONTEXT('2D SPACE',''
  ) );
#3188 = PCURVE('',#2690,#3189);
#3189 = DEFINITIONAL_REPRESENTATION('',(#3190),#3259);
#3190 = B_SPLINE_CURVE_WITH_KNOTS('',7,(#3191,#3192,#3193,#3194,#3195,
    #3196,#3197,#3198,#3199,#3200,#3201,#3202,#3203,#3204,#3205,#3206,
    #3207,#3208,#3209,#3210,#3211,#3212,#3213,#3214,#3215,#3216,#3217,
    #3218,#3219,#3220,#3221,#3222,#3223,#3224,#3225,#3226,#3227,#3228,
    #3229,#3230,#3231,#3232,#3233,#3234,#3235,#3236,#3237,#3238,#3239,
    #3240,#3241,#3242,#3243,#3244,#3245,#3246,#3247,#3248,#3249,#3250,
    #3251,#3252,#3253,#3254,#3255,#3256,#3257,#3258),.UNSPECIFIED.,.F.,
  .F.,(8,6,6,6,6,6,6,6,6,6,6,8),(0.,0.182480231288,0.266984792069,
    0.348166993804,0.397105211679,0.428255387757,0.499999684658,
    0.60289239009,0.651830903517,0.733013595534,0.817518666662,1.),
  .UNSPECIFIED.);
#3191 = CARTESIAN_POINT('',(4.712388980385,-10.));
#3192 = CARTESIAN_POINT('',(4.632966814495,-10.));
#3193 = CARTESIAN_POINT('',(4.553546521498,-10.));
#3194 = CARTESIAN_POINT('',(4.474024169821,-10.));
#3195 = CARTESIAN_POINT('',(4.394308888811,-10.));
#3196 = CARTESIAN_POINT('',(4.314315897494,-10.));
#3197 = CARTESIAN_POINT('',(4.233964415147,-10.));
#3198 = CARTESIAN_POINT('',(4.115777667446,-10.));
#3199 = CARTESIAN_POINT('',(4.078280020921,-10.));
#3200 = CARTESIAN_POINT('',(4.040687285761,-10.));
#3201 = CARTESIAN_POINT('',(4.002994906705,-10.));
#3202 = CARTESIAN_POINT('',(3.965199356885,-10.));
#3203 = CARTESIAN_POINT('',(3.927298458776,-10.));
#3204 = CARTESIAN_POINT('',(3.852779215024,-10.));
#3205 = CARTESIAN_POINT('',(3.816168520923,-10.));
#3206 = CARTESIAN_POINT('',(3.779459930071,-10.));
#3207 = CARTESIAN_POINT('',(3.742654216486,-10.));
#3208 = CARTESIAN_POINT('',(3.705753193653,-10.));
#3209 = CARTESIAN_POINT('',(3.668760287194,-10.));
#3210 = CARTESIAN_POINT('',(3.609329053365,-10.));
#3211 = CARTESIAN_POINT('',(3.586945492715,-10.));
#3212 = CARTESIAN_POINT('',(3.564531639487,-10.));
#3213 = CARTESIAN_POINT('',(3.542088777751,-10.));
#3214 = CARTESIAN_POINT('',(3.519618330327,-10.));
#3215 = CARTESIAN_POINT('',(3.497121927356,-10.));
#3216 = CARTESIAN_POINT('',(3.460266746498,-10.));
#3217 = CARTESIAN_POINT('',(3.445922248841,-10.));
#3218 = CARTESIAN_POINT('',(3.431568453007,-10.));
#3219 = CARTESIAN_POINT('',(3.417205852956,-10.));
#3220 = CARTESIAN_POINT('',(3.402834965505,-10.));
#3221 = CARTESIAN_POINT('',(3.388456330328,-10.));
#3222 = CARTESIAN_POINT('',(3.340937452685,-10.));
#3223 = CARTESIAN_POINT('',(3.30776565256,-10.));
#3224 = CARTESIAN_POINT('',(3.274562989022,-10.));
#3225 = CARTESIAN_POINT('',(3.241336738179,-10.));
#3226 = CARTESIAN_POINT('',(3.208094167125,-10.));
#3227 = CARTESIAN_POINT('',(3.174843128256,-10.));
#3228 = CARTESIAN_POINT('',(3.093906197061,-10.));
#3229 = CARTESIAN_POINT('',(3.046216519892,-10.));
#3230 = CARTESIAN_POINT('',(2.998553261437,-10.));
#3231 = CARTESIAN_POINT('',(2.950938738978,-10.));
#3232 = CARTESIAN_POINT('',(2.903392094626,-10.));
#3233 = CARTESIAN_POINT('',(2.855932844806,-10.));
#3234 = CARTESIAN_POINT('',(2.786063379824,-10.));
#3235 = CARTESIAN_POINT('',(2.763566976853,-10.));
#3236 = CARTESIAN_POINT('',(2.741096529429,-10.));
#3237 = CARTESIAN_POINT('',(2.718653667693,-10.));
#3238 = CARTESIAN_POINT('',(2.696239814465,-10.));
#3239 = CARTESIAN_POINT('',(2.673856253815,-10.));
#3240 = CARTESIAN_POINT('',(2.614425019986,-10.));
#3241 = CARTESIAN_POINT('',(2.577432113527,-10.));
#3242 = CARTESIAN_POINT('',(2.540531090694,-10.));
#3243 = CARTESIAN_POINT('',(2.503725377109,-10.));
#3244 = CARTESIAN_POINT('',(2.467016786257,-10.));
#3245 = CARTESIAN_POINT('',(2.430406092156,-10.));
#3246 = CARTESIAN_POINT('',(2.355886848404,-10.));
#3247 = CARTESIAN_POINT('',(2.317985950294,-10.));
#3248 = CARTESIAN_POINT('',(2.280190400475,-10.));
#3249 = CARTESIAN_POINT('',(2.242498021419,-10.));
#3250 = CARTESIAN_POINT('',(2.204905286259,-10.));
#3251 = CARTESIAN_POINT('',(2.167407639733,-10.));
#3252 = CARTESIAN_POINT('',(2.049220892033,-10.));
#3253 = CARTESIAN_POINT('',(1.968869409687,-10.));
#3254 = CARTESIAN_POINT('',(1.888876418367,-10.));
#3255 = CARTESIAN_POINT('',(1.809161137362,-10.));
#3256 = CARTESIAN_POINT('',(1.72963878568,-10.));
#3257 = CARTESIAN_POINT('',(1.650218492685,-10.));
#3258 = CARTESIAN_POINT('',(1.570796326795,-10.));
#3259 = ( GEOMETRIC_REPRESENTATION_CONTEXT(2) 
PARAMETRIC_REPRESENTATION_CONTEXT() REPRESENTATION_CONTEXT('2D SPACE',''
  ) );
#3260 = ORIENTED_EDGE('',*,*,#3261,.F.);
#3261 = EDGE_CURVE('',#3262,#3044,#3264,.T.);
#3262 = VERTEX_POINT('',#3263);
#3263 = CARTESIAN_POINT('',(27.5,-28.5,26.));
#3264 = SURFACE_CURVE('',#3265,(#3269,#3276),.PCURVE_S1.);
#3265 = LINE('',#3266,#3267);
#3266 = CARTESIAN_POINT('',(27.5,-28.5,26.));
#3267 = VECTOR('',#3268,1.);
#3268 = DIRECTION('',(0.,1.,0.));
#3269 = PCURVE('',#677,#3270);
#3270 = DEFINITIONAL_REPRESENTATION('',(#3271),#3275);
#3271 = LINE('',#3272,#3273);
#3272 = CARTESIAN_POINT('',(-0.106401974852,28.5));
#3273 = VECTOR('',#3274,1.);
#3274 = DIRECTION('',(0.,-1.));
#3275 = ( GEOMETRIC_REPRESENTATION_CONTEXT(2) 
PARAMETRIC_REPRESENTATION_CONTEXT() REPRESENTATION_CONTEXT('2D SPACE',''
  ) );
#3276 = PCURVE('',#2786,#3277);
#3277 = DEFINITIONAL_REPRESENTATION('',(#3278),#3282);
#3278 = LINE('',#3279,#3280);
#3279 = CARTESIAN_POINT('',(77.5,21.5));
#3280 = VECTOR('',#3281,1.);
#3281 = DIRECTION('',(0.,1.));
#3282 = ( GEOMETRIC_REPRESENTATION_CONTEXT(2) 
PARAMETRIC_REPRESENTATION_CONTEXT() REPRESENTATION_CONTEXT('2D SPACE',''
  ) );
#3283 = ORIENTED_EDGE('',*,*,#3284,.F.);
#3284 = EDGE_CURVE('',#3285,#3262,#3287,.T.);
#3285 = VERTEX_POINT('',#3286);
#3286 = CARTESIAN_POINT('',(27.5,-28.5,16.));
#3287 = SURFACE_CURVE('',#3288,(#3292,#3299),.PCURVE_S1.);
#3288 = LINE('',#3289,#3290);
#3289 = CARTESIAN_POINT('',(27.5,-28.5,16.));
#3290 = VECTOR('',#3291,1.);
#3291 = DIRECTION('',(0.,0.,1.));
#3292 = PCURVE('',#677,#3293);
#3293 = DEFINITIONAL_REPRESENTATION('',(#3294),#3298);
#3294 = LINE('',#3295,#3296);
#3295 = CARTESIAN_POINT('',(-10.10640197485,28.5));
#3296 = VECTOR('',#3297,1.);
#3297 = DIRECTION('',(1.,0.));
#3298 = ( GEOMETRIC_REPRESENTATION_CONTEXT(2) 
PARAMETRIC_REPRESENTATION_CONTEXT() REPRESENTATION_CONTEXT('2D SPACE',''
  ) );
#3299 = PCURVE('',#2814,#3300);
#3300 = DEFINITIONAL_REPRESENTATION('',(#3301),#3305);
#3301 = LINE('',#3302,#3303);
#3302 = CARTESIAN_POINT('',(0.,9.));
#3303 = VECTOR('',#3304,1.);
#3304 = DIRECTION('',(1.,0.));
#3305 = ( GEOMETRIC_REPRESENTATION_CONTEXT(2) 
PARAMETRIC_REPRESENTATION_CONTEXT() REPRESENTATION_CONTEXT('2D SPACE',''
  ) );
#3306 = ORIENTED_EDGE('',*,*,#3307,.T.);
#3307 = EDGE_CURVE('',#3285,#2926,#3308,.T.);
#3308 = SURFACE_CURVE('',#3309,(#3313,#3320),.PCURVE_S1.);
#3309 = LINE('',#3310,#3311);
#3310 = CARTESIAN_POINT('',(27.5,-28.5,16.));
#3311 = VECTOR('',#3312,1.);
#3312 = DIRECTION('',(0.,1.,0.));
#3313 = PCURVE('',#677,#3314);
#3314 = DEFINITIONAL_REPRESENTATION('',(#3315),#3319);
#3315 = LINE('',#3316,#3317);
#3316 = CARTESIAN_POINT('',(-10.10640197485,28.5));
#3317 = VECTOR('',#3318,1.);
#3318 = DIRECTION('',(0.,-1.));
#3319 = ( GEOMETRIC_REPRESENTATION_CONTEXT(2) 
PARAMETRIC_REPRESENTATION_CONTEXT() REPRESENTATION_CONTEXT('2D SPACE',''
  ) );
#3320 = PCURVE('',#2842,#3321);
#3321 = DEFINITIONAL_REPRESENTATION('',(#3322),#3326);
#3322 = LINE('',#3323,#3324);
#3323 = CARTESIAN_POINT('',(9.,0.));
#3324 = VECTOR('',#3325,1.);
#3325 = DIRECTION('',(0.,1.));
#3326 = ( GEOMETRIC_REPRESENTATION_CONTEXT(2) 
PARAMETRIC_REPRESENTATION_CONTEXT() REPRESENTATION_CONTEXT('2D SPACE',''
  ) );
#3327 = ORIENTED_EDGE('',*,*,#2925,.F.);
#3328 = ADVANCED_FACE('',(#3329),#963,.F.);
#3329 = FACE_BOUND('',#3330,.F.);
#3330 = EDGE_LOOP('',(#3331,#3332,#3352,#3379));
#3331 = ORIENTED_EDGE('',*,*,#946,.T.);
#3332 = ORIENTED_EDGE('',*,*,#3333,.T.);
#3333 = EDGE_CURVE('',#947,#3334,#3336,.T.);
#3334 = VERTEX_POINT('',#3335);
#3335 = CARTESIAN_POINT('',(-10.9,-13.,0.5));
#3336 = SEAM_CURVE('',#3337,(#3340,#3346),.PCURVE_S1.);
#3337 = B_SPLINE_CURVE_WITH_KNOTS('',1,(#3338,#3339),.UNSPECIFIED.,.F.,
  .F.,(2,2),(0.,1.),.PIECEWISE_BEZIER_KNOTS.);
#3338 = CARTESIAN_POINT('',(-10.65,-13.,0.));
#3339 = CARTESIAN_POINT('',(-10.9,-13.,0.5));
#3340 = PCURVE('',#963,#3341);
#3341 = DEFINITIONAL_REPRESENTATION('',(#3342),#3345);
#3342 = B_SPLINE_CURVE_WITH_KNOTS('',1,(#3343,#3344),.UNSPECIFIED.,.F.,
  .F.,(2,2),(0.,1.),.PIECEWISE_BEZIER_KNOTS.);
#3343 = CARTESIAN_POINT('',(-6.28318530718,0.));
#3344 = CARTESIAN_POINT('',(-6.28318530718,-0.5));
#3345 = ( GEOMETRIC_REPRESENTATION_CONTEXT(2) 
PARAMETRIC_REPRESENTATION_CONTEXT() REPRESENTATION_CONTEXT('2D SPACE',''
  ) );
#3346 = PCURVE('',#963,#3347);
#3347 = DEFINITIONAL_REPRESENTATION('',(#3348),#3351);
#3348 = B_SPLINE_CURVE_WITH_KNOTS('',1,(#3349,#3350),.UNSPECIFIED.,.F.,
  .F.,(2,2),(0.,1.),.PIECEWISE_BEZIER_KNOTS.);
#3349 = CARTESIAN_POINT('',(0.,0.));
#3350 = CARTESIAN_POINT('',(0.,-0.5));
#3351 = ( GEOMETRIC_REPRESENTATION_CONTEXT(2) 
PARAMETRIC_REPRESENTATION_CONTEXT() REPRESENTATION_CONTEXT('2D SPACE',''
  ) );
#3352 = ORIENTED_EDGE('',*,*,#3353,.F.);
#3353 = EDGE_CURVE('',#3334,#3334,#3354,.T.);
#3354 = SURFACE_CURVE('',#3355,(#3360,#3367),.PCURVE_S1.);
#3355 = CIRCLE('',#3356,2.1);
#3356 = AXIS2_PLACEMENT_3D('',#3357,#3358,#3359);
#3357 = CARTESIAN_POINT('',(-13.,-13.,0.5));
#3358 = DIRECTION('',(0.,0.,1.));
#3359 = DIRECTION('',(1.,0.,0.));
#3360 = PCURVE('',#963,#3361);
#3361 = DEFINITIONAL_REPRESENTATION('',(#3362),#3366);
#3362 = LINE('',#3363,#3364);
#3363 = CARTESIAN_POINT('',(-0.,-0.5));
#3364 = VECTOR('',#3365,1.);
#3365 = DIRECTION('',(-1.,-0.));
#3366 = ( GEOMETRIC_REPRESENTATION_CONTEXT(2) 
PARAMETRIC_REPRESENTATION_CONTEXT() REPRESENTATION_CONTEXT('2D SPACE',''
  ) );
#3367 = PCURVE('',#3368,#3373);
#3368 = CYLINDRICAL_SURFACE('',#3369,2.1);
#3369 = AXIS2_PLACEMENT_3D('',#3370,#3371,#3372);
#3370 = CARTESIAN_POINT('',(-13.,-13.,0.));
#3371 = DIRECTION('',(-0.,-0.,-1.));
#3372 = DIRECTION('',(1.,0.,0.));
#3373 = DEFINITIONAL_REPRESENTATION('',(#3374),#3378);
#3374 = LINE('',#3375,#3376);
#3375 = CARTESIAN_POINT('',(-0.,-0.5));
#3376 = VECTOR('',#3377,1.);
#3377 = DIRECTION('',(-1.,0.));
#3378 = ( GEOMETRIC_REPRESENTATION_CONTEXT(2) 
PARAMETRIC_REPRESENTATION_CONTEXT() REPRESENTATION_CONTEXT('2D SPACE',''
  ) );
#3379 = ORIENTED_EDGE('',*,*,#3333,.F.);
#3380 = ADVANCED_FACE('',(#3381),#994,.F.);
#3381 = FACE_BOUND('',#3382,.F.);
#3382 = EDGE_LOOP('',(#3383,#3384,#3404,#3431));
#3383 = ORIENTED_EDGE('',*,*,#977,.T.);
#3384 = ORIENTED_EDGE('',*,*,#3385,.T.);
#3385 = EDGE_CURVE('',#978,#3386,#3388,.T.);
#3386 = VERTEX_POINT('',#3387);
#3387 = CARTESIAN_POINT('',(15.1,-13.,0.5));
#3388 = SEAM_CURVE('',#3389,(#3392,#3398),.PCURVE_S1.);
#3389 = B_SPLINE_CURVE_WITH_KNOTS('',1,(#3390,#3391),.UNSPECIFIED.,.F.,
  .F.,(2,2),(0.,1.),.PIECEWISE_BEZIER_KNOTS.);
#3390 = CARTESIAN_POINT('',(15.35,-13.,0.));
#3391 = CARTESIAN_POINT('',(15.1,-13.,0.5));
#3392 = PCURVE('',#994,#3393);
#3393 = DEFINITIONAL_REPRESENTATION('',(#3394),#3397);
#3394 = B_SPLINE_CURVE_WITH_KNOTS('',1,(#3395,#3396),.UNSPECIFIED.,.F.,
  .F.,(2,2),(0.,1.),.PIECEWISE_BEZIER_KNOTS.);
#3395 = CARTESIAN_POINT('',(-6.28318530718,0.));
#3396 = CARTESIAN_POINT('',(-6.28318530718,-0.5));
#3397 = ( GEOMETRIC_REPRESENTATION_CONTEXT(2) 
PARAMETRIC_REPRESENTATION_CONTEXT() REPRESENTATION_CONTEXT('2D SPACE',''
  ) );
#3398 = PCURVE('',#994,#3399);
#3399 = DEFINITIONAL_REPRESENTATION('',(#3400),#3403);
#3400 = B_SPLINE_CURVE_WITH_KNOTS('',1,(#3401,#3402),.UNSPECIFIED.,.F.,
  .F.,(2,2),(0.,1.),.PIECEWISE_BEZIER_KNOTS.);
#3401 = CARTESIAN_POINT('',(0.,0.));
#3402 = CARTESIAN_POINT('',(0.,-0.5));
#3403 = ( GEOMETRIC_REPRESENTATION_CONTEXT(2) 
PARAMETRIC_REPRESENTATION_CONTEXT() REPRESENTATION_CONTEXT('2D SPACE',''
  ) );
#3404 = ORIENTED_EDGE('',*,*,#3405,.F.);
#3405 = EDGE_CURVE('',#3386,#3386,#3406,.T.);
#3406 = SURFACE_CURVE('',#3407,(#3412,#3419),.PCURVE_S1.);
#3407 = CIRCLE('',#3408,2.1);
#3408 = AXIS2_PLACEMENT_3D('',#3409,#3410,#3411);
#3409 = CARTESIAN_POINT('',(13.,-13.,0.5));
#3410 = DIRECTION('',(0.,0.,1.));
#3411 = DIRECTION('',(1.,0.,0.));
#3412 = PCURVE('',#994,#3413);
#3413 = DEFINITIONAL_REPRESENTATION('',(#3414),#3418);
#3414 = LINE('',#3415,#3416);
#3415 = CARTESIAN_POINT('',(-0.,-0.5));
#3416 = VECTOR('',#3417,1.);
#3417 = DIRECTION('',(-1.,-0.));
#3418 = ( GEOMETRIC_REPRESENTATION_CONTEXT(2) 
PARAMETRIC_REPRESENTATION_CONTEXT() REPRESENTATION_CONTEXT('2D SPACE',''
  ) );
#3419 = PCURVE('',#3420,#3425);
#3420 = CYLINDRICAL_SURFACE('',#3421,2.1);
#3421 = AXIS2_PLACEMENT_3D('',#3422,#3423,#3424);
#3422 = CARTESIAN_POINT('',(13.,-13.,0.));
#3423 = DIRECTION('',(-0.,-0.,-1.));
#3424 = DIRECTION('',(1.,0.,0.));
#3425 = DEFINITIONAL_REPRESENTATION('',(#3426),#3430);
#3426 = LINE('',#3427,#3428);
#3427 = CARTESIAN_POINT('',(-0.,-0.5));
#3428 = VECTOR('',#3429,1.);
#3429 = DIRECTION('',(-1.,0.));
#3430 = ( GEOMETRIC_REPRESENTATION_CONTEXT(2) 
PARAMETRIC_REPRESENTATION_CONTEXT() REPRESENTATION_CONTEXT('2D SPACE',''
  ) );
#3431 = ORIENTED_EDGE('',*,*,#3385,.F.);
#3432 = ADVANCED_FACE('',(#3433),#1025,.F.);
#3433 = FACE_BOUND('',#3434,.F.);
#3434 = EDGE_LOOP('',(#3435,#3436,#3456,#3483));
#3435 = ORIENTED_EDGE('',*,*,#1008,.T.);
#3436 = ORIENTED_EDGE('',*,*,#3437,.T.);
#3437 = EDGE_CURVE('',#1009,#3438,#3440,.T.);
#3438 = VERTEX_POINT('',#3439);
#3439 = CARTESIAN_POINT('',(-10.9,13.,0.5));
#3440 = SEAM_CURVE('',#3441,(#3444,#3450),.PCURVE_S1.);
#3441 = B_SPLINE_CURVE_WITH_KNOTS('',1,(#3442,#3443),.UNSPECIFIED.,.F.,
  .F.,(2,2),(0.,1.),.PIECEWISE_BEZIER_KNOTS.);
#3442 = CARTESIAN_POINT('',(-10.65,13.,0.));
#3443 = CARTESIAN_POINT('',(-10.9,13.,0.5));
#3444 = PCURVE('',#1025,#3445);
#3445 = DEFINITIONAL_REPRESENTATION('',(#3446),#3449);
#3446 = B_SPLINE_CURVE_WITH_KNOTS('',1,(#3447,#3448),.UNSPECIFIED.,.F.,
  .F.,(2,2),(0.,1.),.PIECEWISE_BEZIER_KNOTS.);
#3447 = CARTESIAN_POINT('',(-6.28318530718,0.));
#3448 = CARTESIAN_POINT('',(-6.28318530718,-0.5));
#3449 = ( GEOMETRIC_REPRESENTATION_CONTEXT(2) 
PARAMETRIC_REPRESENTATION_CONTEXT() REPRESENTATION_CONTEXT('2D SPACE',''
  ) );
#3450 = PCURVE('',#1025,#3451);
#3451 = DEFINITIONAL_REPRESENTATION('',(#3452),#3455);
#3452 = B_SPLINE_CURVE_WITH_KNOTS('',1,(#3453,#3454),.UNSPECIFIED.,.F.,
  .F.,(2,2),(0.,1.),.PIECEWISE_BEZIER_KNOTS.);
#3453 = CARTESIAN_POINT('',(0.,0.));
#3454 = CARTESIAN_POINT('',(0.,-0.5));
#3455 = ( GEOMETRIC_REPRESENTATION_CONTEXT(2) 
PARAMETRIC_REPRESENTATION_CONTEXT() REPRESENTATION_CONTEXT('2D SPACE',''
  ) );
#3456 = ORIENTED_EDGE('',*,*,#3457,.F.);
#3457 = EDGE_CURVE('',#3438,#3438,#3458,.T.);
#3458 = SURFACE_CURVE('',#3459,(#3464,#3471),.PCURVE_S1.);
#3459 = CIRCLE('',#3460,2.1);
#3460 = AXIS2_PLACEMENT_3D('',#3461,#3462,#3463);
#3461 = CARTESIAN_POINT('',(-13.,13.,0.5));
#3462 = DIRECTION('',(0.,0.,1.));
#3463 = DIRECTION('',(1.,0.,0.));
#3464 = PCURVE('',#1025,#3465);
#3465 = DEFINITIONAL_REPRESENTATION('',(#3466),#3470);
#3466 = LINE('',#3467,#3468);
#3467 = CARTESIAN_POINT('',(-0.,-0.5));
#3468 = VECTOR('',#3469,1.);
#3469 = DIRECTION('',(-1.,-0.));
#3470 = ( GEOMETRIC_REPRESENTATION_CONTEXT(2) 
PARAMETRIC_REPRESENTATION_CONTEXT() REPRESENTATION_CONTEXT('2D SPACE',''
  ) );
#3471 = PCURVE('',#3472,#3477);
#3472 = CYLINDRICAL_SURFACE('',#3473,2.1);
#3473 = AXIS2_PLACEMENT_3D('',#3474,#3475,#3476);
#3474 = CARTESIAN_POINT('',(-13.,13.,0.));
#3475 = DIRECTION('',(-0.,-0.,-1.));
#3476 = DIRECTION('',(1.,0.,0.));
#3477 = DEFINITIONAL_REPRESENTATION('',(#3478),#3482);
#3478 = LINE('',#3479,#3480);
#3479 = CARTESIAN_POINT('',(-0.,-0.5));
#3480 = VECTOR('',#3481,1.);
#3481 = DIRECTION('',(-1.,0.));
#3482 = ( GEOMETRIC_REPRESENTATION_CONTEXT(2) 
PARAMETRIC_REPRESENTATION_CONTEXT() REPRESENTATION_CONTEXT('2D SPACE',''
  ) );
#3483 = ORIENTED_EDGE('',*,*,#3437,.F.);
#3484 = ADVANCED_FACE('',(#3485),#1056,.F.);
#3485 = FACE_BOUND('',#3486,.F.);
#3486 = EDGE_LOOP('',(#3487,#3488,#3508,#3535));
#3487 = ORIENTED_EDGE('',*,*,#1039,.T.);
#3488 = ORIENTED_EDGE('',*,*,#3489,.T.);
#3489 = EDGE_CURVE('',#1040,#3490,#3492,.T.);
#3490 = VERTEX_POINT('',#3491);
#3491 = CARTESIAN_POINT('',(15.1,13.,0.5));
#3492 = SEAM_CURVE('',#3493,(#3496,#3502),.PCURVE_S1.);
#3493 = B_SPLINE_CURVE_WITH_KNOTS('',1,(#3494,#3495),.UNSPECIFIED.,.F.,
  .F.,(2,2),(0.,1.),.PIECEWISE_BEZIER_KNOTS.);
#3494 = CARTESIAN_POINT('',(15.35,13.,0.));
#3495 = CARTESIAN_POINT('',(15.1,13.,0.5));
#3496 = PCURVE('',#1056,#3497);
#3497 = DEFINITIONAL_REPRESENTATION('',(#3498),#3501);
#3498 = B_SPLINE_CURVE_WITH_KNOTS('',1,(#3499,#3500),.UNSPECIFIED.,.F.,
  .F.,(2,2),(0.,1.),.PIECEWISE_BEZIER_KNOTS.);
#3499 = CARTESIAN_POINT('',(-6.28318530718,0.));
#3500 = CARTESIAN_POINT('',(-6.28318530718,-0.5));
#3501 = ( GEOMETRIC_REPRESENTATION_CONTEXT(2) 
PARAMETRIC_REPRESENTATION_CONTEXT() REPRESENTATION_CONTEXT('2D SPACE',''
  ) );
#3502 = PCURVE('',#1056,#3503);
#3503 = DEFINITIONAL_REPRESENTATION('',(#3504),#3507);
#3504 = B_SPLINE_CURVE_WITH_KNOTS('',1,(#3505,#3506),.UNSPECIFIED.,.F.,
  .F.,(2,2),(0.,1.),.PIECEWISE_BEZIER_KNOTS.);
#3505 = CARTESIAN_POINT('',(0.,0.));
#3506 = CARTESIAN_POINT('',(0.,-0.5));
#3507 = ( GEOMETRIC_REPRESENTATION_CONTEXT(2) 
PARAMETRIC_REPRESENTATION_CONTEXT() REPRESENTATION_CONTEXT('2D SPACE',''
  ) );
#3508 = ORIENTED_EDGE('',*,*,#3509,.F.);
#3509 = EDGE_CURVE('',#3490,#3490,#3510,.T.);
#3510 = SURFACE_CURVE('',#3511,(#3516,#3523),.PCURVE_S1.);
#3511 = CIRCLE('',#3512,2.1);
#3512 = AXIS2_PLACEMENT_3D('',#3513,#3514,#3515);
#3513 = CARTESIAN_POINT('',(13.,13.,0.5));
#3514 = DIRECTION('',(0.,0.,1.));
#3515 = DIRECTION('',(1.,0.,0.));
#3516 = PCURVE('',#1056,#3517);
#3517 = DEFINITIONAL_REPRESENTATION('',(#3518),#3522);
#3518 = LINE('',#3519,#3520);
#3519 = CARTESIAN_POINT('',(-0.,-0.5));
#3520 = VECTOR('',#3521,1.);
#3521 = DIRECTION('',(-1.,-0.));
#3522 = ( GEOMETRIC_REPRESENTATION_CONTEXT(2) 
PARAMETRIC_REPRESENTATION_CONTEXT() REPRESENTATION_CONTEXT('2D SPACE',''
  ) );
#3523 = PCURVE('',#3524,#3529);
#3524 = CYLINDRICAL_SURFACE('',#3525,2.1);
#3525 = AXIS2_PLACEMENT_3D('',#3526,#3527,#3528);
#3526 = CARTESIAN_POINT('',(13.,13.,0.));
#3527 = DIRECTION('',(-0.,-0.,-1.));
#3528 = DIRECTION('',(1.,0.,0.));
#3529 = DEFINITIONAL_REPRESENTATION('',(#3530),#3534);
#3530 = LINE('',#3531,#3532);
#3531 = CARTESIAN_POINT('',(-0.,-0.5));
#3532 = VECTOR('',#3533,1.);
#3533 = DIRECTION('',(-1.,0.));
#3534 = ( GEOMETRIC_REPRESENTATION_CONTEXT(2) 
PARAMETRIC_REPRESENTATION_CONTEXT() REPRESENTATION_CONTEXT('2D SPACE',''
  ) );
#3535 = ORIENTED_EDGE('',*,*,#3489,.F.);
#3536 = ADVANCED_FACE('',(#3537,#3738,#3773),#1090,.F.);
#3537 = FACE_BOUND('',#3538,.F.);
#3538 = EDGE_LOOP('',(#3539,#3540,#3541,#3564,#3587,#3608,#3609,#3610,
    #3633,#3661,#3689,#3717));
#3539 = ORIENTED_EDGE('',*,*,#1278,.F.);
#3540 = ORIENTED_EDGE('',*,*,#1074,.T.);
#3541 = ORIENTED_EDGE('',*,*,#3542,.F.);
#3542 = EDGE_CURVE('',#3543,#1075,#3545,.T.);
#3543 = VERTEX_POINT('',#3544);
#3544 = CARTESIAN_POINT('',(-3.,58.,8.));
#3545 = SURFACE_CURVE('',#3546,(#3550,#3557),.PCURVE_S1.);
#3546 = LINE('',#3547,#3548);
#3547 = CARTESIAN_POINT('',(-3.,58.,8.));
#3548 = VECTOR('',#3549,1.);
#3549 = DIRECTION('',(0.,-1.,0.));
#3550 = PCURVE('',#1090,#3551);
#3551 = DEFINITIONAL_REPRESENTATION('',(#3552),#3556);
#3552 = LINE('',#3553,#3554);
#3553 = CARTESIAN_POINT('',(5.,42.));
#3554 = VECTOR('',#3555,1.);
#3555 = DIRECTION('',(0.,-1.));
#3556 = ( GEOMETRIC_REPRESENTATION_CONTEXT(2) 
PARAMETRIC_REPRESENTATION_CONTEXT() REPRESENTATION_CONTEXT('2D SPACE',''
  ) );
#3557 = PCURVE('',#1117,#3558);
#3558 = DEFINITIONAL_REPRESENTATION('',(#3559),#3563);
#3559 = LINE('',#3560,#3561);
#3560 = CARTESIAN_POINT('',(2.198039027186,-21.80196097281));
#3561 = VECTOR('',#3562,1.);
#3562 = DIRECTION('',(0.,1.));
#3563 = ( GEOMETRIC_REPRESENTATION_CONTEXT(2) 
PARAMETRIC_REPRESENTATION_CONTEXT() REPRESENTATION_CONTEXT('2D SPACE',''
  ) );
#3564 = ORIENTED_EDGE('',*,*,#3565,.T.);
#3565 = EDGE_CURVE('',#3543,#3566,#3568,.T.);
#3566 = VERTEX_POINT('',#3567);
#3567 = CARTESIAN_POINT('',(3.,58.,8.));
#3568 = SURFACE_CURVE('',#3569,(#3573,#3580),.PCURVE_S1.);
#3569 = LINE('',#3570,#3571);
#3570 = CARTESIAN_POINT('',(-3.,58.,8.));
#3571 = VECTOR('',#3572,1.);
#3572 = DIRECTION('',(1.,0.,0.));
#3573 = PCURVE('',#1090,#3574);
#3574 = DEFINITIONAL_REPRESENTATION('',(#3575),#3579);
#3575 = LINE('',#3576,#3577);
#3576 = CARTESIAN_POINT('',(5.,42.));
#3577 = VECTOR('',#3578,1.);
#3578 = DIRECTION('',(1.,0.));
#3579 = ( GEOMETRIC_REPRESENTATION_CONTEXT(2) 
PARAMETRIC_REPRESENTATION_CONTEXT() REPRESENTATION_CONTEXT('2D SPACE',''
  ) );
#3580 = PCURVE('',#1143,#3581);
#3581 = DEFINITIONAL_REPRESENTATION('',(#3582),#3586);
#3582 = LINE('',#3583,#3584);
#3583 = CARTESIAN_POINT('',(40.792156108742,0.));
#3584 = VECTOR('',#3585,1.);
#3585 = DIRECTION('',(0.,-1.));
#3586 = ( GEOMETRIC_REPRESENTATION_CONTEXT(2) 
PARAMETRIC_REPRESENTATION_CONTEXT() REPRESENTATION_CONTEXT('2D SPACE',''
  ) );
#3587 = ORIENTED_EDGE('',*,*,#3588,.T.);
#3588 = EDGE_CURVE('',#3566,#1155,#3589,.T.);
#3589 = SURFACE_CURVE('',#3590,(#3594,#3601),.PCURVE_S1.);
#3590 = LINE('',#3591,#3592);
#3591 = CARTESIAN_POINT('',(3.,58.,8.));
#3592 = VECTOR('',#3593,1.);
#3593 = DIRECTION('',(0.,-1.,0.));
#3594 = PCURVE('',#1090,#3595);
#3595 = DEFINITIONAL_REPRESENTATION('',(#3596),#3600);
#3596 = LINE('',#3597,#3598);
#3597 = CARTESIAN_POINT('',(11.,42.));
#3598 = VECTOR('',#3599,1.);
#3599 = DIRECTION('',(0.,-1.));
#3600 = ( GEOMETRIC_REPRESENTATION_CONTEXT(2) 
PARAMETRIC_REPRESENTATION_CONTEXT() REPRESENTATION_CONTEXT('2D SPACE',''
  ) );
#3601 = PCURVE('',#1169,#3602);
#3602 = DEFINITIONAL_REPRESENTATION('',(#3603),#3607);
#3603 = LINE('',#3604,#3605);
#3604 = CARTESIAN_POINT('',(2.198039027186,-21.80196097281));
#3605 = VECTOR('',#3606,1.);
#3606 = DIRECTION('',(0.,1.));
#3607 = ( GEOMETRIC_REPRESENTATION_CONTEXT(2) 
PARAMETRIC_REPRESENTATION_CONTEXT() REPRESENTATION_CONTEXT('2D SPACE',''
  ) );
#3608 = ORIENTED_EDGE('',*,*,#1180,.T.);
#3609 = ORIENTED_EDGE('',*,*,#1402,.T.);
#3610 = ORIENTED_EDGE('',*,*,#3611,.T.);
#3611 = EDGE_CURVE('',#1403,#3612,#3614,.T.);
#3612 = VERTEX_POINT('',#3613);
#3613 = CARTESIAN_POINT('',(28.5,61.,8.));
#3614 = SURFACE_CURVE('',#3615,(#3619,#3626),.PCURVE_S1.);
#3615 = LINE('',#3616,#3617);
#3616 = CARTESIAN_POINT('',(-28.5,61.,8.));
#3617 = VECTOR('',#3618,1.);
#3618 = DIRECTION('',(1.,0.,0.));
#3619 = PCURVE('',#1090,#3620);
#3620 = DEFINITIONAL_REPRESENTATION('',(#3621),#3625);
#3621 = LINE('',#3622,#3623);
#3622 = CARTESIAN_POINT('',(-20.5,45.));
#3623 = VECTOR('',#3624,1.);
#3624 = DIRECTION('',(1.,0.));
#3625 = ( GEOMETRIC_REPRESENTATION_CONTEXT(2) 
PARAMETRIC_REPRESENTATION_CONTEXT() REPRESENTATION_CONTEXT('2D SPACE',''
  ) );
#3626 = PCURVE('',#1438,#3627);
#3627 = DEFINITIONAL_REPRESENTATION('',(#3628),#3632);
#3628 = LINE('',#3629,#3630);
#3629 = CARTESIAN_POINT('',(0.,0.));
#3630 = VECTOR('',#3631,1.);
#3631 = DIRECTION('',(0.,1.));
#3632 = ( GEOMETRIC_REPRESENTATION_CONTEXT(2) 
PARAMETRIC_REPRESENTATION_CONTEXT() REPRESENTATION_CONTEXT('2D SPACE',''
  ) );
#3633 = ORIENTED_EDGE('',*,*,#3634,.T.);
#3634 = EDGE_CURVE('',#3612,#3635,#3637,.T.);
#3635 = VERTEX_POINT('',#3636);
#3636 = CARTESIAN_POINT('',(28.5,79.,8.));
#3637 = SURFACE_CURVE('',#3638,(#3642,#3649),.PCURVE_S1.);
#3638 = LINE('',#3639,#3640);
#3639 = CARTESIAN_POINT('',(28.5,61.,8.));
#3640 = VECTOR('',#3641,1.);
#3641 = DIRECTION('',(0.,1.,0.));
#3642 = PCURVE('',#1090,#3643);
#3643 = DEFINITIONAL_REPRESENTATION('',(#3644),#3648);
#3644 = LINE('',#3645,#3646);
#3645 = CARTESIAN_POINT('',(36.5,45.));
#3646 = VECTOR('',#3647,1.);
#3647 = DIRECTION('',(0.,1.));
#3648 = ( GEOMETRIC_REPRESENTATION_CONTEXT(2) 
PARAMETRIC_REPRESENTATION_CONTEXT() REPRESENTATION_CONTEXT('2D SPACE',''
  ) );
#3649 = PCURVE('',#3650,#3655);
#3650 = PLANE('',#3651);
#3651 = AXIS2_PLACEMENT_3D('',#3652,#3653,#3654);
#3652 = CARTESIAN_POINT('',(28.5,61.,8.));
#3653 = DIRECTION('',(1.,0.,0.));
#3654 = DIRECTION('',(0.,0.,1.));
#3655 = DEFINITIONAL_REPRESENTATION('',(#3656),#3660);
#3656 = LINE('',#3657,#3658);
#3657 = CARTESIAN_POINT('',(0.,0.));
#3658 = VECTOR('',#3659,1.);
#3659 = DIRECTION('',(0.,-1.));
#3660 = ( GEOMETRIC_REPRESENTATION_CONTEXT(2) 
PARAMETRIC_REPRESENTATION_CONTEXT() REPRESENTATION_CONTEXT('2D SPACE',''
  ) );
#3661 = ORIENTED_EDGE('',*,*,#3662,.F.);
#3662 = EDGE_CURVE('',#3663,#3635,#3665,.T.);
#3663 = VERTEX_POINT('',#3664);
#3664 = CARTESIAN_POINT('',(-28.5,79.,8.));
#3665 = SURFACE_CURVE('',#3666,(#3670,#3677),.PCURVE_S1.);
#3666 = LINE('',#3667,#3668);
#3667 = CARTESIAN_POINT('',(-28.5,79.,8.));
#3668 = VECTOR('',#3669,1.);
#3669 = DIRECTION('',(1.,0.,0.));
#3670 = PCURVE('',#1090,#3671);
#3671 = DEFINITIONAL_REPRESENTATION('',(#3672),#3676);
#3672 = LINE('',#3673,#3674);
#3673 = CARTESIAN_POINT('',(-20.5,63.));
#3674 = VECTOR('',#3675,1.);
#3675 = DIRECTION('',(1.,0.));
#3676 = ( GEOMETRIC_REPRESENTATION_CONTEXT(2) 
PARAMETRIC_REPRESENTATION_CONTEXT() REPRESENTATION_CONTEXT('2D SPACE',''
  ) );
#3677 = PCURVE('',#3678,#3683);
#3678 = PLANE('',#3679);
#3679 = AXIS2_PLACEMENT_3D('',#3680,#3681,#3682);
#3680 = CARTESIAN_POINT('',(-28.5,79.,8.));
#3681 = DIRECTION('',(0.,1.,0.));
#3682 = DIRECTION('',(0.,0.,1.));
#3683 = DEFINITIONAL_REPRESENTATION('',(#3684),#3688);
#3684 = LINE('',#3685,#3686);
#3685 = CARTESIAN_POINT('',(0.,0.));
#3686 = VECTOR('',#3687,1.);
#3687 = DIRECTION('',(0.,1.));
#3688 = ( GEOMETRIC_REPRESENTATION_CONTEXT(2) 
PARAMETRIC_REPRESENTATION_CONTEXT() REPRESENTATION_CONTEXT('2D SPACE',''
  ) );
#3689 = ORIENTED_EDGE('',*,*,#3690,.F.);
#3690 = EDGE_CURVE('',#3691,#3663,#3693,.T.);
#3691 = VERTEX_POINT('',#3692);
#3692 = CARTESIAN_POINT('',(-28.5,61.,8.));
#3693 = SURFACE_CURVE('',#3694,(#3698,#3705),.PCURVE_S1.);
#3694 = LINE('',#3695,#3696);
#3695 = CARTESIAN_POINT('',(-28.5,61.,8.));
#3696 = VECTOR('',#3697,1.);
#3697 = DIRECTION('',(0.,1.,0.));
#3698 = PCURVE('',#1090,#3699);
#3699 = DEFINITIONAL_REPRESENTATION('',(#3700),#3704);
#3700 = LINE('',#3701,#3702);
#3701 = CARTESIAN_POINT('',(-20.5,45.));
#3702 = VECTOR('',#3703,1.);
#3703 = DIRECTION('',(0.,1.));
#3704 = ( GEOMETRIC_REPRESENTATION_CONTEXT(2) 
PARAMETRIC_REPRESENTATION_CONTEXT() REPRESENTATION_CONTEXT('2D SPACE',''
  ) );
#3705 = PCURVE('',#3706,#3711);
#3706 = PLANE('',#3707);
#3707 = AXIS2_PLACEMENT_3D('',#3708,#3709,#3710);
#3708 = CARTESIAN_POINT('',(-28.5,61.,8.));
#3709 = DIRECTION('',(1.,0.,0.));
#3710 = DIRECTION('',(0.,0.,1.));
#3711 = DEFINITIONAL_REPRESENTATION('',(#3712),#3716);
#3712 = LINE('',#3713,#3714);
#3713 = CARTESIAN_POINT('',(0.,0.));
#3714 = VECTOR('',#3715,1.);
#3715 = DIRECTION('',(0.,-1.));
#3716 = ( GEOMETRIC_REPRESENTATION_CONTEXT(2) 
PARAMETRIC_REPRESENTATION_CONTEXT() REPRESENTATION_CONTEXT('2D SPACE',''
  ) );
#3717 = ORIENTED_EDGE('',*,*,#3718,.T.);
#3718 = EDGE_CURVE('',#3691,#1279,#3719,.T.);
#3719 = SURFACE_CURVE('',#3720,(#3724,#3731),.PCURVE_S1.);
#3720 = LINE('',#3721,#3722);
#3721 = CARTESIAN_POINT('',(-28.5,61.,8.));
#3722 = VECTOR('',#3723,1.);
#3723 = DIRECTION('',(1.,0.,0.));
#3724 = PCURVE('',#1090,#3725);
#3725 = DEFINITIONAL_REPRESENTATION('',(#3726),#3730);
#3726 = LINE('',#3727,#3728);
#3727 = CARTESIAN_POINT('',(-20.5,45.));
#3728 = VECTOR('',#3729,1.);
#3729 = DIRECTION('',(1.,0.));
#3730 = ( GEOMETRIC_REPRESENTATION_CONTEXT(2) 
PARAMETRIC_REPRESENTATION_CONTEXT() REPRESENTATION_CONTEXT('2D SPACE',''
  ) );
#3731 = PCURVE('',#1314,#3732);
#3732 = DEFINITIONAL_REPRESENTATION('',(#3733),#3737);
#3733 = LINE('',#3734,#3735);
#3734 = CARTESIAN_POINT('',(0.,0.));
#3735 = VECTOR('',#3736,1.);
#3736 = DIRECTION('',(0.,1.));
#3737 = ( GEOMETRIC_REPRESENTATION_CONTEXT(2) 
PARAMETRIC_REPRESENTATION_CONTEXT() REPRESENTATION_CONTEXT('2D SPACE',''
  ) );
#3738 = FACE_BOUND('',#3739,.F.);
#3739 = EDGE_LOOP('',(#3740));
#3740 = ORIENTED_EDGE('',*,*,#3741,.T.);
#3741 = EDGE_CURVE('',#3742,#3742,#3744,.T.);
#3742 = VERTEX_POINT('',#3743);
#3743 = CARTESIAN_POINT('',(-20.9,70.,8.));
#3744 = SURFACE_CURVE('',#3745,(#3750,#3761),.PCURVE_S1.);
#3745 = CIRCLE('',#3746,1.6);
#3746 = AXIS2_PLACEMENT_3D('',#3747,#3748,#3749);
#3747 = CARTESIAN_POINT('',(-22.5,70.,8.));
#3748 = DIRECTION('',(0.,0.,-1.));
#3749 = DIRECTION('',(1.,0.,0.));
#3750 = PCURVE('',#1090,#3751);
#3751 = DEFINITIONAL_REPRESENTATION('',(#3752),#3760);
#3752 = ( BOUNDED_CURVE() B_SPLINE_CURVE(2,(#3753,#3754,#3755,#3756,
#3757,#3758,#3759),.UNSPECIFIED.,.T.,.F.) B_SPLINE_CURVE_WITH_KNOTS((1,2
    ,2,2,2,1),(-2.094395102393,0.,2.094395102393,4.188790204786,
6.28318530718,8.377580409573),.UNSPECIFIED.) CURVE() 
GEOMETRIC_REPRESENTATION_ITEM() RATIONAL_B_SPLINE_CURVE((1.,0.5,1.,0.5,
1.,0.5,1.)) REPRESENTATION_ITEM('') );
#3753 = CARTESIAN_POINT('',(-12.9,54.));
#3754 = CARTESIAN_POINT('',(-12.9,51.22871870789));
#3755 = CARTESIAN_POINT('',(-15.3,52.614359353945));
#3756 = CARTESIAN_POINT('',(-17.7,54.));
#3757 = CARTESIAN_POINT('',(-15.3,55.385640646055));
#3758 = CARTESIAN_POINT('',(-12.9,56.77128129211));
#3759 = CARTESIAN_POINT('',(-12.9,54.));
#3760 = ( GEOMETRIC_REPRESENTATION_CONTEXT(2) 
PARAMETRIC_REPRESENTATION_CONTEXT() REPRESENTATION_CONTEXT('2D SPACE',''
  ) );
#3761 = PCURVE('',#3762,#3767);
#3762 = CYLINDRICAL_SURFACE('',#3763,1.6);
#3763 = AXIS2_PLACEMENT_3D('',#3764,#3765,#3766);
#3764 = CARTESIAN_POINT('',(-22.5,70.,7.));
#3765 = DIRECTION('',(-0.,-0.,-1.));
#3766 = DIRECTION('',(1.,0.,0.));
#3767 = DEFINITIONAL_REPRESENTATION('',(#3768),#3772);
#3768 = LINE('',#3769,#3770);
#3769 = CARTESIAN_POINT('',(-6.28318530718,-1.));
#3770 = VECTOR('',#3771,1.);
#3771 = DIRECTION('',(1.,-0.));
#3772 = ( GEOMETRIC_REPRESENTATION_CONTEXT(2) 
PARAMETRIC_REPRESENTATION_CONTEXT() REPRESENTATION_CONTEXT('2D SPACE',''
  ) );
#3773 = FACE_BOUND('',#3774,.F.);
#3774 = EDGE_LOOP('',(#3775));
#3775 = ORIENTED_EDGE('',*,*,#3776,.T.);
#3776 = EDGE_CURVE('',#3777,#3777,#3779,.T.);
#3777 = VERTEX_POINT('',#3778);
#3778 = CARTESIAN_POINT('',(24.1,70.,8.));
#3779 = SURFACE_CURVE('',#3780,(#3785,#3796),.PCURVE_S1.);
#3780 = CIRCLE('',#3781,1.6);
#3781 = AXIS2_PLACEMENT_3D('',#3782,#3783,#3784);
#3782 = CARTESIAN_POINT('',(22.5,70.,8.));
#3783 = DIRECTION('',(0.,0.,-1.));
#3784 = DIRECTION('',(1.,0.,0.));
#3785 = PCURVE('',#1090,#3786);
#3786 = DEFINITIONAL_REPRESENTATION('',(#3787),#3795);
#3787 = ( BOUNDED_CURVE() B_SPLINE_CURVE(2,(#3788,#3789,#3790,#3791,
#3792,#3793,#3794),.UNSPECIFIED.,.T.,.F.) B_SPLINE_CURVE_WITH_KNOTS((1,2
    ,2,2,2,1),(-2.094395102393,0.,2.094395102393,4.188790204786,
6.28318530718,8.377580409573),.UNSPECIFIED.) CURVE() 
GEOMETRIC_REPRESENTATION_ITEM() RATIONAL_B_SPLINE_CURVE((1.,0.5,1.,0.5,
1.,0.5,1.)) REPRESENTATION_ITEM('') );
#3788 = CARTESIAN_POINT('',(32.1,54.));
#3789 = CARTESIAN_POINT('',(32.1,51.22871870789));
#3790 = CARTESIAN_POINT('',(29.7,52.614359353945));
#3791 = CARTESIAN_POINT('',(27.3,54.));
#3792 = CARTESIAN_POINT('',(29.7,55.385640646055));
#3793 = CARTESIAN_POINT('',(32.1,56.77128129211));
#3794 = CARTESIAN_POINT('',(32.1,54.));
#3795 = ( GEOMETRIC_REPRESENTATION_CONTEXT(2) 
PARAMETRIC_REPRESENTATION_CONTEXT() REPRESENTATION_CONTEXT('2D SPACE',''
  ) );
#3796 = PCURVE('',#3797,#3802);
#3797 = CYLINDRICAL_SURFACE('',#3798,1.6);
#3798 = AXIS2_PLACEMENT_3D('',#3799,#3800,#3801);
#3799 = CARTESIAN_POINT('',(22.5,70.,7.));
#3800 = DIRECTION('',(-0.,-0.,-1.));
#3801 = DIRECTION('',(1.,0.,0.));
#3802 = DEFINITIONAL_REPRESENTATION('',(#3803),#3807);
#3803 = LINE('',#3804,#3805);
#3804 = CARTESIAN_POINT('',(-6.28318530718,-1.));
#3805 = VECTOR('',#3806,1.);
#3806 = DIRECTION('',(1.,-0.));
#3807 = ( GEOMETRIC_REPRESENTATION_CONTEXT(2) 
PARAMETRIC_REPRESENTATION_CONTEXT() REPRESENTATION_CONTEXT('2D SPACE',''
  ) );
#3808 = ADVANCED_FACE('',(#3809),#1169,.T.);
#3809 = FACE_BOUND('',#3810,.T.);
#3810 = EDGE_LOOP('',(#3811,#3812,#3833));
#3811 = ORIENTED_EDGE('',*,*,#1154,.T.);
#3812 = ORIENTED_EDGE('',*,*,#3813,.T.);
#3813 = EDGE_CURVE('',#1129,#3566,#3814,.T.);
#3814 = SURFACE_CURVE('',#3815,(#3819,#3826),.PCURVE_S1.);
#3815 = LINE('',#3816,#3817);
#3816 = CARTESIAN_POINT('',(3.,18.,0.));
#3817 = VECTOR('',#3818,1.);
#3818 = DIRECTION('',(0.,0.980580675691,0.196116135138));
#3819 = PCURVE('',#1169,#3820);
#3820 = DEFINITIONAL_REPRESENTATION('',(#3821),#3825);
#3821 = LINE('',#3822,#3823);
#3822 = CARTESIAN_POINT('',(-5.801960972814,18.198039027186));
#3823 = VECTOR('',#3824,1.);
#3824 = DIRECTION('',(0.196116135138,-0.980580675691));
#3825 = ( GEOMETRIC_REPRESENTATION_CONTEXT(2) 
PARAMETRIC_REPRESENTATION_CONTEXT() REPRESENTATION_CONTEXT('2D SPACE',''
  ) );
#3826 = PCURVE('',#1143,#3827);
#3827 = DEFINITIONAL_REPRESENTATION('',(#3828),#3832);
#3828 = LINE('',#3829,#3830);
#3829 = CARTESIAN_POINT('',(0.,-6.));
#3830 = VECTOR('',#3831,1.);
#3831 = DIRECTION('',(1.,0.));
#3832 = ( GEOMETRIC_REPRESENTATION_CONTEXT(2) 
PARAMETRIC_REPRESENTATION_CONTEXT() REPRESENTATION_CONTEXT('2D SPACE',''
  ) );
#3833 = ORIENTED_EDGE('',*,*,#3588,.T.);
#3834 = ADVANCED_FACE('',(#3835),#1143,.F.);
#3835 = FACE_BOUND('',#3836,.F.);
#3836 = EDGE_LOOP('',(#3837,#3858,#3859,#3860));
#3837 = ORIENTED_EDGE('',*,*,#3838,.F.);
#3838 = EDGE_CURVE('',#1103,#3543,#3839,.T.);
#3839 = SURFACE_CURVE('',#3840,(#3844,#3851),.PCURVE_S1.);
#3840 = LINE('',#3841,#3842);
#3841 = CARTESIAN_POINT('',(-3.,18.,0.));
#3842 = VECTOR('',#3843,1.);
#3843 = DIRECTION('',(0.,0.980580675691,0.196116135138));
#3844 = PCURVE('',#1143,#3845);
#3845 = DEFINITIONAL_REPRESENTATION('',(#3846),#3850);
#3846 = LINE('',#3847,#3848);
#3847 = CARTESIAN_POINT('',(0.,0.));
#3848 = VECTOR('',#3849,1.);
#3849 = DIRECTION('',(1.,0.));
#3850 = ( GEOMETRIC_REPRESENTATION_CONTEXT(2) 
PARAMETRIC_REPRESENTATION_CONTEXT() REPRESENTATION_CONTEXT('2D SPACE',''
  ) );
#3851 = PCURVE('',#1117,#3852);
#3852 = DEFINITIONAL_REPRESENTATION('',(#3853),#3857);
#3853 = LINE('',#3854,#3855);
#3854 = CARTESIAN_POINT('',(-5.801960972814,18.198039027186));
#3855 = VECTOR('',#3856,1.);
#3856 = DIRECTION('',(0.196116135138,-0.980580675691));
#3857 = ( GEOMETRIC_REPRESENTATION_CONTEXT(2) 
PARAMETRIC_REPRESENTATION_CONTEXT() REPRESENTATION_CONTEXT('2D SPACE',''
  ) );
#3858 = ORIENTED_EDGE('',*,*,#1128,.T.);
#3859 = ORIENTED_EDGE('',*,*,#3813,.T.);
#3860 = ORIENTED_EDGE('',*,*,#3565,.F.);
#3861 = ADVANCED_FACE('',(#3862),#1117,.F.);
#3862 = FACE_BOUND('',#3863,.F.);
#3863 = EDGE_LOOP('',(#3864,#3865,#3866));
#3864 = ORIENTED_EDGE('',*,*,#1102,.T.);
#3865 = ORIENTED_EDGE('',*,*,#3838,.T.);
#3866 = ORIENTED_EDGE('',*,*,#3542,.T.);
#3867 = ADVANCED_FACE('',(#3868,#3986,#4016),#1244,.T.);
#3868 = FACE_BOUND('',#3869,.T.);
#3869 = EDGE_LOOP('',(#3870,#3871,#3872,#3873,#3896,#3919,#3942,#3965));
#3870 = ORIENTED_EDGE('',*,*,#1226,.F.);
#3871 = ORIENTED_EDGE('',*,*,#1330,.T.);
#3872 = ORIENTED_EDGE('',*,*,#1377,.T.);
#3873 = ORIENTED_EDGE('',*,*,#3874,.T.);
#3874 = EDGE_CURVE('',#1378,#3875,#3877,.T.);
#3875 = VERTEX_POINT('',#3876);
#3876 = CARTESIAN_POINT('',(28.5,61.,14.));
#3877 = SURFACE_CURVE('',#3878,(#3882,#3889),.PCURVE_S1.);
#3878 = LINE('',#3879,#3880);
#3879 = CARTESIAN_POINT('',(-28.5,61.,14.));
#3880 = VECTOR('',#3881,1.);
#3881 = DIRECTION('',(1.,0.,0.));
#3882 = PCURVE('',#1244,#3883);
#3883 = DEFINITIONAL_REPRESENTATION('',(#3884),#3888);
#3884 = LINE('',#3885,#3886);
#3885 = CARTESIAN_POINT('',(-20.5,45.));
#3886 = VECTOR('',#3887,1.);
#3887 = DIRECTION('',(1.,0.));
#3888 = ( GEOMETRIC_REPRESENTATION_CONTEXT(2) 
PARAMETRIC_REPRESENTATION_CONTEXT() REPRESENTATION_CONTEXT('2D SPACE',''
  ) );
#3889 = PCURVE('',#1438,#3890);
#3890 = DEFINITIONAL_REPRESENTATION('',(#3891),#3895);
#3891 = LINE('',#3892,#3893);
#3892 = CARTESIAN_POINT('',(6.,0.));
#3893 = VECTOR('',#3894,1.);
#3894 = DIRECTION('',(0.,1.));
#3895 = ( GEOMETRIC_REPRESENTATION_CONTEXT(2) 
PARAMETRIC_REPRESENTATION_CONTEXT() REPRESENTATION_CONTEXT('2D SPACE',''
  ) );
#3896 = ORIENTED_EDGE('',*,*,#3897,.T.);
#3897 = EDGE_CURVE('',#3875,#3898,#3900,.T.);
#3898 = VERTEX_POINT('',#3899);
#3899 = CARTESIAN_POINT('',(28.5,79.,14.));
#3900 = SURFACE_CURVE('',#3901,(#3905,#3912),.PCURVE_S1.);
#3901 = LINE('',#3902,#3903);
#3902 = CARTESIAN_POINT('',(28.5,61.,14.));
#3903 = VECTOR('',#3904,1.);
#3904 = DIRECTION('',(0.,1.,0.));
#3905 = PCURVE('',#1244,#3906);
#3906 = DEFINITIONAL_REPRESENTATION('',(#3907),#3911);
#3907 = LINE('',#3908,#3909);
#3908 = CARTESIAN_POINT('',(36.5,45.));
#3909 = VECTOR('',#3910,1.);
#3910 = DIRECTION('',(0.,1.));
#3911 = ( GEOMETRIC_REPRESENTATION_CONTEXT(2) 
PARAMETRIC_REPRESENTATION_CONTEXT() REPRESENTATION_CONTEXT('2D SPACE',''
  ) );
#3912 = PCURVE('',#3650,#3913);
#3913 = DEFINITIONAL_REPRESENTATION('',(#3914),#3918);
#3914 = LINE('',#3915,#3916);
#3915 = CARTESIAN_POINT('',(6.,0.));
#3916 = VECTOR('',#3917,1.);
#3917 = DIRECTION('',(0.,-1.));
#3918 = ( GEOMETRIC_REPRESENTATION_CONTEXT(2) 
PARAMETRIC_REPRESENTATION_CONTEXT() REPRESENTATION_CONTEXT('2D SPACE',''
  ) );
#3919 = ORIENTED_EDGE('',*,*,#3920,.F.);
#3920 = EDGE_CURVE('',#3921,#3898,#3923,.T.);
#3921 = VERTEX_POINT('',#3922);
#3922 = CARTESIAN_POINT('',(-28.5,79.,14.));
#3923 = SURFACE_CURVE('',#3924,(#3928,#3935),.PCURVE_S1.);
#3924 = LINE('',#3925,#3926);
#3925 = CARTESIAN_POINT('',(-28.5,79.,14.));
#3926 = VECTOR('',#3927,1.);
#3927 = DIRECTION('',(1.,0.,0.));
#3928 = PCURVE('',#1244,#3929);
#3929 = DEFINITIONAL_REPRESENTATION('',(#3930),#3934);
#3930 = LINE('',#3931,#3932);
#3931 = CARTESIAN_POINT('',(-20.5,63.));
#3932 = VECTOR('',#3933,1.);
#3933 = DIRECTION('',(1.,0.));
#3934 = ( GEOMETRIC_REPRESENTATION_CONTEXT(2) 
PARAMETRIC_REPRESENTATION_CONTEXT() REPRESENTATION_CONTEXT('2D SPACE',''
  ) );
#3935 = PCURVE('',#3678,#3936);
#3936 = DEFINITIONAL_REPRESENTATION('',(#3937),#3941);
#3937 = LINE('',#3938,#3939);
#3938 = CARTESIAN_POINT('',(6.,0.));
#3939 = VECTOR('',#3940,1.);
#3940 = DIRECTION('',(0.,1.));
#3941 = ( GEOMETRIC_REPRESENTATION_CONTEXT(2) 
PARAMETRIC_REPRESENTATION_CONTEXT() REPRESENTATION_CONTEXT('2D SPACE',''
  ) );
#3942 = ORIENTED_EDGE('',*,*,#3943,.F.);
#3943 = EDGE_CURVE('',#3944,#3921,#3946,.T.);
#3944 = VERTEX_POINT('',#3945);
#3945 = CARTESIAN_POINT('',(-28.5,61.,14.));
#3946 = SURFACE_CURVE('',#3947,(#3951,#3958),.PCURVE_S1.);
#3947 = LINE('',#3948,#3949);
#3948 = CARTESIAN_POINT('',(-28.5,61.,14.));
#3949 = VECTOR('',#3950,1.);
#3950 = DIRECTION('',(0.,1.,0.));
#3951 = PCURVE('',#1244,#3952);
#3952 = DEFINITIONAL_REPRESENTATION('',(#3953),#3957);
#3953 = LINE('',#3954,#3955);
#3954 = CARTESIAN_POINT('',(-20.5,45.));
#3955 = VECTOR('',#3956,1.);
#3956 = DIRECTION('',(0.,1.));
#3957 = ( GEOMETRIC_REPRESENTATION_CONTEXT(2) 
PARAMETRIC_REPRESENTATION_CONTEXT() REPRESENTATION_CONTEXT('2D SPACE',''
  ) );
#3958 = PCURVE('',#3706,#3959);
#3959 = DEFINITIONAL_REPRESENTATION('',(#3960),#3964);
#3960 = LINE('',#3961,#3962);
#3961 = CARTESIAN_POINT('',(6.,0.));
#3962 = VECTOR('',#3963,1.);
#3963 = DIRECTION('',(0.,-1.));
#3964 = ( GEOMETRIC_REPRESENTATION_CONTEXT(2) 
PARAMETRIC_REPRESENTATION_CONTEXT() REPRESENTATION_CONTEXT('2D SPACE',''
  ) );
#3965 = ORIENTED_EDGE('',*,*,#3966,.T.);
#3966 = EDGE_CURVE('',#3944,#1229,#3967,.T.);
#3967 = SURFACE_CURVE('',#3968,(#3972,#3979),.PCURVE_S1.);
#3968 = LINE('',#3969,#3970);
#3969 = CARTESIAN_POINT('',(-28.5,61.,14.));
#3970 = VECTOR('',#3971,1.);
#3971 = DIRECTION('',(1.,0.,0.));
#3972 = PCURVE('',#1244,#3973);
#3973 = DEFINITIONAL_REPRESENTATION('',(#3974),#3978);
#3974 = LINE('',#3975,#3976);
#3975 = CARTESIAN_POINT('',(-20.5,45.));
#3976 = VECTOR('',#3977,1.);
#3977 = DIRECTION('',(1.,0.));
#3978 = ( GEOMETRIC_REPRESENTATION_CONTEXT(2) 
PARAMETRIC_REPRESENTATION_CONTEXT() REPRESENTATION_CONTEXT('2D SPACE',''
  ) );
#3979 = PCURVE('',#1314,#3980);
#3980 = DEFINITIONAL_REPRESENTATION('',(#3981),#3985);
#3981 = LINE('',#3982,#3983);
#3982 = CARTESIAN_POINT('',(6.,0.));
#3983 = VECTOR('',#3984,1.);
#3984 = DIRECTION('',(0.,1.));
#3985 = ( GEOMETRIC_REPRESENTATION_CONTEXT(2) 
PARAMETRIC_REPRESENTATION_CONTEXT() REPRESENTATION_CONTEXT('2D SPACE',''
  ) );
#3986 = FACE_BOUND('',#3987,.T.);
#3987 = EDGE_LOOP('',(#3988));
#3988 = ORIENTED_EDGE('',*,*,#3989,.T.);
#3989 = EDGE_CURVE('',#3990,#3990,#3992,.T.);
#3990 = VERTEX_POINT('',#3991);
#3991 = CARTESIAN_POINT('',(-20.9,70.,14.));
#3992 = SURFACE_CURVE('',#3993,(#3998,#4009),.PCURVE_S1.);
#3993 = CIRCLE('',#3994,1.6);
#3994 = AXIS2_PLACEMENT_3D('',#3995,#3996,#3997);
#3995 = CARTESIAN_POINT('',(-22.5,70.,14.));
#3996 = DIRECTION('',(0.,0.,-1.));
#3997 = DIRECTION('',(1.,0.,0.));
#3998 = PCURVE('',#1244,#3999);
#3999 = DEFINITIONAL_REPRESENTATION('',(#4000),#4008);
#4000 = ( BOUNDED_CURVE() B_SPLINE_CURVE(2,(#4001,#4002,#4003,#4004,
#4005,#4006,#4007),.UNSPECIFIED.,.T.,.F.) B_SPLINE_CURVE_WITH_KNOTS((1,2
    ,2,2,2,1),(-2.094395102393,0.,2.094395102393,4.188790204786,
6.28318530718,8.377580409573),.UNSPECIFIED.) CURVE() 
GEOMETRIC_REPRESENTATION_ITEM() RATIONAL_B_SPLINE_CURVE((1.,0.5,1.,0.5,
1.,0.5,1.)) REPRESENTATION_ITEM('') );
#4001 = CARTESIAN_POINT('',(-12.9,54.));
#4002 = CARTESIAN_POINT('',(-12.9,51.22871870789));
#4003 = CARTESIAN_POINT('',(-15.3,52.614359353945));
#4004 = CARTESIAN_POINT('',(-17.7,54.));
#4005 = CARTESIAN_POINT('',(-15.3,55.385640646055));
#4006 = CARTESIAN_POINT('',(-12.9,56.77128129211));
#4007 = CARTESIAN_POINT('',(-12.9,54.));
#4008 = ( GEOMETRIC_REPRESENTATION_CONTEXT(2) 
PARAMETRIC_REPRESENTATION_CONTEXT() REPRESENTATION_CONTEXT('2D SPACE',''
  ) );
#4009 = PCURVE('',#3762,#4010);
#4010 = DEFINITIONAL_REPRESENTATION('',(#4011),#4015);
#4011 = LINE('',#4012,#4013);
#4012 = CARTESIAN_POINT('',(-6.28318530718,-7.));
#4013 = VECTOR('',#4014,1.);
#4014 = DIRECTION('',(1.,-0.));
#4015 = ( GEOMETRIC_REPRESENTATION_CONTEXT(2) 
PARAMETRIC_REPRESENTATION_CONTEXT() REPRESENTATION_CONTEXT('2D SPACE',''
  ) );
#4016 = FACE_BOUND('',#4017,.T.);
#4017 = EDGE_LOOP('',(#4018));
#4018 = ORIENTED_EDGE('',*,*,#4019,.T.);
#4019 = EDGE_CURVE('',#4020,#4020,#4022,.T.);
#4020 = VERTEX_POINT('',#4021);
#4021 = CARTESIAN_POINT('',(24.1,70.,14.));
#4022 = SURFACE_CURVE('',#4023,(#4028,#4039),.PCURVE_S1.);
#4023 = CIRCLE('',#4024,1.6);
#4024 = AXIS2_PLACEMENT_3D('',#4025,#4026,#4027);
#4025 = CARTESIAN_POINT('',(22.5,70.,14.));
#4026 = DIRECTION('',(0.,0.,-1.));
#4027 = DIRECTION('',(1.,0.,0.));
#4028 = PCURVE('',#1244,#4029);
#4029 = DEFINITIONAL_REPRESENTATION('',(#4030),#4038);
#4030 = ( BOUNDED_CURVE() B_SPLINE_CURVE(2,(#4031,#4032,#4033,#4034,
#4035,#4036,#4037),.UNSPECIFIED.,.T.,.F.) B_SPLINE_CURVE_WITH_KNOTS((1,2
    ,2,2,2,1),(-2.094395102393,0.,2.094395102393,4.188790204786,
6.28318530718,8.377580409573),.UNSPECIFIED.) CURVE() 
GEOMETRIC_REPRESENTATION_ITEM() RATIONAL_B_SPLINE_CURVE((1.,0.5,1.,0.5,
1.,0.5,1.)) REPRESENTATION_ITEM('') );
#4031 = CARTESIAN_POINT('',(32.1,54.));
#4032 = CARTESIAN_POINT('',(32.1,51.22871870789));
#4033 = CARTESIAN_POINT('',(29.7,52.614359353945));
#4034 = CARTESIAN_POINT('',(27.3,54.));
#4035 = CARTESIAN_POINT('',(29.7,55.385640646055));
#4036 = CARTESIAN_POINT('',(32.1,56.77128129211));
#4037 = CARTESIAN_POINT('',(32.1,54.));
#4038 = ( GEOMETRIC_REPRESENTATION_CONTEXT(2) 
PARAMETRIC_REPRESENTATION_CONTEXT() REPRESENTATION_CONTEXT('2D SPACE',''
  ) );
#4039 = PCURVE('',#3797,#4040);
#4040 = DEFINITIONAL_REPRESENTATION('',(#4041),#4045);
#4041 = LINE('',#4042,#4043);
#4042 = CARTESIAN_POINT('',(-6.28318530718,-7.));
#4043 = VECTOR('',#4044,1.);
#4044 = DIRECTION('',(1.,-0.));
#4045 = ( GEOMETRIC_REPRESENTATION_CONTEXT(2) 
PARAMETRIC_REPRESENTATION_CONTEXT() REPRESENTATION_CONTEXT('2D SPACE',''
  ) );
#4046 = ADVANCED_FACE('',(#4047),#1314,.F.);
#4047 = FACE_BOUND('',#4048,.F.);
#4048 = EDGE_LOOP('',(#4049,#4050,#4071,#4072));
#4049 = ORIENTED_EDGE('',*,*,#3718,.F.);
#4050 = ORIENTED_EDGE('',*,*,#4051,.T.);
#4051 = EDGE_CURVE('',#3691,#3944,#4052,.T.);
#4052 = SURFACE_CURVE('',#4053,(#4057,#4064),.PCURVE_S1.);
#4053 = LINE('',#4054,#4055);
#4054 = CARTESIAN_POINT('',(-28.5,61.,8.));
#4055 = VECTOR('',#4056,1.);
#4056 = DIRECTION('',(0.,0.,1.));
#4057 = PCURVE('',#1314,#4058);
#4058 = DEFINITIONAL_REPRESENTATION('',(#4059),#4063);
#4059 = LINE('',#4060,#4061);
#4060 = CARTESIAN_POINT('',(0.,0.));
#4061 = VECTOR('',#4062,1.);
#4062 = DIRECTION('',(1.,0.));
#4063 = ( GEOMETRIC_REPRESENTATION_CONTEXT(2) 
PARAMETRIC_REPRESENTATION_CONTEXT() REPRESENTATION_CONTEXT('2D SPACE',''
  ) );
#4064 = PCURVE('',#3706,#4065);
#4065 = DEFINITIONAL_REPRESENTATION('',(#4066),#4070);
#4066 = LINE('',#4067,#4068);
#4067 = CARTESIAN_POINT('',(0.,0.));
#4068 = VECTOR('',#4069,1.);
#4069 = DIRECTION('',(1.,0.));
#4070 = ( GEOMETRIC_REPRESENTATION_CONTEXT(2) 
PARAMETRIC_REPRESENTATION_CONTEXT() REPRESENTATION_CONTEXT('2D SPACE',''
  ) );
#4071 = ORIENTED_EDGE('',*,*,#3966,.T.);
#4072 = ORIENTED_EDGE('',*,*,#1301,.F.);
#4073 = ADVANCED_FACE('',(#4074),#1438,.F.);
#4074 = FACE_BOUND('',#4075,.F.);
#4075 = EDGE_LOOP('',(#4076,#4077,#4078,#4079));
#4076 = ORIENTED_EDGE('',*,*,#3611,.F.);
#4077 = ORIENTED_EDGE('',*,*,#1425,.T.);
#4078 = ORIENTED_EDGE('',*,*,#3874,.T.);
#4079 = ORIENTED_EDGE('',*,*,#4080,.F.);
#4080 = EDGE_CURVE('',#3612,#3875,#4081,.T.);
#4081 = SURFACE_CURVE('',#4082,(#4086,#4093),.PCURVE_S1.);
#4082 = LINE('',#4083,#4084);
#4083 = CARTESIAN_POINT('',(28.5,61.,8.));
#4084 = VECTOR('',#4085,1.);
#4085 = DIRECTION('',(0.,0.,1.));
#4086 = PCURVE('',#1438,#4087);
#4087 = DEFINITIONAL_REPRESENTATION('',(#4088),#4092);
#4088 = LINE('',#4089,#4090);
#4089 = CARTESIAN_POINT('',(0.,57.));
#4090 = VECTOR('',#4091,1.);
#4091 = DIRECTION('',(1.,0.));
#4092 = ( GEOMETRIC_REPRESENTATION_CONTEXT(2) 
PARAMETRIC_REPRESENTATION_CONTEXT() REPRESENTATION_CONTEXT('2D SPACE',''
  ) );
#4093 = PCURVE('',#3650,#4094);
#4094 = DEFINITIONAL_REPRESENTATION('',(#4095),#4099);
#4095 = LINE('',#4096,#4097);
#4096 = CARTESIAN_POINT('',(0.,0.));
#4097 = VECTOR('',#4098,1.);
#4098 = DIRECTION('',(1.,0.));
#4099 = ( GEOMETRIC_REPRESENTATION_CONTEXT(2) 
PARAMETRIC_REPRESENTATION_CONTEXT() REPRESENTATION_CONTEXT('2D SPACE',''
  ) );
#4100 = ADVANCED_FACE('',(#4101),#1946,.F.);
#4101 = FACE_BOUND('',#4102,.F.);
#4102 = EDGE_LOOP('',(#4103,#4104,#4125,#4126));
#4103 = ORIENTED_EDGE('',*,*,#1930,.F.);
#4104 = ORIENTED_EDGE('',*,*,#4105,.T.);
#4105 = EDGE_CURVE('',#1903,#2389,#4106,.T.);
#4106 = SURFACE_CURVE('',#4107,(#4111,#4118),.PCURVE_S1.);
#4107 = LINE('',#4108,#4109);
#4108 = CARTESIAN_POINT('',(-27.5,-28.5,16.));
#4109 = VECTOR('',#4110,1.);
#4110 = DIRECTION('',(1.,0.,0.));
#4111 = PCURVE('',#1946,#4112);
#4112 = DEFINITIONAL_REPRESENTATION('',(#4113),#4117);
#4113 = LINE('',#4114,#4115);
#4114 = CARTESIAN_POINT('',(0.,0.));
#4115 = VECTOR('',#4116,1.);
#4116 = DIRECTION('',(1.,0.));
#4117 = ( GEOMETRIC_REPRESENTATION_CONTEXT(2) 
PARAMETRIC_REPRESENTATION_CONTEXT() REPRESENTATION_CONTEXT('2D SPACE',''
  ) );
#4118 = PCURVE('',#1918,#4119);
#4119 = DEFINITIONAL_REPRESENTATION('',(#4120),#4124);
#4120 = LINE('',#4121,#4122);
#4121 = CARTESIAN_POINT('',(0.,0.));
#4122 = VECTOR('',#4123,1.);
#4123 = DIRECTION('',(0.,1.));
#4124 = ( GEOMETRIC_REPRESENTATION_CONTEXT(2) 
PARAMETRIC_REPRESENTATION_CONTEXT() REPRESENTATION_CONTEXT('2D SPACE',''
  ) );
#4125 = ORIENTED_EDGE('',*,*,#2411,.T.);
#4126 = ORIENTED_EDGE('',*,*,#2054,.F.);
#4127 = ADVANCED_FACE('',(#4128),#1918,.F.);
#4128 = FACE_BOUND('',#4129,.F.);
#4129 = EDGE_LOOP('',(#4130,#4131,#4132,#4153));
#4130 = ORIENTED_EDGE('',*,*,#4105,.F.);
#4131 = ORIENTED_EDGE('',*,*,#1902,.T.);
#4132 = ORIENTED_EDGE('',*,*,#4133,.T.);
#4133 = EDGE_CURVE('',#1875,#2366,#4134,.T.);
#4134 = SURFACE_CURVE('',#4135,(#4139,#4146),.PCURVE_S1.);
#4135 = LINE('',#4136,#4137);
#4136 = CARTESIAN_POINT('',(-27.5,-28.5,26.));
#4137 = VECTOR('',#4138,1.);
#4138 = DIRECTION('',(1.,0.,0.));
#4139 = PCURVE('',#1918,#4140);
#4140 = DEFINITIONAL_REPRESENTATION('',(#4141),#4145);
#4141 = LINE('',#4142,#4143);
#4142 = CARTESIAN_POINT('',(10.,0.));
#4143 = VECTOR('',#4144,1.);
#4144 = DIRECTION('',(0.,1.));
#4145 = ( GEOMETRIC_REPRESENTATION_CONTEXT(2) 
PARAMETRIC_REPRESENTATION_CONTEXT() REPRESENTATION_CONTEXT('2D SPACE',''
  ) );
#4146 = PCURVE('',#1890,#4147);
#4147 = DEFINITIONAL_REPRESENTATION('',(#4148),#4152);
#4148 = LINE('',#4149,#4150);
#4149 = CARTESIAN_POINT('',(22.5,21.5));
#4150 = VECTOR('',#4151,1.);
#4151 = DIRECTION('',(1.,0.));
#4152 = ( GEOMETRIC_REPRESENTATION_CONTEXT(2) 
PARAMETRIC_REPRESENTATION_CONTEXT() REPRESENTATION_CONTEXT('2D SPACE',''
  ) );
#4153 = ORIENTED_EDGE('',*,*,#2388,.F.);
#4154 = ADVANCED_FACE('',(#4155,#4187),#1890,.T.);
#4155 = FACE_BOUND('',#4156,.T.);
#4156 = EDGE_LOOP('',(#4157,#4158,#4159,#4160));
#4157 = ORIENTED_EDGE('',*,*,#1874,.F.);
#4158 = ORIENTED_EDGE('',*,*,#4133,.T.);
#4159 = ORIENTED_EDGE('',*,*,#2365,.T.);
#4160 = ORIENTED_EDGE('',*,*,#4161,.T.);
#4161 = EDGE_CURVE('',#2148,#1649,#4162,.T.);
#4162 = SURFACE_CURVE('',#4163,(#4169,#4178),.PCURVE_S1.);
#4163 = B_SPLINE_CURVE_WITH_KNOTS('',4,(#4164,#4165,#4166,#4167,#4168),
  .UNSPECIFIED.,.F.,.F.,(5,5),(0.,1.),.PIECEWISE_BEZIER_KNOTS.);
#4164 = CARTESIAN_POINT('',(-18.5,-13.28684210526,26.));
#4165 = CARTESIAN_POINT('',(-20.75,-13.28684210526,26.));
#4166 = CARTESIAN_POINT('',(-23.,-13.28684210526,26.));
#4167 = CARTESIAN_POINT('',(-25.25,-13.28684210526,26.));
#4168 = CARTESIAN_POINT('',(-27.5,-13.28684210526,26.));
#4169 = PCURVE('',#1890,#4170);
#4170 = DEFINITIONAL_REPRESENTATION('',(#4171),#4177);
#4171 = B_SPLINE_CURVE_WITH_KNOTS('',4,(#4172,#4173,#4174,#4175,#4176),
  .UNSPECIFIED.,.F.,.F.,(5,5),(0.,1.),.PIECEWISE_BEZIER_KNOTS.);
#4172 = CARTESIAN_POINT('',(31.5,36.713157894737));
#4173 = CARTESIAN_POINT('',(29.25,36.713157894737));
#4174 = CARTESIAN_POINT('',(27.,36.713157894737));
#4175 = CARTESIAN_POINT('',(24.75,36.713157894737));
#4176 = CARTESIAN_POINT('',(22.5,36.713157894737));
#4177 = ( GEOMETRIC_REPRESENTATION_CONTEXT(2) 
PARAMETRIC_REPRESENTATION_CONTEXT() REPRESENTATION_CONTEXT('2D SPACE',''
  ) );
#4178 = PCURVE('',#1794,#4179);
#4179 = DEFINITIONAL_REPRESENTATION('',(#4180),#4186);
#4180 = B_SPLINE_CURVE_WITH_KNOTS('',4,(#4181,#4182,#4183,#4184,#4185),
  .UNSPECIFIED.,.F.,.F.,(5,5),(0.,1.),.PIECEWISE_BEZIER_KNOTS.);
#4181 = CARTESIAN_POINT('',(1.570796326795,-10.));
#4182 = CARTESIAN_POINT('',(1.570796326795,-7.75));
#4183 = CARTESIAN_POINT('',(1.570796326795,-5.5));
#4184 = CARTESIAN_POINT('',(1.570796326795,-3.25));
#4185 = CARTESIAN_POINT('',(1.570796326795,-1.));
#4186 = ( GEOMETRIC_REPRESENTATION_CONTEXT(2) 
PARAMETRIC_REPRESENTATION_CONTEXT() REPRESENTATION_CONTEXT('2D SPACE',''
  ) );
#4187 = FACE_BOUND('',#4188,.T.);
#4188 = EDGE_LOOP('',(#4189));
#4189 = ORIENTED_EDGE('',*,*,#4190,.F.);
#4190 = EDGE_CURVE('',#4191,#4191,#4193,.T.);
#4191 = VERTEX_POINT('',#4192);
#4192 = CARTESIAN_POINT('',(-20.9,-22.,26.));
#4193 = SURFACE_CURVE('',#4194,(#4199,#4206),.PCURVE_S1.);
#4194 = CIRCLE('',#4195,2.1);
#4195 = AXIS2_PLACEMENT_3D('',#4196,#4197,#4198);
#4196 = CARTESIAN_POINT('',(-23.,-22.,26.));
#4197 = DIRECTION('',(0.,0.,1.));
#4198 = DIRECTION('',(1.,0.,0.));
#4199 = PCURVE('',#1890,#4200);
#4200 = DEFINITIONAL_REPRESENTATION('',(#4201),#4205);
#4201 = CIRCLE('',#4202,2.1);
#4202 = AXIS2_PLACEMENT_2D('',#4203,#4204);
#4203 = CARTESIAN_POINT('',(27.,28.));
#4204 = DIRECTION('',(1.,0.));
#4205 = ( GEOMETRIC_REPRESENTATION_CONTEXT(2) 
PARAMETRIC_REPRESENTATION_CONTEXT() REPRESENTATION_CONTEXT('2D SPACE',''
  ) );
#4206 = PCURVE('',#4207,#4212);
#4207 = CYLINDRICAL_SURFACE('',#4208,2.1);
#4208 = AXIS2_PLACEMENT_3D('',#4209,#4210,#4211);
#4209 = CARTESIAN_POINT('',(-23.,-22.,20.5));
#4210 = DIRECTION('',(-0.,-0.,-1.));
#4211 = DIRECTION('',(1.,0.,0.));
#4212 = DEFINITIONAL_REPRESENTATION('',(#4213),#4217);
#4213 = LINE('',#4214,#4215);
#4214 = CARTESIAN_POINT('',(-0.,-5.5));
#4215 = VECTOR('',#4216,1.);
#4216 = DIRECTION('',(-1.,0.));
#4217 = ( GEOMETRIC_REPRESENTATION_CONTEXT(2) 
PARAMETRIC_REPRESENTATION_CONTEXT() REPRESENTATION_CONTEXT('2D SPACE',''
  ) );
#4218 = ADVANCED_FACE('',(#4219),#1794,.T.);
#4219 = FACE_BOUND('',#4220,.T.);
#4220 = EDGE_LOOP('',(#4221,#4248,#4249,#4250));
#4221 = ORIENTED_EDGE('',*,*,#4222,.T.);
#4222 = EDGE_CURVE('',#2125,#1621,#4223,.T.);
#4223 = SURFACE_CURVE('',#4224,(#4230,#4239),.PCURVE_S1.);
#4224 = B_SPLINE_CURVE_WITH_KNOTS('',4,(#4225,#4226,#4227,#4228,#4229),
  .UNSPECIFIED.,.F.,.F.,(5,5),(0.,1.),.PIECEWISE_BEZIER_KNOTS.);
#4225 = CARTESIAN_POINT('',(-18.5,13.286842105263,26.));
#4226 = CARTESIAN_POINT('',(-20.75,13.286842105263,26.));
#4227 = CARTESIAN_POINT('',(-23.,13.286842105263,26.));
#4228 = CARTESIAN_POINT('',(-25.25,13.286842105263,26.));
#4229 = CARTESIAN_POINT('',(-27.5,13.286842105263,26.));
#4230 = PCURVE('',#1794,#4231);
#4231 = DEFINITIONAL_REPRESENTATION('',(#4232),#4238);
#4232 = B_SPLINE_CURVE_WITH_KNOTS('',4,(#4233,#4234,#4235,#4236,#4237),
  .UNSPECIFIED.,.F.,.F.,(5,5),(0.,1.),.PIECEWISE_BEZIER_KNOTS.);
#4233 = CARTESIAN_POINT('',(4.712388980385,-10.));
#4234 = CARTESIAN_POINT('',(4.712388980385,-7.75));
#4235 = CARTESIAN_POINT('',(4.712388980385,-5.5));
#4236 = CARTESIAN_POINT('',(4.712388980385,-3.25));
#4237 = CARTESIAN_POINT('',(4.712388980385,-1.));
#4238 = ( GEOMETRIC_REPRESENTATION_CONTEXT(2) 
PARAMETRIC_REPRESENTATION_CONTEXT() REPRESENTATION_CONTEXT('2D SPACE',''
  ) );
#4239 = PCURVE('',#1636,#4240);
#4240 = DEFINITIONAL_REPRESENTATION('',(#4241),#4247);
#4241 = B_SPLINE_CURVE_WITH_KNOTS('',4,(#4242,#4243,#4244,#4245,#4246),
  .UNSPECIFIED.,.F.,.F.,(5,5),(0.,1.),.PIECEWISE_BEZIER_KNOTS.);
#4242 = CARTESIAN_POINT('',(31.5,63.286842105263));
#4243 = CARTESIAN_POINT('',(29.25,63.286842105263));
#4244 = CARTESIAN_POINT('',(27.,63.286842105263));
#4245 = CARTESIAN_POINT('',(24.75,63.286842105263));
#4246 = CARTESIAN_POINT('',(22.5,63.286842105263));
#4247 = ( GEOMETRIC_REPRESENTATION_CONTEXT(2) 
PARAMETRIC_REPRESENTATION_CONTEXT() REPRESENTATION_CONTEXT('2D SPACE',''
  ) );
#4248 = ORIENTED_EDGE('',*,*,#1648,.T.);
#4249 = ORIENTED_EDGE('',*,*,#4161,.F.);
#4250 = ORIENTED_EDGE('',*,*,#2147,.F.);
#4251 = ADVANCED_FACE('',(#4252,#4278),#1636,.T.);
#4252 = FACE_BOUND('',#4253,.T.);
#4253 = EDGE_LOOP('',(#4254,#4255,#4256,#4257));
#4254 = ORIENTED_EDGE('',*,*,#1620,.F.);
#4255 = ORIENTED_EDGE('',*,*,#4222,.F.);
#4256 = ORIENTED_EDGE('',*,*,#2124,.T.);
#4257 = ORIENTED_EDGE('',*,*,#4258,.F.);
#4258 = EDGE_CURVE('',#1593,#2102,#4259,.T.);
#4259 = SURFACE_CURVE('',#4260,(#4264,#4271),.PCURVE_S1.);
#4260 = LINE('',#4261,#4262);
#4261 = CARTESIAN_POINT('',(-27.5,28.5,26.));
#4262 = VECTOR('',#4263,1.);
#4263 = DIRECTION('',(1.,0.,0.));
#4264 = PCURVE('',#1636,#4265);
#4265 = DEFINITIONAL_REPRESENTATION('',(#4266),#4270);
#4266 = LINE('',#4267,#4268);
#4267 = CARTESIAN_POINT('',(22.5,78.5));
#4268 = VECTOR('',#4269,1.);
#4269 = DIRECTION('',(1.,0.));
#4270 = ( GEOMETRIC_REPRESENTATION_CONTEXT(2) 
PARAMETRIC_REPRESENTATION_CONTEXT() REPRESENTATION_CONTEXT('2D SPACE',''
  ) );
#4271 = PCURVE('',#1608,#4272);
#4272 = DEFINITIONAL_REPRESENTATION('',(#4273),#4277);
#4273 = LINE('',#4274,#4275);
#4274 = CARTESIAN_POINT('',(10.,0.));
#4275 = VECTOR('',#4276,1.);
#4276 = DIRECTION('',(0.,1.));
#4277 = ( GEOMETRIC_REPRESENTATION_CONTEXT(2) 
PARAMETRIC_REPRESENTATION_CONTEXT() REPRESENTATION_CONTEXT('2D SPACE',''
  ) );
#4278 = FACE_BOUND('',#4279,.T.);
#4279 = EDGE_LOOP('',(#4280));
#4280 = ORIENTED_EDGE('',*,*,#4281,.F.);
#4281 = EDGE_CURVE('',#4282,#4282,#4284,.T.);
#4282 = VERTEX_POINT('',#4283);
#4283 = CARTESIAN_POINT('',(-20.9,22.,26.));
#4284 = SURFACE_CURVE('',#4285,(#4290,#4297),.PCURVE_S1.);
#4285 = CIRCLE('',#4286,2.1);
#4286 = AXIS2_PLACEMENT_3D('',#4287,#4288,#4289);
#4287 = CARTESIAN_POINT('',(-23.,22.,26.));
#4288 = DIRECTION('',(0.,0.,1.));
#4289 = DIRECTION('',(1.,0.,0.));
#4290 = PCURVE('',#1636,#4291);
#4291 = DEFINITIONAL_REPRESENTATION('',(#4292),#4296);
#4292 = CIRCLE('',#4293,2.1);
#4293 = AXIS2_PLACEMENT_2D('',#4294,#4295);
#4294 = CARTESIAN_POINT('',(27.,72.));
#4295 = DIRECTION('',(1.,0.));
#4296 = ( GEOMETRIC_REPRESENTATION_CONTEXT(2) 
PARAMETRIC_REPRESENTATION_CONTEXT() REPRESENTATION_CONTEXT('2D SPACE',''
  ) );
#4297 = PCURVE('',#4298,#4303);
#4298 = CYLINDRICAL_SURFACE('',#4299,2.1);
#4299 = AXIS2_PLACEMENT_3D('',#4300,#4301,#4302);
#4300 = CARTESIAN_POINT('',(-23.,22.,20.5));
#4301 = DIRECTION('',(-0.,-0.,-1.));
#4302 = DIRECTION('',(1.,0.,0.));
#4303 = DEFINITIONAL_REPRESENTATION('',(#4304),#4308);
#4304 = LINE('',#4305,#4306);
#4305 = CARTESIAN_POINT('',(-0.,-5.5));
#4306 = VECTOR('',#4307,1.);
#4307 = DIRECTION('',(-1.,0.));
#4308 = ( GEOMETRIC_REPRESENTATION_CONTEXT(2) 
PARAMETRIC_REPRESENTATION_CONTEXT() REPRESENTATION_CONTEXT('2D SPACE',''
  ) );
#4309 = ADVANCED_FACE('',(#4310),#1608,.T.);
#4310 = FACE_BOUND('',#4311,.T.);
#4311 = EDGE_LOOP('',(#4312,#4333,#4334,#4335));
#4312 = ORIENTED_EDGE('',*,*,#4313,.F.);
#4313 = EDGE_CURVE('',#1565,#2079,#4314,.T.);
#4314 = SURFACE_CURVE('',#4315,(#4319,#4326),.PCURVE_S1.);
#4315 = LINE('',#4316,#4317);
#4316 = CARTESIAN_POINT('',(-27.5,28.5,16.));
#4317 = VECTOR('',#4318,1.);
#4318 = DIRECTION('',(1.,0.,0.));
#4319 = PCURVE('',#1608,#4320);
#4320 = DEFINITIONAL_REPRESENTATION('',(#4321),#4325);
#4321 = LINE('',#4322,#4323);
#4322 = CARTESIAN_POINT('',(0.,0.));
#4323 = VECTOR('',#4324,1.);
#4324 = DIRECTION('',(0.,1.));
#4325 = ( GEOMETRIC_REPRESENTATION_CONTEXT(2) 
PARAMETRIC_REPRESENTATION_CONTEXT() REPRESENTATION_CONTEXT('2D SPACE',''
  ) );
#4326 = PCURVE('',#1580,#4327);
#4327 = DEFINITIONAL_REPRESENTATION('',(#4328),#4332);
#4328 = LINE('',#4329,#4330);
#4329 = CARTESIAN_POINT('',(0.,13.));
#4330 = VECTOR('',#4331,1.);
#4331 = DIRECTION('',(1.,0.));
#4332 = ( GEOMETRIC_REPRESENTATION_CONTEXT(2) 
PARAMETRIC_REPRESENTATION_CONTEXT() REPRESENTATION_CONTEXT('2D SPACE',''
  ) );
#4333 = ORIENTED_EDGE('',*,*,#1592,.T.);
#4334 = ORIENTED_EDGE('',*,*,#4258,.T.);
#4335 = ORIENTED_EDGE('',*,*,#2101,.F.);
#4336 = ADVANCED_FACE('',(#4337),#1580,.F.);
#4337 = FACE_BOUND('',#4338,.F.);
#4338 = EDGE_LOOP('',(#4339,#4340,#4341,#4342));
#4339 = ORIENTED_EDGE('',*,*,#1564,.F.);
#4340 = ORIENTED_EDGE('',*,*,#2007,.T.);
#4341 = ORIENTED_EDGE('',*,*,#2078,.T.);
#4342 = ORIENTED_EDGE('',*,*,#4313,.F.);
#4343 = ADVANCED_FACE('',(#4344),#2842,.F.);
#4344 = FACE_BOUND('',#4345,.F.);
#4345 = EDGE_LOOP('',(#4346,#4347,#4368,#4369));
#4346 = ORIENTED_EDGE('',*,*,#2826,.F.);
#4347 = ORIENTED_EDGE('',*,*,#4348,.T.);
#4348 = EDGE_CURVE('',#2799,#3285,#4349,.T.);
#4349 = SURFACE_CURVE('',#4350,(#4354,#4361),.PCURVE_S1.);
#4350 = LINE('',#4351,#4352);
#4351 = CARTESIAN_POINT('',(18.5,-28.5,16.));
#4352 = VECTOR('',#4353,1.);
#4353 = DIRECTION('',(1.,0.,0.));
#4354 = PCURVE('',#2842,#4355);
#4355 = DEFINITIONAL_REPRESENTATION('',(#4356),#4360);
#4356 = LINE('',#4357,#4358);
#4357 = CARTESIAN_POINT('',(0.,0.));
#4358 = VECTOR('',#4359,1.);
#4359 = DIRECTION('',(1.,0.));
#4360 = ( GEOMETRIC_REPRESENTATION_CONTEXT(2) 
PARAMETRIC_REPRESENTATION_CONTEXT() REPRESENTATION_CONTEXT('2D SPACE',''
  ) );
#4361 = PCURVE('',#2814,#4362);
#4362 = DEFINITIONAL_REPRESENTATION('',(#4363),#4367);
#4363 = LINE('',#4364,#4365);
#4364 = CARTESIAN_POINT('',(0.,0.));
#4365 = VECTOR('',#4366,1.);
#4366 = DIRECTION('',(0.,1.));
#4367 = ( GEOMETRIC_REPRESENTATION_CONTEXT(2) 
PARAMETRIC_REPRESENTATION_CONTEXT() REPRESENTATION_CONTEXT('2D SPACE',''
  ) );
#4368 = ORIENTED_EDGE('',*,*,#3307,.T.);
#4369 = ORIENTED_EDGE('',*,*,#2950,.F.);
#4370 = ADVANCED_FACE('',(#4371),#2814,.F.);
#4371 = FACE_BOUND('',#4372,.F.);
#4372 = EDGE_LOOP('',(#4373,#4374,#4375,#4396));
#4373 = ORIENTED_EDGE('',*,*,#4348,.F.);
#4374 = ORIENTED_EDGE('',*,*,#2798,.T.);
#4375 = ORIENTED_EDGE('',*,*,#4376,.T.);
#4376 = EDGE_CURVE('',#2771,#3262,#4377,.T.);
#4377 = SURFACE_CURVE('',#4378,(#4382,#4389),.PCURVE_S1.);
#4378 = LINE('',#4379,#4380);
#4379 = CARTESIAN_POINT('',(18.5,-28.5,26.));
#4380 = VECTOR('',#4381,1.);
#4381 = DIRECTION('',(1.,0.,0.));
#4382 = PCURVE('',#2814,#4383);
#4383 = DEFINITIONAL_REPRESENTATION('',(#4384),#4388);
#4384 = LINE('',#4385,#4386);
#4385 = CARTESIAN_POINT('',(10.,0.));
#4386 = VECTOR('',#4387,1.);
#4387 = DIRECTION('',(0.,1.));
#4388 = ( GEOMETRIC_REPRESENTATION_CONTEXT(2) 
PARAMETRIC_REPRESENTATION_CONTEXT() REPRESENTATION_CONTEXT('2D SPACE',''
  ) );
#4389 = PCURVE('',#2786,#4390);
#4390 = DEFINITIONAL_REPRESENTATION('',(#4391),#4395);
#4391 = LINE('',#4392,#4393);
#4392 = CARTESIAN_POINT('',(68.5,21.5));
#4393 = VECTOR('',#4394,1.);
#4394 = DIRECTION('',(1.,0.));
#4395 = ( GEOMETRIC_REPRESENTATION_CONTEXT(2) 
PARAMETRIC_REPRESENTATION_CONTEXT() REPRESENTATION_CONTEXT('2D SPACE',''
  ) );
#4396 = ORIENTED_EDGE('',*,*,#3284,.F.);
#4397 = ADVANCED_FACE('',(#4398,#4430),#2786,.T.);
#4398 = FACE_BOUND('',#4399,.T.);
#4399 = EDGE_LOOP('',(#4400,#4401,#4402,#4403));
#4400 = ORIENTED_EDGE('',*,*,#2770,.F.);
#4401 = ORIENTED_EDGE('',*,*,#4376,.T.);
#4402 = ORIENTED_EDGE('',*,*,#3261,.T.);
#4403 = ORIENTED_EDGE('',*,*,#4404,.T.);
#4404 = EDGE_CURVE('',#3044,#2545,#4405,.T.);
#4405 = SURFACE_CURVE('',#4406,(#4412,#4421),.PCURVE_S1.);
#4406 = B_SPLINE_CURVE_WITH_KNOTS('',4,(#4407,#4408,#4409,#4410,#4411),
  .UNSPECIFIED.,.F.,.F.,(5,5),(0.,1.),.PIECEWISE_BEZIER_KNOTS.);
#4407 = CARTESIAN_POINT('',(27.5,-12.68157894736,26.));
#4408 = CARTESIAN_POINT('',(25.25,-12.68157894736,26.));
#4409 = CARTESIAN_POINT('',(23.,-12.68157894736,26.));
#4410 = CARTESIAN_POINT('',(20.75,-12.68157894736,26.));
#4411 = CARTESIAN_POINT('',(18.5,-12.68157894736,26.));
#4412 = PCURVE('',#2786,#4413);
#4413 = DEFINITIONAL_REPRESENTATION('',(#4414),#4420);
#4414 = B_SPLINE_CURVE_WITH_KNOTS('',4,(#4415,#4416,#4417,#4418,#4419),
  .UNSPECIFIED.,.F.,.F.,(5,5),(0.,1.),.PIECEWISE_BEZIER_KNOTS.);
#4415 = CARTESIAN_POINT('',(77.5,37.318421052632));
#4416 = CARTESIAN_POINT('',(75.25,37.318421052632));
#4417 = CARTESIAN_POINT('',(73.,37.318421052632));
#4418 = CARTESIAN_POINT('',(70.75,37.318421052632));
#4419 = CARTESIAN_POINT('',(68.5,37.318421052632));
#4420 = ( GEOMETRIC_REPRESENTATION_CONTEXT(2) 
PARAMETRIC_REPRESENTATION_CONTEXT() REPRESENTATION_CONTEXT('2D SPACE',''
  ) );
#4421 = PCURVE('',#2690,#4422);
#4422 = DEFINITIONAL_REPRESENTATION('',(#4423),#4429);
#4423 = B_SPLINE_CURVE_WITH_KNOTS('',4,(#4424,#4425,#4426,#4427,#4428),
  .UNSPECIFIED.,.F.,.F.,(5,5),(0.,1.),.PIECEWISE_BEZIER_KNOTS.);
#4424 = CARTESIAN_POINT('',(1.570796326795,-10.));
#4425 = CARTESIAN_POINT('',(1.570796326795,-7.75));
#4426 = CARTESIAN_POINT('',(1.570796326795,-5.5));
#4427 = CARTESIAN_POINT('',(1.570796326795,-3.25));
#4428 = CARTESIAN_POINT('',(1.570796326795,-1.));
#4429 = ( GEOMETRIC_REPRESENTATION_CONTEXT(2) 
PARAMETRIC_REPRESENTATION_CONTEXT() REPRESENTATION_CONTEXT('2D SPACE',''
  ) );
#4430 = FACE_BOUND('',#4431,.T.);
#4431 = EDGE_LOOP('',(#4432));
#4432 = ORIENTED_EDGE('',*,*,#4433,.F.);
#4433 = EDGE_CURVE('',#4434,#4434,#4436,.T.);
#4434 = VERTEX_POINT('',#4435);
#4435 = CARTESIAN_POINT('',(25.1,-22.,26.));
#4436 = SURFACE_CURVE('',#4437,(#4442,#4449),.PCURVE_S1.);
#4437 = CIRCLE('',#4438,2.1);
#4438 = AXIS2_PLACEMENT_3D('',#4439,#4440,#4441);
#4439 = CARTESIAN_POINT('',(23.,-22.,26.));
#4440 = DIRECTION('',(0.,0.,1.));
#4441 = DIRECTION('',(1.,0.,0.));
#4442 = PCURVE('',#2786,#4443);
#4443 = DEFINITIONAL_REPRESENTATION('',(#4444),#4448);
#4444 = CIRCLE('',#4445,2.1);
#4445 = AXIS2_PLACEMENT_2D('',#4446,#4447);
#4446 = CARTESIAN_POINT('',(73.,28.));
#4447 = DIRECTION('',(1.,0.));
#4448 = ( GEOMETRIC_REPRESENTATION_CONTEXT(2) 
PARAMETRIC_REPRESENTATION_CONTEXT() REPRESENTATION_CONTEXT('2D SPACE',''
  ) );
#4449 = PCURVE('',#4450,#4455);
#4450 = CYLINDRICAL_SURFACE('',#4451,2.1);
#4451 = AXIS2_PLACEMENT_3D('',#4452,#4453,#4454);
#4452 = CARTESIAN_POINT('',(23.,-22.,20.5));
#4453 = DIRECTION('',(-0.,-0.,-1.));
#4454 = DIRECTION('',(1.,0.,0.));
#4455 = DEFINITIONAL_REPRESENTATION('',(#4456),#4460);
#4456 = LINE('',#4457,#4458);
#4457 = CARTESIAN_POINT('',(-0.,-5.5));
#4458 = VECTOR('',#4459,1.);
#4459 = DIRECTION('',(-1.,0.));
#4460 = ( GEOMETRIC_REPRESENTATION_CONTEXT(2) 
PARAMETRIC_REPRESENTATION_CONTEXT() REPRESENTATION_CONTEXT('2D SPACE',''
  ) );
#4461 = ADVANCED_FACE('',(#4462),#2690,.T.);
#4462 = FACE_BOUND('',#4463,.T.);
#4463 = EDGE_LOOP('',(#4464,#4491,#4492,#4493));
#4464 = ORIENTED_EDGE('',*,*,#4465,.T.);
#4465 = EDGE_CURVE('',#3021,#2517,#4466,.T.);
#4466 = SURFACE_CURVE('',#4467,(#4473,#4482),.PCURVE_S1.);
#4467 = B_SPLINE_CURVE_WITH_KNOTS('',4,(#4468,#4469,#4470,#4471,#4472),
  .UNSPECIFIED.,.F.,.F.,(5,5),(0.,1.),.PIECEWISE_BEZIER_KNOTS.);
#4468 = CARTESIAN_POINT('',(27.5,12.681578947368,26.));
#4469 = CARTESIAN_POINT('',(25.25,12.681578947368,26.));
#4470 = CARTESIAN_POINT('',(23.,12.681578947368,26.));
#4471 = CARTESIAN_POINT('',(20.75,12.681578947368,26.));
#4472 = CARTESIAN_POINT('',(18.5,12.681578947368,26.));
#4473 = PCURVE('',#2690,#4474);
#4474 = DEFINITIONAL_REPRESENTATION('',(#4475),#4481);
#4475 = B_SPLINE_CURVE_WITH_KNOTS('',4,(#4476,#4477,#4478,#4479,#4480),
  .UNSPECIFIED.,.F.,.F.,(5,5),(0.,1.),.PIECEWISE_BEZIER_KNOTS.);
#4476 = CARTESIAN_POINT('',(4.712388980385,-10.));
#4477 = CARTESIAN_POINT('',(4.712388980385,-7.75));
#4478 = CARTESIAN_POINT('',(4.712388980385,-5.5));
#4479 = CARTESIAN_POINT('',(4.712388980385,-3.25));
#4480 = CARTESIAN_POINT('',(4.712388980385,-1.));
#4481 = ( GEOMETRIC_REPRESENTATION_CONTEXT(2) 
PARAMETRIC_REPRESENTATION_CONTEXT() REPRESENTATION_CONTEXT('2D SPACE',''
  ) );
#4482 = PCURVE('',#2532,#4483);
#4483 = DEFINITIONAL_REPRESENTATION('',(#4484),#4490);
#4484 = B_SPLINE_CURVE_WITH_KNOTS('',4,(#4485,#4486,#4487,#4488,#4489),
  .UNSPECIFIED.,.F.,.F.,(5,5),(0.,1.),.PIECEWISE_BEZIER_KNOTS.);
#4485 = CARTESIAN_POINT('',(77.5,62.681578947368));
#4486 = CARTESIAN_POINT('',(75.25,62.681578947368));
#4487 = CARTESIAN_POINT('',(73.,62.681578947368));
#4488 = CARTESIAN_POINT('',(70.75,62.681578947368));
#4489 = CARTESIAN_POINT('',(68.5,62.681578947368));
#4490 = ( GEOMETRIC_REPRESENTATION_CONTEXT(2) 
PARAMETRIC_REPRESENTATION_CONTEXT() REPRESENTATION_CONTEXT('2D SPACE',''
  ) );
#4491 = ORIENTED_EDGE('',*,*,#2544,.T.);
#4492 = ORIENTED_EDGE('',*,*,#4404,.F.);
#4493 = ORIENTED_EDGE('',*,*,#3043,.F.);
#4494 = ADVANCED_FACE('',(#4495,#4521),#2532,.T.);
#4495 = FACE_BOUND('',#4496,.T.);
#4496 = EDGE_LOOP('',(#4497,#4498,#4499,#4500));
#4497 = ORIENTED_EDGE('',*,*,#2516,.F.);
#4498 = ORIENTED_EDGE('',*,*,#4465,.F.);
#4499 = ORIENTED_EDGE('',*,*,#3020,.T.);
#4500 = ORIENTED_EDGE('',*,*,#4501,.F.);
#4501 = EDGE_CURVE('',#2489,#2998,#4502,.T.);
#4502 = SURFACE_CURVE('',#4503,(#4507,#4514),.PCURVE_S1.);
#4503 = LINE('',#4504,#4505);
#4504 = CARTESIAN_POINT('',(18.5,28.5,26.));
#4505 = VECTOR('',#4506,1.);
#4506 = DIRECTION('',(1.,0.,0.));
#4507 = PCURVE('',#2532,#4508);
#4508 = DEFINITIONAL_REPRESENTATION('',(#4509),#4513);
#4509 = LINE('',#4510,#4511);
#4510 = CARTESIAN_POINT('',(68.5,78.5));
#4511 = VECTOR('',#4512,1.);
#4512 = DIRECTION('',(1.,0.));
#4513 = ( GEOMETRIC_REPRESENTATION_CONTEXT(2) 
PARAMETRIC_REPRESENTATION_CONTEXT() REPRESENTATION_CONTEXT('2D SPACE',''
  ) );
#4514 = PCURVE('',#2504,#4515);
#4515 = DEFINITIONAL_REPRESENTATION('',(#4516),#4520);
#4516 = LINE('',#4517,#4518);
#4517 = CARTESIAN_POINT('',(10.,0.));
#4518 = VECTOR('',#4519,1.);
#4519 = DIRECTION('',(0.,1.));
#4520 = ( GEOMETRIC_REPRESENTATION_CONTEXT(2) 
PARAMETRIC_REPRESENTATION_CONTEXT() REPRESENTATION_CONTEXT('2D SPACE',''
  ) );
#4521 = FACE_BOUND('',#4522,.T.);
#4522 = EDGE_LOOP('',(#4523));
#4523 = ORIENTED_EDGE('',*,*,#4524,.F.);
#4524 = EDGE_CURVE('',#4525,#4525,#4527,.T.);
#4525 = VERTEX_POINT('',#4526);
#4526 = CARTESIAN_POINT('',(25.1,22.,26.));
#4527 = SURFACE_CURVE('',#4528,(#4533,#4540),.PCURVE_S1.);
#4528 = CIRCLE('',#4529,2.1);
#4529 = AXIS2_PLACEMENT_3D('',#4530,#4531,#4532);
#4530 = CARTESIAN_POINT('',(23.,22.,26.));
#4531 = DIRECTION('',(0.,0.,1.));
#4532 = DIRECTION('',(1.,0.,0.));
#4533 = PCURVE('',#2532,#4534);
#4534 = DEFINITIONAL_REPRESENTATION('',(#4535),#4539);
#4535 = CIRCLE('',#4536,2.1);
#4536 = AXIS2_PLACEMENT_2D('',#4537,#4538);
#4537 = CARTESIAN_POINT('',(73.,72.));
#4538 = DIRECTION('',(1.,0.));
#4539 = ( GEOMETRIC_REPRESENTATION_CONTEXT(2) 
PARAMETRIC_REPRESENTATION_CONTEXT() REPRESENTATION_CONTEXT('2D SPACE',''
  ) );
#4540 = PCURVE('',#4541,#4546);
#4541 = CYLINDRICAL_SURFACE('',#4542,2.1);
#4542 = AXIS2_PLACEMENT_3D('',#4543,#4544,#4545);
#4543 = CARTESIAN_POINT('',(23.,22.,20.5));
#4544 = DIRECTION('',(-0.,-0.,-1.));
#4545 = DIRECTION('',(1.,0.,0.));
#4546 = DEFINITIONAL_REPRESENTATION('',(#4547),#4551);
#4547 = LINE('',#4548,#4549);
#4548 = CARTESIAN_POINT('',(-0.,-5.5));
#4549 = VECTOR('',#4550,1.);
#4550 = DIRECTION('',(-1.,0.));
#4551 = ( GEOMETRIC_REPRESENTATION_CONTEXT(2) 
PARAMETRIC_REPRESENTATION_CONTEXT() REPRESENTATION_CONTEXT('2D SPACE',''
  ) );
#4552 = ADVANCED_FACE('',(#4553),#2504,.T.);
#4553 = FACE_BOUND('',#4554,.T.);
#4554 = EDGE_LOOP('',(#4555,#4576,#4577,#4578));
#4555 = ORIENTED_EDGE('',*,*,#4556,.F.);
#4556 = EDGE_CURVE('',#2461,#2975,#4557,.T.);
#4557 = SURFACE_CURVE('',#4558,(#4562,#4569),.PCURVE_S1.);
#4558 = LINE('',#4559,#4560);
#4559 = CARTESIAN_POINT('',(18.5,28.5,16.));
#4560 = VECTOR('',#4561,1.);
#4561 = DIRECTION('',(1.,0.,0.));
#4562 = PCURVE('',#2504,#4563);
#4563 = DEFINITIONAL_REPRESENTATION('',(#4564),#4568);
#4564 = LINE('',#4565,#4566);
#4565 = CARTESIAN_POINT('',(0.,0.));
#4566 = VECTOR('',#4567,1.);
#4567 = DIRECTION('',(0.,1.));
#4568 = ( GEOMETRIC_REPRESENTATION_CONTEXT(2) 
PARAMETRIC_REPRESENTATION_CONTEXT() REPRESENTATION_CONTEXT('2D SPACE',''
  ) );
#4569 = PCURVE('',#2476,#4570);
#4570 = DEFINITIONAL_REPRESENTATION('',(#4571),#4575);
#4571 = LINE('',#4572,#4573);
#4572 = CARTESIAN_POINT('',(0.,13.));
#4573 = VECTOR('',#4574,1.);
#4574 = DIRECTION('',(1.,0.));
#4575 = ( GEOMETRIC_REPRESENTATION_CONTEXT(2) 
PARAMETRIC_REPRESENTATION_CONTEXT() REPRESENTATION_CONTEXT('2D SPACE',''
  ) );
#4576 = ORIENTED_EDGE('',*,*,#2488,.T.);
#4577 = ORIENTED_EDGE('',*,*,#4501,.T.);
#4578 = ORIENTED_EDGE('',*,*,#2997,.F.);
#4579 = ADVANCED_FACE('',(#4580),#2476,.F.);
#4580 = FACE_BOUND('',#4581,.F.);
#4581 = EDGE_LOOP('',(#4582,#4583,#4584,#4585));
#4582 = ORIENTED_EDGE('',*,*,#2460,.F.);
#4583 = ORIENTED_EDGE('',*,*,#2903,.T.);
#4584 = ORIENTED_EDGE('',*,*,#2974,.T.);
#4585 = ORIENTED_EDGE('',*,*,#4556,.F.);
#4586 = ADVANCED_FACE('',(#4587),#3368,.F.);
#4587 = FACE_BOUND('',#4588,.T.);
#4588 = EDGE_LOOP('',(#4589,#4590,#4613,#4640));
#4589 = ORIENTED_EDGE('',*,*,#3353,.F.);
#4590 = ORIENTED_EDGE('',*,*,#4591,.T.);
#4591 = EDGE_CURVE('',#3334,#4592,#4594,.T.);
#4592 = VERTEX_POINT('',#4593);
#4593 = CARTESIAN_POINT('',(-10.9,-13.,5.5));
#4594 = SEAM_CURVE('',#4595,(#4599,#4606),.PCURVE_S1.);
#4595 = LINE('',#4596,#4597);
#4596 = CARTESIAN_POINT('',(-10.9,-13.,0.));
#4597 = VECTOR('',#4598,1.);
#4598 = DIRECTION('',(0.,0.,1.));
#4599 = PCURVE('',#3368,#4600);
#4600 = DEFINITIONAL_REPRESENTATION('',(#4601),#4605);
#4601 = LINE('',#4602,#4603);
#4602 = CARTESIAN_POINT('',(-6.28318530718,0.));
#4603 = VECTOR('',#4604,1.);
#4604 = DIRECTION('',(-0.,-1.));
#4605 = ( GEOMETRIC_REPRESENTATION_CONTEXT(2) 
PARAMETRIC_REPRESENTATION_CONTEXT() REPRESENTATION_CONTEXT('2D SPACE',''
  ) );
#4606 = PCURVE('',#3368,#4607);
#4607 = DEFINITIONAL_REPRESENTATION('',(#4608),#4612);
#4608 = LINE('',#4609,#4610);
#4609 = CARTESIAN_POINT('',(-0.,0.));
#4610 = VECTOR('',#4611,1.);
#4611 = DIRECTION('',(-0.,-1.));
#4612 = ( GEOMETRIC_REPRESENTATION_CONTEXT(2) 
PARAMETRIC_REPRESENTATION_CONTEXT() REPRESENTATION_CONTEXT('2D SPACE',''
  ) );
#4613 = ORIENTED_EDGE('',*,*,#4614,.T.);
#4614 = EDGE_CURVE('',#4592,#4592,#4615,.T.);
#4615 = SURFACE_CURVE('',#4616,(#4621,#4628),.PCURVE_S1.);
#4616 = CIRCLE('',#4617,2.1);
#4617 = AXIS2_PLACEMENT_3D('',#4618,#4619,#4620);
#4618 = CARTESIAN_POINT('',(-13.,-13.,5.5));
#4619 = DIRECTION('',(0.,0.,1.));
#4620 = DIRECTION('',(1.,0.,0.));
#4621 = PCURVE('',#3368,#4622);
#4622 = DEFINITIONAL_REPRESENTATION('',(#4623),#4627);
#4623 = LINE('',#4624,#4625);
#4624 = CARTESIAN_POINT('',(-0.,-5.5));
#4625 = VECTOR('',#4626,1.);
#4626 = DIRECTION('',(-1.,0.));
#4627 = ( GEOMETRIC_REPRESENTATION_CONTEXT(2) 
PARAMETRIC_REPRESENTATION_CONTEXT() REPRESENTATION_CONTEXT('2D SPACE',''
  ) );
#4628 = PCURVE('',#4629,#4634);
#4629 = PLANE('',#4630);
#4630 = AXIS2_PLACEMENT_3D('',#4631,#4632,#4633);
#4631 = CARTESIAN_POINT('',(-13.,-13.,5.5));
#4632 = DIRECTION('',(0.,0.,1.));
#4633 = DIRECTION('',(1.,0.,-0.));
#4634 = DEFINITIONAL_REPRESENTATION('',(#4635),#4639);
#4635 = CIRCLE('',#4636,2.1);
#4636 = AXIS2_PLACEMENT_2D('',#4637,#4638);
#4637 = CARTESIAN_POINT('',(0.,0.));
#4638 = DIRECTION('',(1.,0.));
#4639 = ( GEOMETRIC_REPRESENTATION_CONTEXT(2) 
PARAMETRIC_REPRESENTATION_CONTEXT() REPRESENTATION_CONTEXT('2D SPACE',''
  ) );
#4640 = ORIENTED_EDGE('',*,*,#4591,.F.);
#4641 = ADVANCED_FACE('',(#4642),#3420,.F.);
#4642 = FACE_BOUND('',#4643,.T.);
#4643 = EDGE_LOOP('',(#4644,#4645,#4668,#4695));
#4644 = ORIENTED_EDGE('',*,*,#3405,.F.);
#4645 = ORIENTED_EDGE('',*,*,#4646,.T.);
#4646 = EDGE_CURVE('',#3386,#4647,#4649,.T.);
#4647 = VERTEX_POINT('',#4648);
#4648 = CARTESIAN_POINT('',(15.1,-13.,5.5));
#4649 = SEAM_CURVE('',#4650,(#4654,#4661),.PCURVE_S1.);
#4650 = LINE('',#4651,#4652);
#4651 = CARTESIAN_POINT('',(15.1,-13.,0.));
#4652 = VECTOR('',#4653,1.);
#4653 = DIRECTION('',(0.,0.,1.));
#4654 = PCURVE('',#3420,#4655);
#4655 = DEFINITIONAL_REPRESENTATION('',(#4656),#4660);
#4656 = LINE('',#4657,#4658);
#4657 = CARTESIAN_POINT('',(-6.28318530718,0.));
#4658 = VECTOR('',#4659,1.);
#4659 = DIRECTION('',(-0.,-1.));
#4660 = ( GEOMETRIC_REPRESENTATION_CONTEXT(2) 
PARAMETRIC_REPRESENTATION_CONTEXT() REPRESENTATION_CONTEXT('2D SPACE',''
  ) );
#4661 = PCURVE('',#3420,#4662);
#4662 = DEFINITIONAL_REPRESENTATION('',(#4663),#4667);
#4663 = LINE('',#4664,#4665);
#4664 = CARTESIAN_POINT('',(-0.,0.));
#4665 = VECTOR('',#4666,1.);
#4666 = DIRECTION('',(-0.,-1.));
#4667 = ( GEOMETRIC_REPRESENTATION_CONTEXT(2) 
PARAMETRIC_REPRESENTATION_CONTEXT() REPRESENTATION_CONTEXT('2D SPACE',''
  ) );
#4668 = ORIENTED_EDGE('',*,*,#4669,.T.);
#4669 = EDGE_CURVE('',#4647,#4647,#4670,.T.);
#4670 = SURFACE_CURVE('',#4671,(#4676,#4683),.PCURVE_S1.);
#4671 = CIRCLE('',#4672,2.1);
#4672 = AXIS2_PLACEMENT_3D('',#4673,#4674,#4675);
#4673 = CARTESIAN_POINT('',(13.,-13.,5.5));
#4674 = DIRECTION('',(0.,0.,1.));
#4675 = DIRECTION('',(1.,0.,0.));
#4676 = PCURVE('',#3420,#4677);
#4677 = DEFINITIONAL_REPRESENTATION('',(#4678),#4682);
#4678 = LINE('',#4679,#4680);
#4679 = CARTESIAN_POINT('',(-0.,-5.5));
#4680 = VECTOR('',#4681,1.);
#4681 = DIRECTION('',(-1.,0.));
#4682 = ( GEOMETRIC_REPRESENTATION_CONTEXT(2) 
PARAMETRIC_REPRESENTATION_CONTEXT() REPRESENTATION_CONTEXT('2D SPACE',''
  ) );
#4683 = PCURVE('',#4684,#4689);
#4684 = PLANE('',#4685);
#4685 = AXIS2_PLACEMENT_3D('',#4686,#4687,#4688);
#4686 = CARTESIAN_POINT('',(13.,-13.,5.5));
#4687 = DIRECTION('',(0.,0.,1.));
#4688 = DIRECTION('',(1.,0.,-0.));
#4689 = DEFINITIONAL_REPRESENTATION('',(#4690),#4694);
#4690 = CIRCLE('',#4691,2.1);
#4691 = AXIS2_PLACEMENT_2D('',#4692,#4693);
#4692 = CARTESIAN_POINT('',(0.,0.));
#4693 = DIRECTION('',(1.,0.));
#4694 = ( GEOMETRIC_REPRESENTATION_CONTEXT(2) 
PARAMETRIC_REPRESENTATION_CONTEXT() REPRESENTATION_CONTEXT('2D SPACE',''
  ) );
#4695 = ORIENTED_EDGE('',*,*,#4646,.F.);
#4696 = ADVANCED_FACE('',(#4697),#3472,.F.);
#4697 = FACE_BOUND('',#4698,.T.);
#4698 = EDGE_LOOP('',(#4699,#4700,#4723,#4750));
#4699 = ORIENTED_EDGE('',*,*,#3457,.F.);
#4700 = ORIENTED_EDGE('',*,*,#4701,.T.);
#4701 = EDGE_CURVE('',#3438,#4702,#4704,.T.);
#4702 = VERTEX_POINT('',#4703);
#4703 = CARTESIAN_POINT('',(-10.9,13.,5.5));
#4704 = SEAM_CURVE('',#4705,(#4709,#4716),.PCURVE_S1.);
#4705 = LINE('',#4706,#4707);
#4706 = CARTESIAN_POINT('',(-10.9,13.,0.));
#4707 = VECTOR('',#4708,1.);
#4708 = DIRECTION('',(0.,0.,1.));
#4709 = PCURVE('',#3472,#4710);
#4710 = DEFINITIONAL_REPRESENTATION('',(#4711),#4715);
#4711 = LINE('',#4712,#4713);
#4712 = CARTESIAN_POINT('',(-6.28318530718,0.));
#4713 = VECTOR('',#4714,1.);
#4714 = DIRECTION('',(-0.,-1.));
#4715 = ( GEOMETRIC_REPRESENTATION_CONTEXT(2) 
PARAMETRIC_REPRESENTATION_CONTEXT() REPRESENTATION_CONTEXT('2D SPACE',''
  ) );
#4716 = PCURVE('',#3472,#4717);
#4717 = DEFINITIONAL_REPRESENTATION('',(#4718),#4722);
#4718 = LINE('',#4719,#4720);
#4719 = CARTESIAN_POINT('',(-0.,0.));
#4720 = VECTOR('',#4721,1.);
#4721 = DIRECTION('',(-0.,-1.));
#4722 = ( GEOMETRIC_REPRESENTATION_CONTEXT(2) 
PARAMETRIC_REPRESENTATION_CONTEXT() REPRESENTATION_CONTEXT('2D SPACE',''
  ) );
#4723 = ORIENTED_EDGE('',*,*,#4724,.T.);
#4724 = EDGE_CURVE('',#4702,#4702,#4725,.T.);
#4725 = SURFACE_CURVE('',#4726,(#4731,#4738),.PCURVE_S1.);
#4726 = CIRCLE('',#4727,2.1);
#4727 = AXIS2_PLACEMENT_3D('',#4728,#4729,#4730);
#4728 = CARTESIAN_POINT('',(-13.,13.,5.5));
#4729 = DIRECTION('',(0.,0.,1.));
#4730 = DIRECTION('',(1.,0.,0.));
#4731 = PCURVE('',#3472,#4732);
#4732 = DEFINITIONAL_REPRESENTATION('',(#4733),#4737);
#4733 = LINE('',#4734,#4735);
#4734 = CARTESIAN_POINT('',(-0.,-5.5));
#4735 = VECTOR('',#4736,1.);
#4736 = DIRECTION('',(-1.,0.));
#4737 = ( GEOMETRIC_REPRESENTATION_CONTEXT(2) 
PARAMETRIC_REPRESENTATION_CONTEXT() REPRESENTATION_CONTEXT('2D SPACE',''
  ) );
#4738 = PCURVE('',#4739,#4744);
#4739 = PLANE('',#4740);
#4740 = AXIS2_PLACEMENT_3D('',#4741,#4742,#4743);
#4741 = CARTESIAN_POINT('',(-13.,13.,5.5));
#4742 = DIRECTION('',(0.,0.,1.));
#4743 = DIRECTION('',(1.,0.,-0.));
#4744 = DEFINITIONAL_REPRESENTATION('',(#4745),#4749);
#4745 = CIRCLE('',#4746,2.1);
#4746 = AXIS2_PLACEMENT_2D('',#4747,#4748);
#4747 = CARTESIAN_POINT('',(0.,0.));
#4748 = DIRECTION('',(1.,0.));
#4749 = ( GEOMETRIC_REPRESENTATION_CONTEXT(2) 
PARAMETRIC_REPRESENTATION_CONTEXT() REPRESENTATION_CONTEXT('2D SPACE',''
  ) );
#4750 = ORIENTED_EDGE('',*,*,#4701,.F.);
#4751 = ADVANCED_FACE('',(#4752),#3524,.F.);
#4752 = FACE_BOUND('',#4753,.T.);
#4753 = EDGE_LOOP('',(#4754,#4755,#4778,#4805));
#4754 = ORIENTED_EDGE('',*,*,#3509,.F.);
#4755 = ORIENTED_EDGE('',*,*,#4756,.T.);
#4756 = EDGE_CURVE('',#3490,#4757,#4759,.T.);
#4757 = VERTEX_POINT('',#4758);
#4758 = CARTESIAN_POINT('',(15.1,13.,5.5));
#4759 = SEAM_CURVE('',#4760,(#4764,#4771),.PCURVE_S1.);
#4760 = LINE('',#4761,#4762);
#4761 = CARTESIAN_POINT('',(15.1,13.,0.));
#4762 = VECTOR('',#4763,1.);
#4763 = DIRECTION('',(0.,0.,1.));
#4764 = PCURVE('',#3524,#4765);
#4765 = DEFINITIONAL_REPRESENTATION('',(#4766),#4770);
#4766 = LINE('',#4767,#4768);
#4767 = CARTESIAN_POINT('',(-6.28318530718,0.));
#4768 = VECTOR('',#4769,1.);
#4769 = DIRECTION('',(-0.,-1.));
#4770 = ( GEOMETRIC_REPRESENTATION_CONTEXT(2) 
PARAMETRIC_REPRESENTATION_CONTEXT() REPRESENTATION_CONTEXT('2D SPACE',''
  ) );
#4771 = PCURVE('',#3524,#4772);
#4772 = DEFINITIONAL_REPRESENTATION('',(#4773),#4777);
#4773 = LINE('',#4774,#4775);
#4774 = CARTESIAN_POINT('',(-0.,0.));
#4775 = VECTOR('',#4776,1.);
#4776 = DIRECTION('',(-0.,-1.));
#4777 = ( GEOMETRIC_REPRESENTATION_CONTEXT(2) 
PARAMETRIC_REPRESENTATION_CONTEXT() REPRESENTATION_CONTEXT('2D SPACE',''
  ) );
#4778 = ORIENTED_EDGE('',*,*,#4779,.T.);
#4779 = EDGE_CURVE('',#4757,#4757,#4780,.T.);
#4780 = SURFACE_CURVE('',#4781,(#4786,#4793),.PCURVE_S1.);
#4781 = CIRCLE('',#4782,2.1);
#4782 = AXIS2_PLACEMENT_3D('',#4783,#4784,#4785);
#4783 = CARTESIAN_POINT('',(13.,13.,5.5));
#4784 = DIRECTION('',(0.,0.,1.));
#4785 = DIRECTION('',(1.,0.,0.));
#4786 = PCURVE('',#3524,#4787);
#4787 = DEFINITIONAL_REPRESENTATION('',(#4788),#4792);
#4788 = LINE('',#4789,#4790);
#4789 = CARTESIAN_POINT('',(-0.,-5.5));
#4790 = VECTOR('',#4791,1.);
#4791 = DIRECTION('',(-1.,0.));
#4792 = ( GEOMETRIC_REPRESENTATION_CONTEXT(2) 
PARAMETRIC_REPRESENTATION_CONTEXT() REPRESENTATION_CONTEXT('2D SPACE',''
  ) );
#4793 = PCURVE('',#4794,#4799);
#4794 = PLANE('',#4795);
#4795 = AXIS2_PLACEMENT_3D('',#4796,#4797,#4798);
#4796 = CARTESIAN_POINT('',(13.,13.,5.5));
#4797 = DIRECTION('',(0.,0.,1.));
#4798 = DIRECTION('',(1.,0.,-0.));
#4799 = DEFINITIONAL_REPRESENTATION('',(#4800),#4804);
#4800 = CIRCLE('',#4801,2.1);
#4801 = AXIS2_PLACEMENT_2D('',#4802,#4803);
#4802 = CARTESIAN_POINT('',(0.,0.));
#4803 = DIRECTION('',(1.,0.));
#4804 = ( GEOMETRIC_REPRESENTATION_CONTEXT(2) 
PARAMETRIC_REPRESENTATION_CONTEXT() REPRESENTATION_CONTEXT('2D SPACE',''
  ) );
#4805 = ORIENTED_EDGE('',*,*,#4756,.F.);
#4806 = ADVANCED_FACE('',(#4807),#3706,.F.);
#4807 = FACE_BOUND('',#4808,.F.);
#4808 = EDGE_LOOP('',(#4809,#4810,#4811,#4832));
#4809 = ORIENTED_EDGE('',*,*,#4051,.F.);
#4810 = ORIENTED_EDGE('',*,*,#3690,.T.);
#4811 = ORIENTED_EDGE('',*,*,#4812,.T.);
#4812 = EDGE_CURVE('',#3663,#3921,#4813,.T.);
#4813 = SURFACE_CURVE('',#4814,(#4818,#4825),.PCURVE_S1.);
#4814 = LINE('',#4815,#4816);
#4815 = CARTESIAN_POINT('',(-28.5,79.,8.));
#4816 = VECTOR('',#4817,1.);
#4817 = DIRECTION('',(0.,0.,1.));
#4818 = PCURVE('',#3706,#4819);
#4819 = DEFINITIONAL_REPRESENTATION('',(#4820),#4824);
#4820 = LINE('',#4821,#4822);
#4821 = CARTESIAN_POINT('',(0.,-18.));
#4822 = VECTOR('',#4823,1.);
#4823 = DIRECTION('',(1.,0.));
#4824 = ( GEOMETRIC_REPRESENTATION_CONTEXT(2) 
PARAMETRIC_REPRESENTATION_CONTEXT() REPRESENTATION_CONTEXT('2D SPACE',''
  ) );
#4825 = PCURVE('',#3678,#4826);
#4826 = DEFINITIONAL_REPRESENTATION('',(#4827),#4831);
#4827 = LINE('',#4828,#4829);
#4828 = CARTESIAN_POINT('',(0.,0.));
#4829 = VECTOR('',#4830,1.);
#4830 = DIRECTION('',(1.,0.));
#4831 = ( GEOMETRIC_REPRESENTATION_CONTEXT(2) 
PARAMETRIC_REPRESENTATION_CONTEXT() REPRESENTATION_CONTEXT('2D SPACE',''
  ) );
#4832 = ORIENTED_EDGE('',*,*,#3943,.F.);
#4833 = ADVANCED_FACE('',(#4834),#3678,.T.);
#4834 = FACE_BOUND('',#4835,.T.);
#4835 = EDGE_LOOP('',(#4836,#4837,#4838,#4839));
#4836 = ORIENTED_EDGE('',*,*,#3662,.F.);
#4837 = ORIENTED_EDGE('',*,*,#4812,.T.);
#4838 = ORIENTED_EDGE('',*,*,#3920,.T.);
#4839 = ORIENTED_EDGE('',*,*,#4840,.F.);
#4840 = EDGE_CURVE('',#3635,#3898,#4841,.T.);
#4841 = SURFACE_CURVE('',#4842,(#4846,#4853),.PCURVE_S1.);
#4842 = LINE('',#4843,#4844);
#4843 = CARTESIAN_POINT('',(28.5,79.,8.));
#4844 = VECTOR('',#4845,1.);
#4845 = DIRECTION('',(0.,0.,1.));
#4846 = PCURVE('',#3678,#4847);
#4847 = DEFINITIONAL_REPRESENTATION('',(#4848),#4852);
#4848 = LINE('',#4849,#4850);
#4849 = CARTESIAN_POINT('',(0.,57.));
#4850 = VECTOR('',#4851,1.);
#4851 = DIRECTION('',(1.,0.));
#4852 = ( GEOMETRIC_REPRESENTATION_CONTEXT(2) 
PARAMETRIC_REPRESENTATION_CONTEXT() REPRESENTATION_CONTEXT('2D SPACE',''
  ) );
#4853 = PCURVE('',#3650,#4854);
#4854 = DEFINITIONAL_REPRESENTATION('',(#4855),#4859);
#4855 = LINE('',#4856,#4857);
#4856 = CARTESIAN_POINT('',(0.,-18.));
#4857 = VECTOR('',#4858,1.);
#4858 = DIRECTION('',(1.,0.));
#4859 = ( GEOMETRIC_REPRESENTATION_CONTEXT(2) 
PARAMETRIC_REPRESENTATION_CONTEXT() REPRESENTATION_CONTEXT('2D SPACE',''
  ) );
#4860 = ADVANCED_FACE('',(#4861),#3650,.T.);
#4861 = FACE_BOUND('',#4862,.T.);
#4862 = EDGE_LOOP('',(#4863,#4864,#4865,#4866));
#4863 = ORIENTED_EDGE('',*,*,#4080,.F.);
#4864 = ORIENTED_EDGE('',*,*,#3634,.T.);
#4865 = ORIENTED_EDGE('',*,*,#4840,.T.);
#4866 = ORIENTED_EDGE('',*,*,#3897,.F.);
#4867 = ADVANCED_FACE('',(#4868),#3762,.F.);
#4868 = FACE_BOUND('',#4869,.T.);
#4869 = EDGE_LOOP('',(#4870,#4871,#4892,#4893));
#4870 = ORIENTED_EDGE('',*,*,#3741,.T.);
#4871 = ORIENTED_EDGE('',*,*,#4872,.T.);
#4872 = EDGE_CURVE('',#3742,#3990,#4873,.T.);
#4873 = SEAM_CURVE('',#4874,(#4878,#4885),.PCURVE_S1.);
#4874 = LINE('',#4875,#4876);
#4875 = CARTESIAN_POINT('',(-20.9,70.,7.));
#4876 = VECTOR('',#4877,1.);
#4877 = DIRECTION('',(0.,0.,1.));
#4878 = PCURVE('',#3762,#4879);
#4879 = DEFINITIONAL_REPRESENTATION('',(#4880),#4884);
#4880 = LINE('',#4881,#4882);
#4881 = CARTESIAN_POINT('',(-6.28318530718,0.));
#4882 = VECTOR('',#4883,1.);
#4883 = DIRECTION('',(-0.,-1.));
#4884 = ( GEOMETRIC_REPRESENTATION_CONTEXT(2) 
PARAMETRIC_REPRESENTATION_CONTEXT() REPRESENTATION_CONTEXT('2D SPACE',''
  ) );
#4885 = PCURVE('',#3762,#4886);
#4886 = DEFINITIONAL_REPRESENTATION('',(#4887),#4891);
#4887 = LINE('',#4888,#4889);
#4888 = CARTESIAN_POINT('',(-0.,0.));
#4889 = VECTOR('',#4890,1.);
#4890 = DIRECTION('',(-0.,-1.));
#4891 = ( GEOMETRIC_REPRESENTATION_CONTEXT(2) 
PARAMETRIC_REPRESENTATION_CONTEXT() REPRESENTATION_CONTEXT('2D SPACE',''
  ) );
#4892 = ORIENTED_EDGE('',*,*,#3989,.F.);
#4893 = ORIENTED_EDGE('',*,*,#4872,.F.);
#4894 = ADVANCED_FACE('',(#4895),#3797,.F.);
#4895 = FACE_BOUND('',#4896,.T.);
#4896 = EDGE_LOOP('',(#4897,#4898,#4919,#4920));
#4897 = ORIENTED_EDGE('',*,*,#3776,.T.);
#4898 = ORIENTED_EDGE('',*,*,#4899,.T.);
#4899 = EDGE_CURVE('',#3777,#4020,#4900,.T.);
#4900 = SEAM_CURVE('',#4901,(#4905,#4912),.PCURVE_S1.);
#4901 = LINE('',#4902,#4903);
#4902 = CARTESIAN_POINT('',(24.1,70.,7.));
#4903 = VECTOR('',#4904,1.);
#4904 = DIRECTION('',(0.,0.,1.));
#4905 = PCURVE('',#3797,#4906);
#4906 = DEFINITIONAL_REPRESENTATION('',(#4907),#4911);
#4907 = LINE('',#4908,#4909);
#4908 = CARTESIAN_POINT('',(-6.28318530718,0.));
#4909 = VECTOR('',#4910,1.);
#4910 = DIRECTION('',(-0.,-1.));
#4911 = ( GEOMETRIC_REPRESENTATION_CONTEXT(2) 
PARAMETRIC_REPRESENTATION_CONTEXT() REPRESENTATION_CONTEXT('2D SPACE',''
  ) );
#4912 = PCURVE('',#3797,#4913);
#4913 = DEFINITIONAL_REPRESENTATION('',(#4914),#4918);
#4914 = LINE('',#4915,#4916);
#4915 = CARTESIAN_POINT('',(-0.,0.));
#4916 = VECTOR('',#4917,1.);
#4917 = DIRECTION('',(-0.,-1.));
#4918 = ( GEOMETRIC_REPRESENTATION_CONTEXT(2) 
PARAMETRIC_REPRESENTATION_CONTEXT() REPRESENTATION_CONTEXT('2D SPACE',''
  ) );
#4919 = ORIENTED_EDGE('',*,*,#4019,.F.);
#4920 = ORIENTED_EDGE('',*,*,#4899,.F.);
#4921 = ADVANCED_FACE('',(#4922),#4207,.F.);
#4922 = FACE_BOUND('',#4923,.T.);
#4923 = EDGE_LOOP('',(#4924,#4947,#4948,#4949));
#4924 = ORIENTED_EDGE('',*,*,#4925,.T.);
#4925 = EDGE_CURVE('',#4926,#4191,#4928,.T.);
#4926 = VERTEX_POINT('',#4927);
#4927 = CARTESIAN_POINT('',(-20.9,-22.,20.5));
#4928 = SEAM_CURVE('',#4929,(#4933,#4940),.PCURVE_S1.);
#4929 = LINE('',#4930,#4931);
#4930 = CARTESIAN_POINT('',(-20.9,-22.,20.5));
#4931 = VECTOR('',#4932,1.);
#4932 = DIRECTION('',(0.,0.,1.));
#4933 = PCURVE('',#4207,#4934);
#4934 = DEFINITIONAL_REPRESENTATION('',(#4935),#4939);
#4935 = LINE('',#4936,#4937);
#4936 = CARTESIAN_POINT('',(-0.,0.));
#4937 = VECTOR('',#4938,1.);
#4938 = DIRECTION('',(-0.,-1.));
#4939 = ( GEOMETRIC_REPRESENTATION_CONTEXT(2) 
PARAMETRIC_REPRESENTATION_CONTEXT() REPRESENTATION_CONTEXT('2D SPACE',''
  ) );
#4940 = PCURVE('',#4207,#4941);
#4941 = DEFINITIONAL_REPRESENTATION('',(#4942),#4946);
#4942 = LINE('',#4943,#4944);
#4943 = CARTESIAN_POINT('',(-6.28318530718,0.));
#4944 = VECTOR('',#4945,1.);
#4945 = DIRECTION('',(-0.,-1.));
#4946 = ( GEOMETRIC_REPRESENTATION_CONTEXT(2) 
PARAMETRIC_REPRESENTATION_CONTEXT() REPRESENTATION_CONTEXT('2D SPACE',''
  ) );
#4947 = ORIENTED_EDGE('',*,*,#4190,.T.);
#4948 = ORIENTED_EDGE('',*,*,#4925,.F.);
#4949 = ORIENTED_EDGE('',*,*,#4950,.F.);
#4950 = EDGE_CURVE('',#4926,#4926,#4951,.T.);
#4951 = SURFACE_CURVE('',#4952,(#4957,#4964),.PCURVE_S1.);
#4952 = CIRCLE('',#4953,2.1);
#4953 = AXIS2_PLACEMENT_3D('',#4954,#4955,#4956);
#4954 = CARTESIAN_POINT('',(-23.,-22.,20.5));
#4955 = DIRECTION('',(0.,0.,1.));
#4956 = DIRECTION('',(1.,0.,0.));
#4957 = PCURVE('',#4207,#4958);
#4958 = DEFINITIONAL_REPRESENTATION('',(#4959),#4963);
#4959 = LINE('',#4960,#4961);
#4960 = CARTESIAN_POINT('',(-0.,0.));
#4961 = VECTOR('',#4962,1.);
#4962 = DIRECTION('',(-1.,0.));
#4963 = ( GEOMETRIC_REPRESENTATION_CONTEXT(2) 
PARAMETRIC_REPRESENTATION_CONTEXT() REPRESENTATION_CONTEXT('2D SPACE',''
  ) );
#4964 = PCURVE('',#4965,#4970);
#4965 = PLANE('',#4966);
#4966 = AXIS2_PLACEMENT_3D('',#4967,#4968,#4969);
#4967 = CARTESIAN_POINT('',(-23.,-22.,20.5));
#4968 = DIRECTION('',(0.,0.,1.));
#4969 = DIRECTION('',(1.,0.,-0.));
#4970 = DEFINITIONAL_REPRESENTATION('',(#4971),#4975);
#4971 = CIRCLE('',#4972,2.1);
#4972 = AXIS2_PLACEMENT_2D('',#4973,#4974);
#4973 = CARTESIAN_POINT('',(0.,0.));
#4974 = DIRECTION('',(1.,0.));
#4975 = ( GEOMETRIC_REPRESENTATION_CONTEXT(2) 
PARAMETRIC_REPRESENTATION_CONTEXT() REPRESENTATION_CONTEXT('2D SPACE',''
  ) );
#4976 = ADVANCED_FACE('',(#4977),#4298,.F.);
#4977 = FACE_BOUND('',#4978,.T.);
#4978 = EDGE_LOOP('',(#4979,#5002,#5003,#5004));
#4979 = ORIENTED_EDGE('',*,*,#4980,.T.);
#4980 = EDGE_CURVE('',#4981,#4282,#4983,.T.);
#4981 = VERTEX_POINT('',#4982);
#4982 = CARTESIAN_POINT('',(-20.9,22.,20.5));
#4983 = SEAM_CURVE('',#4984,(#4988,#4995),.PCURVE_S1.);
#4984 = LINE('',#4985,#4986);
#4985 = CARTESIAN_POINT('',(-20.9,22.,20.5));
#4986 = VECTOR('',#4987,1.);
#4987 = DIRECTION('',(0.,0.,1.));
#4988 = PCURVE('',#4298,#4989);
#4989 = DEFINITIONAL_REPRESENTATION('',(#4990),#4994);
#4990 = LINE('',#4991,#4992);
#4991 = CARTESIAN_POINT('',(-0.,0.));
#4992 = VECTOR('',#4993,1.);
#4993 = DIRECTION('',(-0.,-1.));
#4994 = ( GEOMETRIC_REPRESENTATION_CONTEXT(2) 
PARAMETRIC_REPRESENTATION_CONTEXT() REPRESENTATION_CONTEXT('2D SPACE',''
  ) );
#4995 = PCURVE('',#4298,#4996);
#4996 = DEFINITIONAL_REPRESENTATION('',(#4997),#5001);
#4997 = LINE('',#4998,#4999);
#4998 = CARTESIAN_POINT('',(-6.28318530718,0.));
#4999 = VECTOR('',#5000,1.);
#5000 = DIRECTION('',(-0.,-1.));
#5001 = ( GEOMETRIC_REPRESENTATION_CONTEXT(2) 
PARAMETRIC_REPRESENTATION_CONTEXT() REPRESENTATION_CONTEXT('2D SPACE',''
  ) );
#5002 = ORIENTED_EDGE('',*,*,#4281,.T.);
#5003 = ORIENTED_EDGE('',*,*,#4980,.F.);
#5004 = ORIENTED_EDGE('',*,*,#5005,.F.);
#5005 = EDGE_CURVE('',#4981,#4981,#5006,.T.);
#5006 = SURFACE_CURVE('',#5007,(#5012,#5019),.PCURVE_S1.);
#5007 = CIRCLE('',#5008,2.1);
#5008 = AXIS2_PLACEMENT_3D('',#5009,#5010,#5011);
#5009 = CARTESIAN_POINT('',(-23.,22.,20.5));
#5010 = DIRECTION('',(0.,0.,1.));
#5011 = DIRECTION('',(1.,0.,0.));
#5012 = PCURVE('',#4298,#5013);
#5013 = DEFINITIONAL_REPRESENTATION('',(#5014),#5018);
#5014 = LINE('',#5015,#5016);
#5015 = CARTESIAN_POINT('',(-0.,0.));
#5016 = VECTOR('',#5017,1.);
#5017 = DIRECTION('',(-1.,0.));
#5018 = ( GEOMETRIC_REPRESENTATION_CONTEXT(2) 
PARAMETRIC_REPRESENTATION_CONTEXT() REPRESENTATION_CONTEXT('2D SPACE',''
  ) );
#5019 = PCURVE('',#5020,#5025);
#5020 = PLANE('',#5021);
#5021 = AXIS2_PLACEMENT_3D('',#5022,#5023,#5024);
#5022 = CARTESIAN_POINT('',(-23.,22.,20.5));
#5023 = DIRECTION('',(0.,0.,1.));
#5024 = DIRECTION('',(1.,0.,-0.));
#5025 = DEFINITIONAL_REPRESENTATION('',(#5026),#5030);
#5026 = CIRCLE('',#5027,2.1);
#5027 = AXIS2_PLACEMENT_2D('',#5028,#5029);
#5028 = CARTESIAN_POINT('',(0.,0.));
#5029 = DIRECTION('',(1.,0.));
#5030 = ( GEOMETRIC_REPRESENTATION_CONTEXT(2) 
PARAMETRIC_REPRESENTATION_CONTEXT() REPRESENTATION_CONTEXT('2D SPACE',''
  ) );
#5031 = ADVANCED_FACE('',(#5032),#4450,.F.);
#5032 = FACE_BOUND('',#5033,.T.);
#5033 = EDGE_LOOP('',(#5034,#5057,#5058,#5059));
#5034 = ORIENTED_EDGE('',*,*,#5035,.T.);
#5035 = EDGE_CURVE('',#5036,#4434,#5038,.T.);
#5036 = VERTEX_POINT('',#5037);
#5037 = CARTESIAN_POINT('',(25.1,-22.,20.5));
#5038 = SEAM_CURVE('',#5039,(#5043,#5050),.PCURVE_S1.);
#5039 = LINE('',#5040,#5041);
#5040 = CARTESIAN_POINT('',(25.1,-22.,20.5));
#5041 = VECTOR('',#5042,1.);
#5042 = DIRECTION('',(0.,0.,1.));
#5043 = PCURVE('',#4450,#5044);
#5044 = DEFINITIONAL_REPRESENTATION('',(#5045),#5049);
#5045 = LINE('',#5046,#5047);
#5046 = CARTESIAN_POINT('',(-0.,0.));
#5047 = VECTOR('',#5048,1.);
#5048 = DIRECTION('',(-0.,-1.));
#5049 = ( GEOMETRIC_REPRESENTATION_CONTEXT(2) 
PARAMETRIC_REPRESENTATION_CONTEXT() REPRESENTATION_CONTEXT('2D SPACE',''
  ) );
#5050 = PCURVE('',#4450,#5051);
#5051 = DEFINITIONAL_REPRESENTATION('',(#5052),#5056);
#5052 = LINE('',#5053,#5054);
#5053 = CARTESIAN_POINT('',(-6.28318530718,0.));
#5054 = VECTOR('',#5055,1.);
#5055 = DIRECTION('',(-0.,-1.));
#5056 = ( GEOMETRIC_REPRESENTATION_CONTEXT(2) 
PARAMETRIC_REPRESENTATION_CONTEXT() REPRESENTATION_CONTEXT('2D SPACE',''
  ) );
#5057 = ORIENTED_EDGE('',*,*,#4433,.T.);
#5058 = ORIENTED_EDGE('',*,*,#5035,.F.);
#5059 = ORIENTED_EDGE('',*,*,#5060,.F.);
#5060 = EDGE_CURVE('',#5036,#5036,#5061,.T.);
#5061 = SURFACE_CURVE('',#5062,(#5067,#5074),.PCURVE_S1.);
#5062 = CIRCLE('',#5063,2.1);
#5063 = AXIS2_PLACEMENT_3D('',#5064,#5065,#5066);
#5064 = CARTESIAN_POINT('',(23.,-22.,20.5));
#5065 = DIRECTION('',(0.,0.,1.));
#5066 = DIRECTION('',(1.,0.,0.));
#5067 = PCURVE('',#4450,#5068);
#5068 = DEFINITIONAL_REPRESENTATION('',(#5069),#5073);
#5069 = LINE('',#5070,#5071);
#5070 = CARTESIAN_POINT('',(-0.,0.));
#5071 = VECTOR('',#5072,1.);
#5072 = DIRECTION('',(-1.,0.));
#5073 = ( GEOMETRIC_REPRESENTATION_CONTEXT(2) 
PARAMETRIC_REPRESENTATION_CONTEXT() REPRESENTATION_CONTEXT('2D SPACE',''
  ) );
#5074 = PCURVE('',#5075,#5080);
#5075 = PLANE('',#5076);
#5076 = AXIS2_PLACEMENT_3D('',#5077,#5078,#5079);
#5077 = CARTESIAN_POINT('',(23.,-22.,20.5));
#5078 = DIRECTION('',(0.,0.,1.));
#5079 = DIRECTION('',(1.,0.,-0.));
#5080 = DEFINITIONAL_REPRESENTATION('',(#5081),#5085);
#5081 = CIRCLE('',#5082,2.1);
#5082 = AXIS2_PLACEMENT_2D('',#5083,#5084);
#5083 = CARTESIAN_POINT('',(0.,0.));
#5084 = DIRECTION('',(1.,0.));
#5085 = ( GEOMETRIC_REPRESENTATION_CONTEXT(2) 
PARAMETRIC_REPRESENTATION_CONTEXT() REPRESENTATION_CONTEXT('2D SPACE',''
  ) );
#5086 = ADVANCED_FACE('',(#5087),#4541,.F.);
#5087 = FACE_BOUND('',#5088,.T.);
#5088 = EDGE_LOOP('',(#5089,#5112,#5113,#5114));
#5089 = ORIENTED_EDGE('',*,*,#5090,.T.);
#5090 = EDGE_CURVE('',#5091,#4525,#5093,.T.);
#5091 = VERTEX_POINT('',#5092);
#5092 = CARTESIAN_POINT('',(25.1,22.,20.5));
#5093 = SEAM_CURVE('',#5094,(#5098,#5105),.PCURVE_S1.);
#5094 = LINE('',#5095,#5096);
#5095 = CARTESIAN_POINT('',(25.1,22.,20.5));
#5096 = VECTOR('',#5097,1.);
#5097 = DIRECTION('',(0.,0.,1.));
#5098 = PCURVE('',#4541,#5099);
#5099 = DEFINITIONAL_REPRESENTATION('',(#5100),#5104);
#5100 = LINE('',#5101,#5102);
#5101 = CARTESIAN_POINT('',(-0.,0.));
#5102 = VECTOR('',#5103,1.);
#5103 = DIRECTION('',(-0.,-1.));
#5104 = ( GEOMETRIC_REPRESENTATION_CONTEXT(2) 
PARAMETRIC_REPRESENTATION_CONTEXT() REPRESENTATION_CONTEXT('2D SPACE',''
  ) );
#5105 = PCURVE('',#4541,#5106);
#5106 = DEFINITIONAL_REPRESENTATION('',(#5107),#5111);
#5107 = LINE('',#5108,#5109);
#5108 = CARTESIAN_POINT('',(-6.28318530718,0.));
#5109 = VECTOR('',#5110,1.);
#5110 = DIRECTION('',(-0.,-1.));
#5111 = ( GEOMETRIC_REPRESENTATION_CONTEXT(2) 
PARAMETRIC_REPRESENTATION_CONTEXT() REPRESENTATION_CONTEXT('2D SPACE',''
  ) );
#5112 = ORIENTED_EDGE('',*,*,#4524,.T.);
#5113 = ORIENTED_EDGE('',*,*,#5090,.F.);
#5114 = ORIENTED_EDGE('',*,*,#5115,.F.);
#5115 = EDGE_CURVE('',#5091,#5091,#5116,.T.);
#5116 = SURFACE_CURVE('',#5117,(#5122,#5129),.PCURVE_S1.);
#5117 = CIRCLE('',#5118,2.1);
#5118 = AXIS2_PLACEMENT_3D('',#5119,#5120,#5121);
#5119 = CARTESIAN_POINT('',(23.,22.,20.5));
#5120 = DIRECTION('',(0.,0.,1.));
#5121 = DIRECTION('',(1.,0.,0.));
#5122 = PCURVE('',#4541,#5123);
#5123 = DEFINITIONAL_REPRESENTATION('',(#5124),#5128);
#5124 = LINE('',#5125,#5126);
#5125 = CARTESIAN_POINT('',(-0.,0.));
#5126 = VECTOR('',#5127,1.);
#5127 = DIRECTION('',(-1.,0.));
#5128 = ( GEOMETRIC_REPRESENTATION_CONTEXT(2) 
PARAMETRIC_REPRESENTATION_CONTEXT() REPRESENTATION_CONTEXT('2D SPACE',''
  ) );
#5129 = PCURVE('',#5130,#5135);
#5130 = PLANE('',#5131);
#5131 = AXIS2_PLACEMENT_3D('',#5132,#5133,#5134);
#5132 = CARTESIAN_POINT('',(23.,22.,20.5));
#5133 = DIRECTION('',(0.,0.,1.));
#5134 = DIRECTION('',(1.,0.,-0.));
#5135 = DEFINITIONAL_REPRESENTATION('',(#5136),#5140);
#5136 = CIRCLE('',#5137,2.1);
#5137 = AXIS2_PLACEMENT_2D('',#5138,#5139);
#5138 = CARTESIAN_POINT('',(0.,0.));
#5139 = DIRECTION('',(1.,0.));
#5140 = ( GEOMETRIC_REPRESENTATION_CONTEXT(2) 
PARAMETRIC_REPRESENTATION_CONTEXT() REPRESENTATION_CONTEXT('2D SPACE',''
  ) );
#5141 = ADVANCED_FACE('',(#5142),#4629,.F.);
#5142 = FACE_BOUND('',#5143,.F.);
#5143 = EDGE_LOOP('',(#5144));
#5144 = ORIENTED_EDGE('',*,*,#4614,.T.);
#5145 = ADVANCED_FACE('',(#5146),#4684,.F.);
#5146 = FACE_BOUND('',#5147,.F.);
#5147 = EDGE_LOOP('',(#5148));
#5148 = ORIENTED_EDGE('',*,*,#4669,.T.);
#5149 = ADVANCED_FACE('',(#5150),#4739,.F.);
#5150 = FACE_BOUND('',#5151,.F.);
#5151 = EDGE_LOOP('',(#5152));
#5152 = ORIENTED_EDGE('',*,*,#4724,.T.);
#5153 = ADVANCED_FACE('',(#5154),#4794,.F.);
#5154 = FACE_BOUND('',#5155,.F.);
#5155 = EDGE_LOOP('',(#5156));
#5156 = ORIENTED_EDGE('',*,*,#4779,.T.);
#5157 = ADVANCED_FACE('',(#5158),#4965,.T.);
#5158 = FACE_BOUND('',#5159,.T.);
#5159 = EDGE_LOOP('',(#5160));
#5160 = ORIENTED_EDGE('',*,*,#4950,.T.);
#5161 = ADVANCED_FACE('',(#5162),#5020,.T.);
#5162 = FACE_BOUND('',#5163,.T.);
#5163 = EDGE_LOOP('',(#5164));
#5164 = ORIENTED_EDGE('',*,*,#5005,.T.);
#5165 = ADVANCED_FACE('',(#5166),#5075,.T.);
#5166 = FACE_BOUND('',#5167,.T.);
#5167 = EDGE_LOOP('',(#5168));
#5168 = ORIENTED_EDGE('',*,*,#5060,.T.);
#5169 = ADVANCED_FACE('',(#5170),#5130,.T.);
#5170 = FACE_BOUND('',#5171,.T.);
#5171 = EDGE_LOOP('',(#5172));
#5172 = ORIENTED_EDGE('',*,*,#5115,.T.);
#5173 = ( GEOMETRIC_REPRESENTATION_CONTEXT(3) 
GLOBAL_UNCERTAINTY_ASSIGNED_CONTEXT((#5177)) 
GLOBAL_UNIT_ASSIGNED_CONTEXT((#5174,#5175,#5176)) REPRESENTATION_CONTEXT
('Context #1','3D Context with UNIT and UNCERTAINTY') );
#5174 = ( LENGTH_UNIT() NAMED_UNIT(*) SI_UNIT(.MILLI.,.METRE.) );
#5175 = ( NAMED_UNIT(*) PLANE_ANGLE_UNIT() SI_UNIT($,.RADIAN.) );
#5176 = ( NAMED_UNIT(*) SI_UNIT($,.STERADIAN.) SOLID_ANGLE_UNIT() );
#5177 = UNCERTAINTY_MEASURE_WITH_UNIT(LENGTH_MEASURE(5.E-07),#5174,
  'distance_accuracy_value','confusion accuracy');
#5178 = CONTEXT_DEPENDENT_SHAPE_REPRESENTATION(#5179,#5181);
#5179 = ( REPRESENTATION_RELATIONSHIP('','',#56,#10) 
REPRESENTATION_RELATIONSHIP_WITH_TRANSFORMATION(#5180) 
SHAPE_REPRESENTATION_RELATIONSHIP() );
#5180 = ITEM_DEFINED_TRANSFORMATION('','',#11,#15);
#5181 = PRODUCT_DEFINITION_SHAPE('Placement','Placement of an item',
  #5182);
#5182 = NEXT_ASSEMBLY_USAGE_OCCURRENCE('4','','',#5,#51,$);
#5183 = PRODUCT_RELATED_PRODUCT_CATEGORY('part',$,(#53));
#5184 = SHAPE_DEFINITION_REPRESENTATION(#5185,#5191);
#5185 = PRODUCT_DEFINITION_SHAPE('','',#5186);
#5186 = PRODUCT_DEFINITION('design','',#5187,#5190);
#5187 = PRODUCT_DEFINITION_FORMATION('','',#5188);
#5188 = PRODUCT('Open CASCADE STEP translator 7.9 6.2',
  'Open CASCADE STEP translator 7.9 6.2','',(#5189));
#5189 = PRODUCT_CONTEXT('',#2,'mechanical');
#5190 = PRODUCT_DEFINITION_CONTEXT('part definition',#2,'design');
#5191 = ADVANCED_BREP_SHAPE_REPRESENTATION('',(#11,#5192),#6416);
#5192 = MANIFOLD_SOLID_BREP('',#5193);
#5193 = CLOSED_SHELL('',(#5194,#5375,#5727,#5811,#6113,#6175,#6202,#6265
    ,#6298,#6355,#6362,#6389));
#5194 = ADVANCED_FACE('',(#5195),#5210,.F.);
#5195 = FACE_BOUND('',#5196,.F.);
#5196 = EDGE_LOOP('',(#5197,#5235,#5269,#5297,#5320,#5354));
#5197 = ORIENTED_EDGE('',*,*,#5198,.T.);
#5198 = EDGE_CURVE('',#5199,#5201,#5203,.T.);
#5199 = VERTEX_POINT('',#5200);
#5200 = CARTESIAN_POINT('',(-18.5,2.024404036218E-15,44.234210526316));
#5201 = VERTEX_POINT('',#5202);
#5202 = CARTESIAN_POINT('',(-18.5,-16.38901071468,31.8));
#5203 = SURFACE_CURVE('',#5204,(#5209,#5223),.PCURVE_S1.);
#5204 = ELLIPSE('',#5205,18.234210526316,17.286842105263);
#5205 = AXIS2_PLACEMENT_3D('',#5206,#5207,#5208);
#5206 = CARTESIAN_POINT('',(-18.5,0.,26.));
#5207 = DIRECTION('',(1.,0.,-0.));
#5208 = DIRECTION('',(0.,1.110223024625E-16,1.));
#5209 = PCURVE('',#5210,#5218);
#5210 = SURFACE_OF_LINEAR_EXTRUSION('',#5211,#5216);
#5211 = ELLIPSE('',#5212,18.234210526316,17.286842105263);
#5212 = AXIS2_PLACEMENT_3D('',#5213,#5214,#5215);
#5213 = CARTESIAN_POINT('',(-27.5,0.,26.));
#5214 = DIRECTION('',(1.,0.,-0.));
#5215 = DIRECTION('',(0.,1.110223024625E-16,1.));
#5216 = VECTOR('',#5217,1.);
#5217 = DIRECTION('',(-1.,-0.,-0.));
#5218 = DEFINITIONAL_REPRESENTATION('',(#5219),#5222);
#5219 = B_SPLINE_CURVE_WITH_KNOTS('',1,(#5220,#5221),.UNSPECIFIED.,.F.,
  .F.,(2,2),(0.,1.526908664453),.PIECEWISE_BEZIER_KNOTS.);
#5220 = CARTESIAN_POINT('',(6.28318530718,-9.));
#5221 = CARTESIAN_POINT('',(7.810093971633,-9.));
#5222 = ( GEOMETRIC_REPRESENTATION_CONTEXT(2) 
PARAMETRIC_REPRESENTATION_CONTEXT() REPRESENTATION_CONTEXT('2D SPACE',''
  ) );
#5223 = PCURVE('',#5224,#5229);
#5224 = PLANE('',#5225);
#5225 = AXIS2_PLACEMENT_3D('',#5226,#5227,#5228);
#5226 = CARTESIAN_POINT('',(-18.5,-1.746000824833E-16,26.122357823109));
#5227 = DIRECTION('',(1.,0.,0.));
#5228 = DIRECTION('',(-0.,0.,1.));
#5229 = DEFINITIONAL_REPRESENTATION('',(#5230),#5234);
#5230 = ELLIPSE('',#5231,18.234210526316,17.286842105263);
#5231 = AXIS2_PLACEMENT_2D('',#5232,#5233);
#5232 = CARTESIAN_POINT('',(-0.122357823109,-1.746000824833E-16));
#5233 = DIRECTION('',(1.,-1.110223024625E-16));
#5234 = ( GEOMETRIC_REPRESENTATION_CONTEXT(2) 
PARAMETRIC_REPRESENTATION_CONTEXT() REPRESENTATION_CONTEXT('2D SPACE',''
  ) );
#5235 = ORIENTED_EDGE('',*,*,#5236,.T.);
#5236 = EDGE_CURVE('',#5201,#5237,#5239,.T.);
#5237 = VERTEX_POINT('',#5238);
#5238 = CARTESIAN_POINT('',(-27.5,-16.38901071468,31.8));
#5239 = SURFACE_CURVE('',#5240,(#5246,#5255),.PCURVE_S1.);
#5240 = B_SPLINE_CURVE_WITH_KNOTS('',4,(#5241,#5242,#5243,#5244,#5245),
  .UNSPECIFIED.,.F.,.F.,(5,5),(0.,1.),.PIECEWISE_BEZIER_KNOTS.);
#5241 = CARTESIAN_POINT('',(-18.5,-16.38901071468,31.8));
#5242 = CARTESIAN_POINT('',(-20.74999999977,-16.38901071468,31.8));
#5243 = CARTESIAN_POINT('',(-23.00000000001,-16.38901071468,31.8));
#5244 = CARTESIAN_POINT('',(-25.25000000022,-16.38901071468,31.8));
#5245 = CARTESIAN_POINT('',(-27.5,-16.38901071468,31.8));
#5246 = PCURVE('',#5210,#5247);
#5247 = DEFINITIONAL_REPRESENTATION('',(#5248),#5254);
#5248 = B_SPLINE_CURVE_WITH_KNOTS('',4,(#5249,#5250,#5251,#5252,#5253),
  .UNSPECIFIED.,.F.,.F.,(5,5),(0.,1.),.PIECEWISE_BEZIER_KNOTS.);
#5249 = CARTESIAN_POINT('',(7.530274411806,-8.9999999991));
#5250 = CARTESIAN_POINT('',(7.530274411806,-6.749999999325));
#5251 = CARTESIAN_POINT('',(7.530274411806,-4.500000000019));
#5252 = CARTESIAN_POINT('',(7.530274411806,-2.250000000675));
#5253 = CARTESIAN_POINT('',(7.530274411806,-8.999396783338E-10));
#5254 = ( GEOMETRIC_REPRESENTATION_CONTEXT(2) 
PARAMETRIC_REPRESENTATION_CONTEXT() REPRESENTATION_CONTEXT('2D SPACE',''
  ) );
#5255 = PCURVE('',#5256,#5261);
#5256 = PLANE('',#5257);
#5257 = AXIS2_PLACEMENT_3D('',#5258,#5259,#5260);
#5258 = CARTESIAN_POINT('',(-27.5,-28.5,31.8));
#5259 = DIRECTION('',(0.,0.,1.));
#5260 = DIRECTION('',(1.,0.,0.));
#5261 = DEFINITIONAL_REPRESENTATION('',(#5262),#5268);
#5262 = B_SPLINE_CURVE_WITH_KNOTS('',4,(#5263,#5264,#5265,#5266,#5267),
  .UNSPECIFIED.,.F.,.F.,(5,5),(0.,1.),.PIECEWISE_BEZIER_KNOTS.);
#5263 = CARTESIAN_POINT('',(9.,12.110989285315));
#5264 = CARTESIAN_POINT('',(6.750000000225,12.110989285315));
#5265 = CARTESIAN_POINT('',(4.499999999981,12.110989285315));
#5266 = CARTESIAN_POINT('',(2.249999999775,12.110989285315));
#5267 = CARTESIAN_POINT('',(0.,12.110989285315));
#5268 = ( GEOMETRIC_REPRESENTATION_CONTEXT(2) 
PARAMETRIC_REPRESENTATION_CONTEXT() REPRESENTATION_CONTEXT('2D SPACE',''
  ) );
#5269 = ORIENTED_EDGE('',*,*,#5270,.F.);
#5270 = EDGE_CURVE('',#5271,#5237,#5273,.T.);
#5271 = VERTEX_POINT('',#5272);
#5272 = CARTESIAN_POINT('',(-27.5,2.024404036218E-15,44.234210526316));
#5273 = SURFACE_CURVE('',#5274,(#5279,#5285),.PCURVE_S1.);
#5274 = ELLIPSE('',#5275,18.234210526316,17.286842105263);
#5275 = AXIS2_PLACEMENT_3D('',#5276,#5277,#5278);
#5276 = CARTESIAN_POINT('',(-27.5,0.,26.));
#5277 = DIRECTION('',(1.,0.,-0.));
#5278 = DIRECTION('',(0.,1.110223024625E-16,1.));
#5279 = PCURVE('',#5210,#5280);
#5280 = DEFINITIONAL_REPRESENTATION('',(#5281),#5284);
#5281 = B_SPLINE_CURVE_WITH_KNOTS('',1,(#5282,#5283),.UNSPECIFIED.,.F.,
  .F.,(2,2),(0.,1.526908664453),.PIECEWISE_BEZIER_KNOTS.);
#5282 = CARTESIAN_POINT('',(6.28318530718,0.));
#5283 = CARTESIAN_POINT('',(7.810093971633,0.));
#5284 = ( GEOMETRIC_REPRESENTATION_CONTEXT(2) 
PARAMETRIC_REPRESENTATION_CONTEXT() REPRESENTATION_CONTEXT('2D SPACE',''
  ) );
#5285 = PCURVE('',#5286,#5291);
#5286 = PLANE('',#5287);
#5287 = AXIS2_PLACEMENT_3D('',#5288,#5289,#5290);
#5288 = CARTESIAN_POINT('',(-27.5,-1.746000824833E-16,26.122357823109));
#5289 = DIRECTION('',(1.,0.,0.));
#5290 = DIRECTION('',(-0.,0.,1.));
#5291 = DEFINITIONAL_REPRESENTATION('',(#5292),#5296);
#5292 = ELLIPSE('',#5293,18.234210526316,17.286842105263);
#5293 = AXIS2_PLACEMENT_2D('',#5294,#5295);
#5294 = CARTESIAN_POINT('',(-0.122357823109,-1.746000824833E-16));
#5295 = DIRECTION('',(1.,-1.110223024625E-16));
#5296 = ( GEOMETRIC_REPRESENTATION_CONTEXT(2) 
PARAMETRIC_REPRESENTATION_CONTEXT() REPRESENTATION_CONTEXT('2D SPACE',''
  ) );
#5297 = ORIENTED_EDGE('',*,*,#5298,.F.);
#5298 = EDGE_CURVE('',#5299,#5271,#5301,.T.);
#5299 = VERTEX_POINT('',#5300);
#5300 = CARTESIAN_POINT('',(-27.5,16.389010714685,31.8));
#5301 = SURFACE_CURVE('',#5302,(#5307,#5313),.PCURVE_S1.);
#5302 = ELLIPSE('',#5303,18.234210526316,17.286842105263);
#5303 = AXIS2_PLACEMENT_3D('',#5304,#5305,#5306);
#5304 = CARTESIAN_POINT('',(-27.5,0.,26.));
#5305 = DIRECTION('',(1.,0.,-0.));
#5306 = DIRECTION('',(0.,1.110223024625E-16,1.));
#5307 = PCURVE('',#5210,#5308);
#5308 = DEFINITIONAL_REPRESENTATION('',(#5309),#5312);
#5309 = B_SPLINE_CURVE_WITH_KNOTS('',1,(#5310,#5311),.UNSPECIFIED.,.F.,
  .F.,(2,2),(4.756276642726,6.28318530718),.PIECEWISE_BEZIER_KNOTS.);
#5310 = CARTESIAN_POINT('',(4.756276642726,0.));
#5311 = CARTESIAN_POINT('',(6.28318530718,0.));
#5312 = ( GEOMETRIC_REPRESENTATION_CONTEXT(2) 
PARAMETRIC_REPRESENTATION_CONTEXT() REPRESENTATION_CONTEXT('2D SPACE',''
  ) );
#5313 = PCURVE('',#5286,#5314);
#5314 = DEFINITIONAL_REPRESENTATION('',(#5315),#5319);
#5315 = ELLIPSE('',#5316,18.234210526316,17.286842105263);
#5316 = AXIS2_PLACEMENT_2D('',#5317,#5318);
#5317 = CARTESIAN_POINT('',(-0.122357823109,-1.746000824833E-16));
#5318 = DIRECTION('',(1.,-1.110223024625E-16));
#5319 = ( GEOMETRIC_REPRESENTATION_CONTEXT(2) 
PARAMETRIC_REPRESENTATION_CONTEXT() REPRESENTATION_CONTEXT('2D SPACE',''
  ) );
#5320 = ORIENTED_EDGE('',*,*,#5321,.F.);
#5321 = EDGE_CURVE('',#5322,#5299,#5324,.T.);
#5322 = VERTEX_POINT('',#5323);
#5323 = CARTESIAN_POINT('',(-18.5,16.389010714685,31.8));
#5324 = SURFACE_CURVE('',#5325,(#5331,#5340),.PCURVE_S1.);
#5325 = B_SPLINE_CURVE_WITH_KNOTS('',4,(#5326,#5327,#5328,#5329,#5330),
  .UNSPECIFIED.,.F.,.F.,(5,5),(0.,1.),.PIECEWISE_BEZIER_KNOTS.);
#5326 = CARTESIAN_POINT('',(-18.5,16.389010714685,31.8));
#5327 = CARTESIAN_POINT('',(-20.74999999977,16.389010714685,31.8));
#5328 = CARTESIAN_POINT('',(-23.00000000001,16.389010714685,31.8));
#5329 = CARTESIAN_POINT('',(-25.25000000022,16.389010714685,31.8));
#5330 = CARTESIAN_POINT('',(-27.5,16.389010714685,31.8));
#5331 = PCURVE('',#5210,#5332);
#5332 = DEFINITIONAL_REPRESENTATION('',(#5333),#5339);
#5333 = B_SPLINE_CURVE_WITH_KNOTS('',4,(#5334,#5335,#5336,#5337,#5338),
  .UNSPECIFIED.,.F.,.F.,(5,5),(0.,1.),.PIECEWISE_BEZIER_KNOTS.);
#5334 = CARTESIAN_POINT('',(5.036096202553,-8.9999999991));
#5335 = CARTESIAN_POINT('',(5.036096202553,-6.749999999325));
#5336 = CARTESIAN_POINT('',(5.036096202553,-4.500000000019));
#5337 = CARTESIAN_POINT('',(5.036096202553,-2.250000000675));
#5338 = CARTESIAN_POINT('',(5.036096202553,-8.999396783338E-10));
#5339 = ( GEOMETRIC_REPRESENTATION_CONTEXT(2) 
PARAMETRIC_REPRESENTATION_CONTEXT() REPRESENTATION_CONTEXT('2D SPACE',''
  ) );
#5340 = PCURVE('',#5341,#5346);
#5341 = PLANE('',#5342);
#5342 = AXIS2_PLACEMENT_3D('',#5343,#5344,#5345);
#5343 = CARTESIAN_POINT('',(-27.5,15.5,31.8));
#5344 = DIRECTION('',(0.,0.,1.));
#5345 = DIRECTION('',(1.,0.,0.));
#5346 = DEFINITIONAL_REPRESENTATION('',(#5347),#5353);
#5347 = B_SPLINE_CURVE_WITH_KNOTS('',4,(#5348,#5349,#5350,#5351,#5352),
  .UNSPECIFIED.,.F.,.F.,(5,5),(0.,1.),.PIECEWISE_BEZIER_KNOTS.);
#5348 = CARTESIAN_POINT('',(9.,0.889010714685));
#5349 = CARTESIAN_POINT('',(6.750000000225,0.889010714685));
#5350 = CARTESIAN_POINT('',(4.499999999981,0.889010714685));
#5351 = CARTESIAN_POINT('',(2.249999999775,0.889010714685));
#5352 = CARTESIAN_POINT('',(0.,0.889010714685));
#5353 = ( GEOMETRIC_REPRESENTATION_CONTEXT(2) 
PARAMETRIC_REPRESENTATION_CONTEXT() REPRESENTATION_CONTEXT('2D SPACE',''
  ) );
#5354 = ORIENTED_EDGE('',*,*,#5355,.T.);
#5355 = EDGE_CURVE('',#5322,#5199,#5356,.T.);
#5356 = SURFACE_CURVE('',#5357,(#5362,#5368),.PCURVE_S1.);
#5357 = ELLIPSE('',#5358,18.234210526316,17.286842105263);
#5358 = AXIS2_PLACEMENT_3D('',#5359,#5360,#5361);
#5359 = CARTESIAN_POINT('',(-18.5,0.,26.));
#5360 = DIRECTION('',(1.,0.,-0.));
#5361 = DIRECTION('',(0.,1.110223024625E-16,1.));
#5362 = PCURVE('',#5210,#5363);
#5363 = DEFINITIONAL_REPRESENTATION('',(#5364),#5367);
#5364 = B_SPLINE_CURVE_WITH_KNOTS('',1,(#5365,#5366),.UNSPECIFIED.,.F.,
  .F.,(2,2),(4.756276642726,6.28318530718),.PIECEWISE_BEZIER_KNOTS.);
#5365 = CARTESIAN_POINT('',(4.756276642726,-9.));
#5366 = CARTESIAN_POINT('',(6.28318530718,-9.));
#5367 = ( GEOMETRIC_REPRESENTATION_CONTEXT(2) 
PARAMETRIC_REPRESENTATION_CONTEXT() REPRESENTATION_CONTEXT('2D SPACE',''
  ) );
#5368 = PCURVE('',#5224,#5369);
#5369 = DEFINITIONAL_REPRESENTATION('',(#5370),#5374);
#5370 = ELLIPSE('',#5371,18.234210526316,17.286842105263);
#5371 = AXIS2_PLACEMENT_2D('',#5372,#5373);
#5372 = CARTESIAN_POINT('',(-0.122357823109,-1.746000824833E-16));
#5373 = DIRECTION('',(1.,-1.110223024625E-16));
#5374 = ( GEOMETRIC_REPRESENTATION_CONTEXT(2) 
PARAMETRIC_REPRESENTATION_CONTEXT() REPRESENTATION_CONTEXT('2D SPACE',''
  ) );
#5375 = ADVANCED_FACE('',(#5376),#5224,.T.);
#5376 = FACE_BOUND('',#5377,.T.);
#5377 = EDGE_LOOP('',(#5378,#5408,#5436,#5627,#5655,#5683,#5704,#5705,
    #5706));
#5378 = ORIENTED_EDGE('',*,*,#5379,.F.);
#5379 = EDGE_CURVE('',#5380,#5382,#5384,.T.);
#5380 = VERTEX_POINT('',#5381);
#5381 = CARTESIAN_POINT('',(-18.5,-28.5,26.8));
#5382 = VERTEX_POINT('',#5383);
#5383 = CARTESIAN_POINT('',(-18.5,-28.5,31.8));
#5384 = SURFACE_CURVE('',#5385,(#5389,#5396),.PCURVE_S1.);
#5385 = LINE('',#5386,#5387);
#5386 = CARTESIAN_POINT('',(-18.5,-28.5,26.8));
#5387 = VECTOR('',#5388,1.);
#5388 = DIRECTION('',(0.,0.,1.));
#5389 = PCURVE('',#5224,#5390);
#5390 = DEFINITIONAL_REPRESENTATION('',(#5391),#5395);
#5391 = LINE('',#5392,#5393);
#5392 = CARTESIAN_POINT('',(0.677642176891,28.5));
#5393 = VECTOR('',#5394,1.);
#5394 = DIRECTION('',(1.,0.));
#5395 = ( GEOMETRIC_REPRESENTATION_CONTEXT(2) 
PARAMETRIC_REPRESENTATION_CONTEXT() REPRESENTATION_CONTEXT('2D SPACE',''
  ) );
#5396 = PCURVE('',#5397,#5402);
#5397 = PLANE('',#5398);
#5398 = AXIS2_PLACEMENT_3D('',#5399,#5400,#5401);
#5399 = CARTESIAN_POINT('',(-27.5,-28.5,26.8));
#5400 = DIRECTION('',(0.,1.,0.));
#5401 = DIRECTION('',(0.,0.,1.));
#5402 = DEFINITIONAL_REPRESENTATION('',(#5403),#5407);
#5403 = LINE('',#5404,#5405);
#5404 = CARTESIAN_POINT('',(0.,9.));
#5405 = VECTOR('',#5406,1.);
#5406 = DIRECTION('',(1.,0.));
#5407 = ( GEOMETRIC_REPRESENTATION_CONTEXT(2) 
PARAMETRIC_REPRESENTATION_CONTEXT() REPRESENTATION_CONTEXT('2D SPACE',''
  ) );
#5408 = ORIENTED_EDGE('',*,*,#5409,.T.);
#5409 = EDGE_CURVE('',#5380,#5410,#5412,.T.);
#5410 = VERTEX_POINT('',#5411);
#5411 = CARTESIAN_POINT('',(-18.5,-13.26584070051,26.8));
#5412 = SURFACE_CURVE('',#5413,(#5417,#5424),.PCURVE_S1.);
#5413 = LINE('',#5414,#5415);
#5414 = CARTESIAN_POINT('',(-18.5,-28.5,26.8));
#5415 = VECTOR('',#5416,1.);
#5416 = DIRECTION('',(0.,1.,0.));
#5417 = PCURVE('',#5224,#5418);
#5418 = DEFINITIONAL_REPRESENTATION('',(#5419),#5423);
#5419 = LINE('',#5420,#5421);
#5420 = CARTESIAN_POINT('',(0.677642176891,28.5));
#5421 = VECTOR('',#5422,1.);
#5422 = DIRECTION('',(0.,-1.));
#5423 = ( GEOMETRIC_REPRESENTATION_CONTEXT(2) 
PARAMETRIC_REPRESENTATION_CONTEXT() REPRESENTATION_CONTEXT('2D SPACE',''
  ) );
#5424 = PCURVE('',#5425,#5430);
#5425 = PLANE('',#5426);
#5426 = AXIS2_PLACEMENT_3D('',#5427,#5428,#5429);
#5427 = CARTESIAN_POINT('',(-50.,-50.,26.8));
#5428 = DIRECTION('',(0.,0.,1.));
#5429 = DIRECTION('',(1.,0.,0.));
#5430 = DEFINITIONAL_REPRESENTATION('',(#5431),#5435);
#5431 = LINE('',#5432,#5433);
#5432 = CARTESIAN_POINT('',(31.5,21.5));
#5433 = VECTOR('',#5434,1.);
#5434 = DIRECTION('',(0.,1.));
#5435 = ( GEOMETRIC_REPRESENTATION_CONTEXT(2) 
PARAMETRIC_REPRESENTATION_CONTEXT() REPRESENTATION_CONTEXT('2D SPACE',''
  ) );
#5436 = ORIENTED_EDGE('',*,*,#5437,.T.);
#5437 = EDGE_CURVE('',#5410,#5438,#5440,.T.);
#5438 = VERTEX_POINT('',#5439);
#5439 = CARTESIAN_POINT('',(-18.5,13.265840700511,26.8));
#5440 = SURFACE_CURVE('',#5441,(#5492,#5546),.PCURVE_S1.);
#5441 = B_SPLINE_CURVE_WITH_KNOTS('',7,(#5442,#5443,#5444,#5445,#5446,
    #5447,#5448,#5449,#5450,#5451,#5452,#5453,#5454,#5455,#5456,#5457,
    #5458,#5459,#5460,#5461,#5462,#5463,#5464,#5465,#5466,#5467,#5468,
    #5469,#5470,#5471,#5472,#5473,#5474,#5475,#5476,#5477,#5478,#5479,
    #5480,#5481,#5482,#5483,#5484,#5485,#5486,#5487,#5488,#5489,#5490,
    #5491),.UNSPECIFIED.,.F.,.F.,(8,6,6,6,6,6,6,6,8),(0.,0.345628100968,
    0.521168548236,0.689560054595,1.,1.310439945405,1.478831451765,
    1.654371899033,2.000000000001),.UNSPECIFIED.);
#5442 = CARTESIAN_POINT('',(-18.5,-13.26584070051,26.8));
#5443 = CARTESIAN_POINT('',(-18.5,-13.21189088932,27.826733994388));
#5444 = CARTESIAN_POINT('',(-18.5,-13.07713027783,28.849193887064));
#5445 = CARTESIAN_POINT('',(-18.5,-12.86178255434,29.859815565392));
#5446 = CARTESIAN_POINT('',(-18.5,-12.5665622861,30.850858878361));
#5447 = CARTESIAN_POINT('',(-18.5,-12.19277480292,31.814430705203));
#5448 = CARTESIAN_POINT('',(-18.5,-11.74244168164,32.742523799011));
#5449 = CARTESIAN_POINT('',(-18.5,-10.95232354924,34.076322730756));
#5450 = CARTESIAN_POINT('',(-18.5,-10.66720740093,34.514321278723));
#5451 = CARTESIAN_POINT('',(-18.5,-10.36349673385,34.939994978615));
#5452 = CARTESIAN_POINT('',(-18.5,-10.04164967689,35.352264778579));
#5453 = CARTESIAN_POINT('',(-18.5,-9.702198531412,35.750052332992));
#5454 = CARTESIAN_POINT('',(-18.5,-9.345759162464,36.132287689888));
#5455 = CARTESIAN_POINT('',(-18.5,-8.615500708875,36.848655897083));
#5456 = CARTESIAN_POINT('',(-18.5,-8.242975902108,37.184118793114));
#5457 = CARTESIAN_POINT('',(-18.5,-7.856098451812,37.503368501301));
#5458 = CARTESIAN_POINT('',(-18.5,-7.455574052424,37.80549418132));
#5459 = CARTESIAN_POINT('',(-18.5,-7.042185992109,38.08961719114));
#5460 = CARTESIAN_POINT('',(-18.5,-6.616802767174,38.354901529867));
#5461 = CARTESIAN_POINT('',(-18.5,-5.375833575934,39.053471440485));
#5462 = CARTESIAN_POINT('',(-18.5,-4.533483514763,39.439872698358));
#5463 = CARTESIAN_POINT('',(-18.5,-3.659744009914,39.754576214207));
#5464 = CARTESIAN_POINT('',(-18.5,-2.761636792546,39.993589165815));
#5465 = CARTESIAN_POINT('',(-18.5,-1.846748498123,40.154028699762));
#5466 = CARTESIAN_POINT('',(-18.5,-0.92324874504,40.234210526316));
#5467 = CARTESIAN_POINT('',(-18.5,0.923248745041,40.234210526316));
#5468 = CARTESIAN_POINT('',(-18.5,1.846748498118,40.154028699763));
#5469 = CARTESIAN_POINT('',(-18.5,2.761636792552,39.993589165813));
#5470 = CARTESIAN_POINT('',(-18.5,3.659744009907,39.75457621421));
#5471 = CARTESIAN_POINT('',(-18.5,4.533483514764,39.439872698358));
#5472 = CARTESIAN_POINT('',(-18.5,5.375833575932,39.053471440486));
#5473 = CARTESIAN_POINT('',(-18.5,6.616802767172,38.354901529868));
#5474 = CARTESIAN_POINT('',(-18.5,7.042185992108,38.089617191142));
#5475 = CARTESIAN_POINT('',(-18.5,7.455574052423,37.805494181322));
#5476 = CARTESIAN_POINT('',(-18.5,7.85609845181,37.503368501302));
#5477 = CARTESIAN_POINT('',(-18.5,8.242975902107,37.184118793115));
#5478 = CARTESIAN_POINT('',(-18.5,8.615500708874,36.848655897085));
#5479 = CARTESIAN_POINT('',(-18.5,9.345759162463,36.13228768989));
#5480 = CARTESIAN_POINT('',(-18.5,9.702198531411,35.750052332993));
#5481 = CARTESIAN_POINT('',(-18.5,10.041649676896,35.352264778581));
#5482 = CARTESIAN_POINT('',(-18.5,10.363496733858,34.939994978617));
#5483 = CARTESIAN_POINT('',(-18.5,10.667207400932,34.514321278725));
#5484 = CARTESIAN_POINT('',(-18.5,10.952323549244,34.076322730758));
#5485 = CARTESIAN_POINT('',(-18.5,11.742441681646,32.742523799013));
#5486 = CARTESIAN_POINT('',(-18.5,12.192774802926,31.814430705205));
#5487 = CARTESIAN_POINT('',(-18.5,12.566562286101,30.850858878363));
#5488 = CARTESIAN_POINT('',(-18.5,12.861782554348,29.859815565393));
#5489 = CARTESIAN_POINT('',(-18.5,13.077130277838,28.849193887065));
#5490 = CARTESIAN_POINT('',(-18.5,13.211890889329,27.826733994389));
#5491 = CARTESIAN_POINT('',(-18.5,13.265840700511,26.8));
#5492 = PCURVE('',#5224,#5493);
#5493 = DEFINITIONAL_REPRESENTATION('',(#5494),#5545);
#5494 = B_SPLINE_CURVE_WITH_KNOTS('',7,(#5495,#5496,#5497,#5498,#5499,
    #5500,#5501,#5502,#5503,#5504,#5505,#5506,#5507,#5508,#5509,#5510,
    #5511,#5512,#5513,#5514,#5515,#5516,#5517,#5518,#5519,#5520,#5521,
    #5522,#5523,#5524,#5525,#5526,#5527,#5528,#5529,#5530,#5531,#5532,
    #5533,#5534,#5535,#5536,#5537,#5538,#5539,#5540,#5541,#5542,#5543,
    #5544),.UNSPECIFIED.,.F.,.F.,(8,6,6,6,6,6,6,6,8),(0.,0.345628100968,
    0.521168548236,0.689560054595,1.,1.310439945405,1.478831451765,
    1.654371899033,2.000000000001),.UNSPECIFIED.);
#5495 = CARTESIAN_POINT('',(0.677642176891,13.265840700511));
#5496 = CARTESIAN_POINT('',(1.704376171279,13.211890889329));
#5497 = CARTESIAN_POINT('',(2.726836063955,13.077130277838));
#5498 = CARTESIAN_POINT('',(3.737457742283,12.861782554349));
#5499 = CARTESIAN_POINT('',(4.728501055252,12.566562286101));
#5500 = CARTESIAN_POINT('',(5.692072882094,12.192774802927));
#5501 = CARTESIAN_POINT('',(6.620165975902,11.742441681647));
#5502 = CARTESIAN_POINT('',(7.953964907647,10.952323549245));
#5503 = CARTESIAN_POINT('',(8.391963455614,10.667207400933));
#5504 = CARTESIAN_POINT('',(8.817637155506,10.363496733859));
#5505 = CARTESIAN_POINT('',(9.22990695547,10.041649676897));
#5506 = CARTESIAN_POINT('',(9.627694509883,9.702198531412));
#5507 = CARTESIAN_POINT('',(10.009929866779,9.345759162464));
#5508 = CARTESIAN_POINT('',(10.726298073974,8.615500708875));
#5509 = CARTESIAN_POINT('',(11.061760970005,8.242975902108));
#5510 = CARTESIAN_POINT('',(11.381010678192,7.856098451812));
#5511 = CARTESIAN_POINT('',(11.683136358211,7.455574052424));
#5512 = CARTESIAN_POINT('',(11.967259368031,7.042185992109));
#5513 = CARTESIAN_POINT('',(12.232543706758,6.616802767174));
#5514 = CARTESIAN_POINT('',(12.931113617376,5.375833575934));
#5515 = CARTESIAN_POINT('',(13.317514875249,4.533483514763));
#5516 = CARTESIAN_POINT('',(13.632218391098,3.659744009914));
#5517 = CARTESIAN_POINT('',(13.871231342706,2.761636792546));
#5518 = CARTESIAN_POINT('',(14.031670876653,1.846748498123));
#5519 = CARTESIAN_POINT('',(14.111852703207,0.92324874504));
#5520 = CARTESIAN_POINT('',(14.111852703207,-0.923248745041));
#5521 = CARTESIAN_POINT('',(14.031670876654,-1.846748498118));
#5522 = CARTESIAN_POINT('',(13.871231342705,-2.761636792552));
#5523 = CARTESIAN_POINT('',(13.632218391101,-3.659744009907));
#5524 = CARTESIAN_POINT('',(13.317514875249,-4.533483514764));
#5525 = CARTESIAN_POINT('',(12.931113617377,-5.375833575932));
#5526 = CARTESIAN_POINT('',(12.232543706759,-6.616802767172));
#5527 = CARTESIAN_POINT('',(11.967259368033,-7.042185992108));
#5528 = CARTESIAN_POINT('',(11.683136358213,-7.455574052423));
#5529 = CARTESIAN_POINT('',(11.381010678193,-7.85609845181));
#5530 = CARTESIAN_POINT('',(11.061760970006,-8.242975902107));
#5531 = CARTESIAN_POINT('',(10.726298073976,-8.615500708874));
#5532 = CARTESIAN_POINT('',(10.009929866781,-9.345759162463));
#5533 = CARTESIAN_POINT('',(9.627694509884,-9.702198531411));
#5534 = CARTESIAN_POINT('',(9.229906955472,-10.04164967689));
#5535 = CARTESIAN_POINT('',(8.817637155508,-10.36349673385));
#5536 = CARTESIAN_POINT('',(8.391963455616,-10.66720740093));
#5537 = CARTESIAN_POINT('',(7.953964907649,-10.95232354924));
#5538 = CARTESIAN_POINT('',(6.620165975904,-11.74244168164));
#5539 = CARTESIAN_POINT('',(5.692072882096,-12.19277480292));
#5540 = CARTESIAN_POINT('',(4.728501055254,-12.5665622861));
#5541 = CARTESIAN_POINT('',(3.737457742284,-12.86178255434));
#5542 = CARTESIAN_POINT('',(2.726836063956,-13.07713027783));
#5543 = CARTESIAN_POINT('',(1.70437617128,-13.21189088932));
#5544 = CARTESIAN_POINT('',(0.677642176891,-13.26584070051));
#5545 = ( GEOMETRIC_REPRESENTATION_CONTEXT(2) 
PARAMETRIC_REPRESENTATION_CONTEXT() REPRESENTATION_CONTEXT('2D SPACE',''
  ) );
#5546 = PCURVE('',#5547,#5555);
#5547 = SURFACE_OF_LINEAR_EXTRUSION('',#5548,#5553);
#5548 = ELLIPSE('',#5549,14.234210526316,13.286842105263);
#5549 = AXIS2_PLACEMENT_3D('',#5550,#5551,#5552);
#5550 = CARTESIAN_POINT('',(-28.5,0.,26.));
#5551 = DIRECTION('',(1.,0.,-0.));
#5552 = DIRECTION('',(0.,1.110223024625E-16,1.));
#5553 = VECTOR('',#5554,1.);
#5554 = DIRECTION('',(-1.,-0.,-0.));
#5555 = DEFINITIONAL_REPRESENTATION('',(#5556),#5626);
#5556 = B_SPLINE_CURVE_WITH_KNOTS('',3,(#5557,#5558,#5559,#5560,#5561,
    #5562,#5563,#5564,#5565,#5566,#5567,#5568,#5569,#5570,#5571,#5572,
    #5573,#5574,#5575,#5576,#5577,#5578,#5579,#5580,#5581,#5582,#5583,
    #5584,#5585,#5586,#5587,#5588,#5589,#5590,#5591,#5592,#5593,#5594,
    #5595,#5596,#5597,#5598,#5599,#5600,#5601,#5602,#5603,#5604,#5605,
    #5606,#5607,#5608,#5609,#5610,#5611,#5612,#5613,#5614,#5615,#5616,
    #5617,#5618,#5619,#5620,#5621,#5622,#5623,#5624,#5625),
  .UNSPECIFIED.,.F.,.F.,(4,1,1,1,1,1,1,1,1,1,1,1,1,1,1,1,1,1,1,1,1,1,1,1
    ,1,1,1,1,1,1,1,1,1,1,1,1,1,1,1,1,1,1,1,1,1,1,1,1,1,1,1,1,1,1,1,1,1,1
    ,1,1,1,1,1,1,1,1,4),(0.,3.030303030305E-02,6.060606060609E-02,
    9.090909090914E-02,0.121212121212,0.151515151515,0.181818181818,
    0.212121212121,0.242424242424,0.272727272727,0.30303030303,
    0.333333333334,0.363636363637,0.39393939394,0.424242424243,
    0.454545454546,0.484848484849,0.515151515152,0.545454545455,
    0.575757575758,0.606060606061,0.636363636364,0.666666666667,
    0.69696969697,0.727272727273,0.757575757576,0.787878787879,
    0.818181818182,0.848484848485,0.878787878788,0.909090909091,
    0.939393939394,0.969696969697,1.000000000001,1.030303030304,
    1.060606060607,1.09090909091,1.121212121213,1.151515151516,
    1.181818181819,1.212121212122,1.242424242425,1.272727272728,
    1.303030303031,1.333333333334,1.363636363637,1.39393939394,
    1.424242424243,1.454545454546,1.484848484849,1.515151515152,
    1.545454545455,1.575757575758,1.606060606061,1.636363636364,
    1.666666666668,1.696969696971,1.727272727274,1.757575757577,
    1.78787878788,1.818181818183,1.848484848486,1.878787878789,
    1.909090909092,1.939393939395,1.969696969698,2.000000000001),
  .QUASI_UNIFORM_KNOTS.);
#5557 = CARTESIAN_POINT('',(7.797749378383,-10.));
#5558 = CARTESIAN_POINT('',(7.782969726732,-10.));
#5559 = CARTESIAN_POINT('',(7.753405749248,-10.));
#5560 = CARTESIAN_POINT('',(7.709034604145,-10.));
#5561 = CARTESIAN_POINT('',(7.664626952328,-10.));
#5562 = CARTESIAN_POINT('',(7.62017206624,-10.));
#5563 = CARTESIAN_POINT('',(7.575659546762,-10.));
#5564 = CARTESIAN_POINT('',(7.531079342723,-10.));
#5565 = CARTESIAN_POINT('',(7.486421705799,-10.));
#5566 = CARTESIAN_POINT('',(7.441677173971,-10.));
#5567 = CARTESIAN_POINT('',(7.396836570213,-10.));
#5568 = CARTESIAN_POINT('',(7.351890978674,-10.));
#5569 = CARTESIAN_POINT('',(7.3068318634,-10.));
#5570 = CARTESIAN_POINT('',(7.261650706123,-10.));
#5571 = CARTESIAN_POINT('',(7.216343066854,-10.));
#5572 = CARTESIAN_POINT('',(7.170903218721,-10.));
#5573 = CARTESIAN_POINT('',(7.125326560164,-10.));
#5574 = CARTESIAN_POINT('',(7.079609294281,-10.));
#5575 = CARTESIAN_POINT('',(7.0337487519,-10.));
#5576 = CARTESIAN_POINT('',(6.98774318549,-10.));
#5577 = CARTESIAN_POINT('',(6.941592304996,-10.));
#5578 = CARTESIAN_POINT('',(6.895297522044,-10.));
#5579 = CARTESIAN_POINT('',(6.848861201319,-10.));
#5580 = CARTESIAN_POINT('',(6.802286353678,-10.));
#5581 = CARTESIAN_POINT('',(6.755580094234,-10.));
#5582 = CARTESIAN_POINT('',(6.70874025339,-10.));
#5583 = CARTESIAN_POINT('',(6.661779050162,-10.));
#5584 = CARTESIAN_POINT('',(6.614708990882,-10.));
#5585 = CARTESIAN_POINT('',(6.567541616931,-10.));
#5586 = CARTESIAN_POINT('',(6.520288408294,-10.));
#5587 = CARTESIAN_POINT('',(6.472961131206,-10.));
#5588 = CARTESIAN_POINT('',(6.425572262526,-10.));
#5589 = CARTESIAN_POINT('',(6.378135767158,-10.));
#5590 = CARTESIAN_POINT('',(6.33066660362,-10.));
#5591 = CARTESIAN_POINT('',(6.283185307179,-10.));
#5592 = CARTESIAN_POINT('',(6.235704010738,-10.));
#5593 = CARTESIAN_POINT('',(6.188234847199,-10.));
#5594 = CARTESIAN_POINT('',(6.140798351832,-10.));
#5595 = CARTESIAN_POINT('',(6.093409483151,-10.));
#5596 = CARTESIAN_POINT('',(6.046082206064,-10.));
#5597 = CARTESIAN_POINT('',(5.998828997427,-10.));
#5598 = CARTESIAN_POINT('',(5.951661623476,-10.));
#5599 = CARTESIAN_POINT('',(5.904591564196,-10.));
#5600 = CARTESIAN_POINT('',(5.857630360969,-10.));
#5601 = CARTESIAN_POINT('',(5.810790520124,-10.));
#5602 = CARTESIAN_POINT('',(5.76408426068,-10.));
#5603 = CARTESIAN_POINT('',(5.717509413039,-10.));
#5604 = CARTESIAN_POINT('',(5.671073092314,-10.));
#5605 = CARTESIAN_POINT('',(5.624778309362,-10.));
#5606 = CARTESIAN_POINT('',(5.578627428869,-10.));
#5607 = CARTESIAN_POINT('',(5.532621862458,-10.));
#5608 = CARTESIAN_POINT('',(5.486761320078,-10.));
#5609 = CARTESIAN_POINT('',(5.441044054195,-10.));
#5610 = CARTESIAN_POINT('',(5.395467395638,-10.));
#5611 = CARTESIAN_POINT('',(5.350027547504,-10.));
#5612 = CARTESIAN_POINT('',(5.304719908236,-10.));
#5613 = CARTESIAN_POINT('',(5.259538750958,-10.));
#5614 = CARTESIAN_POINT('',(5.214479635685,-10.));
#5615 = CARTESIAN_POINT('',(5.169534044146,-10.));
#5616 = CARTESIAN_POINT('',(5.124693440388,-10.));
#5617 = CARTESIAN_POINT('',(5.07994890856,-10.));
#5618 = CARTESIAN_POINT('',(5.035291271636,-10.));
#5619 = CARTESIAN_POINT('',(4.990711067597,-10.));
#5620 = CARTESIAN_POINT('',(4.946198548119,-10.));
#5621 = CARTESIAN_POINT('',(4.901743662031,-10.));
#5622 = CARTESIAN_POINT('',(4.857336010214,-10.));
#5623 = CARTESIAN_POINT('',(4.812964865111,-10.));
#5624 = CARTESIAN_POINT('',(4.783400887627,-10.));
#5625 = CARTESIAN_POINT('',(4.768621235976,-10.));
#5626 = ( GEOMETRIC_REPRESENTATION_CONTEXT(2) 
PARAMETRIC_REPRESENTATION_CONTEXT() REPRESENTATION_CONTEXT('2D SPACE',''
  ) );
#5627 = ORIENTED_EDGE('',*,*,#5628,.T.);
#5628 = EDGE_CURVE('',#5438,#5629,#5631,.T.);
#5629 = VERTEX_POINT('',#5630);
#5630 = CARTESIAN_POINT('',(-18.5,28.5,26.8));
#5631 = SURFACE_CURVE('',#5632,(#5636,#5643),.PCURVE_S1.);
#5632 = LINE('',#5633,#5634);
#5633 = CARTESIAN_POINT('',(-18.5,-28.5,26.8));
#5634 = VECTOR('',#5635,1.);
#5635 = DIRECTION('',(0.,1.,0.));
#5636 = PCURVE('',#5224,#5637);
#5637 = DEFINITIONAL_REPRESENTATION('',(#5638),#5642);
#5638 = LINE('',#5639,#5640);
#5639 = CARTESIAN_POINT('',(0.677642176891,28.5));
#5640 = VECTOR('',#5641,1.);
#5641 = DIRECTION('',(0.,-1.));
#5642 = ( GEOMETRIC_REPRESENTATION_CONTEXT(2) 
PARAMETRIC_REPRESENTATION_CONTEXT() REPRESENTATION_CONTEXT('2D SPACE',''
  ) );
#5643 = PCURVE('',#5644,#5649);
#5644 = PLANE('',#5645);
#5645 = AXIS2_PLACEMENT_3D('',#5646,#5647,#5648);
#5646 = CARTESIAN_POINT('',(-50.,-50.,26.8));
#5647 = DIRECTION('',(0.,0.,1.));
#5648 = DIRECTION('',(1.,0.,0.));
#5649 = DEFINITIONAL_REPRESENTATION('',(#5650),#5654);
#5650 = LINE('',#5651,#5652);
#5651 = CARTESIAN_POINT('',(31.5,21.5));
#5652 = VECTOR('',#5653,1.);
#5653 = DIRECTION('',(0.,1.));
#5654 = ( GEOMETRIC_REPRESENTATION_CONTEXT(2) 
PARAMETRIC_REPRESENTATION_CONTEXT() REPRESENTATION_CONTEXT('2D SPACE',''
  ) );
#5655 = ORIENTED_EDGE('',*,*,#5656,.T.);
#5656 = EDGE_CURVE('',#5629,#5657,#5659,.T.);
#5657 = VERTEX_POINT('',#5658);
#5658 = CARTESIAN_POINT('',(-18.5,28.5,31.8));
#5659 = SURFACE_CURVE('',#5660,(#5664,#5671),.PCURVE_S1.);
#5660 = LINE('',#5661,#5662);
#5661 = CARTESIAN_POINT('',(-18.5,28.5,26.8));
#5662 = VECTOR('',#5663,1.);
#5663 = DIRECTION('',(0.,0.,1.));
#5664 = PCURVE('',#5224,#5665);
#5665 = DEFINITIONAL_REPRESENTATION('',(#5666),#5670);
#5666 = LINE('',#5667,#5668);
#5667 = CARTESIAN_POINT('',(0.677642176891,-28.5));
#5668 = VECTOR('',#5669,1.);
#5669 = DIRECTION('',(1.,0.));
#5670 = ( GEOMETRIC_REPRESENTATION_CONTEXT(2) 
PARAMETRIC_REPRESENTATION_CONTEXT() REPRESENTATION_CONTEXT('2D SPACE',''
  ) );
#5671 = PCURVE('',#5672,#5677);
#5672 = PLANE('',#5673);
#5673 = AXIS2_PLACEMENT_3D('',#5674,#5675,#5676);
#5674 = CARTESIAN_POINT('',(-27.5,28.5,26.8));
#5675 = DIRECTION('',(0.,1.,0.));
#5676 = DIRECTION('',(0.,0.,1.));
#5677 = DEFINITIONAL_REPRESENTATION('',(#5678),#5682);
#5678 = LINE('',#5679,#5680);
#5679 = CARTESIAN_POINT('',(0.,9.));
#5680 = VECTOR('',#5681,1.);
#5681 = DIRECTION('',(1.,0.));
#5682 = ( GEOMETRIC_REPRESENTATION_CONTEXT(2) 
PARAMETRIC_REPRESENTATION_CONTEXT() REPRESENTATION_CONTEXT('2D SPACE',''
  ) );
#5683 = ORIENTED_EDGE('',*,*,#5684,.F.);
#5684 = EDGE_CURVE('',#5322,#5657,#5685,.T.);
#5685 = SURFACE_CURVE('',#5686,(#5690,#5697),.PCURVE_S1.);
#5686 = LINE('',#5687,#5688);
#5687 = CARTESIAN_POINT('',(-18.5,15.5,31.8));
#5688 = VECTOR('',#5689,1.);
#5689 = DIRECTION('',(0.,1.,0.));
#5690 = PCURVE('',#5224,#5691);
#5691 = DEFINITIONAL_REPRESENTATION('',(#5692),#5696);
#5692 = LINE('',#5693,#5694);
#5693 = CARTESIAN_POINT('',(5.677642176891,-15.5));
#5694 = VECTOR('',#5695,1.);
#5695 = DIRECTION('',(0.,-1.));
#5696 = ( GEOMETRIC_REPRESENTATION_CONTEXT(2) 
PARAMETRIC_REPRESENTATION_CONTEXT() REPRESENTATION_CONTEXT('2D SPACE',''
  ) );
#5697 = PCURVE('',#5341,#5698);
#5698 = DEFINITIONAL_REPRESENTATION('',(#5699),#5703);
#5699 = LINE('',#5700,#5701);
#5700 = CARTESIAN_POINT('',(9.,0.));
#5701 = VECTOR('',#5702,1.);
#5702 = DIRECTION('',(0.,1.));
#5703 = ( GEOMETRIC_REPRESENTATION_CONTEXT(2) 
PARAMETRIC_REPRESENTATION_CONTEXT() REPRESENTATION_CONTEXT('2D SPACE',''
  ) );
#5704 = ORIENTED_EDGE('',*,*,#5355,.T.);
#5705 = ORIENTED_EDGE('',*,*,#5198,.T.);
#5706 = ORIENTED_EDGE('',*,*,#5707,.F.);
#5707 = EDGE_CURVE('',#5382,#5201,#5708,.T.);
#5708 = SURFACE_CURVE('',#5709,(#5713,#5720),.PCURVE_S1.);
#5709 = LINE('',#5710,#5711);
#5710 = CARTESIAN_POINT('',(-18.5,-28.5,31.8));
#5711 = VECTOR('',#5712,1.);
#5712 = DIRECTION('',(0.,1.,0.));
#5713 = PCURVE('',#5224,#5714);
#5714 = DEFINITIONAL_REPRESENTATION('',(#5715),#5719);
#5715 = LINE('',#5716,#5717);
#5716 = CARTESIAN_POINT('',(5.677642176891,28.5));
#5717 = VECTOR('',#5718,1.);
#5718 = DIRECTION('',(0.,-1.));
#5719 = ( GEOMETRIC_REPRESENTATION_CONTEXT(2) 
PARAMETRIC_REPRESENTATION_CONTEXT() REPRESENTATION_CONTEXT('2D SPACE',''
  ) );
#5720 = PCURVE('',#5256,#5721);
#5721 = DEFINITIONAL_REPRESENTATION('',(#5722),#5726);
#5722 = LINE('',#5723,#5724);
#5723 = CARTESIAN_POINT('',(9.,0.));
#5724 = VECTOR('',#5725,1.);
#5725 = DIRECTION('',(0.,1.));
#5726 = ( GEOMETRIC_REPRESENTATION_CONTEXT(2) 
PARAMETRIC_REPRESENTATION_CONTEXT() REPRESENTATION_CONTEXT('2D SPACE',''
  ) );
#5727 = ADVANCED_FACE('',(#5728,#5776),#5341,.T.);
#5728 = FACE_BOUND('',#5729,.T.);
#5729 = EDGE_LOOP('',(#5730,#5753,#5754,#5755));
#5730 = ORIENTED_EDGE('',*,*,#5731,.F.);
#5731 = EDGE_CURVE('',#5299,#5732,#5734,.T.);
#5732 = VERTEX_POINT('',#5733);
#5733 = CARTESIAN_POINT('',(-27.5,28.5,31.8));
#5734 = SURFACE_CURVE('',#5735,(#5739,#5746),.PCURVE_S1.);
#5735 = LINE('',#5736,#5737);
#5736 = CARTESIAN_POINT('',(-27.5,15.5,31.8));
#5737 = VECTOR('',#5738,1.);
#5738 = DIRECTION('',(0.,1.,0.));
#5739 = PCURVE('',#5341,#5740);
#5740 = DEFINITIONAL_REPRESENTATION('',(#5741),#5745);
#5741 = LINE('',#5742,#5743);
#5742 = CARTESIAN_POINT('',(0.,0.));
#5743 = VECTOR('',#5744,1.);
#5744 = DIRECTION('',(0.,1.));
#5745 = ( GEOMETRIC_REPRESENTATION_CONTEXT(2) 
PARAMETRIC_REPRESENTATION_CONTEXT() REPRESENTATION_CONTEXT('2D SPACE',''
  ) );
#5746 = PCURVE('',#5286,#5747);
#5747 = DEFINITIONAL_REPRESENTATION('',(#5748),#5752);
#5748 = LINE('',#5749,#5750);
#5749 = CARTESIAN_POINT('',(5.677642176891,-15.5));
#5750 = VECTOR('',#5751,1.);
#5751 = DIRECTION('',(0.,-1.));
#5752 = ( GEOMETRIC_REPRESENTATION_CONTEXT(2) 
PARAMETRIC_REPRESENTATION_CONTEXT() REPRESENTATION_CONTEXT('2D SPACE',''
  ) );
#5753 = ORIENTED_EDGE('',*,*,#5321,.F.);
#5754 = ORIENTED_EDGE('',*,*,#5684,.T.);
#5755 = ORIENTED_EDGE('',*,*,#5756,.F.);
#5756 = EDGE_CURVE('',#5732,#5657,#5757,.T.);
#5757 = SURFACE_CURVE('',#5758,(#5762,#5769),.PCURVE_S1.);
#5758 = LINE('',#5759,#5760);
#5759 = CARTESIAN_POINT('',(-27.5,28.5,31.8));
#5760 = VECTOR('',#5761,1.);
#5761 = DIRECTION('',(1.,0.,0.));
#5762 = PCURVE('',#5341,#5763);
#5763 = DEFINITIONAL_REPRESENTATION('',(#5764),#5768);
#5764 = LINE('',#5765,#5766);
#5765 = CARTESIAN_POINT('',(0.,13.));
#5766 = VECTOR('',#5767,1.);
#5767 = DIRECTION('',(1.,0.));
#5768 = ( GEOMETRIC_REPRESENTATION_CONTEXT(2) 
PARAMETRIC_REPRESENTATION_CONTEXT() REPRESENTATION_CONTEXT('2D SPACE',''
  ) );
#5769 = PCURVE('',#5672,#5770);
#5770 = DEFINITIONAL_REPRESENTATION('',(#5771),#5775);
#5771 = LINE('',#5772,#5773);
#5772 = CARTESIAN_POINT('',(5.,0.));
#5773 = VECTOR('',#5774,1.);
#5774 = DIRECTION('',(0.,1.));
#5775 = ( GEOMETRIC_REPRESENTATION_CONTEXT(2) 
PARAMETRIC_REPRESENTATION_CONTEXT() REPRESENTATION_CONTEXT('2D SPACE',''
  ) );
#5776 = FACE_BOUND('',#5777,.T.);
#5777 = EDGE_LOOP('',(#5778));
#5778 = ORIENTED_EDGE('',*,*,#5779,.T.);
#5779 = EDGE_CURVE('',#5780,#5780,#5782,.T.);
#5780 = VERTEX_POINT('',#5781);
#5781 = CARTESIAN_POINT('',(-21.3,22.,31.8));
#5782 = SURFACE_CURVE('',#5783,(#5788,#5799),.PCURVE_S1.);
#5783 = CIRCLE('',#5784,1.7);
#5784 = AXIS2_PLACEMENT_3D('',#5785,#5786,#5787);
#5785 = CARTESIAN_POINT('',(-23.,22.,31.8));
#5786 = DIRECTION('',(0.,0.,-1.));
#5787 = DIRECTION('',(1.,0.,0.));
#5788 = PCURVE('',#5341,#5789);
#5789 = DEFINITIONAL_REPRESENTATION('',(#5790),#5798);
#5790 = ( BOUNDED_CURVE() B_SPLINE_CURVE(2,(#5791,#5792,#5793,#5794,
#5795,#5796,#5797),.UNSPECIFIED.,.T.,.F.) B_SPLINE_CURVE_WITH_KNOTS((1,2
    ,2,2,2,1),(-2.094395102393,0.,2.094395102393,4.188790204786,
6.28318530718,8.377580409573),.UNSPECIFIED.) CURVE() 
GEOMETRIC_REPRESENTATION_ITEM() RATIONAL_B_SPLINE_CURVE((1.,0.5,1.,0.5,
1.,0.5,1.)) REPRESENTATION_ITEM('') );
#5791 = CARTESIAN_POINT('',(6.2,6.5));
#5792 = CARTESIAN_POINT('',(6.2,3.555513627133));
#5793 = CARTESIAN_POINT('',(3.65,5.027756813566));
#5794 = CARTESIAN_POINT('',(1.1,6.5));
#5795 = CARTESIAN_POINT('',(3.65,7.972243186434));
#5796 = CARTESIAN_POINT('',(6.2,9.444486372867));
#5797 = CARTESIAN_POINT('',(6.2,6.5));
#5798 = ( GEOMETRIC_REPRESENTATION_CONTEXT(2) 
PARAMETRIC_REPRESENTATION_CONTEXT() REPRESENTATION_CONTEXT('2D SPACE',''
  ) );
#5799 = PCURVE('',#5800,#5805);
#5800 = CYLINDRICAL_SURFACE('',#5801,1.7);
#5801 = AXIS2_PLACEMENT_3D('',#5802,#5803,#5804);
#5802 = CARTESIAN_POINT('',(-23.,22.,26.));
#5803 = DIRECTION('',(-0.,-0.,-1.));
#5804 = DIRECTION('',(1.,0.,0.));
#5805 = DEFINITIONAL_REPRESENTATION('',(#5806),#5810);
#5806 = LINE('',#5807,#5808);
#5807 = CARTESIAN_POINT('',(-6.28318530718,-5.8));
#5808 = VECTOR('',#5809,1.);
#5809 = DIRECTION('',(1.,-0.));
#5810 = ( GEOMETRIC_REPRESENTATION_CONTEXT(2) 
PARAMETRIC_REPRESENTATION_CONTEXT() REPRESENTATION_CONTEXT('2D SPACE',''
  ) );
#5811 = ADVANCED_FACE('',(#5812),#5286,.F.);
#5812 = FACE_BOUND('',#5813,.F.);
#5813 = EDGE_LOOP('',(#5814,#5839,#5860,#5861,#5862,#5863,#5886,#5909,
    #5932));
#5814 = ORIENTED_EDGE('',*,*,#5815,.F.);
#5815 = EDGE_CURVE('',#5816,#5818,#5820,.T.);
#5816 = VERTEX_POINT('',#5817);
#5817 = CARTESIAN_POINT('',(-27.5,28.5,26.8));
#5818 = VERTEX_POINT('',#5819);
#5819 = CARTESIAN_POINT('',(-27.5,13.265840700511,26.8));
#5820 = SURFACE_CURVE('',#5821,(#5825,#5832),.PCURVE_S1.);
#5821 = LINE('',#5822,#5823);
#5822 = CARTESIAN_POINT('',(-27.5,28.5,26.8));
#5823 = VECTOR('',#5824,1.);
#5824 = DIRECTION('',(0.,-1.,0.));
#5825 = PCURVE('',#5286,#5826);
#5826 = DEFINITIONAL_REPRESENTATION('',(#5827),#5831);
#5827 = LINE('',#5828,#5829);
#5828 = CARTESIAN_POINT('',(0.677642176891,-28.5));
#5829 = VECTOR('',#5830,1.);
#5830 = DIRECTION('',(0.,1.));
#5831 = ( GEOMETRIC_REPRESENTATION_CONTEXT(2) 
PARAMETRIC_REPRESENTATION_CONTEXT() REPRESENTATION_CONTEXT('2D SPACE',''
  ) );
#5832 = PCURVE('',#5644,#5833);
#5833 = DEFINITIONAL_REPRESENTATION('',(#5834),#5838);
#5834 = LINE('',#5835,#5836);
#5835 = CARTESIAN_POINT('',(22.5,78.5));
#5836 = VECTOR('',#5837,1.);
#5837 = DIRECTION('',(0.,-1.));
#5838 = ( GEOMETRIC_REPRESENTATION_CONTEXT(2) 
PARAMETRIC_REPRESENTATION_CONTEXT() REPRESENTATION_CONTEXT('2D SPACE',''
  ) );
#5839 = ORIENTED_EDGE('',*,*,#5840,.T.);
#5840 = EDGE_CURVE('',#5816,#5732,#5841,.T.);
#5841 = SURFACE_CURVE('',#5842,(#5846,#5853),.PCURVE_S1.);
#5842 = LINE('',#5843,#5844);
#5843 = CARTESIAN_POINT('',(-27.5,28.5,26.8));
#5844 = VECTOR('',#5845,1.);
#5845 = DIRECTION('',(0.,0.,1.));
#5846 = PCURVE('',#5286,#5847);
#5847 = DEFINITIONAL_REPRESENTATION('',(#5848),#5852);
#5848 = LINE('',#5849,#5850);
#5849 = CARTESIAN_POINT('',(0.677642176891,-28.5));
#5850 = VECTOR('',#5851,1.);
#5851 = DIRECTION('',(1.,0.));
#5852 = ( GEOMETRIC_REPRESENTATION_CONTEXT(2) 
PARAMETRIC_REPRESENTATION_CONTEXT() REPRESENTATION_CONTEXT('2D SPACE',''
  ) );
#5853 = PCURVE('',#5672,#5854);
#5854 = DEFINITIONAL_REPRESENTATION('',(#5855),#5859);
#5855 = LINE('',#5856,#5857);
#5856 = CARTESIAN_POINT('',(0.,0.));
#5857 = VECTOR('',#5858,1.);
#5858 = DIRECTION('',(1.,0.));
#5859 = ( GEOMETRIC_REPRESENTATION_CONTEXT(2) 
PARAMETRIC_REPRESENTATION_CONTEXT() REPRESENTATION_CONTEXT('2D SPACE',''
  ) );
#5860 = ORIENTED_EDGE('',*,*,#5731,.F.);
#5861 = ORIENTED_EDGE('',*,*,#5298,.T.);
#5862 = ORIENTED_EDGE('',*,*,#5270,.T.);
#5863 = ORIENTED_EDGE('',*,*,#5864,.F.);
#5864 = EDGE_CURVE('',#5865,#5237,#5867,.T.);
#5865 = VERTEX_POINT('',#5866);
#5866 = CARTESIAN_POINT('',(-27.5,-28.5,31.8));
#5867 = SURFACE_CURVE('',#5868,(#5872,#5879),.PCURVE_S1.);
#5868 = LINE('',#5869,#5870);
#5869 = CARTESIAN_POINT('',(-27.5,-28.5,31.8));
#5870 = VECTOR('',#5871,1.);
#5871 = DIRECTION('',(0.,1.,0.));
#5872 = PCURVE('',#5286,#5873);
#5873 = DEFINITIONAL_REPRESENTATION('',(#5874),#5878);
#5874 = LINE('',#5875,#5876);
#5875 = CARTESIAN_POINT('',(5.677642176891,28.5));
#5876 = VECTOR('',#5877,1.);
#5877 = DIRECTION('',(0.,-1.));
#5878 = ( GEOMETRIC_REPRESENTATION_CONTEXT(2) 
PARAMETRIC_REPRESENTATION_CONTEXT() REPRESENTATION_CONTEXT('2D SPACE',''
  ) );
#5879 = PCURVE('',#5256,#5880);
#5880 = DEFINITIONAL_REPRESENTATION('',(#5881),#5885);
#5881 = LINE('',#5882,#5883);
#5882 = CARTESIAN_POINT('',(0.,0.));
#5883 = VECTOR('',#5884,1.);
#5884 = DIRECTION('',(0.,1.));
#5885 = ( GEOMETRIC_REPRESENTATION_CONTEXT(2) 
PARAMETRIC_REPRESENTATION_CONTEXT() REPRESENTATION_CONTEXT('2D SPACE',''
  ) );
#5886 = ORIENTED_EDGE('',*,*,#5887,.F.);
#5887 = EDGE_CURVE('',#5888,#5865,#5890,.T.);
#5888 = VERTEX_POINT('',#5889);
#5889 = CARTESIAN_POINT('',(-27.5,-28.5,26.8));
#5890 = SURFACE_CURVE('',#5891,(#5895,#5902),.PCURVE_S1.);
#5891 = LINE('',#5892,#5893);
#5892 = CARTESIAN_POINT('',(-27.5,-28.5,26.8));
#5893 = VECTOR('',#5894,1.);
#5894 = DIRECTION('',(0.,0.,1.));
#5895 = PCURVE('',#5286,#5896);
#5896 = DEFINITIONAL_REPRESENTATION('',(#5897),#5901);
#5897 = LINE('',#5898,#5899);
#5898 = CARTESIAN_POINT('',(0.677642176891,28.5));
#5899 = VECTOR('',#5900,1.);
#5900 = DIRECTION('',(1.,0.));
#5901 = ( GEOMETRIC_REPRESENTATION_CONTEXT(2) 
PARAMETRIC_REPRESENTATION_CONTEXT() REPRESENTATION_CONTEXT('2D SPACE',''
  ) );
#5902 = PCURVE('',#5397,#5903);
#5903 = DEFINITIONAL_REPRESENTATION('',(#5904),#5908);
#5904 = LINE('',#5905,#5906);
#5905 = CARTESIAN_POINT('',(0.,0.));
#5906 = VECTOR('',#5907,1.);
#5907 = DIRECTION('',(1.,0.));
#5908 = ( GEOMETRIC_REPRESENTATION_CONTEXT(2) 
PARAMETRIC_REPRESENTATION_CONTEXT() REPRESENTATION_CONTEXT('2D SPACE',''
  ) );
#5909 = ORIENTED_EDGE('',*,*,#5910,.F.);
#5910 = EDGE_CURVE('',#5911,#5888,#5913,.T.);
#5911 = VERTEX_POINT('',#5912);
#5912 = CARTESIAN_POINT('',(-27.5,-13.26584070051,26.8));
#5913 = SURFACE_CURVE('',#5914,(#5918,#5925),.PCURVE_S1.);
#5914 = LINE('',#5915,#5916);
#5915 = CARTESIAN_POINT('',(-27.5,28.5,26.8));
#5916 = VECTOR('',#5917,1.);
#5917 = DIRECTION('',(0.,-1.,0.));
#5918 = PCURVE('',#5286,#5919);
#5919 = DEFINITIONAL_REPRESENTATION('',(#5920),#5924);
#5920 = LINE('',#5921,#5922);
#5921 = CARTESIAN_POINT('',(0.677642176891,-28.5));
#5922 = VECTOR('',#5923,1.);
#5923 = DIRECTION('',(0.,1.));
#5924 = ( GEOMETRIC_REPRESENTATION_CONTEXT(2) 
PARAMETRIC_REPRESENTATION_CONTEXT() REPRESENTATION_CONTEXT('2D SPACE',''
  ) );
#5925 = PCURVE('',#5425,#5926);
#5926 = DEFINITIONAL_REPRESENTATION('',(#5927),#5931);
#5927 = LINE('',#5928,#5929);
#5928 = CARTESIAN_POINT('',(22.5,78.5));
#5929 = VECTOR('',#5930,1.);
#5930 = DIRECTION('',(0.,-1.));
#5931 = ( GEOMETRIC_REPRESENTATION_CONTEXT(2) 
PARAMETRIC_REPRESENTATION_CONTEXT() REPRESENTATION_CONTEXT('2D SPACE',''
  ) );
#5932 = ORIENTED_EDGE('',*,*,#5933,.F.);
#5933 = EDGE_CURVE('',#5818,#5911,#5934,.T.);
#5934 = SURFACE_CURVE('',#5935,(#5986,#6040),.PCURVE_S1.);
#5935 = B_SPLINE_CURVE_WITH_KNOTS('',7,(#5936,#5937,#5938,#5939,#5940,
    #5941,#5942,#5943,#5944,#5945,#5946,#5947,#5948,#5949,#5950,#5951,
    #5952,#5953,#5954,#5955,#5956,#5957,#5958,#5959,#5960,#5961,#5962,
    #5963,#5964,#5965,#5966,#5967,#5968,#5969,#5970,#5971,#5972,#5973,
    #5974,#5975,#5976,#5977,#5978,#5979,#5980,#5981,#5982,#5983,#5984,
    #5985),.UNSPECIFIED.,.F.,.F.,(8,6,6,6,6,6,6,6,8),(0.,0.345628100968,
    0.521168548235,0.689560054595,1.,1.310439945404,1.478831451764,
    1.654371899032,1.999999999999),.UNSPECIFIED.);
#5936 = CARTESIAN_POINT('',(-27.5,13.265840700511,26.8));
#5937 = CARTESIAN_POINT('',(-27.5,13.211890889329,27.826733994389));
#5938 = CARTESIAN_POINT('',(-27.5,13.077130277838,28.849193887065));
#5939 = CARTESIAN_POINT('',(-27.5,12.861782554348,29.859815565393));
#5940 = CARTESIAN_POINT('',(-27.5,12.566562286101,30.850858878363));
#5941 = CARTESIAN_POINT('',(-27.5,12.192774802926,31.814430705205));
#5942 = CARTESIAN_POINT('',(-27.5,11.742441681646,32.742523799013));
#5943 = CARTESIAN_POINT('',(-27.5,10.952323549244,34.076322730758));
#5944 = CARTESIAN_POINT('',(-27.5,10.667207400932,34.514321278725));
#5945 = CARTESIAN_POINT('',(-27.5,10.363496733858,34.939994978617));
#5946 = CARTESIAN_POINT('',(-27.5,10.041649676896,35.352264778581));
#5947 = CARTESIAN_POINT('',(-27.5,9.702198531411,35.750052332993));
#5948 = CARTESIAN_POINT('',(-27.5,9.345759162463,36.13228768989));
#5949 = CARTESIAN_POINT('',(-27.5,8.615500708874,36.848655897085));
#5950 = CARTESIAN_POINT('',(-27.5,8.242975902107,37.184118793115));
#5951 = CARTESIAN_POINT('',(-27.5,7.85609845181,37.503368501302));
#5952 = CARTESIAN_POINT('',(-27.5,7.455574052423,37.805494181322));
#5953 = CARTESIAN_POINT('',(-27.5,7.042185992108,38.089617191142));
#5954 = CARTESIAN_POINT('',(-27.5,6.616802767172,38.354901529868));
#5955 = CARTESIAN_POINT('',(-27.5,5.375833575932,39.053471440486));
#5956 = CARTESIAN_POINT('',(-27.5,4.533483514764,39.439872698358));
#5957 = CARTESIAN_POINT('',(-27.5,3.659744009907,39.75457621421));
#5958 = CARTESIAN_POINT('',(-27.5,2.761636792552,39.993589165813));
#5959 = CARTESIAN_POINT('',(-27.5,1.846748498118,40.154028699763));
#5960 = CARTESIAN_POINT('',(-27.5,0.923248745041,40.234210526316));
#5961 = CARTESIAN_POINT('',(-27.5,-0.92324874504,40.234210526316));
#5962 = CARTESIAN_POINT('',(-27.5,-1.846748498123,40.154028699762));
#5963 = CARTESIAN_POINT('',(-27.5,-2.761636792546,39.993589165815));
#5964 = CARTESIAN_POINT('',(-27.5,-3.659744009914,39.754576214207));
#5965 = CARTESIAN_POINT('',(-27.5,-4.533483514763,39.439872698358));
#5966 = CARTESIAN_POINT('',(-27.5,-5.375833575934,39.053471440485));
#5967 = CARTESIAN_POINT('',(-27.5,-6.616802767174,38.354901529867));
#5968 = CARTESIAN_POINT('',(-27.5,-7.042185992109,38.08961719114));
#5969 = CARTESIAN_POINT('',(-27.5,-7.455574052424,37.80549418132));
#5970 = CARTESIAN_POINT('',(-27.5,-7.856098451812,37.503368501301));
#5971 = CARTESIAN_POINT('',(-27.5,-8.242975902108,37.184118793114));
#5972 = CARTESIAN_POINT('',(-27.5,-8.615500708875,36.848655897083));
#5973 = CARTESIAN_POINT('',(-27.5,-9.345759162464,36.132287689888));
#5974 = CARTESIAN_POINT('',(-27.5,-9.702198531412,35.750052332992));
#5975 = CARTESIAN_POINT('',(-27.5,-10.04164967689,35.352264778579));
#5976 = CARTESIAN_POINT('',(-27.5,-10.36349673385,34.939994978615));
#5977 = CARTESIAN_POINT('',(-27.5,-10.66720740093,34.514321278723));
#5978 = CARTESIAN_POINT('',(-27.5,-10.95232354924,34.076322730756));
#5979 = CARTESIAN_POINT('',(-27.5,-11.74244168164,32.742523799011));
#5980 = CARTESIAN_POINT('',(-27.5,-12.19277480292,31.814430705203));
#5981 = CARTESIAN_POINT('',(-27.5,-12.5665622861,30.850858878361));
#5982 = CARTESIAN_POINT('',(-27.5,-12.86178255434,29.859815565392));
#5983 = CARTESIAN_POINT('',(-27.5,-13.07713027783,28.849193887064));
#5984 = CARTESIAN_POINT('',(-27.5,-13.21189088932,27.826733994388));
#5985 = CARTESIAN_POINT('',(-27.5,-13.26584070051,26.8));
#5986 = PCURVE('',#5286,#5987);
#5987 = DEFINITIONAL_REPRESENTATION('',(#5988),#6039);
#5988 = B_SPLINE_CURVE_WITH_KNOTS('',7,(#5989,#5990,#5991,#5992,#5993,
    #5994,#5995,#5996,#5997,#5998,#5999,#6000,#6001,#6002,#6003,#6004,
    #6005,#6006,#6007,#6008,#6009,#6010,#6011,#6012,#6013,#6014,#6015,
    #6016,#6017,#6018,#6019,#6020,#6021,#6022,#6023,#6024,#6025,#6026,
    #6027,#6028,#6029,#6030,#6031,#6032,#6033,#6034,#6035,#6036,#6037,
    #6038),.UNSPECIFIED.,.F.,.F.,(8,6,6,6,6,6,6,6,8),(0.,0.345628100968,
    0.521168548235,0.689560054595,1.,1.310439945404,1.478831451764,
    1.654371899032,1.999999999999),.UNSPECIFIED.);
#5989 = CARTESIAN_POINT('',(0.677642176891,-13.26584070051));
#5990 = CARTESIAN_POINT('',(1.70437617128,-13.21189088932));
#5991 = CARTESIAN_POINT('',(2.726836063956,-13.07713027783));
#5992 = CARTESIAN_POINT('',(3.737457742284,-12.86178255434));
#5993 = CARTESIAN_POINT('',(4.728501055254,-12.5665622861));
#5994 = CARTESIAN_POINT('',(5.692072882096,-12.19277480292));
#5995 = CARTESIAN_POINT('',(6.620165975904,-11.74244168164));
#5996 = CARTESIAN_POINT('',(7.953964907649,-10.95232354924));
#5997 = CARTESIAN_POINT('',(8.391963455616,-10.66720740093));
#5998 = CARTESIAN_POINT('',(8.817637155508,-10.36349673385));
#5999 = CARTESIAN_POINT('',(9.229906955472,-10.04164967689));
#6000 = CARTESIAN_POINT('',(9.627694509884,-9.702198531411));
#6001 = CARTESIAN_POINT('',(10.009929866781,-9.345759162463));
#6002 = CARTESIAN_POINT('',(10.726298073976,-8.615500708874));
#6003 = CARTESIAN_POINT('',(11.061760970006,-8.242975902107));
#6004 = CARTESIAN_POINT('',(11.381010678193,-7.85609845181));
#6005 = CARTESIAN_POINT('',(11.683136358213,-7.455574052423));
#6006 = CARTESIAN_POINT('',(11.967259368033,-7.042185992108));
#6007 = CARTESIAN_POINT('',(12.232543706759,-6.616802767172));
#6008 = CARTESIAN_POINT('',(12.931113617377,-5.375833575932));
#6009 = CARTESIAN_POINT('',(13.317514875249,-4.533483514764));
#6010 = CARTESIAN_POINT('',(13.632218391101,-3.659744009907));
#6011 = CARTESIAN_POINT('',(13.871231342705,-2.761636792552));
#6012 = CARTESIAN_POINT('',(14.031670876654,-1.846748498118));
#6013 = CARTESIAN_POINT('',(14.111852703207,-0.923248745041));
#6014 = CARTESIAN_POINT('',(14.111852703207,0.92324874504));
#6015 = CARTESIAN_POINT('',(14.031670876653,1.846748498123));
#6016 = CARTESIAN_POINT('',(13.871231342706,2.761636792546));
#6017 = CARTESIAN_POINT('',(13.632218391098,3.659744009914));
#6018 = CARTESIAN_POINT('',(13.317514875249,4.533483514763));
#6019 = CARTESIAN_POINT('',(12.931113617376,5.375833575934));
#6020 = CARTESIAN_POINT('',(12.232543706758,6.616802767174));
#6021 = CARTESIAN_POINT('',(11.967259368031,7.042185992109));
#6022 = CARTESIAN_POINT('',(11.683136358211,7.455574052424));
#6023 = CARTESIAN_POINT('',(11.381010678192,7.856098451812));
#6024 = CARTESIAN_POINT('',(11.061760970005,8.242975902108));
#6025 = CARTESIAN_POINT('',(10.726298073974,8.615500708875));
#6026 = CARTESIAN_POINT('',(10.009929866779,9.345759162464));
#6027 = CARTESIAN_POINT('',(9.627694509883,9.702198531412));
#6028 = CARTESIAN_POINT('',(9.22990695547,10.041649676897));
#6029 = CARTESIAN_POINT('',(8.817637155506,10.363496733859));
#6030 = CARTESIAN_POINT('',(8.391963455614,10.667207400933));
#6031 = CARTESIAN_POINT('',(7.953964907647,10.952323549245));
#6032 = CARTESIAN_POINT('',(6.620165975902,11.742441681647));
#6033 = CARTESIAN_POINT('',(5.692072882094,12.192774802927));
#6034 = CARTESIAN_POINT('',(4.728501055252,12.566562286101));
#6035 = CARTESIAN_POINT('',(3.737457742283,12.861782554349));
#6036 = CARTESIAN_POINT('',(2.726836063955,13.077130277838));
#6037 = CARTESIAN_POINT('',(1.704376171279,13.211890889329));
#6038 = CARTESIAN_POINT('',(0.677642176891,13.265840700511));
#6039 = ( GEOMETRIC_REPRESENTATION_CONTEXT(2) 
PARAMETRIC_REPRESENTATION_CONTEXT() REPRESENTATION_CONTEXT('2D SPACE',''
  ) );
#6040 = PCURVE('',#5547,#6041);
#6041 = DEFINITIONAL_REPRESENTATION('',(#6042),#6112);
#6042 = B_SPLINE_CURVE_WITH_KNOTS('',3,(#6043,#6044,#6045,#6046,#6047,
    #6048,#6049,#6050,#6051,#6052,#6053,#6054,#6055,#6056,#6057,#6058,
    #6059,#6060,#6061,#6062,#6063,#6064,#6065,#6066,#6067,#6068,#6069,
    #6070,#6071,#6072,#6073,#6074,#6075,#6076,#6077,#6078,#6079,#6080,
    #6081,#6082,#6083,#6084,#6085,#6086,#6087,#6088,#6089,#6090,#6091,
    #6092,#6093,#6094,#6095,#6096,#6097,#6098,#6099,#6100,#6101,#6102,
    #6103,#6104,#6105,#6106,#6107,#6108,#6109,#6110,#6111),
  .UNSPECIFIED.,.F.,.F.,(4,1,1,1,1,1,1,1,1,1,1,1,1,1,1,1,1,1,1,1,1,1,1,1
    ,1,1,1,1,1,1,1,1,1,1,1,1,1,1,1,1,1,1,1,1,1,1,1,1,1,1,1,1,1,1,1,1,1,1
    ,1,1,1,1,1,1,1,1,4),(0.,3.030303030301E-02,6.060606060603E-02,
    9.090909090904E-02,0.121212121212,0.151515151515,0.181818181818,
    0.212121212121,0.242424242424,0.272727272727,0.30303030303,
    0.333333333333,0.363636363636,0.393939393939,0.424242424242,
    0.454545454545,0.484848484848,0.515151515151,0.545454545454,
    0.575757575757,0.60606060606,0.636363636363,0.666666666666,
    0.696969696969,0.727272727272,0.757575757575,0.787878787878,
    0.818181818181,0.848484848484,0.878787878787,0.90909090909,
    0.939393939393,0.969696969696,0.999999999999,1.030303030303,
    1.060606060606,1.090909090909,1.121212121212,1.151515151515,
    1.181818181818,1.212121212121,1.242424242424,1.272727272727,
    1.30303030303,1.333333333333,1.363636363636,1.393939393939,
    1.424242424242,1.454545454545,1.484848484848,1.515151515151,
    1.545454545454,1.575757575757,1.60606060606,1.636363636363,
    1.666666666666,1.696969696969,1.727272727272,1.757575757575,
    1.787878787878,1.818181818181,1.848484848484,1.878787878787,
    1.90909090909,1.939393939393,1.969696969696,1.999999999999),
  .QUASI_UNIFORM_KNOTS.);
#6043 = CARTESIAN_POINT('',(4.768621235976,-1.));
#6044 = CARTESIAN_POINT('',(4.783400887627,-1.));
#6045 = CARTESIAN_POINT('',(4.812964865111,-1.));
#6046 = CARTESIAN_POINT('',(4.857336010214,-1.));
#6047 = CARTESIAN_POINT('',(4.901743662031,-1.));
#6048 = CARTESIAN_POINT('',(4.946198548119,-1.));
#6049 = CARTESIAN_POINT('',(4.990711067597,-1.));
#6050 = CARTESIAN_POINT('',(5.035291271636,-1.));
#6051 = CARTESIAN_POINT('',(5.07994890856,-1.));
#6052 = CARTESIAN_POINT('',(5.124693440388,-1.));
#6053 = CARTESIAN_POINT('',(5.169534044146,-1.));
#6054 = CARTESIAN_POINT('',(5.214479635685,-1.));
#6055 = CARTESIAN_POINT('',(5.259538750958,-1.));
#6056 = CARTESIAN_POINT('',(5.304719908236,-1.));
#6057 = CARTESIAN_POINT('',(5.350027547504,-1.));
#6058 = CARTESIAN_POINT('',(5.395467395638,-1.));
#6059 = CARTESIAN_POINT('',(5.441044054195,-1.));
#6060 = CARTESIAN_POINT('',(5.486761320078,-1.));
#6061 = CARTESIAN_POINT('',(5.532621862458,-1.));
#6062 = CARTESIAN_POINT('',(5.578627428869,-1.));
#6063 = CARTESIAN_POINT('',(5.624778309362,-1.));
#6064 = CARTESIAN_POINT('',(5.671073092314,-1.));
#6065 = CARTESIAN_POINT('',(5.717509413039,-1.));
#6066 = CARTESIAN_POINT('',(5.76408426068,-1.));
#6067 = CARTESIAN_POINT('',(5.810790520124,-1.));
#6068 = CARTESIAN_POINT('',(5.857630360969,-1.));
#6069 = CARTESIAN_POINT('',(5.904591564196,-1.));
#6070 = CARTESIAN_POINT('',(5.951661623476,-1.));
#6071 = CARTESIAN_POINT('',(5.998828997427,-1.));
#6072 = CARTESIAN_POINT('',(6.046082206064,-1.));
#6073 = CARTESIAN_POINT('',(6.093409483151,-1.));
#6074 = CARTESIAN_POINT('',(6.140798351832,-1.));
#6075 = CARTESIAN_POINT('',(6.188234847199,-1.));
#6076 = CARTESIAN_POINT('',(6.235704010738,-1.));
#6077 = CARTESIAN_POINT('',(6.283185307179,-1.));
#6078 = CARTESIAN_POINT('',(6.33066660362,-1.));
#6079 = CARTESIAN_POINT('',(6.378135767158,-1.));
#6080 = CARTESIAN_POINT('',(6.425572262526,-1.));
#6081 = CARTESIAN_POINT('',(6.472961131206,-1.));
#6082 = CARTESIAN_POINT('',(6.520288408294,-1.));
#6083 = CARTESIAN_POINT('',(6.567541616931,-1.));
#6084 = CARTESIAN_POINT('',(6.614708990882,-1.));
#6085 = CARTESIAN_POINT('',(6.661779050162,-1.));
#6086 = CARTESIAN_POINT('',(6.70874025339,-1.));
#6087 = CARTESIAN_POINT('',(6.755580094234,-1.));
#6088 = CARTESIAN_POINT('',(6.802286353678,-1.));
#6089 = CARTESIAN_POINT('',(6.848861201319,-1.));
#6090 = CARTESIAN_POINT('',(6.895297522044,-1.));
#6091 = CARTESIAN_POINT('',(6.941592304996,-1.));
#6092 = CARTESIAN_POINT('',(6.98774318549,-1.));
#6093 = CARTESIAN_POINT('',(7.0337487519,-1.));
#6094 = CARTESIAN_POINT('',(7.079609294281,-1.));
#6095 = CARTESIAN_POINT('',(7.125326560164,-1.));
#6096 = CARTESIAN_POINT('',(7.170903218721,-1.));
#6097 = CARTESIAN_POINT('',(7.216343066854,-1.));
#6098 = CARTESIAN_POINT('',(7.261650706123,-1.));
#6099 = CARTESIAN_POINT('',(7.3068318634,-1.));
#6100 = CARTESIAN_POINT('',(7.351890978674,-1.));
#6101 = CARTESIAN_POINT('',(7.396836570213,-1.));
#6102 = CARTESIAN_POINT('',(7.441677173971,-1.));
#6103 = CARTESIAN_POINT('',(7.486421705799,-1.));
#6104 = CARTESIAN_POINT('',(7.531079342723,-1.));
#6105 = CARTESIAN_POINT('',(7.575659546762,-1.));
#6106 = CARTESIAN_POINT('',(7.62017206624,-1.));
#6107 = CARTESIAN_POINT('',(7.664626952328,-1.));
#6108 = CARTESIAN_POINT('',(7.709034604145,-1.));
#6109 = CARTESIAN_POINT('',(7.753405749248,-1.));
#6110 = CARTESIAN_POINT('',(7.782969726732,-1.));
#6111 = CARTESIAN_POINT('',(7.797749378383,-1.));
#6112 = ( GEOMETRIC_REPRESENTATION_CONTEXT(2) 
PARAMETRIC_REPRESENTATION_CONTEXT() REPRESENTATION_CONTEXT('2D SPACE',''
  ) );
#6113 = ADVANCED_FACE('',(#6114,#6140),#5256,.T.);
#6114 = FACE_BOUND('',#6115,.T.);
#6115 = EDGE_LOOP('',(#6116,#6117,#6138,#6139));
#6116 = ORIENTED_EDGE('',*,*,#5864,.F.);
#6117 = ORIENTED_EDGE('',*,*,#6118,.T.);
#6118 = EDGE_CURVE('',#5865,#5382,#6119,.T.);
#6119 = SURFACE_CURVE('',#6120,(#6124,#6131),.PCURVE_S1.);
#6120 = LINE('',#6121,#6122);
#6121 = CARTESIAN_POINT('',(-27.5,-28.5,31.8));
#6122 = VECTOR('',#6123,1.);
#6123 = DIRECTION('',(1.,0.,0.));
#6124 = PCURVE('',#5256,#6125);
#6125 = DEFINITIONAL_REPRESENTATION('',(#6126),#6130);
#6126 = LINE('',#6127,#6128);
#6127 = CARTESIAN_POINT('',(0.,0.));
#6128 = VECTOR('',#6129,1.);
#6129 = DIRECTION('',(1.,0.));
#6130 = ( GEOMETRIC_REPRESENTATION_CONTEXT(2) 
PARAMETRIC_REPRESENTATION_CONTEXT() REPRESENTATION_CONTEXT('2D SPACE',''
  ) );
#6131 = PCURVE('',#5397,#6132);
#6132 = DEFINITIONAL_REPRESENTATION('',(#6133),#6137);
#6133 = LINE('',#6134,#6135);
#6134 = CARTESIAN_POINT('',(5.,0.));
#6135 = VECTOR('',#6136,1.);
#6136 = DIRECTION('',(0.,1.));
#6137 = ( GEOMETRIC_REPRESENTATION_CONTEXT(2) 
PARAMETRIC_REPRESENTATION_CONTEXT() REPRESENTATION_CONTEXT('2D SPACE',''
  ) );
#6138 = ORIENTED_EDGE('',*,*,#5707,.T.);
#6139 = ORIENTED_EDGE('',*,*,#5236,.T.);
#6140 = FACE_BOUND('',#6141,.T.);
#6141 = EDGE_LOOP('',(#6142));
#6142 = ORIENTED_EDGE('',*,*,#6143,.T.);
#6143 = EDGE_CURVE('',#6144,#6144,#6146,.T.);
#6144 = VERTEX_POINT('',#6145);
#6145 = CARTESIAN_POINT('',(-21.3,-22.,31.8));
#6146 = SURFACE_CURVE('',#6147,(#6152,#6163),.PCURVE_S1.);
#6147 = CIRCLE('',#6148,1.7);
#6148 = AXIS2_PLACEMENT_3D('',#6149,#6150,#6151);
#6149 = CARTESIAN_POINT('',(-23.,-22.,31.8));
#6150 = DIRECTION('',(0.,0.,-1.));
#6151 = DIRECTION('',(1.,0.,0.));
#6152 = PCURVE('',#5256,#6153);
#6153 = DEFINITIONAL_REPRESENTATION('',(#6154),#6162);
#6154 = ( BOUNDED_CURVE() B_SPLINE_CURVE(2,(#6155,#6156,#6157,#6158,
#6159,#6160,#6161),.UNSPECIFIED.,.T.,.F.) B_SPLINE_CURVE_WITH_KNOTS((1,2
    ,2,2,2,1),(-2.094395102393,0.,2.094395102393,4.188790204786,
6.28318530718,8.377580409573),.UNSPECIFIED.) CURVE() 
GEOMETRIC_REPRESENTATION_ITEM() RATIONAL_B_SPLINE_CURVE((1.,0.5,1.,0.5,
1.,0.5,1.)) REPRESENTATION_ITEM('') );
#6155 = CARTESIAN_POINT('',(6.2,6.5));
#6156 = CARTESIAN_POINT('',(6.2,3.555513627133));
#6157 = CARTESIAN_POINT('',(3.65,5.027756813566));
#6158 = CARTESIAN_POINT('',(1.1,6.5));
#6159 = CARTESIAN_POINT('',(3.65,7.972243186434));
#6160 = CARTESIAN_POINT('',(6.2,9.444486372867));
#6161 = CARTESIAN_POINT('',(6.2,6.5));
#6162 = ( GEOMETRIC_REPRESENTATION_CONTEXT(2) 
PARAMETRIC_REPRESENTATION_CONTEXT() REPRESENTATION_CONTEXT('2D SPACE',''
  ) );
#6163 = PCURVE('',#6164,#6169);
#6164 = CYLINDRICAL_SURFACE('',#6165,1.7);
#6165 = AXIS2_PLACEMENT_3D('',#6166,#6167,#6168);
#6166 = CARTESIAN_POINT('',(-23.,-22.,26.));
#6167 = DIRECTION('',(-0.,-0.,-1.));
#6168 = DIRECTION('',(1.,0.,0.));
#6169 = DEFINITIONAL_REPRESENTATION('',(#6170),#6174);
#6170 = LINE('',#6171,#6172);
#6171 = CARTESIAN_POINT('',(-6.28318530718,-5.8));
#6172 = VECTOR('',#6173,1.);
#6173 = DIRECTION('',(1.,-0.));
#6174 = ( GEOMETRIC_REPRESENTATION_CONTEXT(2) 
PARAMETRIC_REPRESENTATION_CONTEXT() REPRESENTATION_CONTEXT('2D SPACE',''
  ) );
#6175 = ADVANCED_FACE('',(#6176),#5397,.F.);
#6176 = FACE_BOUND('',#6177,.F.);
#6177 = EDGE_LOOP('',(#6178,#6199,#6200,#6201));
#6178 = ORIENTED_EDGE('',*,*,#6179,.F.);
#6179 = EDGE_CURVE('',#5888,#5380,#6180,.T.);
#6180 = SURFACE_CURVE('',#6181,(#6185,#6192),.PCURVE_S1.);
#6181 = LINE('',#6182,#6183);
#6182 = CARTESIAN_POINT('',(-27.5,-28.5,26.8));
#6183 = VECTOR('',#6184,1.);
#6184 = DIRECTION('',(1.,0.,0.));
#6185 = PCURVE('',#5397,#6186);
#6186 = DEFINITIONAL_REPRESENTATION('',(#6187),#6191);
#6187 = LINE('',#6188,#6189);
#6188 = CARTESIAN_POINT('',(0.,0.));
#6189 = VECTOR('',#6190,1.);
#6190 = DIRECTION('',(0.,1.));
#6191 = ( GEOMETRIC_REPRESENTATION_CONTEXT(2) 
PARAMETRIC_REPRESENTATION_CONTEXT() REPRESENTATION_CONTEXT('2D SPACE',''
  ) );
#6192 = PCURVE('',#5425,#6193);
#6193 = DEFINITIONAL_REPRESENTATION('',(#6194),#6198);
#6194 = LINE('',#6195,#6196);
#6195 = CARTESIAN_POINT('',(22.5,21.5));
#6196 = VECTOR('',#6197,1.);
#6197 = DIRECTION('',(1.,0.));
#6198 = ( GEOMETRIC_REPRESENTATION_CONTEXT(2) 
PARAMETRIC_REPRESENTATION_CONTEXT() REPRESENTATION_CONTEXT('2D SPACE',''
  ) );
#6199 = ORIENTED_EDGE('',*,*,#5887,.T.);
#6200 = ORIENTED_EDGE('',*,*,#6118,.T.);
#6201 = ORIENTED_EDGE('',*,*,#5379,.F.);
#6202 = ADVANCED_FACE('',(#6203,#6235),#5425,.F.);
#6203 = FACE_BOUND('',#6204,.F.);
#6204 = EDGE_LOOP('',(#6205,#6206,#6207,#6234));
#6205 = ORIENTED_EDGE('',*,*,#6179,.T.);
#6206 = ORIENTED_EDGE('',*,*,#5409,.T.);
#6207 = ORIENTED_EDGE('',*,*,#6208,.T.);
#6208 = EDGE_CURVE('',#5410,#5911,#6209,.T.);
#6209 = SURFACE_CURVE('',#6210,(#6216,#6225),.PCURVE_S1.);
#6210 = B_SPLINE_CURVE_WITH_KNOTS('',4,(#6211,#6212,#6213,#6214,#6215),
  .UNSPECIFIED.,.F.,.F.,(5,5),(0.,1.),.PIECEWISE_BEZIER_KNOTS.);
#6211 = CARTESIAN_POINT('',(-18.5,-13.26584070051,26.8));
#6212 = CARTESIAN_POINT('',(-20.75,-13.26584070051,26.8));
#6213 = CARTESIAN_POINT('',(-23.,-13.26584070051,26.8));
#6214 = CARTESIAN_POINT('',(-25.25,-13.26584070051,26.8));
#6215 = CARTESIAN_POINT('',(-27.5,-13.26584070051,26.8));
#6216 = PCURVE('',#5425,#6217);
#6217 = DEFINITIONAL_REPRESENTATION('',(#6218),#6224);
#6218 = B_SPLINE_CURVE_WITH_KNOTS('',4,(#6219,#6220,#6221,#6222,#6223),
  .UNSPECIFIED.,.F.,.F.,(5,5),(0.,1.),.PIECEWISE_BEZIER_KNOTS.);
#6219 = CARTESIAN_POINT('',(31.5,36.734159299489));
#6220 = CARTESIAN_POINT('',(29.25,36.734159299489));
#6221 = CARTESIAN_POINT('',(27.,36.734159299489));
#6222 = CARTESIAN_POINT('',(24.75,36.734159299489));
#6223 = CARTESIAN_POINT('',(22.5,36.734159299489));
#6224 = ( GEOMETRIC_REPRESENTATION_CONTEXT(2) 
PARAMETRIC_REPRESENTATION_CONTEXT() REPRESENTATION_CONTEXT('2D SPACE',''
  ) );
#6225 = PCURVE('',#5547,#6226);
#6226 = DEFINITIONAL_REPRESENTATION('',(#6227),#6233);
#6227 = B_SPLINE_CURVE_WITH_KNOTS('',4,(#6228,#6229,#6230,#6231,#6232),
  .UNSPECIFIED.,.F.,.F.,(5,5),(0.,1.),.PIECEWISE_BEZIER_KNOTS.);
#6228 = CARTESIAN_POINT('',(7.797749378383,-10.));
#6229 = CARTESIAN_POINT('',(7.797749378383,-7.75));
#6230 = CARTESIAN_POINT('',(7.797749378383,-5.5));
#6231 = CARTESIAN_POINT('',(7.797749378383,-3.25));
#6232 = CARTESIAN_POINT('',(7.797749378383,-1.));
#6233 = ( GEOMETRIC_REPRESENTATION_CONTEXT(2) 
PARAMETRIC_REPRESENTATION_CONTEXT() REPRESENTATION_CONTEXT('2D SPACE',''
  ) );
#6234 = ORIENTED_EDGE('',*,*,#5910,.T.);
#6235 = FACE_BOUND('',#6236,.F.);
#6236 = EDGE_LOOP('',(#6237));
#6237 = ORIENTED_EDGE('',*,*,#6238,.T.);
#6238 = EDGE_CURVE('',#6239,#6239,#6241,.T.);
#6239 = VERTEX_POINT('',#6240);
#6240 = CARTESIAN_POINT('',(-21.3,-22.,26.8));
#6241 = SURFACE_CURVE('',#6242,(#6247,#6258),.PCURVE_S1.);
#6242 = CIRCLE('',#6243,1.7);
#6243 = AXIS2_PLACEMENT_3D('',#6244,#6245,#6246);
#6244 = CARTESIAN_POINT('',(-23.,-22.,26.8));
#6245 = DIRECTION('',(0.,0.,-1.));
#6246 = DIRECTION('',(1.,0.,0.));
#6247 = PCURVE('',#5425,#6248);
#6248 = DEFINITIONAL_REPRESENTATION('',(#6249),#6257);
#6249 = ( BOUNDED_CURVE() B_SPLINE_CURVE(2,(#6250,#6251,#6252,#6253,
#6254,#6255,#6256),.UNSPECIFIED.,.T.,.F.) B_SPLINE_CURVE_WITH_KNOTS((1,2
    ,2,2,2,1),(-2.094395102393,0.,2.094395102393,4.188790204786,
6.28318530718,8.377580409573),.UNSPECIFIED.) CURVE() 
GEOMETRIC_REPRESENTATION_ITEM() RATIONAL_B_SPLINE_CURVE((1.,0.5,1.,0.5,
1.,0.5,1.)) REPRESENTATION_ITEM('') );
#6250 = CARTESIAN_POINT('',(28.7,28.));
#6251 = CARTESIAN_POINT('',(28.7,25.055513627133));
#6252 = CARTESIAN_POINT('',(26.15,26.527756813566));
#6253 = CARTESIAN_POINT('',(23.6,28.));
#6254 = CARTESIAN_POINT('',(26.15,29.472243186434));
#6255 = CARTESIAN_POINT('',(28.7,30.944486372867));
#6256 = CARTESIAN_POINT('',(28.7,28.));
#6257 = ( GEOMETRIC_REPRESENTATION_CONTEXT(2) 
PARAMETRIC_REPRESENTATION_CONTEXT() REPRESENTATION_CONTEXT('2D SPACE',''
  ) );
#6258 = PCURVE('',#6164,#6259);
#6259 = DEFINITIONAL_REPRESENTATION('',(#6260),#6264);
#6260 = LINE('',#6261,#6262);
#6261 = CARTESIAN_POINT('',(-6.28318530718,-0.8));
#6262 = VECTOR('',#6263,1.);
#6263 = DIRECTION('',(1.,-0.));
#6264 = ( GEOMETRIC_REPRESENTATION_CONTEXT(2) 
PARAMETRIC_REPRESENTATION_CONTEXT() REPRESENTATION_CONTEXT('2D SPACE',''
  ) );
#6265 = ADVANCED_FACE('',(#6266),#5547,.T.);
#6266 = FACE_BOUND('',#6267,.T.);
#6267 = EDGE_LOOP('',(#6268,#6269,#6270,#6271));
#6268 = ORIENTED_EDGE('',*,*,#5437,.F.);
#6269 = ORIENTED_EDGE('',*,*,#6208,.T.);
#6270 = ORIENTED_EDGE('',*,*,#5933,.F.);
#6271 = ORIENTED_EDGE('',*,*,#6272,.F.);
#6272 = EDGE_CURVE('',#5438,#5818,#6273,.T.);
#6273 = SURFACE_CURVE('',#6274,(#6280,#6289),.PCURVE_S1.);
#6274 = B_SPLINE_CURVE_WITH_KNOTS('',4,(#6275,#6276,#6277,#6278,#6279),
  .UNSPECIFIED.,.F.,.F.,(5,5),(0.,1.),.PIECEWISE_BEZIER_KNOTS.);
#6275 = CARTESIAN_POINT('',(-18.5,13.265840700511,26.8));
#6276 = CARTESIAN_POINT('',(-20.75,13.265840700511,26.8));
#6277 = CARTESIAN_POINT('',(-23.,13.265840700511,26.8));
#6278 = CARTESIAN_POINT('',(-25.25,13.265840700511,26.8));
#6279 = CARTESIAN_POINT('',(-27.5,13.265840700511,26.8));
#6280 = PCURVE('',#5547,#6281);
#6281 = DEFINITIONAL_REPRESENTATION('',(#6282),#6288);
#6282 = B_SPLINE_CURVE_WITH_KNOTS('',4,(#6283,#6284,#6285,#6286,#6287),
  .UNSPECIFIED.,.F.,.F.,(5,5),(0.,1.),.PIECEWISE_BEZIER_KNOTS.);
#6283 = CARTESIAN_POINT('',(4.768621235976,-10.));
#6284 = CARTESIAN_POINT('',(4.768621235976,-7.75));
#6285 = CARTESIAN_POINT('',(4.768621235976,-5.5));
#6286 = CARTESIAN_POINT('',(4.768621235976,-3.25));
#6287 = CARTESIAN_POINT('',(4.768621235976,-1.));
#6288 = ( GEOMETRIC_REPRESENTATION_CONTEXT(2) 
PARAMETRIC_REPRESENTATION_CONTEXT() REPRESENTATION_CONTEXT('2D SPACE',''
  ) );
#6289 = PCURVE('',#5644,#6290);
#6290 = DEFINITIONAL_REPRESENTATION('',(#6291),#6297);
#6291 = B_SPLINE_CURVE_WITH_KNOTS('',4,(#6292,#6293,#6294,#6295,#6296),
  .UNSPECIFIED.,.F.,.F.,(5,5),(0.,1.),.PIECEWISE_BEZIER_KNOTS.);
#6292 = CARTESIAN_POINT('',(31.5,63.265840700511));
#6293 = CARTESIAN_POINT('',(29.25,63.265840700511));
#6294 = CARTESIAN_POINT('',(27.,63.265840700511));
#6295 = CARTESIAN_POINT('',(24.75,63.265840700511));
#6296 = CARTESIAN_POINT('',(22.5,63.265840700511));
#6297 = ( GEOMETRIC_REPRESENTATION_CONTEXT(2) 
PARAMETRIC_REPRESENTATION_CONTEXT() REPRESENTATION_CONTEXT('2D SPACE',''
  ) );
#6298 = ADVANCED_FACE('',(#6299,#6325),#5644,.F.);
#6299 = FACE_BOUND('',#6300,.F.);
#6300 = EDGE_LOOP('',(#6301,#6302,#6303,#6324));
#6301 = ORIENTED_EDGE('',*,*,#6272,.F.);
#6302 = ORIENTED_EDGE('',*,*,#5628,.T.);
#6303 = ORIENTED_EDGE('',*,*,#6304,.F.);
#6304 = EDGE_CURVE('',#5816,#5629,#6305,.T.);
#6305 = SURFACE_CURVE('',#6306,(#6310,#6317),.PCURVE_S1.);
#6306 = LINE('',#6307,#6308);
#6307 = CARTESIAN_POINT('',(-27.5,28.5,26.8));
#6308 = VECTOR('',#6309,1.);
#6309 = DIRECTION('',(1.,0.,0.));
#6310 = PCURVE('',#5644,#6311);
#6311 = DEFINITIONAL_REPRESENTATION('',(#6312),#6316);
#6312 = LINE('',#6313,#6314);
#6313 = CARTESIAN_POINT('',(22.5,78.5));
#6314 = VECTOR('',#6315,1.);
#6315 = DIRECTION('',(1.,0.));
#6316 = ( GEOMETRIC_REPRESENTATION_CONTEXT(2) 
PARAMETRIC_REPRESENTATION_CONTEXT() REPRESENTATION_CONTEXT('2D SPACE',''
  ) );
#6317 = PCURVE('',#5672,#6318);
#6318 = DEFINITIONAL_REPRESENTATION('',(#6319),#6323);
#6319 = LINE('',#6320,#6321);
#6320 = CARTESIAN_POINT('',(0.,0.));
#6321 = VECTOR('',#6322,1.);
#6322 = DIRECTION('',(0.,1.));
#6323 = ( GEOMETRIC_REPRESENTATION_CONTEXT(2) 
PARAMETRIC_REPRESENTATION_CONTEXT() REPRESENTATION_CONTEXT('2D SPACE',''
  ) );
#6324 = ORIENTED_EDGE('',*,*,#5815,.T.);
#6325 = FACE_BOUND('',#6326,.F.);
#6326 = EDGE_LOOP('',(#6327));
#6327 = ORIENTED_EDGE('',*,*,#6328,.T.);
#6328 = EDGE_CURVE('',#6329,#6329,#6331,.T.);
#6329 = VERTEX_POINT('',#6330);
#6330 = CARTESIAN_POINT('',(-21.3,22.,26.8));
#6331 = SURFACE_CURVE('',#6332,(#6337,#6348),.PCURVE_S1.);
#6332 = CIRCLE('',#6333,1.7);
#6333 = AXIS2_PLACEMENT_3D('',#6334,#6335,#6336);
#6334 = CARTESIAN_POINT('',(-23.,22.,26.8));
#6335 = DIRECTION('',(0.,0.,-1.));
#6336 = DIRECTION('',(1.,0.,0.));
#6337 = PCURVE('',#5644,#6338);
#6338 = DEFINITIONAL_REPRESENTATION('',(#6339),#6347);
#6339 = ( BOUNDED_CURVE() B_SPLINE_CURVE(2,(#6340,#6341,#6342,#6343,
#6344,#6345,#6346),.UNSPECIFIED.,.T.,.F.) B_SPLINE_CURVE_WITH_KNOTS((1,2
    ,2,2,2,1),(-2.094395102393,0.,2.094395102393,4.188790204786,
6.28318530718,8.377580409573),.UNSPECIFIED.) CURVE() 
GEOMETRIC_REPRESENTATION_ITEM() RATIONAL_B_SPLINE_CURVE((1.,0.5,1.,0.5,
1.,0.5,1.)) REPRESENTATION_ITEM('') );
#6340 = CARTESIAN_POINT('',(28.7,72.));
#6341 = CARTESIAN_POINT('',(28.7,69.055513627133));
#6342 = CARTESIAN_POINT('',(26.15,70.527756813566));
#6343 = CARTESIAN_POINT('',(23.6,72.));
#6344 = CARTESIAN_POINT('',(26.15,73.472243186434));
#6345 = CARTESIAN_POINT('',(28.7,74.944486372867));
#6346 = CARTESIAN_POINT('',(28.7,72.));
#6347 = ( GEOMETRIC_REPRESENTATION_CONTEXT(2) 
PARAMETRIC_REPRESENTATION_CONTEXT() REPRESENTATION_CONTEXT('2D SPACE',''
  ) );
#6348 = PCURVE('',#5800,#6349);
#6349 = DEFINITIONAL_REPRESENTATION('',(#6350),#6354);
#6350 = LINE('',#6351,#6352);
#6351 = CARTESIAN_POINT('',(-6.28318530718,-0.8));
#6352 = VECTOR('',#6353,1.);
#6353 = DIRECTION('',(1.,-0.));
#6354 = ( GEOMETRIC_REPRESENTATION_CONTEXT(2) 
PARAMETRIC_REPRESENTATION_CONTEXT() REPRESENTATION_CONTEXT('2D SPACE',''
  ) );
#6355 = ADVANCED_FACE('',(#6356),#5672,.T.);
#6356 = FACE_BOUND('',#6357,.T.);
#6357 = EDGE_LOOP('',(#6358,#6359,#6360,#6361));
#6358 = ORIENTED_EDGE('',*,*,#6304,.F.);
#6359 = ORIENTED_EDGE('',*,*,#5840,.T.);
#6360 = ORIENTED_EDGE('',*,*,#5756,.T.);
#6361 = ORIENTED_EDGE('',*,*,#5656,.F.);
#6362 = ADVANCED_FACE('',(#6363),#5800,.F.);
#6363 = FACE_BOUND('',#6364,.T.);
#6364 = EDGE_LOOP('',(#6365,#6366,#6387,#6388));
#6365 = ORIENTED_EDGE('',*,*,#6328,.T.);
#6366 = ORIENTED_EDGE('',*,*,#6367,.T.);
#6367 = EDGE_CURVE('',#6329,#5780,#6368,.T.);
#6368 = SEAM_CURVE('',#6369,(#6373,#6380),.PCURVE_S1.);
#6369 = LINE('',#6370,#6371);
#6370 = CARTESIAN_POINT('',(-21.3,22.,26.));
#6371 = VECTOR('',#6372,1.);
#6372 = DIRECTION('',(0.,0.,1.));
#6373 = PCURVE('',#5800,#6374);
#6374 = DEFINITIONAL_REPRESENTATION('',(#6375),#6379);
#6375 = LINE('',#6376,#6377);
#6376 = CARTESIAN_POINT('',(-6.28318530718,0.));
#6377 = VECTOR('',#6378,1.);
#6378 = DIRECTION('',(-0.,-1.));
#6379 = ( GEOMETRIC_REPRESENTATION_CONTEXT(2) 
PARAMETRIC_REPRESENTATION_CONTEXT() REPRESENTATION_CONTEXT('2D SPACE',''
  ) );
#6380 = PCURVE('',#5800,#6381);
#6381 = DEFINITIONAL_REPRESENTATION('',(#6382),#6386);
#6382 = LINE('',#6383,#6384);
#6383 = CARTESIAN_POINT('',(-0.,0.));
#6384 = VECTOR('',#6385,1.);
#6385 = DIRECTION('',(-0.,-1.));
#6386 = ( GEOMETRIC_REPRESENTATION_CONTEXT(2) 
PARAMETRIC_REPRESENTATION_CONTEXT() REPRESENTATION_CONTEXT('2D SPACE',''
  ) );
#6387 = ORIENTED_EDGE('',*,*,#5779,.F.);
#6388 = ORIENTED_EDGE('',*,*,#6367,.F.);
#6389 = ADVANCED_FACE('',(#6390),#6164,.F.);
#6390 = FACE_BOUND('',#6391,.T.);
#6391 = EDGE_LOOP('',(#6392,#6393,#6414,#6415));
#6392 = ORIENTED_EDGE('',*,*,#6238,.T.);
#6393 = ORIENTED_EDGE('',*,*,#6394,.T.);
#6394 = EDGE_CURVE('',#6239,#6144,#6395,.T.);
#6395 = SEAM_CURVE('',#6396,(#6400,#6407),.PCURVE_S1.);
#6396 = LINE('',#6397,#6398);
#6397 = CARTESIAN_POINT('',(-21.3,-22.,26.));
#6398 = VECTOR('',#6399,1.);
#6399 = DIRECTION('',(0.,0.,1.));
#6400 = PCURVE('',#6164,#6401);
#6401 = DEFINITIONAL_REPRESENTATION('',(#6402),#6406);
#6402 = LINE('',#6403,#6404);
#6403 = CARTESIAN_POINT('',(-6.28318530718,0.));
#6404 = VECTOR('',#6405,1.);
#6405 = DIRECTION('',(-0.,-1.));
#6406 = ( GEOMETRIC_REPRESENTATION_CONTEXT(2) 
PARAMETRIC_REPRESENTATION_CONTEXT() REPRESENTATION_CONTEXT('2D SPACE',''
  ) );
#6407 = PCURVE('',#6164,#6408);
#6408 = DEFINITIONAL_REPRESENTATION('',(#6409),#6413);
#6409 = LINE('',#6410,#6411);
#6410 = CARTESIAN_POINT('',(-0.,0.));
#6411 = VECTOR('',#6412,1.);
#6412 = DIRECTION('',(-0.,-1.));
#6413 = ( GEOMETRIC_REPRESENTATION_CONTEXT(2) 
PARAMETRIC_REPRESENTATION_CONTEXT() REPRESENTATION_CONTEXT('2D SPACE',''
  ) );
#6414 = ORIENTED_EDGE('',*,*,#6143,.F.);
#6415 = ORIENTED_EDGE('',*,*,#6394,.F.);
#6416 = ( GEOMETRIC_REPRESENTATION_CONTEXT(3) 
GLOBAL_UNCERTAINTY_ASSIGNED_CONTEXT((#6420)) 
GLOBAL_UNIT_ASSIGNED_CONTEXT((#6417,#6418,#6419)) REPRESENTATION_CONTEXT
('Context #1','3D Context with UNIT and UNCERTAINTY') );
#6417 = ( LENGTH_UNIT() NAMED_UNIT(*) SI_UNIT(.MILLI.,.METRE.) );
#6418 = ( NAMED_UNIT(*) PLANE_ANGLE_UNIT() SI_UNIT($,.RADIAN.) );
#6419 = ( NAMED_UNIT(*) SI_UNIT($,.STERADIAN.) SOLID_ANGLE_UNIT() );
#6420 = UNCERTAINTY_MEASURE_WITH_UNIT(LENGTH_MEASURE(2.E-06),#6417,
  'distance_accuracy_value','confusion accuracy');
#6421 = CONTEXT_DEPENDENT_SHAPE_REPRESENTATION(#6422,#6424);
#6422 = ( REPRESENTATION_RELATIONSHIP('','',#5191,#10) 
REPRESENTATION_RELATIONSHIP_WITH_TRANSFORMATION(#6423) 
SHAPE_REPRESENTATION_RELATIONSHIP() );
#6423 = ITEM_DEFINED_TRANSFORMATION('','',#11,#19);
#6424 = PRODUCT_DEFINITION_SHAPE('Placement','Placement of an item',
  #6425);
#6425 = NEXT_ASSEMBLY_USAGE_OCCURRENCE('5','','',#5,#5186,$);
#6426 = PRODUCT_RELATED_PRODUCT_CATEGORY('part',$,(#5188));
#6427 = SHAPE_DEFINITION_REPRESENTATION(#6428,#6434);
#6428 = PRODUCT_DEFINITION_SHAPE('','',#6429);
#6429 = PRODUCT_DEFINITION('design','',#6430,#6433);
#6430 = PRODUCT_DEFINITION_FORMATION('','',#6431);
#6431 = PRODUCT('Open CASCADE STEP translator 7.9 6.3',
  'Open CASCADE STEP translator 7.9 6.3','',(#6432));
#6432 = PRODUCT_CONTEXT('',#2,'mechanical');
#6433 = PRODUCT_DEFINITION_CONTEXT('part definition',#2,'design');
#6434 = ADVANCED_BREP_SHAPE_REPRESENTATION('',(#11,#6435),#7659);
#6435 = MANIFOLD_SOLID_BREP('',#6436);
#6436 = CLOSED_SHELL('',(#6437,#6618,#6970,#7054,#7356,#7418,#7501,#7508
    ,#7535,#7598,#7605,#7632));
#6437 = ADVANCED_FACE('',(#6438),#6453,.F.);
#6438 = FACE_BOUND('',#6439,.F.);
#6439 = EDGE_LOOP('',(#6440,#6478,#6501,#6535,#6563,#6586));
#6440 = ORIENTED_EDGE('',*,*,#6441,.F.);
#6441 = EDGE_CURVE('',#6442,#6444,#6446,.T.);
#6442 = VERTEX_POINT('',#6443);
#6443 = CARTESIAN_POINT('',(18.5,1.943766784956E-15,43.507894736842));
#6444 = VERTEX_POINT('',#6445);
#6445 = CARTESIAN_POINT('',(18.5,-15.73961687953,31.8));
#6446 = SURFACE_CURVE('',#6447,(#6452,#6466),.PCURVE_S1.);
#6447 = ELLIPSE('',#6448,17.507894736842,16.681578947368);
#6448 = AXIS2_PLACEMENT_3D('',#6449,#6450,#6451);
#6449 = CARTESIAN_POINT('',(18.5,0.,26.));
#6450 = DIRECTION('',(1.,0.,-0.));
#6451 = DIRECTION('',(0.,1.110223024625E-16,1.));
#6452 = PCURVE('',#6453,#6461);
#6453 = SURFACE_OF_LINEAR_EXTRUSION('',#6454,#6459);
#6454 = ELLIPSE('',#6455,17.507894736842,16.681578947368);
#6455 = AXIS2_PLACEMENT_3D('',#6456,#6457,#6458);
#6456 = CARTESIAN_POINT('',(18.5,0.,26.));
#6457 = DIRECTION('',(1.,0.,-0.));
#6458 = DIRECTION('',(0.,1.110223024625E-16,1.));
#6459 = VECTOR('',#6460,1.);
#6460 = DIRECTION('',(-1.,-0.,-0.));
#6461 = DEFINITIONAL_REPRESENTATION('',(#6462),#6465);
#6462 = B_SPLINE_CURVE_WITH_KNOTS('',1,(#6463,#6464),.UNSPECIFIED.,.F.,
  .F.,(2,2),(0.,1.525086739084),.PIECEWISE_BEZIER_KNOTS.);
#6463 = CARTESIAN_POINT('',(6.28318530718,0.));
#6464 = CARTESIAN_POINT('',(7.808272046263,0.));
#6465 = ( GEOMETRIC_REPRESENTATION_CONTEXT(2) 
PARAMETRIC_REPRESENTATION_CONTEXT() REPRESENTATION_CONTEXT('2D SPACE',''
  ) );
#6466 = PCURVE('',#6467,#6472);
#6467 = PLANE('',#6468);
#6468 = AXIS2_PLACEMENT_3D('',#6469,#6470,#6471);
#6469 = CARTESIAN_POINT('',(18.5,-2.625415892908E-16,26.106401974852));
#6470 = DIRECTION('',(1.,0.,0.));
#6471 = DIRECTION('',(-0.,0.,1.));
#6472 = DEFINITIONAL_REPRESENTATION('',(#6473),#6477);
#6473 = ELLIPSE('',#6474,17.507894736842,16.681578947368);
#6474 = AXIS2_PLACEMENT_2D('',#6475,#6476);
#6475 = CARTESIAN_POINT('',(-0.106401974852,-2.625415892908E-16));
#6476 = DIRECTION('',(1.,-1.110223024625E-16));
#6477 = ( GEOMETRIC_REPRESENTATION_CONTEXT(2) 
PARAMETRIC_REPRESENTATION_CONTEXT() REPRESENTATION_CONTEXT('2D SPACE',''
  ) );
#6478 = ORIENTED_EDGE('',*,*,#6479,.F.);
#6479 = EDGE_CURVE('',#6480,#6442,#6482,.T.);
#6480 = VERTEX_POINT('',#6481);
#6481 = CARTESIAN_POINT('',(18.5,15.739616879532,31.8));
#6482 = SURFACE_CURVE('',#6483,(#6488,#6494),.PCURVE_S1.);
#6483 = ELLIPSE('',#6484,17.507894736842,16.681578947368);
#6484 = AXIS2_PLACEMENT_3D('',#6485,#6486,#6487);
#6485 = CARTESIAN_POINT('',(18.5,0.,26.));
#6486 = DIRECTION('',(1.,0.,-0.));
#6487 = DIRECTION('',(0.,1.110223024625E-16,1.));
#6488 = PCURVE('',#6453,#6489);
#6489 = DEFINITIONAL_REPRESENTATION('',(#6490),#6493);
#6490 = B_SPLINE_CURVE_WITH_KNOTS('',1,(#6491,#6492),.UNSPECIFIED.,.F.,
  .F.,(2,2),(4.758098568096,6.28318530718),.PIECEWISE_BEZIER_KNOTS.);
#6491 = CARTESIAN_POINT('',(4.758098568096,0.));
#6492 = CARTESIAN_POINT('',(6.28318530718,0.));
#6493 = ( GEOMETRIC_REPRESENTATION_CONTEXT(2) 
PARAMETRIC_REPRESENTATION_CONTEXT() REPRESENTATION_CONTEXT('2D SPACE',''
  ) );
#6494 = PCURVE('',#6467,#6495);
#6495 = DEFINITIONAL_REPRESENTATION('',(#6496),#6500);
#6496 = ELLIPSE('',#6497,17.507894736842,16.681578947368);
#6497 = AXIS2_PLACEMENT_2D('',#6498,#6499);
#6498 = CARTESIAN_POINT('',(-0.106401974852,-2.625415892908E-16));
#6499 = DIRECTION('',(1.,-1.110223024625E-16));
#6500 = ( GEOMETRIC_REPRESENTATION_CONTEXT(2) 
PARAMETRIC_REPRESENTATION_CONTEXT() REPRESENTATION_CONTEXT('2D SPACE',''
  ) );
#6501 = ORIENTED_EDGE('',*,*,#6502,.F.);
#6502 = EDGE_CURVE('',#6503,#6480,#6505,.T.);
#6503 = VERTEX_POINT('',#6504);
#6504 = CARTESIAN_POINT('',(27.5,15.739616879532,31.8));
#6505 = SURFACE_CURVE('',#6506,(#6512,#6521),.PCURVE_S1.);
#6506 = B_SPLINE_CURVE_WITH_KNOTS('',4,(#6507,#6508,#6509,#6510,#6511),
  .UNSPECIFIED.,.F.,.F.,(5,5),(0.,1.),.PIECEWISE_BEZIER_KNOTS.);
#6507 = CARTESIAN_POINT('',(27.5,15.739616879533,31.8));
#6508 = CARTESIAN_POINT('',(25.250000000225,15.739616879533,31.8));
#6509 = CARTESIAN_POINT('',(22.999999999981,15.739616879533,31.8));
#6510 = CARTESIAN_POINT('',(20.749999999775,15.739616879533,31.8));
#6511 = CARTESIAN_POINT('',(18.5,15.739616879533,31.8));
#6512 = PCURVE('',#6453,#6513);
#6513 = DEFINITIONAL_REPRESENTATION('',(#6514),#6520);
#6514 = B_SPLINE_CURVE_WITH_KNOTS('',4,(#6515,#6516,#6517,#6518,#6519),
  .UNSPECIFIED.,.F.,.F.,(5,5),(0.,1.),.PIECEWISE_BEZIER_KNOTS.);
#6515 = CARTESIAN_POINT('',(5.050047906743,-8.9999999991));
#6516 = CARTESIAN_POINT('',(5.050047906743,-6.749999999325));
#6517 = CARTESIAN_POINT('',(5.050047906743,-4.500000000019));
#6518 = CARTESIAN_POINT('',(5.050047906743,-2.250000000675));
#6519 = CARTESIAN_POINT('',(5.050047906743,-8.999396783338E-10));
#6520 = ( GEOMETRIC_REPRESENTATION_CONTEXT(2) 
PARAMETRIC_REPRESENTATION_CONTEXT() REPRESENTATION_CONTEXT('2D SPACE',''
  ) );
#6521 = PCURVE('',#6522,#6527);
#6522 = PLANE('',#6523);
#6523 = AXIS2_PLACEMENT_3D('',#6524,#6525,#6526);
#6524 = CARTESIAN_POINT('',(18.5,15.5,31.8));
#6525 = DIRECTION('',(0.,0.,1.));
#6526 = DIRECTION('',(1.,0.,0.));
#6527 = DEFINITIONAL_REPRESENTATION('',(#6528),#6534);
#6528 = B_SPLINE_CURVE_WITH_KNOTS('',4,(#6529,#6530,#6531,#6532,#6533),
  .UNSPECIFIED.,.F.,.F.,(5,5),(0.,1.),.PIECEWISE_BEZIER_KNOTS.);
#6529 = CARTESIAN_POINT('',(9.,0.239616879533));
#6530 = CARTESIAN_POINT('',(6.750000000225,0.239616879533));
#6531 = CARTESIAN_POINT('',(4.499999999981,0.239616879533));
#6532 = CARTESIAN_POINT('',(2.249999999775,0.239616879533));
#6533 = CARTESIAN_POINT('',(0.,0.239616879533));
#6534 = ( GEOMETRIC_REPRESENTATION_CONTEXT(2) 
PARAMETRIC_REPRESENTATION_CONTEXT() REPRESENTATION_CONTEXT('2D SPACE',''
  ) );
#6535 = ORIENTED_EDGE('',*,*,#6536,.T.);
#6536 = EDGE_CURVE('',#6503,#6537,#6539,.T.);
#6537 = VERTEX_POINT('',#6538);
#6538 = CARTESIAN_POINT('',(27.5,1.943766784956E-15,43.507894736842));
#6539 = SURFACE_CURVE('',#6540,(#6545,#6551),.PCURVE_S1.);
#6540 = ELLIPSE('',#6541,17.507894736842,16.681578947368);
#6541 = AXIS2_PLACEMENT_3D('',#6542,#6543,#6544);
#6542 = CARTESIAN_POINT('',(27.5,0.,26.));
#6543 = DIRECTION('',(1.,0.,-0.));
#6544 = DIRECTION('',(0.,1.110223024625E-16,1.));
#6545 = PCURVE('',#6453,#6546);
#6546 = DEFINITIONAL_REPRESENTATION('',(#6547),#6550);
#6547 = B_SPLINE_CURVE_WITH_KNOTS('',1,(#6548,#6549),.UNSPECIFIED.,.F.,
  .F.,(2,2),(4.758098568096,6.28318530718),.PIECEWISE_BEZIER_KNOTS.);
#6548 = CARTESIAN_POINT('',(4.758098568096,-9.));
#6549 = CARTESIAN_POINT('',(6.28318530718,-9.));
#6550 = ( GEOMETRIC_REPRESENTATION_CONTEXT(2) 
PARAMETRIC_REPRESENTATION_CONTEXT() REPRESENTATION_CONTEXT('2D SPACE',''
  ) );
#6551 = PCURVE('',#6552,#6557);
#6552 = PLANE('',#6553);
#6553 = AXIS2_PLACEMENT_3D('',#6554,#6555,#6556);
#6554 = CARTESIAN_POINT('',(27.5,-2.625415892908E-16,26.106401974852));
#6555 = DIRECTION('',(1.,0.,0.));
#6556 = DIRECTION('',(-0.,0.,1.));
#6557 = DEFINITIONAL_REPRESENTATION('',(#6558),#6562);
#6558 = ELLIPSE('',#6559,17.507894736842,16.681578947368);
#6559 = AXIS2_PLACEMENT_2D('',#6560,#6561);
#6560 = CARTESIAN_POINT('',(-0.106401974852,-2.625415892908E-16));
#6561 = DIRECTION('',(1.,-1.110223024625E-16));
#6562 = ( GEOMETRIC_REPRESENTATION_CONTEXT(2) 
PARAMETRIC_REPRESENTATION_CONTEXT() REPRESENTATION_CONTEXT('2D SPACE',''
  ) );
#6563 = ORIENTED_EDGE('',*,*,#6564,.T.);
#6564 = EDGE_CURVE('',#6537,#6565,#6567,.T.);
#6565 = VERTEX_POINT('',#6566);
#6566 = CARTESIAN_POINT('',(27.5,-15.73961687953,31.8));
#6567 = SURFACE_CURVE('',#6568,(#6573,#6579),.PCURVE_S1.);
#6568 = ELLIPSE('',#6569,17.507894736842,16.681578947368);
#6569 = AXIS2_PLACEMENT_3D('',#6570,#6571,#6572);
#6570 = CARTESIAN_POINT('',(27.5,0.,26.));
#6571 = DIRECTION('',(1.,0.,-0.));
#6572 = DIRECTION('',(0.,1.110223024625E-16,1.));
#6573 = PCURVE('',#6453,#6574);
#6574 = DEFINITIONAL_REPRESENTATION('',(#6575),#6578);
#6575 = B_SPLINE_CURVE_WITH_KNOTS('',1,(#6576,#6577),.UNSPECIFIED.,.F.,
  .F.,(2,2),(0.,1.525086739084),.PIECEWISE_BEZIER_KNOTS.);
#6576 = CARTESIAN_POINT('',(6.28318530718,-9.));
#6577 = CARTESIAN_POINT('',(7.808272046263,-9.));
#6578 = ( GEOMETRIC_REPRESENTATION_CONTEXT(2) 
PARAMETRIC_REPRESENTATION_CONTEXT() REPRESENTATION_CONTEXT('2D SPACE',''
  ) );
#6579 = PCURVE('',#6552,#6580);
#6580 = DEFINITIONAL_REPRESENTATION('',(#6581),#6585);
#6581 = ELLIPSE('',#6582,17.507894736842,16.681578947368);
#6582 = AXIS2_PLACEMENT_2D('',#6583,#6584);
#6583 = CARTESIAN_POINT('',(-0.106401974852,-2.625415892908E-16));
#6584 = DIRECTION('',(1.,-1.110223024625E-16));
#6585 = ( GEOMETRIC_REPRESENTATION_CONTEXT(2) 
PARAMETRIC_REPRESENTATION_CONTEXT() REPRESENTATION_CONTEXT('2D SPACE',''
  ) );
#6586 = ORIENTED_EDGE('',*,*,#6587,.T.);
#6587 = EDGE_CURVE('',#6565,#6444,#6588,.T.);
#6588 = SURFACE_CURVE('',#6589,(#6595,#6604),.PCURVE_S1.);
#6589 = B_SPLINE_CURVE_WITH_KNOTS('',4,(#6590,#6591,#6592,#6593,#6594),
  .UNSPECIFIED.,.F.,.F.,(5,5),(0.,1.),.PIECEWISE_BEZIER_KNOTS.);
#6590 = CARTESIAN_POINT('',(27.5,-15.73961687953,31.8));
#6591 = CARTESIAN_POINT('',(25.250000000225,-15.73961687953,31.8));
#6592 = CARTESIAN_POINT('',(22.999999999981,-15.73961687953,31.8));
#6593 = CARTESIAN_POINT('',(20.749999999775,-15.73961687953,31.8));
#6594 = CARTESIAN_POINT('',(18.5,-15.73961687953,31.8));
#6595 = PCURVE('',#6453,#6596);
#6596 = DEFINITIONAL_REPRESENTATION('',(#6597),#6603);
#6597 = B_SPLINE_CURVE_WITH_KNOTS('',4,(#6598,#6599,#6600,#6601,#6602),
  .UNSPECIFIED.,.F.,.F.,(5,5),(0.,1.),.PIECEWISE_BEZIER_KNOTS.);
#6598 = CARTESIAN_POINT('',(7.516322707616,-8.9999999991));
#6599 = CARTESIAN_POINT('',(7.516322707616,-6.749999999325));
#6600 = CARTESIAN_POINT('',(7.516322707616,-4.500000000019));
#6601 = CARTESIAN_POINT('',(7.516322707616,-2.250000000675));
#6602 = CARTESIAN_POINT('',(7.516322707616,-8.999396783338E-10));
#6603 = ( GEOMETRIC_REPRESENTATION_CONTEXT(2) 
PARAMETRIC_REPRESENTATION_CONTEXT() REPRESENTATION_CONTEXT('2D SPACE',''
  ) );
#6604 = PCURVE('',#6605,#6610);
#6605 = PLANE('',#6606);
#6606 = AXIS2_PLACEMENT_3D('',#6607,#6608,#6609);
#6607 = CARTESIAN_POINT('',(18.5,-28.5,31.8));
#6608 = DIRECTION('',(0.,0.,1.));
#6609 = DIRECTION('',(1.,0.,0.));
#6610 = DEFINITIONAL_REPRESENTATION('',(#6611),#6617);
#6611 = B_SPLINE_CURVE_WITH_KNOTS('',4,(#6612,#6613,#6614,#6615,#6616),
  .UNSPECIFIED.,.F.,.F.,(5,5),(0.,1.),.PIECEWISE_BEZIER_KNOTS.);
#6612 = CARTESIAN_POINT('',(9.,12.760383120467));
#6613 = CARTESIAN_POINT('',(6.750000000225,12.760383120467));
#6614 = CARTESIAN_POINT('',(4.499999999981,12.760383120467));
#6615 = CARTESIAN_POINT('',(2.249999999775,12.760383120467));
#6616 = CARTESIAN_POINT('',(0.,12.760383120467));
#6617 = ( GEOMETRIC_REPRESENTATION_CONTEXT(2) 
PARAMETRIC_REPRESENTATION_CONTEXT() REPRESENTATION_CONTEXT('2D SPACE',''
  ) );
#6618 = ADVANCED_FACE('',(#6619),#6467,.F.);
#6619 = FACE_BOUND('',#6620,.F.);
#6620 = EDGE_LOOP('',(#6621,#6651,#6679,#6700,#6701,#6702,#6725,#6753,
    #6781));
#6621 = ORIENTED_EDGE('',*,*,#6622,.F.);
#6622 = EDGE_CURVE('',#6623,#6625,#6627,.T.);
#6623 = VERTEX_POINT('',#6624);
#6624 = CARTESIAN_POINT('',(18.5,28.5,26.8));
#6625 = VERTEX_POINT('',#6626);
#6626 = CARTESIAN_POINT('',(18.5,12.659318735032,26.8));
#6627 = SURFACE_CURVE('',#6628,(#6632,#6639),.PCURVE_S1.);
#6628 = LINE('',#6629,#6630);
#6629 = CARTESIAN_POINT('',(18.5,28.5,26.8));
#6630 = VECTOR('',#6631,1.);
#6631 = DIRECTION('',(0.,-1.,0.));
#6632 = PCURVE('',#6467,#6633);
#6633 = DEFINITIONAL_REPRESENTATION('',(#6634),#6638);
#6634 = LINE('',#6635,#6636);
#6635 = CARTESIAN_POINT('',(0.693598025148,-28.5));
#6636 = VECTOR('',#6637,1.);
#6637 = DIRECTION('',(0.,1.));
#6638 = ( GEOMETRIC_REPRESENTATION_CONTEXT(2) 
PARAMETRIC_REPRESENTATION_CONTEXT() REPRESENTATION_CONTEXT('2D SPACE',''
  ) );
#6639 = PCURVE('',#6640,#6645);
#6640 = PLANE('',#6641);
#6641 = AXIS2_PLACEMENT_3D('',#6642,#6643,#6644);
#6642 = CARTESIAN_POINT('',(-50.,-50.,26.8));
#6643 = DIRECTION('',(0.,0.,1.));
#6644 = DIRECTION('',(1.,0.,0.));
#6645 = DEFINITIONAL_REPRESENTATION('',(#6646),#6650);
#6646 = LINE('',#6647,#6648);
#6647 = CARTESIAN_POINT('',(68.5,78.5));
#6648 = VECTOR('',#6649,1.);
#6649 = DIRECTION('',(0.,-1.));
#6650 = ( GEOMETRIC_REPRESENTATION_CONTEXT(2) 
PARAMETRIC_REPRESENTATION_CONTEXT() REPRESENTATION_CONTEXT('2D SPACE',''
  ) );
#6651 = ORIENTED_EDGE('',*,*,#6652,.T.);
#6652 = EDGE_CURVE('',#6623,#6653,#6655,.T.);
#6653 = VERTEX_POINT('',#6654);
#6654 = CARTESIAN_POINT('',(18.5,28.5,31.8));
#6655 = SURFACE_CURVE('',#6656,(#6660,#6667),.PCURVE_S1.);
#6656 = LINE('',#6657,#6658);
#6657 = CARTESIAN_POINT('',(18.5,28.5,26.8));
#6658 = VECTOR('',#6659,1.);
#6659 = DIRECTION('',(0.,0.,1.));
#6660 = PCURVE('',#6467,#6661);
#6661 = DEFINITIONAL_REPRESENTATION('',(#6662),#6666);
#6662 = LINE('',#6663,#6664);
#6663 = CARTESIAN_POINT('',(0.693598025148,-28.5));
#6664 = VECTOR('',#6665,1.);
#6665 = DIRECTION('',(1.,0.));
#6666 = ( GEOMETRIC_REPRESENTATION_CONTEXT(2) 
PARAMETRIC_REPRESENTATION_CONTEXT() REPRESENTATION_CONTEXT('2D SPACE',''
  ) );
#6667 = PCURVE('',#6668,#6673);
#6668 = PLANE('',#6669);
#6669 = AXIS2_PLACEMENT_3D('',#6670,#6671,#6672);
#6670 = CARTESIAN_POINT('',(18.5,28.5,26.8));
#6671 = DIRECTION('',(0.,1.,0.));
#6672 = DIRECTION('',(0.,0.,1.));
#6673 = DEFINITIONAL_REPRESENTATION('',(#6674),#6678);
#6674 = LINE('',#6675,#6676);
#6675 = CARTESIAN_POINT('',(0.,0.));
#6676 = VECTOR('',#6677,1.);
#6677 = DIRECTION('',(1.,0.));
#6678 = ( GEOMETRIC_REPRESENTATION_CONTEXT(2) 
PARAMETRIC_REPRESENTATION_CONTEXT() REPRESENTATION_CONTEXT('2D SPACE',''
  ) );
#6679 = ORIENTED_EDGE('',*,*,#6680,.F.);
#6680 = EDGE_CURVE('',#6480,#6653,#6681,.T.);
#6681 = SURFACE_CURVE('',#6682,(#6686,#6693),.PCURVE_S1.);
#6682 = LINE('',#6683,#6684);
#6683 = CARTESIAN_POINT('',(18.5,15.5,31.8));
#6684 = VECTOR('',#6685,1.);
#6685 = DIRECTION('',(0.,1.,0.));
#6686 = PCURVE('',#6467,#6687);
#6687 = DEFINITIONAL_REPRESENTATION('',(#6688),#6692);
#6688 = LINE('',#6689,#6690);
#6689 = CARTESIAN_POINT('',(5.693598025148,-15.5));
#6690 = VECTOR('',#6691,1.);
#6691 = DIRECTION('',(0.,-1.));
#6692 = ( GEOMETRIC_REPRESENTATION_CONTEXT(2) 
PARAMETRIC_REPRESENTATION_CONTEXT() REPRESENTATION_CONTEXT('2D SPACE',''
  ) );
#6693 = PCURVE('',#6522,#6694);
#6694 = DEFINITIONAL_REPRESENTATION('',(#6695),#6699);
#6695 = LINE('',#6696,#6697);
#6696 = CARTESIAN_POINT('',(0.,0.));
#6697 = VECTOR('',#6698,1.);
#6698 = DIRECTION('',(0.,1.));
#6699 = ( GEOMETRIC_REPRESENTATION_CONTEXT(2) 
PARAMETRIC_REPRESENTATION_CONTEXT() REPRESENTATION_CONTEXT('2D SPACE',''
  ) );
#6700 = ORIENTED_EDGE('',*,*,#6479,.T.);
#6701 = ORIENTED_EDGE('',*,*,#6441,.T.);
#6702 = ORIENTED_EDGE('',*,*,#6703,.F.);
#6703 = EDGE_CURVE('',#6704,#6444,#6706,.T.);
#6704 = VERTEX_POINT('',#6705);
#6705 = CARTESIAN_POINT('',(18.5,-28.5,31.8));
#6706 = SURFACE_CURVE('',#6707,(#6711,#6718),.PCURVE_S1.);
#6707 = LINE('',#6708,#6709);
#6708 = CARTESIAN_POINT('',(18.5,-28.5,31.8));
#6709 = VECTOR('',#6710,1.);
#6710 = DIRECTION('',(0.,1.,0.));
#6711 = PCURVE('',#6467,#6712);
#6712 = DEFINITIONAL_REPRESENTATION('',(#6713),#6717);
#6713 = LINE('',#6714,#6715);
#6714 = CARTESIAN_POINT('',(5.693598025148,28.5));
#6715 = VECTOR('',#6716,1.);
#6716 = DIRECTION('',(0.,-1.));
#6717 = ( GEOMETRIC_REPRESENTATION_CONTEXT(2) 
PARAMETRIC_REPRESENTATION_CONTEXT() REPRESENTATION_CONTEXT('2D SPACE',''
  ) );
#6718 = PCURVE('',#6605,#6719);
#6719 = DEFINITIONAL_REPRESENTATION('',(#6720),#6724);
#6720 = LINE('',#6721,#6722);
#6721 = CARTESIAN_POINT('',(0.,0.));
#6722 = VECTOR('',#6723,1.);
#6723 = DIRECTION('',(0.,1.));
#6724 = ( GEOMETRIC_REPRESENTATION_CONTEXT(2) 
PARAMETRIC_REPRESENTATION_CONTEXT() REPRESENTATION_CONTEXT('2D SPACE',''
  ) );
#6725 = ORIENTED_EDGE('',*,*,#6726,.F.);
#6726 = EDGE_CURVE('',#6727,#6704,#6729,.T.);
#6727 = VERTEX_POINT('',#6728);
#6728 = CARTESIAN_POINT('',(18.5,-28.5,26.8));
#6729 = SURFACE_CURVE('',#6730,(#6734,#6741),.PCURVE_S1.);
#6730 = LINE('',#6731,#6732);
#6731 = CARTESIAN_POINT('',(18.5,-28.5,26.8));
#6732 = VECTOR('',#6733,1.);
#6733 = DIRECTION('',(0.,0.,1.));
#6734 = PCURVE('',#6467,#6735);
#6735 = DEFINITIONAL_REPRESENTATION('',(#6736),#6740);
#6736 = LINE('',#6737,#6738);
#6737 = CARTESIAN_POINT('',(0.693598025148,28.5));
#6738 = VECTOR('',#6739,1.);
#6739 = DIRECTION('',(1.,0.));
#6740 = ( GEOMETRIC_REPRESENTATION_CONTEXT(2) 
PARAMETRIC_REPRESENTATION_CONTEXT() REPRESENTATION_CONTEXT('2D SPACE',''
  ) );
#6741 = PCURVE('',#6742,#6747);
#6742 = PLANE('',#6743);
#6743 = AXIS2_PLACEMENT_3D('',#6744,#6745,#6746);
#6744 = CARTESIAN_POINT('',(18.5,-28.5,26.8));
#6745 = DIRECTION('',(0.,1.,0.));
#6746 = DIRECTION('',(0.,0.,1.));
#6747 = DEFINITIONAL_REPRESENTATION('',(#6748),#6752);
#6748 = LINE('',#6749,#6750);
#6749 = CARTESIAN_POINT('',(0.,0.));
#6750 = VECTOR('',#6751,1.);
#6751 = DIRECTION('',(1.,0.));
#6752 = ( GEOMETRIC_REPRESENTATION_CONTEXT(2) 
PARAMETRIC_REPRESENTATION_CONTEXT() REPRESENTATION_CONTEXT('2D SPACE',''
  ) );
#6753 = ORIENTED_EDGE('',*,*,#6754,.F.);
#6754 = EDGE_CURVE('',#6755,#6727,#6757,.T.);
#6755 = VERTEX_POINT('',#6756);
#6756 = CARTESIAN_POINT('',(18.5,-12.65931873503,26.8));
#6757 = SURFACE_CURVE('',#6758,(#6762,#6769),.PCURVE_S1.);
#6758 = LINE('',#6759,#6760);
#6759 = CARTESIAN_POINT('',(18.5,28.5,26.8));
#6760 = VECTOR('',#6761,1.);
#6761 = DIRECTION('',(0.,-1.,0.));
#6762 = PCURVE('',#6467,#6763);
#6763 = DEFINITIONAL_REPRESENTATION('',(#6764),#6768);
#6764 = LINE('',#6765,#6766);
#6765 = CARTESIAN_POINT('',(0.693598025148,-28.5));
#6766 = VECTOR('',#6767,1.);
#6767 = DIRECTION('',(0.,1.));
#6768 = ( GEOMETRIC_REPRESENTATION_CONTEXT(2) 
PARAMETRIC_REPRESENTATION_CONTEXT() REPRESENTATION_CONTEXT('2D SPACE',''
  ) );
#6769 = PCURVE('',#6770,#6775);
#6770 = PLANE('',#6771);
#6771 = AXIS2_PLACEMENT_3D('',#6772,#6773,#6774);
#6772 = CARTESIAN_POINT('',(-50.,-50.,26.8));
#6773 = DIRECTION('',(0.,0.,1.));
#6774 = DIRECTION('',(1.,0.,0.));
#6775 = DEFINITIONAL_REPRESENTATION('',(#6776),#6780);
#6776 = LINE('',#6777,#6778);
#6777 = CARTESIAN_POINT('',(68.5,78.5));
#6778 = VECTOR('',#6779,1.);
#6779 = DIRECTION('',(0.,-1.));
#6780 = ( GEOMETRIC_REPRESENTATION_CONTEXT(2) 
PARAMETRIC_REPRESENTATION_CONTEXT() REPRESENTATION_CONTEXT('2D SPACE',''
  ) );
#6781 = ORIENTED_EDGE('',*,*,#6782,.F.);
#6782 = EDGE_CURVE('',#6625,#6755,#6783,.T.);
#6783 = SURFACE_CURVE('',#6784,(#6835,#6889),.PCURVE_S1.);
#6784 = B_SPLINE_CURVE_WITH_KNOTS('',7,(#6785,#6786,#6787,#6788,#6789,
    #6790,#6791,#6792,#6793,#6794,#6795,#6796,#6797,#6798,#6799,#6800,
    #6801,#6802,#6803,#6804,#6805,#6806,#6807,#6808,#6809,#6810,#6811,
    #6812,#6813,#6814,#6815,#6816,#6817,#6818,#6819,#6820,#6821,#6822,
    #6823,#6824,#6825,#6826,#6827,#6828,#6829,#6830,#6831,#6832,#6833,
    #6834),.UNSPECIFIED.,.F.,.F.,(8,6,6,6,6,6,6,6,8),(0.,0.339268537252,
    0.515126365107,0.684070212938,1.,1.315929787062,1.484873634892,
    1.660731462747,2.),.UNSPECIFIED.);
#6785 = CARTESIAN_POINT('',(18.5,12.659318735032,26.8));
#6786 = CARTESIAN_POINT('',(18.5,12.606014485543,27.756997617361));
#6787 = CARTESIAN_POINT('',(18.5,12.478288042415,28.709836642301));
#6788 = CARTESIAN_POINT('',(18.5,12.276368662387,29.651608554742));
#6789 = CARTESIAN_POINT('',(18.5,12.00096765597,30.575284418486));
#6790 = CARTESIAN_POINT('',(18.5,11.653346592262,31.473730606434));
#6791 = CARTESIAN_POINT('',(18.5,11.235420300511,32.339741510232));
#6792 = CARTESIAN_POINT('',(18.5,10.498225345568,33.594421660884));
#6793 = CARTESIAN_POINT('',(18.5,10.228401698808,34.01208312032));
#6794 = CARTESIAN_POINT('',(18.5,9.940812048135,34.418055136863));
#6795 = CARTESIAN_POINT('',(18.5,9.635906137378,34.811316822739));
#6796 = CARTESIAN_POINT('',(18.5,9.314203363356,35.190851601668));
#6797 = CARTESIAN_POINT('',(18.5,8.976301005056,35.555653932358));
#6798 = CARTESIAN_POINT('',(18.5,8.28335881122,36.240093711793));
#6799 = CARTESIAN_POINT('',(18.5,7.929510320825,36.560947509418));
#6800 = CARTESIAN_POINT('',(18.5,7.561949392246,36.86641699389));
#6801 = CARTESIAN_POINT('',(18.5,7.181354275813,37.155646356102));
#6802 = CARTESIAN_POINT('',(18.5,6.788475498618,37.427813554904));
#6803 = CARTESIAN_POINT('',(18.5,6.384142301596,37.682139463181));
#6804 = CARTESIAN_POINT('',(18.5,5.193444379115,38.358770320412));
#6805 = CARTESIAN_POINT('',(18.5,4.38047315776,38.734874861645));
#6806 = CARTESIAN_POINT('',(18.5,3.536683734418,39.041157251475));
#6807 = CARTESIAN_POINT('',(18.5,2.668996735925,39.273750898301));
#6808 = CARTESIAN_POINT('',(18.5,1.784869999043,39.429871153108));
#6809 = CARTESIAN_POINT('',(18.5,0.892314784638,39.507894736842));
#6810 = CARTESIAN_POINT('',(18.5,-0.892314784637,39.507894736842));
#6811 = CARTESIAN_POINT('',(18.5,-1.784869999049,39.429871153106));
#6812 = CARTESIAN_POINT('',(18.5,-2.668996735916,39.273750898305));
#6813 = CARTESIAN_POINT('',(18.5,-3.536683734429,39.041157251469));
#6814 = CARTESIAN_POINT('',(18.5,-4.380473157755,38.734874861648));
#6815 = CARTESIAN_POINT('',(18.5,-5.193444379118,38.35877032041));
#6816 = CARTESIAN_POINT('',(18.5,-6.384142301598,37.68213946318));
#6817 = CARTESIAN_POINT('',(18.5,-6.78847549862,37.427813554903));
#6818 = CARTESIAN_POINT('',(18.5,-7.181354275814,37.155646356101));
#6819 = CARTESIAN_POINT('',(18.5,-7.561949392248,36.866416993889));
#6820 = CARTESIAN_POINT('',(18.5,-7.929510320826,36.560947509417));
#6821 = CARTESIAN_POINT('',(18.5,-8.283358811222,36.240093711791));
#6822 = CARTESIAN_POINT('',(18.5,-8.976301005058,35.555653932356));
#6823 = CARTESIAN_POINT('',(18.5,-9.314203363358,35.190851601666));
#6824 = CARTESIAN_POINT('',(18.5,-9.635906137379,34.811316822737));
#6825 = CARTESIAN_POINT('',(18.5,-9.940812048137,34.418055136861));
#6826 = CARTESIAN_POINT('',(18.5,-10.22840169881,34.012083120318));
#6827 = CARTESIAN_POINT('',(18.5,-10.49822534556,33.594421660882));
#6828 = CARTESIAN_POINT('',(18.5,-11.23542030051,32.33974151023));
#6829 = CARTESIAN_POINT('',(18.5,-11.65334659226,31.473730606432));
#6830 = CARTESIAN_POINT('',(18.5,-12.00096765597,30.575284418485));
#6831 = CARTESIAN_POINT('',(18.5,-12.27636866238,29.651608554741));
#6832 = CARTESIAN_POINT('',(18.5,-12.47828804241,28.7098366423));
#6833 = CARTESIAN_POINT('',(18.5,-12.60601448554,27.756997617361));
#6834 = CARTESIAN_POINT('',(18.5,-12.65931873503,26.8));
#6835 = PCURVE('',#6467,#6836);
#6836 = DEFINITIONAL_REPRESENTATION('',(#6837),#6888);
#6837 = B_SPLINE_CURVE_WITH_KNOTS('',7,(#6838,#6839,#6840,#6841,#6842,
    #6843,#6844,#6845,#6846,#6847,#6848,#6849,#6850,#6851,#6852,#6853,
    #6854,#6855,#6856,#6857,#6858,#6859,#6860,#6861,#6862,#6863,#6864,
    #6865,#6866,#6867,#6868,#6869,#6870,#6871,#6872,#6873,#6874,#6875,
    #6876,#6877,#6878,#6879,#6880,#6881,#6882,#6883,#6884,#6885,#6886,
    #6887),.UNSPECIFIED.,.F.,.F.,(8,6,6,6,6,6,6,6,8),(0.,0.339268537252,
    0.515126365107,0.684070212938,1.,1.315929787062,1.484873634892,
    1.660731462747,2.),.UNSPECIFIED.);
#6838 = CARTESIAN_POINT('',(0.693598025148,-12.65931873503));
#6839 = CARTESIAN_POINT('',(1.650595642509,-12.60601448554));
#6840 = CARTESIAN_POINT('',(2.603434667448,-12.47828804241));
#6841 = CARTESIAN_POINT('',(3.54520657989,-12.27636866238));
#6842 = CARTESIAN_POINT('',(4.468882443634,-12.00096765597));
#6843 = CARTESIAN_POINT('',(5.367328631582,-11.65334659226));
#6844 = CARTESIAN_POINT('',(6.233339535379,-11.23542030051));
#6845 = CARTESIAN_POINT('',(7.488019686032,-10.49822534556));
#6846 = CARTESIAN_POINT('',(7.905681145467,-10.2284016988));
#6847 = CARTESIAN_POINT('',(8.311653162011,-9.940812048135));
#6848 = CARTESIAN_POINT('',(8.704914847887,-9.635906137378));
#6849 = CARTESIAN_POINT('',(9.084449626815,-9.314203363356));
#6850 = CARTESIAN_POINT('',(9.449251957506,-8.976301005056));
#6851 = CARTESIAN_POINT('',(10.13369173694,-8.28335881122));
#6852 = CARTESIAN_POINT('',(10.454545534566,-7.929510320825));
#6853 = CARTESIAN_POINT('',(10.760015019037,-7.561949392246));
#6854 = CARTESIAN_POINT('',(11.049244381249,-7.181354275813));
#6855 = CARTESIAN_POINT('',(11.321411580052,-6.788475498618));
#6856 = CARTESIAN_POINT('',(11.575737488329,-6.384142301596));
#6857 = CARTESIAN_POINT('',(12.252368345559,-5.193444379115));
#6858 = CARTESIAN_POINT('',(12.628472886792,-4.38047315776));
#6859 = CARTESIAN_POINT('',(12.934755276622,-3.536683734418));
#6860 = CARTESIAN_POINT('',(13.167348923449,-2.668996735925));
#6861 = CARTESIAN_POINT('',(13.323469178255,-1.784869999043));
#6862 = CARTESIAN_POINT('',(13.40149276199,-0.892314784638));
#6863 = CARTESIAN_POINT('',(13.40149276199,0.892314784637));
#6864 = CARTESIAN_POINT('',(13.323469178254,1.784869999049));
#6865 = CARTESIAN_POINT('',(13.167348923453,2.668996735916));
#6866 = CARTESIAN_POINT('',(12.934755276617,3.536683734429));
#6867 = CARTESIAN_POINT('',(12.628472886795,4.380473157755));
#6868 = CARTESIAN_POINT('',(12.252368345558,5.193444379118));
#6869 = CARTESIAN_POINT('',(11.575737488328,6.384142301598));
#6870 = CARTESIAN_POINT('',(11.321411580051,6.78847549862));
#6871 = CARTESIAN_POINT('',(11.049244381248,7.181354275814));
#6872 = CARTESIAN_POINT('',(10.760015019036,7.561949392248));
#6873 = CARTESIAN_POINT('',(10.454545534564,7.929510320826));
#6874 = CARTESIAN_POINT('',(10.133691736939,8.283358811222));
#6875 = CARTESIAN_POINT('',(9.449251957504,8.976301005058));
#6876 = CARTESIAN_POINT('',(9.084449626814,9.314203363358));
#6877 = CARTESIAN_POINT('',(8.704914847885,9.635906137379));
#6878 = CARTESIAN_POINT('',(8.311653162009,9.940812048137));
#6879 = CARTESIAN_POINT('',(7.905681145465,10.22840169881));
#6880 = CARTESIAN_POINT('',(7.48801968603,10.498225345569));
#6881 = CARTESIAN_POINT('',(6.233339535377,11.235420300512));
#6882 = CARTESIAN_POINT('',(5.36732863158,11.653346592263));
#6883 = CARTESIAN_POINT('',(4.468882443632,12.00096765597));
#6884 = CARTESIAN_POINT('',(3.545206579889,12.276368662387));
#6885 = CARTESIAN_POINT('',(2.603434667447,12.478288042415));
#6886 = CARTESIAN_POINT('',(1.650595642508,12.606014485543));
#6887 = CARTESIAN_POINT('',(0.693598025148,12.659318735032));
#6888 = ( GEOMETRIC_REPRESENTATION_CONTEXT(2) 
PARAMETRIC_REPRESENTATION_CONTEXT() REPRESENTATION_CONTEXT('2D SPACE',''
  ) );
#6889 = PCURVE('',#6890,#6898);
#6890 = SURFACE_OF_LINEAR_EXTRUSION('',#6891,#6896);
#6891 = ELLIPSE('',#6892,13.507894736842,12.681578947368);
#6892 = AXIS2_PLACEMENT_3D('',#6893,#6894,#6895);
#6893 = CARTESIAN_POINT('',(17.5,0.,26.));
#6894 = DIRECTION('',(1.,0.,-0.));
#6895 = DIRECTION('',(0.,1.110223024625E-16,1.));
#6896 = VECTOR('',#6897,1.);
#6897 = DIRECTION('',(-1.,-0.,-0.));
#6898 = DEFINITIONAL_REPRESENTATION('',(#6899),#6969);
#6899 = B_SPLINE_CURVE_WITH_KNOTS('',3,(#6900,#6901,#6902,#6903,#6904,
    #6905,#6906,#6907,#6908,#6909,#6910,#6911,#6912,#6913,#6914,#6915,
    #6916,#6917,#6918,#6919,#6920,#6921,#6922,#6923,#6924,#6925,#6926,
    #6927,#6928,#6929,#6930,#6931,#6932,#6933,#6934,#6935,#6936,#6937,
    #6938,#6939,#6940,#6941,#6942,#6943,#6944,#6945,#6946,#6947,#6948,
    #6949,#6950,#6951,#6952,#6953,#6954,#6955,#6956,#6957,#6958,#6959,
    #6960,#6961,#6962,#6963,#6964,#6965,#6966,#6967,#6968),
  .UNSPECIFIED.,.F.,.F.,(4,1,1,1,1,1,1,1,1,1,1,1,1,1,1,1,1,1,1,1,1,1,1,1
    ,1,1,1,1,1,1,1,1,1,1,1,1,1,1,1,1,1,1,1,1,1,1,1,1,1,1,1,1,1,1,1,1,1,1
    ,1,1,1,1,1,1,1,1,4),(0.,3.030303030302E-02,6.060606060605E-02,
    9.090909090907E-02,0.121212121212,0.151515151515,0.181818181818,
    0.212121212121,0.242424242424,0.272727272727,0.30303030303,
    0.333333333333,0.363636363636,0.393939393939,0.424242424242,
    0.454545454545,0.484848484848,0.515151515151,0.545454545454,
    0.575757575757,0.60606060606,0.636363636364,0.666666666667,
    0.69696969697,0.727272727273,0.757575757576,0.787878787879,
    0.818181818182,0.848484848485,0.878787878788,0.909090909091,
    0.939393939394,0.969696969697,1.,1.030303030303,1.060606060606,
    1.090909090909,1.121212121212,1.151515151515,1.181818181818,
    1.212121212121,1.242424242424,1.272727272727,1.30303030303,
    1.333333333333,1.363636363636,1.393939393939,1.424242424242,
    1.454545454545,1.484848484848,1.515151515151,1.545454545454,
    1.575757575757,1.60606060606,1.636363636363,1.666666666666,
    1.696969696969,1.727272727272,1.757575757575,1.787878787878,
    1.818181818181,1.848484848485,1.878787878788,1.909090909091,
    1.939393939394,1.969696969697,2.),.QUASI_UNIFORM_KNOTS.);
#6900 = CARTESIAN_POINT('',(4.771648282406,-1.));
#6901 = CARTESIAN_POINT('',(4.786439519912,-1.));
#6902 = CARTESIAN_POINT('',(4.816026610787,-1.));
#6903 = CARTESIAN_POINT('',(4.86043127917,-1.));
#6904 = CARTESIAN_POINT('',(4.904870304932,-1.));
#6905 = CARTESIAN_POINT('',(4.949353520499,-1.));
#6906 = CARTESIAN_POINT('',(4.99389047586,-1.));
#6907 = CARTESIAN_POINT('',(5.038490412917,-1.));
#6908 = CARTESIAN_POINT('',(5.083162292512,-1.));
#6909 = CARTESIAN_POINT('',(5.12791479191,-1.));
#6910 = CARTESIAN_POINT('',(5.172756306371,-1.));
#6911 = CARTESIAN_POINT('',(5.217694897159,-1.));
#6912 = CARTESIAN_POINT('',(5.262738379134,-1.));
#6913 = CARTESIAN_POINT('',(5.307893830894,-1.));
#6914 = CARTESIAN_POINT('',(5.353165498158,-1.));
#6915 = CARTESIAN_POINT('',(5.398558544988,-1.));
#6916 = CARTESIAN_POINT('',(5.444076996829,-1.));
#6917 = CARTESIAN_POINT('',(5.489724170282,-1.));
#6918 = CARTESIAN_POINT('',(5.535502235881,-1.));
#6919 = CARTESIAN_POINT('',(5.581412710338,-1.));
#6920 = CARTESIAN_POINT('',(5.627455413711,-1.));
#6921 = CARTESIAN_POINT('',(5.673628970179,-1.));
#6922 = CARTESIAN_POINT('',(5.719931105612,-1.));
#6923 = CARTESIAN_POINT('',(5.766358705806,-1.));
#6924 = CARTESIAN_POINT('',(5.812905760812,-1.));
#6925 = CARTESIAN_POINT('',(5.859574663158,-1.));
#6926 = CARTESIAN_POINT('',(5.906352201078,-1.));
#6927 = CARTESIAN_POINT('',(5.953227731226,-1.));
#6928 = CARTESIAN_POINT('',(6.000190749593,-1.));
#6929 = CARTESIAN_POINT('',(6.047231011722,-1.));
#6930 = CARTESIAN_POINT('',(6.094337949782,-1.));
#6931 = CARTESIAN_POINT('',(6.141500349617,-1.));
#6932 = CARTESIAN_POINT('',(6.188705597648,-1.));
#6933 = CARTESIAN_POINT('',(6.235940189605,-1.));
#6934 = CARTESIAN_POINT('',(6.283185307179,-1.));
#6935 = CARTESIAN_POINT('',(6.330430424754,-1.));
#6936 = CARTESIAN_POINT('',(6.377665016711,-1.));
#6937 = CARTESIAN_POINT('',(6.424870264742,-1.));
#6938 = CARTESIAN_POINT('',(6.472032664577,-1.));
#6939 = CARTESIAN_POINT('',(6.519139602637,-1.));
#6940 = CARTESIAN_POINT('',(6.566179864766,-1.));
#6941 = CARTESIAN_POINT('',(6.613142883133,-1.));
#6942 = CARTESIAN_POINT('',(6.660018413281,-1.));
#6943 = CARTESIAN_POINT('',(6.706795951201,-1.));
#6944 = CARTESIAN_POINT('',(6.753464853548,-1.));
#6945 = CARTESIAN_POINT('',(6.800011908554,-1.));
#6946 = CARTESIAN_POINT('',(6.846439508747,-1.));
#6947 = CARTESIAN_POINT('',(6.892741644181,-1.));
#6948 = CARTESIAN_POINT('',(6.938915200649,-1.));
#6949 = CARTESIAN_POINT('',(6.984957904021,-1.));
#6950 = CARTESIAN_POINT('',(7.030868378478,-1.));
#6951 = CARTESIAN_POINT('',(7.076646444078,-1.));
#6952 = CARTESIAN_POINT('',(7.122293617531,-1.));
#6953 = CARTESIAN_POINT('',(7.167812069371,-1.));
#6954 = CARTESIAN_POINT('',(7.213205116201,-1.));
#6955 = CARTESIAN_POINT('',(7.258476783466,-1.));
#6956 = CARTESIAN_POINT('',(7.303632235225,-1.));
#6957 = CARTESIAN_POINT('',(7.348675717201,-1.));
#6958 = CARTESIAN_POINT('',(7.393614307988,-1.));
#6959 = CARTESIAN_POINT('',(7.438455822449,-1.));
#6960 = CARTESIAN_POINT('',(7.483208321847,-1.));
#6961 = CARTESIAN_POINT('',(7.527880201442,-1.));
#6962 = CARTESIAN_POINT('',(7.572480138499,-1.));
#6963 = CARTESIAN_POINT('',(7.61701709386,-1.));
#6964 = CARTESIAN_POINT('',(7.661500309427,-1.));
#6965 = CARTESIAN_POINT('',(7.70593933519,-1.));
#6966 = CARTESIAN_POINT('',(7.750344003573,-1.));
#6967 = CARTESIAN_POINT('',(7.779931094447,-1.));
#6968 = CARTESIAN_POINT('',(7.794722331953,-1.));
#6969 = ( GEOMETRIC_REPRESENTATION_CONTEXT(2) 
PARAMETRIC_REPRESENTATION_CONTEXT() REPRESENTATION_CONTEXT('2D SPACE',''
  ) );
#6970 = ADVANCED_FACE('',(#6971,#7019),#6605,.T.);
#6971 = FACE_BOUND('',#6972,.T.);
#6972 = EDGE_LOOP('',(#6973,#6974,#6997,#7018));
#6973 = ORIENTED_EDGE('',*,*,#6703,.F.);
#6974 = ORIENTED_EDGE('',*,*,#6975,.T.);
#6975 = EDGE_CURVE('',#6704,#6976,#6978,.T.);
#6976 = VERTEX_POINT('',#6977);
#6977 = CARTESIAN_POINT('',(27.5,-28.5,31.8));
#6978 = SURFACE_CURVE('',#6979,(#6983,#6990),.PCURVE_S1.);
#6979 = LINE('',#6980,#6981);
#6980 = CARTESIAN_POINT('',(18.5,-28.5,31.8));
#6981 = VECTOR('',#6982,1.);
#6982 = DIRECTION('',(1.,0.,0.));
#6983 = PCURVE('',#6605,#6984);
#6984 = DEFINITIONAL_REPRESENTATION('',(#6985),#6989);
#6985 = LINE('',#6986,#6987);
#6986 = CARTESIAN_POINT('',(0.,0.));
#6987 = VECTOR('',#6988,1.);
#6988 = DIRECTION('',(1.,0.));
#6989 = ( GEOMETRIC_REPRESENTATION_CONTEXT(2) 
PARAMETRIC_REPRESENTATION_CONTEXT() REPRESENTATION_CONTEXT('2D SPACE',''
  ) );
#6990 = PCURVE('',#6742,#6991);
#6991 = DEFINITIONAL_REPRESENTATION('',(#6992),#6996);
#6992 = LINE('',#6993,#6994);
#6993 = CARTESIAN_POINT('',(5.,0.));
#6994 = VECTOR('',#6995,1.);
#6995 = DIRECTION('',(0.,1.));
#6996 = ( GEOMETRIC_REPRESENTATION_CONTEXT(2) 
PARAMETRIC_REPRESENTATION_CONTEXT() REPRESENTATION_CONTEXT('2D SPACE',''
  ) );
#6997 = ORIENTED_EDGE('',*,*,#6998,.T.);
#6998 = EDGE_CURVE('',#6976,#6565,#6999,.T.);
#6999 = SURFACE_CURVE('',#7000,(#7004,#7011),.PCURVE_S1.);
#7000 = LINE('',#7001,#7002);
#7001 = CARTESIAN_POINT('',(27.5,-28.5,31.8));
#7002 = VECTOR('',#7003,1.);
#7003 = DIRECTION('',(0.,1.,0.));
#7004 = PCURVE('',#6605,#7005);
#7005 = DEFINITIONAL_REPRESENTATION('',(#7006),#7010);
#7006 = LINE('',#7007,#7008);
#7007 = CARTESIAN_POINT('',(9.,0.));
#7008 = VECTOR('',#7009,1.);
#7009 = DIRECTION('',(0.,1.));
#7010 = ( GEOMETRIC_REPRESENTATION_CONTEXT(2) 
PARAMETRIC_REPRESENTATION_CONTEXT() REPRESENTATION_CONTEXT('2D SPACE',''
  ) );
#7011 = PCURVE('',#6552,#7012);
#7012 = DEFINITIONAL_REPRESENTATION('',(#7013),#7017);
#7013 = LINE('',#7014,#7015);
#7014 = CARTESIAN_POINT('',(5.693598025148,28.5));
#7015 = VECTOR('',#7016,1.);
#7016 = DIRECTION('',(0.,-1.));
#7017 = ( GEOMETRIC_REPRESENTATION_CONTEXT(2) 
PARAMETRIC_REPRESENTATION_CONTEXT() REPRESENTATION_CONTEXT('2D SPACE',''
  ) );
#7018 = ORIENTED_EDGE('',*,*,#6587,.T.);
#7019 = FACE_BOUND('',#7020,.T.);
#7020 = EDGE_LOOP('',(#7021));
#7021 = ORIENTED_EDGE('',*,*,#7022,.T.);
#7022 = EDGE_CURVE('',#7023,#7023,#7025,.T.);
#7023 = VERTEX_POINT('',#7024);
#7024 = CARTESIAN_POINT('',(24.7,-22.,31.8));
#7025 = SURFACE_CURVE('',#7026,(#7031,#7042),.PCURVE_S1.);
#7026 = CIRCLE('',#7027,1.7);
#7027 = AXIS2_PLACEMENT_3D('',#7028,#7029,#7030);
#7028 = CARTESIAN_POINT('',(23.,-22.,31.8));
#7029 = DIRECTION('',(0.,0.,-1.));
#7030 = DIRECTION('',(1.,0.,0.));
#7031 = PCURVE('',#6605,#7032);
#7032 = DEFINITIONAL_REPRESENTATION('',(#7033),#7041);
#7033 = ( BOUNDED_CURVE() B_SPLINE_CURVE(2,(#7034,#7035,#7036,#7037,
#7038,#7039,#7040),.UNSPECIFIED.,.T.,.F.) B_SPLINE_CURVE_WITH_KNOTS((1,2
    ,2,2,2,1),(-2.094395102393,0.,2.094395102393,4.188790204786,
6.28318530718,8.377580409573),.UNSPECIFIED.) CURVE() 
GEOMETRIC_REPRESENTATION_ITEM() RATIONAL_B_SPLINE_CURVE((1.,0.5,1.,0.5,
1.,0.5,1.)) REPRESENTATION_ITEM('') );
#7034 = CARTESIAN_POINT('',(6.2,6.5));
#7035 = CARTESIAN_POINT('',(6.2,3.555513627133));
#7036 = CARTESIAN_POINT('',(3.65,5.027756813566));
#7037 = CARTESIAN_POINT('',(1.1,6.5));
#7038 = CARTESIAN_POINT('',(3.65,7.972243186434));
#7039 = CARTESIAN_POINT('',(6.2,9.444486372867));
#7040 = CARTESIAN_POINT('',(6.2,6.5));
#7041 = ( GEOMETRIC_REPRESENTATION_CONTEXT(2) 
PARAMETRIC_REPRESENTATION_CONTEXT() REPRESENTATION_CONTEXT('2D SPACE',''
  ) );
#7042 = PCURVE('',#7043,#7048);
#7043 = CYLINDRICAL_SURFACE('',#7044,1.7);
#7044 = AXIS2_PLACEMENT_3D('',#7045,#7046,#7047);
#7045 = CARTESIAN_POINT('',(23.,-22.,26.));
#7046 = DIRECTION('',(-0.,-0.,-1.));
#7047 = DIRECTION('',(1.,0.,0.));
#7048 = DEFINITIONAL_REPRESENTATION('',(#7049),#7053);
#7049 = LINE('',#7050,#7051);
#7050 = CARTESIAN_POINT('',(-6.28318530718,-5.8));
#7051 = VECTOR('',#7052,1.);
#7052 = DIRECTION('',(1.,-0.));
#7053 = ( GEOMETRIC_REPRESENTATION_CONTEXT(2) 
PARAMETRIC_REPRESENTATION_CONTEXT() REPRESENTATION_CONTEXT('2D SPACE',''
  ) );
#7054 = ADVANCED_FACE('',(#7055),#6552,.T.);
#7055 = FACE_BOUND('',#7056,.T.);
#7056 = EDGE_LOOP('',(#7057,#7080,#7103,#7286,#7309,#7332,#7353,#7354,
    #7355));
#7057 = ORIENTED_EDGE('',*,*,#7058,.F.);
#7058 = EDGE_CURVE('',#7059,#6976,#7061,.T.);
#7059 = VERTEX_POINT('',#7060);
#7060 = CARTESIAN_POINT('',(27.5,-28.5,26.8));
#7061 = SURFACE_CURVE('',#7062,(#7066,#7073),.PCURVE_S1.);
#7062 = LINE('',#7063,#7064);
#7063 = CARTESIAN_POINT('',(27.5,-28.5,26.8));
#7064 = VECTOR('',#7065,1.);
#7065 = DIRECTION('',(0.,0.,1.));
#7066 = PCURVE('',#6552,#7067);
#7067 = DEFINITIONAL_REPRESENTATION('',(#7068),#7072);
#7068 = LINE('',#7069,#7070);
#7069 = CARTESIAN_POINT('',(0.693598025148,28.5));
#7070 = VECTOR('',#7071,1.);
#7071 = DIRECTION('',(1.,0.));
#7072 = ( GEOMETRIC_REPRESENTATION_CONTEXT(2) 
PARAMETRIC_REPRESENTATION_CONTEXT() REPRESENTATION_CONTEXT('2D SPACE',''
  ) );
#7073 = PCURVE('',#6742,#7074);
#7074 = DEFINITIONAL_REPRESENTATION('',(#7075),#7079);
#7075 = LINE('',#7076,#7077);
#7076 = CARTESIAN_POINT('',(0.,9.));
#7077 = VECTOR('',#7078,1.);
#7078 = DIRECTION('',(1.,0.));
#7079 = ( GEOMETRIC_REPRESENTATION_CONTEXT(2) 
PARAMETRIC_REPRESENTATION_CONTEXT() REPRESENTATION_CONTEXT('2D SPACE',''
  ) );
#7080 = ORIENTED_EDGE('',*,*,#7081,.T.);
#7081 = EDGE_CURVE('',#7059,#7082,#7084,.T.);
#7082 = VERTEX_POINT('',#7083);
#7083 = CARTESIAN_POINT('',(27.5,-12.65931873503,26.8));
#7084 = SURFACE_CURVE('',#7085,(#7089,#7096),.PCURVE_S1.);
#7085 = LINE('',#7086,#7087);
#7086 = CARTESIAN_POINT('',(27.5,-28.5,26.8));
#7087 = VECTOR('',#7088,1.);
#7088 = DIRECTION('',(0.,1.,0.));
#7089 = PCURVE('',#6552,#7090);
#7090 = DEFINITIONAL_REPRESENTATION('',(#7091),#7095);
#7091 = LINE('',#7092,#7093);
#7092 = CARTESIAN_POINT('',(0.693598025148,28.5));
#7093 = VECTOR('',#7094,1.);
#7094 = DIRECTION('',(0.,-1.));
#7095 = ( GEOMETRIC_REPRESENTATION_CONTEXT(2) 
PARAMETRIC_REPRESENTATION_CONTEXT() REPRESENTATION_CONTEXT('2D SPACE',''
  ) );
#7096 = PCURVE('',#6770,#7097);
#7097 = DEFINITIONAL_REPRESENTATION('',(#7098),#7102);
#7098 = LINE('',#7099,#7100);
#7099 = CARTESIAN_POINT('',(77.5,21.5));
#7100 = VECTOR('',#7101,1.);
#7101 = DIRECTION('',(0.,1.));
#7102 = ( GEOMETRIC_REPRESENTATION_CONTEXT(2) 
PARAMETRIC_REPRESENTATION_CONTEXT() REPRESENTATION_CONTEXT('2D SPACE',''
  ) );
#7103 = ORIENTED_EDGE('',*,*,#7104,.T.);
#7104 = EDGE_CURVE('',#7082,#7105,#7107,.T.);
#7105 = VERTEX_POINT('',#7106);
#7106 = CARTESIAN_POINT('',(27.5,12.659318735032,26.8));
#7107 = SURFACE_CURVE('',#7108,(#7159,#7213),.PCURVE_S1.);
#7108 = B_SPLINE_CURVE_WITH_KNOTS('',7,(#7109,#7110,#7111,#7112,#7113,
    #7114,#7115,#7116,#7117,#7118,#7119,#7120,#7121,#7122,#7123,#7124,
    #7125,#7126,#7127,#7128,#7129,#7130,#7131,#7132,#7133,#7134,#7135,
    #7136,#7137,#7138,#7139,#7140,#7141,#7142,#7143,#7144,#7145,#7146,
    #7147,#7148,#7149,#7150,#7151,#7152,#7153,#7154,#7155,#7156,#7157,
    #7158),.UNSPECIFIED.,.F.,.F.,(8,6,6,6,6,6,6,6,8),(0.,0.339268537252,
    0.515126365107,0.684070212938,1.,1.315929787062,1.484873634893,
    1.660731462748,2.),.UNSPECIFIED.);
#7109 = CARTESIAN_POINT('',(27.5,-12.65931873503,26.8));
#7110 = CARTESIAN_POINT('',(27.5,-12.60601448554,27.756997617361));
#7111 = CARTESIAN_POINT('',(27.5,-12.47828804241,28.7098366423));
#7112 = CARTESIAN_POINT('',(27.5,-12.27636866238,29.651608554741));
#7113 = CARTESIAN_POINT('',(27.5,-12.00096765597,30.575284418485));
#7114 = CARTESIAN_POINT('',(27.5,-11.65334659226,31.473730606432));
#7115 = CARTESIAN_POINT('',(27.5,-11.23542030051,32.33974151023));
#7116 = CARTESIAN_POINT('',(27.5,-10.49822534556,33.594421660882));
#7117 = CARTESIAN_POINT('',(27.5,-10.22840169881,34.012083120318));
#7118 = CARTESIAN_POINT('',(27.5,-9.940812048137,34.418055136861));
#7119 = CARTESIAN_POINT('',(27.5,-9.635906137379,34.811316822737));
#7120 = CARTESIAN_POINT('',(27.5,-9.314203363358,35.190851601666));
#7121 = CARTESIAN_POINT('',(27.5,-8.976301005058,35.555653932356));
#7122 = CARTESIAN_POINT('',(27.5,-8.283358811222,36.240093711791));
#7123 = CARTESIAN_POINT('',(27.5,-7.929510320826,36.560947509417));
#7124 = CARTESIAN_POINT('',(27.5,-7.561949392248,36.866416993889));
#7125 = CARTESIAN_POINT('',(27.5,-7.181354275814,37.155646356101));
#7126 = CARTESIAN_POINT('',(27.5,-6.78847549862,37.427813554903));
#7127 = CARTESIAN_POINT('',(27.5,-6.384142301598,37.68213946318));
#7128 = CARTESIAN_POINT('',(27.5,-5.193444379118,38.35877032041));
#7129 = CARTESIAN_POINT('',(27.5,-4.380473157755,38.734874861648));
#7130 = CARTESIAN_POINT('',(27.5,-3.536683734429,39.041157251469));
#7131 = CARTESIAN_POINT('',(27.5,-2.668996735916,39.273750898305));
#7132 = CARTESIAN_POINT('',(27.5,-1.784869999049,39.429871153106));
#7133 = CARTESIAN_POINT('',(27.5,-0.892314784637,39.507894736842));
#7134 = CARTESIAN_POINT('',(27.5,0.892314784638,39.507894736842));
#7135 = CARTESIAN_POINT('',(27.5,1.784869999043,39.429871153108));
#7136 = CARTESIAN_POINT('',(27.5,2.668996735925,39.273750898301));
#7137 = CARTESIAN_POINT('',(27.5,3.536683734418,39.041157251475));
#7138 = CARTESIAN_POINT('',(27.5,4.38047315776,38.734874861645));
#7139 = CARTESIAN_POINT('',(27.5,5.193444379115,38.358770320412));
#7140 = CARTESIAN_POINT('',(27.5,6.384142301596,37.682139463181));
#7141 = CARTESIAN_POINT('',(27.5,6.788475498618,37.427813554904));
#7142 = CARTESIAN_POINT('',(27.5,7.181354275813,37.155646356102));
#7143 = CARTESIAN_POINT('',(27.5,7.561949392246,36.86641699389));
#7144 = CARTESIAN_POINT('',(27.5,7.929510320825,36.560947509418));
#7145 = CARTESIAN_POINT('',(27.5,8.28335881122,36.240093711793));
#7146 = CARTESIAN_POINT('',(27.5,8.976301005056,35.555653932358));
#7147 = CARTESIAN_POINT('',(27.5,9.314203363356,35.190851601668));
#7148 = CARTESIAN_POINT('',(27.5,9.635906137378,34.811316822739));
#7149 = CARTESIAN_POINT('',(27.5,9.940812048135,34.418055136863));
#7150 = CARTESIAN_POINT('',(27.5,10.228401698808,34.01208312032));
#7151 = CARTESIAN_POINT('',(27.5,10.498225345568,33.594421660884));
#7152 = CARTESIAN_POINT('',(27.5,11.235420300511,32.339741510232));
#7153 = CARTESIAN_POINT('',(27.5,11.653346592262,31.473730606434));
#7154 = CARTESIAN_POINT('',(27.5,12.00096765597,30.575284418486));
#7155 = CARTESIAN_POINT('',(27.5,12.276368662387,29.651608554742));
#7156 = CARTESIAN_POINT('',(27.5,12.478288042415,28.709836642301));
#7157 = CARTESIAN_POINT('',(27.5,12.606014485543,27.756997617361));
#7158 = CARTESIAN_POINT('',(27.5,12.659318735032,26.8));
#7159 = PCURVE('',#6552,#7160);
#7160 = DEFINITIONAL_REPRESENTATION('',(#7161),#7212);
#7161 = B_SPLINE_CURVE_WITH_KNOTS('',7,(#7162,#7163,#7164,#7165,#7166,
    #7167,#7168,#7169,#7170,#7171,#7172,#7173,#7174,#7175,#7176,#7177,
    #7178,#7179,#7180,#7181,#7182,#7183,#7184,#7185,#7186,#7187,#7188,
    #7189,#7190,#7191,#7192,#7193,#7194,#7195,#7196,#7197,#7198,#7199,
    #7200,#7201,#7202,#7203,#7204,#7205,#7206,#7207,#7208,#7209,#7210,
    #7211),.UNSPECIFIED.,.F.,.F.,(8,6,6,6,6,6,6,6,8),(0.,0.339268537252,
    0.515126365107,0.684070212938,1.,1.315929787062,1.484873634893,
    1.660731462748,2.),.UNSPECIFIED.);
#7162 = CARTESIAN_POINT('',(0.693598025148,12.659318735032));
#7163 = CARTESIAN_POINT('',(1.650595642508,12.606014485543));
#7164 = CARTESIAN_POINT('',(2.603434667447,12.478288042415));
#7165 = CARTESIAN_POINT('',(3.545206579889,12.276368662387));
#7166 = CARTESIAN_POINT('',(4.468882443632,12.00096765597));
#7167 = CARTESIAN_POINT('',(5.36732863158,11.653346592263));
#7168 = CARTESIAN_POINT('',(6.233339535377,11.235420300512));
#7169 = CARTESIAN_POINT('',(7.48801968603,10.498225345569));
#7170 = CARTESIAN_POINT('',(7.905681145465,10.22840169881));
#7171 = CARTESIAN_POINT('',(8.311653162009,9.940812048137));
#7172 = CARTESIAN_POINT('',(8.704914847885,9.635906137379));
#7173 = CARTESIAN_POINT('',(9.084449626814,9.314203363358));
#7174 = CARTESIAN_POINT('',(9.449251957504,8.976301005058));
#7175 = CARTESIAN_POINT('',(10.133691736939,8.283358811222));
#7176 = CARTESIAN_POINT('',(10.454545534564,7.929510320826));
#7177 = CARTESIAN_POINT('',(10.760015019036,7.561949392248));
#7178 = CARTESIAN_POINT('',(11.049244381248,7.181354275814));
#7179 = CARTESIAN_POINT('',(11.321411580051,6.78847549862));
#7180 = CARTESIAN_POINT('',(11.575737488328,6.384142301598));
#7181 = CARTESIAN_POINT('',(12.252368345558,5.193444379118));
#7182 = CARTESIAN_POINT('',(12.628472886795,4.380473157755));
#7183 = CARTESIAN_POINT('',(12.934755276617,3.536683734429));
#7184 = CARTESIAN_POINT('',(13.167348923453,2.668996735916));
#7185 = CARTESIAN_POINT('',(13.323469178254,1.784869999049));
#7186 = CARTESIAN_POINT('',(13.40149276199,0.892314784637));
#7187 = CARTESIAN_POINT('',(13.40149276199,-0.892314784638));
#7188 = CARTESIAN_POINT('',(13.323469178255,-1.784869999043));
#7189 = CARTESIAN_POINT('',(13.167348923449,-2.668996735925));
#7190 = CARTESIAN_POINT('',(12.934755276622,-3.536683734418));
#7191 = CARTESIAN_POINT('',(12.628472886792,-4.38047315776));
#7192 = CARTESIAN_POINT('',(12.252368345559,-5.193444379115));
#7193 = CARTESIAN_POINT('',(11.575737488329,-6.384142301596));
#7194 = CARTESIAN_POINT('',(11.321411580052,-6.788475498618));
#7195 = CARTESIAN_POINT('',(11.049244381249,-7.181354275813));
#7196 = CARTESIAN_POINT('',(10.760015019037,-7.561949392246));
#7197 = CARTESIAN_POINT('',(10.454545534566,-7.929510320825));
#7198 = CARTESIAN_POINT('',(10.13369173694,-8.28335881122));
#7199 = CARTESIAN_POINT('',(9.449251957506,-8.976301005056));
#7200 = CARTESIAN_POINT('',(9.084449626815,-9.314203363356));
#7201 = CARTESIAN_POINT('',(8.704914847887,-9.635906137378));
#7202 = CARTESIAN_POINT('',(8.311653162011,-9.940812048135));
#7203 = CARTESIAN_POINT('',(7.905681145467,-10.2284016988));
#7204 = CARTESIAN_POINT('',(7.488019686032,-10.49822534556));
#7205 = CARTESIAN_POINT('',(6.233339535379,-11.23542030051));
#7206 = CARTESIAN_POINT('',(5.367328631582,-11.65334659226));
#7207 = CARTESIAN_POINT('',(4.468882443634,-12.00096765597));
#7208 = CARTESIAN_POINT('',(3.54520657989,-12.27636866238));
#7209 = CARTESIAN_POINT('',(2.603434667448,-12.47828804241));
#7210 = CARTESIAN_POINT('',(1.650595642509,-12.60601448554));
#7211 = CARTESIAN_POINT('',(0.693598025148,-12.65931873503));
#7212 = ( GEOMETRIC_REPRESENTATION_CONTEXT(2) 
PARAMETRIC_REPRESENTATION_CONTEXT() REPRESENTATION_CONTEXT('2D SPACE',''
  ) );
#7213 = PCURVE('',#6890,#7214);
#7214 = DEFINITIONAL_REPRESENTATION('',(#7215),#7285);
#7215 = B_SPLINE_CURVE_WITH_KNOTS('',3,(#7216,#7217,#7218,#7219,#7220,
    #7221,#7222,#7223,#7224,#7225,#7226,#7227,#7228,#7229,#7230,#7231,
    #7232,#7233,#7234,#7235,#7236,#7237,#7238,#7239,#7240,#7241,#7242,
    #7243,#7244,#7245,#7246,#7247,#7248,#7249,#7250,#7251,#7252,#7253,
    #7254,#7255,#7256,#7257,#7258,#7259,#7260,#7261,#7262,#7263,#7264,
    #7265,#7266,#7267,#7268,#7269,#7270,#7271,#7272,#7273,#7274,#7275,
    #7276,#7277,#7278,#7279,#7280,#7281,#7282,#7283,#7284),
  .UNSPECIFIED.,.F.,.F.,(4,1,1,1,1,1,1,1,1,1,1,1,1,1,1,1,1,1,1,1,1,1,1,1
    ,1,1,1,1,1,1,1,1,1,1,1,1,1,1,1,1,1,1,1,1,1,1,1,1,1,1,1,1,1,1,1,1,1,1
    ,1,1,1,1,1,1,1,1,4),(0.,3.030303030304E-02,6.060606060607E-02,
    9.090909090911E-02,0.121212121212,0.151515151515,0.181818181818,
    0.212121212121,0.242424242424,0.272727272727,0.30303030303,
    0.333333333333,0.363636363636,0.393939393939,0.424242424242,
    0.454545454546,0.484848484849,0.515151515152,0.545454545455,
    0.575757575758,0.606060606061,0.636363636364,0.666666666667,
    0.69696969697,0.727272727273,0.757575757576,0.787878787879,
    0.818181818182,0.848484848485,0.878787878788,0.909090909091,
    0.939393939394,0.969696969697,1.,1.030303030303,1.060606060606,
    1.090909090909,1.121212121212,1.151515151515,1.181818181818,
    1.212121212121,1.242424242424,1.272727272727,1.303030303031,
    1.333333333334,1.363636363637,1.39393939394,1.424242424243,
    1.454545454546,1.484848484849,1.515151515152,1.545454545455,
    1.575757575758,1.606060606061,1.636363636364,1.666666666667,
    1.69696969697,1.727272727273,1.757575757576,1.787878787879,
    1.818181818182,1.848484848485,1.878787878788,1.909090909091,
    1.939393939394,1.969696969697,2.),.QUASI_UNIFORM_KNOTS.);
#7216 = CARTESIAN_POINT('',(7.794722331953,-10.));
#7217 = CARTESIAN_POINT('',(7.779931094447,-10.));
#7218 = CARTESIAN_POINT('',(7.750344003573,-10.));
#7219 = CARTESIAN_POINT('',(7.70593933519,-10.));
#7220 = CARTESIAN_POINT('',(7.661500309427,-10.));
#7221 = CARTESIAN_POINT('',(7.61701709386,-10.));
#7222 = CARTESIAN_POINT('',(7.572480138499,-10.));
#7223 = CARTESIAN_POINT('',(7.527880201442,-10.));
#7224 = CARTESIAN_POINT('',(7.483208321847,-10.));
#7225 = CARTESIAN_POINT('',(7.438455822449,-10.));
#7226 = CARTESIAN_POINT('',(7.393614307988,-10.));
#7227 = CARTESIAN_POINT('',(7.348675717201,-10.));
#7228 = CARTESIAN_POINT('',(7.303632235225,-10.));
#7229 = CARTESIAN_POINT('',(7.258476783466,-10.));
#7230 = CARTESIAN_POINT('',(7.213205116201,-10.));
#7231 = CARTESIAN_POINT('',(7.167812069371,-10.));
#7232 = CARTESIAN_POINT('',(7.122293617531,-10.));
#7233 = CARTESIAN_POINT('',(7.076646444078,-10.));
#7234 = CARTESIAN_POINT('',(7.030868378478,-10.));
#7235 = CARTESIAN_POINT('',(6.984957904021,-10.));
#7236 = CARTESIAN_POINT('',(6.938915200649,-10.));
#7237 = CARTESIAN_POINT('',(6.892741644181,-10.));
#7238 = CARTESIAN_POINT('',(6.846439508747,-10.));
#7239 = CARTESIAN_POINT('',(6.800011908554,-10.));
#7240 = CARTESIAN_POINT('',(6.753464853548,-10.));
#7241 = CARTESIAN_POINT('',(6.706795951201,-10.));
#7242 = CARTESIAN_POINT('',(6.660018413281,-10.));
#7243 = CARTESIAN_POINT('',(6.613142883133,-10.));
#7244 = CARTESIAN_POINT('',(6.566179864766,-10.));
#7245 = CARTESIAN_POINT('',(6.519139602637,-10.));
#7246 = CARTESIAN_POINT('',(6.472032664577,-10.));
#7247 = CARTESIAN_POINT('',(6.424870264742,-10.));
#7248 = CARTESIAN_POINT('',(6.377665016711,-10.));
#7249 = CARTESIAN_POINT('',(6.330430424754,-10.));
#7250 = CARTESIAN_POINT('',(6.283185307179,-10.));
#7251 = CARTESIAN_POINT('',(6.235940189605,-10.));
#7252 = CARTESIAN_POINT('',(6.188705597648,-10.));
#7253 = CARTESIAN_POINT('',(6.141500349617,-10.));
#7254 = CARTESIAN_POINT('',(6.094337949782,-10.));
#7255 = CARTESIAN_POINT('',(6.047231011722,-10.));
#7256 = CARTESIAN_POINT('',(6.000190749593,-10.));
#7257 = CARTESIAN_POINT('',(5.953227731226,-10.));
#7258 = CARTESIAN_POINT('',(5.906352201078,-10.));
#7259 = CARTESIAN_POINT('',(5.859574663158,-10.));
#7260 = CARTESIAN_POINT('',(5.812905760812,-10.));
#7261 = CARTESIAN_POINT('',(5.766358705806,-10.));
#7262 = CARTESIAN_POINT('',(5.719931105612,-10.));
#7263 = CARTESIAN_POINT('',(5.673628970179,-10.));
#7264 = CARTESIAN_POINT('',(5.627455413711,-10.));
#7265 = CARTESIAN_POINT('',(5.581412710338,-10.));
#7266 = CARTESIAN_POINT('',(5.535502235881,-10.));
#7267 = CARTESIAN_POINT('',(5.489724170282,-10.));
#7268 = CARTESIAN_POINT('',(5.444076996829,-10.));
#7269 = CARTESIAN_POINT('',(5.398558544988,-10.));
#7270 = CARTESIAN_POINT('',(5.353165498158,-10.));
#7271 = CARTESIAN_POINT('',(5.307893830894,-10.));
#7272 = CARTESIAN_POINT('',(5.262738379134,-10.));
#7273 = CARTESIAN_POINT('',(5.217694897159,-10.));
#7274 = CARTESIAN_POINT('',(5.172756306371,-10.));
#7275 = CARTESIAN_POINT('',(5.12791479191,-10.));
#7276 = CARTESIAN_POINT('',(5.083162292512,-10.));
#7277 = CARTESIAN_POINT('',(5.038490412917,-10.));
#7278 = CARTESIAN_POINT('',(4.99389047586,-10.));
#7279 = CARTESIAN_POINT('',(4.949353520499,-10.));
#7280 = CARTESIAN_POINT('',(4.904870304932,-10.));
#7281 = CARTESIAN_POINT('',(4.86043127917,-10.));
#7282 = CARTESIAN_POINT('',(4.816026610787,-10.));
#7283 = CARTESIAN_POINT('',(4.786439519912,-10.));
#7284 = CARTESIAN_POINT('',(4.771648282406,-10.));
#7285 = ( GEOMETRIC_REPRESENTATION_CONTEXT(2) 
PARAMETRIC_REPRESENTATION_CONTEXT() REPRESENTATION_CONTEXT('2D SPACE',''
  ) );
#7286 = ORIENTED_EDGE('',*,*,#7287,.T.);
#7287 = EDGE_CURVE('',#7105,#7288,#7290,.T.);
#7288 = VERTEX_POINT('',#7289);
#7289 = CARTESIAN_POINT('',(27.5,28.5,26.8));
#7290 = SURFACE_CURVE('',#7291,(#7295,#7302),.PCURVE_S1.);
#7291 = LINE('',#7292,#7293);
#7292 = CARTESIAN_POINT('',(27.5,-28.5,26.8));
#7293 = VECTOR('',#7294,1.);
#7294 = DIRECTION('',(0.,1.,0.));
#7295 = PCURVE('',#6552,#7296);
#7296 = DEFINITIONAL_REPRESENTATION('',(#7297),#7301);
#7297 = LINE('',#7298,#7299);
#7298 = CARTESIAN_POINT('',(0.693598025148,28.5));
#7299 = VECTOR('',#7300,1.);
#7300 = DIRECTION('',(0.,-1.));
#7301 = ( GEOMETRIC_REPRESENTATION_CONTEXT(2) 
PARAMETRIC_REPRESENTATION_CONTEXT() REPRESENTATION_CONTEXT('2D SPACE',''
  ) );
#7302 = PCURVE('',#6640,#7303);
#7303 = DEFINITIONAL_REPRESENTATION('',(#7304),#7308);
#7304 = LINE('',#7305,#7306);
#7305 = CARTESIAN_POINT('',(77.5,21.5));
#7306 = VECTOR('',#7307,1.);
#7307 = DIRECTION('',(0.,1.));
#7308 = ( GEOMETRIC_REPRESENTATION_CONTEXT(2) 
PARAMETRIC_REPRESENTATION_CONTEXT() REPRESENTATION_CONTEXT('2D SPACE',''
  ) );
#7309 = ORIENTED_EDGE('',*,*,#7310,.T.);
#7310 = EDGE_CURVE('',#7288,#7311,#7313,.T.);
#7311 = VERTEX_POINT('',#7312);
#7312 = CARTESIAN_POINT('',(27.5,28.5,31.8));
#7313 = SURFACE_CURVE('',#7314,(#7318,#7325),.PCURVE_S1.);
#7314 = LINE('',#7315,#7316);
#7315 = CARTESIAN_POINT('',(27.5,28.5,26.8));
#7316 = VECTOR('',#7317,1.);
#7317 = DIRECTION('',(0.,0.,1.));
#7318 = PCURVE('',#6552,#7319);
#7319 = DEFINITIONAL_REPRESENTATION('',(#7320),#7324);
#7320 = LINE('',#7321,#7322);
#7321 = CARTESIAN_POINT('',(0.693598025148,-28.5));
#7322 = VECTOR('',#7323,1.);
#7323 = DIRECTION('',(1.,0.));
#7324 = ( GEOMETRIC_REPRESENTATION_CONTEXT(2) 
PARAMETRIC_REPRESENTATION_CONTEXT() REPRESENTATION_CONTEXT('2D SPACE',''
  ) );
#7325 = PCURVE('',#6668,#7326);
#7326 = DEFINITIONAL_REPRESENTATION('',(#7327),#7331);
#7327 = LINE('',#7328,#7329);
#7328 = CARTESIAN_POINT('',(0.,9.));
#7329 = VECTOR('',#7330,1.);
#7330 = DIRECTION('',(1.,0.));
#7331 = ( GEOMETRIC_REPRESENTATION_CONTEXT(2) 
PARAMETRIC_REPRESENTATION_CONTEXT() REPRESENTATION_CONTEXT('2D SPACE',''
  ) );
#7332 = ORIENTED_EDGE('',*,*,#7333,.F.);
#7333 = EDGE_CURVE('',#6503,#7311,#7334,.T.);
#7334 = SURFACE_CURVE('',#7335,(#7339,#7346),.PCURVE_S1.);
#7335 = LINE('',#7336,#7337);
#7336 = CARTESIAN_POINT('',(27.5,15.5,31.8));
#7337 = VECTOR('',#7338,1.);
#7338 = DIRECTION('',(0.,1.,0.));
#7339 = PCURVE('',#6552,#7340);
#7340 = DEFINITIONAL_REPRESENTATION('',(#7341),#7345);
#7341 = LINE('',#7342,#7343);
#7342 = CARTESIAN_POINT('',(5.693598025148,-15.5));
#7343 = VECTOR('',#7344,1.);
#7344 = DIRECTION('',(0.,-1.));
#7345 = ( GEOMETRIC_REPRESENTATION_CONTEXT(2) 
PARAMETRIC_REPRESENTATION_CONTEXT() REPRESENTATION_CONTEXT('2D SPACE',''
  ) );
#7346 = PCURVE('',#6522,#7347);
#7347 = DEFINITIONAL_REPRESENTATION('',(#7348),#7352);
#7348 = LINE('',#7349,#7350);
#7349 = CARTESIAN_POINT('',(9.,0.));
#7350 = VECTOR('',#7351,1.);
#7351 = DIRECTION('',(0.,1.));
#7352 = ( GEOMETRIC_REPRESENTATION_CONTEXT(2) 
PARAMETRIC_REPRESENTATION_CONTEXT() REPRESENTATION_CONTEXT('2D SPACE',''
  ) );
#7353 = ORIENTED_EDGE('',*,*,#6536,.T.);
#7354 = ORIENTED_EDGE('',*,*,#6564,.T.);
#7355 = ORIENTED_EDGE('',*,*,#6998,.F.);
#7356 = ADVANCED_FACE('',(#7357,#7383),#6522,.T.);
#7357 = FACE_BOUND('',#7358,.T.);
#7358 = EDGE_LOOP('',(#7359,#7360,#7361,#7362));
#7359 = ORIENTED_EDGE('',*,*,#6680,.F.);
#7360 = ORIENTED_EDGE('',*,*,#6502,.F.);
#7361 = ORIENTED_EDGE('',*,*,#7333,.T.);
#7362 = ORIENTED_EDGE('',*,*,#7363,.F.);
#7363 = EDGE_CURVE('',#6653,#7311,#7364,.T.);
#7364 = SURFACE_CURVE('',#7365,(#7369,#7376),.PCURVE_S1.);
#7365 = LINE('',#7366,#7367);
#7366 = CARTESIAN_POINT('',(18.5,28.5,31.8));
#7367 = VECTOR('',#7368,1.);
#7368 = DIRECTION('',(1.,0.,0.));
#7369 = PCURVE('',#6522,#7370);
#7370 = DEFINITIONAL_REPRESENTATION('',(#7371),#7375);
#7371 = LINE('',#7372,#7373);
#7372 = CARTESIAN_POINT('',(0.,13.));
#7373 = VECTOR('',#7374,1.);
#7374 = DIRECTION('',(1.,0.));
#7375 = ( GEOMETRIC_REPRESENTATION_CONTEXT(2) 
PARAMETRIC_REPRESENTATION_CONTEXT() REPRESENTATION_CONTEXT('2D SPACE',''
  ) );
#7376 = PCURVE('',#6668,#7377);
#7377 = DEFINITIONAL_REPRESENTATION('',(#7378),#7382);
#7378 = LINE('',#7379,#7380);
#7379 = CARTESIAN_POINT('',(5.,0.));
#7380 = VECTOR('',#7381,1.);
#7381 = DIRECTION('',(0.,1.));
#7382 = ( GEOMETRIC_REPRESENTATION_CONTEXT(2) 
PARAMETRIC_REPRESENTATION_CONTEXT() REPRESENTATION_CONTEXT('2D SPACE',''
  ) );
#7383 = FACE_BOUND('',#7384,.T.);
#7384 = EDGE_LOOP('',(#7385));
#7385 = ORIENTED_EDGE('',*,*,#7386,.T.);
#7386 = EDGE_CURVE('',#7387,#7387,#7389,.T.);
#7387 = VERTEX_POINT('',#7388);
#7388 = CARTESIAN_POINT('',(24.7,22.,31.8));
#7389 = SURFACE_CURVE('',#7390,(#7395,#7406),.PCURVE_S1.);
#7390 = CIRCLE('',#7391,1.7);
#7391 = AXIS2_PLACEMENT_3D('',#7392,#7393,#7394);
#7392 = CARTESIAN_POINT('',(23.,22.,31.8));
#7393 = DIRECTION('',(0.,0.,-1.));
#7394 = DIRECTION('',(1.,0.,0.));
#7395 = PCURVE('',#6522,#7396);
#7396 = DEFINITIONAL_REPRESENTATION('',(#7397),#7405);
#7397 = ( BOUNDED_CURVE() B_SPLINE_CURVE(2,(#7398,#7399,#7400,#7401,
#7402,#7403,#7404),.UNSPECIFIED.,.T.,.F.) B_SPLINE_CURVE_WITH_KNOTS((1,2
    ,2,2,2,1),(-2.094395102393,0.,2.094395102393,4.188790204786,
6.28318530718,8.377580409573),.UNSPECIFIED.) CURVE() 
GEOMETRIC_REPRESENTATION_ITEM() RATIONAL_B_SPLINE_CURVE((1.,0.5,1.,0.5,
1.,0.5,1.)) REPRESENTATION_ITEM('') );
#7398 = CARTESIAN_POINT('',(6.2,6.5));
#7399 = CARTESIAN_POINT('',(6.2,3.555513627133));
#7400 = CARTESIAN_POINT('',(3.65,5.027756813566));
#7401 = CARTESIAN_POINT('',(1.1,6.5));
#7402 = CARTESIAN_POINT('',(3.65,7.972243186434));
#7403 = CARTESIAN_POINT('',(6.2,9.444486372867));
#7404 = CARTESIAN_POINT('',(6.2,6.5));
#7405 = ( GEOMETRIC_REPRESENTATION_CONTEXT(2) 
PARAMETRIC_REPRESENTATION_CONTEXT() REPRESENTATION_CONTEXT('2D SPACE',''
  ) );
#7406 = PCURVE('',#7407,#7412);
#7407 = CYLINDRICAL_SURFACE('',#7408,1.7);
#7408 = AXIS2_PLACEMENT_3D('',#7409,#7410,#7411);
#7409 = CARTESIAN_POINT('',(23.,22.,26.));
#7410 = DIRECTION('',(-0.,-0.,-1.));
#7411 = DIRECTION('',(1.,0.,0.));
#7412 = DEFINITIONAL_REPRESENTATION('',(#7413),#7417);
#7413 = LINE('',#7414,#7415);
#7414 = CARTESIAN_POINT('',(-6.28318530718,-5.8));
#7415 = VECTOR('',#7416,1.);
#7416 = DIRECTION('',(1.,-0.));
#7417 = ( GEOMETRIC_REPRESENTATION_CONTEXT(2) 
PARAMETRIC_REPRESENTATION_CONTEXT() REPRESENTATION_CONTEXT('2D SPACE',''
  ) );
#7418 = ADVANCED_FACE('',(#7419,#7471),#6640,.F.);
#7419 = FACE_BOUND('',#7420,.F.);
#7420 = EDGE_LOOP('',(#7421,#7448,#7449,#7470));
#7421 = ORIENTED_EDGE('',*,*,#7422,.F.);
#7422 = EDGE_CURVE('',#7105,#6625,#7423,.T.);
#7423 = SURFACE_CURVE('',#7424,(#7430,#7439),.PCURVE_S1.);
#7424 = B_SPLINE_CURVE_WITH_KNOTS('',4,(#7425,#7426,#7427,#7428,#7429),
  .UNSPECIFIED.,.F.,.F.,(5,5),(0.,1.),.PIECEWISE_BEZIER_KNOTS.);
#7425 = CARTESIAN_POINT('',(27.5,12.659318735032,26.8));
#7426 = CARTESIAN_POINT('',(25.25,12.659318735032,26.8));
#7427 = CARTESIAN_POINT('',(23.,12.659318735032,26.8));
#7428 = CARTESIAN_POINT('',(20.75,12.659318735032,26.8));
#7429 = CARTESIAN_POINT('',(18.5,12.659318735032,26.8));
#7430 = PCURVE('',#6640,#7431);
#7431 = DEFINITIONAL_REPRESENTATION('',(#7432),#7438);
#7432 = B_SPLINE_CURVE_WITH_KNOTS('',4,(#7433,#7434,#7435,#7436,#7437),
  .UNSPECIFIED.,.F.,.F.,(5,5),(0.,1.),.PIECEWISE_BEZIER_KNOTS.);
#7433 = CARTESIAN_POINT('',(77.5,62.659318735032));
#7434 = CARTESIAN_POINT('',(75.25,62.659318735032));
#7435 = CARTESIAN_POINT('',(73.,62.659318735032));
#7436 = CARTESIAN_POINT('',(70.75,62.659318735032));
#7437 = CARTESIAN_POINT('',(68.5,62.659318735032));
#7438 = ( GEOMETRIC_REPRESENTATION_CONTEXT(2) 
PARAMETRIC_REPRESENTATION_CONTEXT() REPRESENTATION_CONTEXT('2D SPACE',''
  ) );
#7439 = PCURVE('',#6890,#7440);
#7440 = DEFINITIONAL_REPRESENTATION('',(#7441),#7447);
#7441 = B_SPLINE_CURVE_WITH_KNOTS('',4,(#7442,#7443,#7444,#7445,#7446),
  .UNSPECIFIED.,.F.,.F.,(5,5),(0.,1.),.PIECEWISE_BEZIER_KNOTS.);
#7442 = CARTESIAN_POINT('',(4.771648282406,-10.));
#7443 = CARTESIAN_POINT('',(4.771648282406,-7.75));
#7444 = CARTESIAN_POINT('',(4.771648282406,-5.5));
#7445 = CARTESIAN_POINT('',(4.771648282406,-3.25));
#7446 = CARTESIAN_POINT('',(4.771648282406,-1.));
#7447 = ( GEOMETRIC_REPRESENTATION_CONTEXT(2) 
PARAMETRIC_REPRESENTATION_CONTEXT() REPRESENTATION_CONTEXT('2D SPACE',''
  ) );
#7448 = ORIENTED_EDGE('',*,*,#7287,.T.);
#7449 = ORIENTED_EDGE('',*,*,#7450,.F.);
#7450 = EDGE_CURVE('',#6623,#7288,#7451,.T.);
#7451 = SURFACE_CURVE('',#7452,(#7456,#7463),.PCURVE_S1.);
#7452 = LINE('',#7453,#7454);
#7453 = CARTESIAN_POINT('',(18.5,28.5,26.8));
#7454 = VECTOR('',#7455,1.);
#7455 = DIRECTION('',(1.,0.,0.));
#7456 = PCURVE('',#6640,#7457);
#7457 = DEFINITIONAL_REPRESENTATION('',(#7458),#7462);
#7458 = LINE('',#7459,#7460);
#7459 = CARTESIAN_POINT('',(68.5,78.5));
#7460 = VECTOR('',#7461,1.);
#7461 = DIRECTION('',(1.,0.));
#7462 = ( GEOMETRIC_REPRESENTATION_CONTEXT(2) 
PARAMETRIC_REPRESENTATION_CONTEXT() REPRESENTATION_CONTEXT('2D SPACE',''
  ) );
#7463 = PCURVE('',#6668,#7464);
#7464 = DEFINITIONAL_REPRESENTATION('',(#7465),#7469);
#7465 = LINE('',#7466,#7467);
#7466 = CARTESIAN_POINT('',(0.,0.));
#7467 = VECTOR('',#7468,1.);
#7468 = DIRECTION('',(0.,1.));
#7469 = ( GEOMETRIC_REPRESENTATION_CONTEXT(2) 
PARAMETRIC_REPRESENTATION_CONTEXT() REPRESENTATION_CONTEXT('2D SPACE',''
  ) );
#7470 = ORIENTED_EDGE('',*,*,#6622,.T.);
#7471 = FACE_BOUND('',#7472,.F.);
#7472 = EDGE_LOOP('',(#7473));
#7473 = ORIENTED_EDGE('',*,*,#7474,.T.);
#7474 = EDGE_CURVE('',#7475,#7475,#7477,.T.);
#7475 = VERTEX_POINT('',#7476);
#7476 = CARTESIAN_POINT('',(24.7,22.,26.8));
#7477 = SURFACE_CURVE('',#7478,(#7483,#7494),.PCURVE_S1.);
#7478 = CIRCLE('',#7479,1.7);
#7479 = AXIS2_PLACEMENT_3D('',#7480,#7481,#7482);
#7480 = CARTESIAN_POINT('',(23.,22.,26.8));
#7481 = DIRECTION('',(0.,0.,-1.));
#7482 = DIRECTION('',(1.,0.,0.));
#7483 = PCURVE('',#6640,#7484);
#7484 = DEFINITIONAL_REPRESENTATION('',(#7485),#7493);
#7485 = ( BOUNDED_CURVE() B_SPLINE_CURVE(2,(#7486,#7487,#7488,#7489,
#7490,#7491,#7492),.UNSPECIFIED.,.T.,.F.) B_SPLINE_CURVE_WITH_KNOTS((1,2
    ,2,2,2,1),(-2.094395102393,0.,2.094395102393,4.188790204786,
6.28318530718,8.377580409573),.UNSPECIFIED.) CURVE() 
GEOMETRIC_REPRESENTATION_ITEM() RATIONAL_B_SPLINE_CURVE((1.,0.5,1.,0.5,
1.,0.5,1.)) REPRESENTATION_ITEM('') );
#7486 = CARTESIAN_POINT('',(74.7,72.));
#7487 = CARTESIAN_POINT('',(74.7,69.055513627133));
#7488 = CARTESIAN_POINT('',(72.15,70.527756813566));
#7489 = CARTESIAN_POINT('',(69.6,72.));
#7490 = CARTESIAN_POINT('',(72.15,73.472243186434));
#7491 = CARTESIAN_POINT('',(74.7,74.944486372867));
#7492 = CARTESIAN_POINT('',(74.7,72.));
#7493 = ( GEOMETRIC_REPRESENTATION_CONTEXT(2) 
PARAMETRIC_REPRESENTATION_CONTEXT() REPRESENTATION_CONTEXT('2D SPACE',''
  ) );
#7494 = PCURVE('',#7407,#7495);
#7495 = DEFINITIONAL_REPRESENTATION('',(#7496),#7500);
#7496 = LINE('',#7497,#7498);
#7497 = CARTESIAN_POINT('',(-6.28318530718,-0.8));
#7498 = VECTOR('',#7499,1.);
#7499 = DIRECTION('',(1.,-0.));
#7500 = ( GEOMETRIC_REPRESENTATION_CONTEXT(2) 
PARAMETRIC_REPRESENTATION_CONTEXT() REPRESENTATION_CONTEXT('2D SPACE',''
  ) );
#7501 = ADVANCED_FACE('',(#7502),#6668,.T.);
#7502 = FACE_BOUND('',#7503,.T.);
#7503 = EDGE_LOOP('',(#7504,#7505,#7506,#7507));
#7504 = ORIENTED_EDGE('',*,*,#7450,.F.);
#7505 = ORIENTED_EDGE('',*,*,#6652,.T.);
#7506 = ORIENTED_EDGE('',*,*,#7363,.T.);
#7507 = ORIENTED_EDGE('',*,*,#7310,.F.);
#7508 = ADVANCED_FACE('',(#7509),#6742,.F.);
#7509 = FACE_BOUND('',#7510,.F.);
#7510 = EDGE_LOOP('',(#7511,#7532,#7533,#7534));
#7511 = ORIENTED_EDGE('',*,*,#7512,.F.);
#7512 = EDGE_CURVE('',#6727,#7059,#7513,.T.);
#7513 = SURFACE_CURVE('',#7514,(#7518,#7525),.PCURVE_S1.);
#7514 = LINE('',#7515,#7516);
#7515 = CARTESIAN_POINT('',(18.5,-28.5,26.8));
#7516 = VECTOR('',#7517,1.);
#7517 = DIRECTION('',(1.,0.,0.));
#7518 = PCURVE('',#6742,#7519);
#7519 = DEFINITIONAL_REPRESENTATION('',(#7520),#7524);
#7520 = LINE('',#7521,#7522);
#7521 = CARTESIAN_POINT('',(0.,0.));
#7522 = VECTOR('',#7523,1.);
#7523 = DIRECTION('',(0.,1.));
#7524 = ( GEOMETRIC_REPRESENTATION_CONTEXT(2) 
PARAMETRIC_REPRESENTATION_CONTEXT() REPRESENTATION_CONTEXT('2D SPACE',''
  ) );
#7525 = PCURVE('',#6770,#7526);
#7526 = DEFINITIONAL_REPRESENTATION('',(#7527),#7531);
#7527 = LINE('',#7528,#7529);
#7528 = CARTESIAN_POINT('',(68.5,21.5));
#7529 = VECTOR('',#7530,1.);
#7530 = DIRECTION('',(1.,0.));
#7531 = ( GEOMETRIC_REPRESENTATION_CONTEXT(2) 
PARAMETRIC_REPRESENTATION_CONTEXT() REPRESENTATION_CONTEXT('2D SPACE',''
  ) );
#7532 = ORIENTED_EDGE('',*,*,#6726,.T.);
#7533 = ORIENTED_EDGE('',*,*,#6975,.T.);
#7534 = ORIENTED_EDGE('',*,*,#7058,.F.);
#7535 = ADVANCED_FACE('',(#7536,#7568),#6770,.F.);
#7536 = FACE_BOUND('',#7537,.F.);
#7537 = EDGE_LOOP('',(#7538,#7539,#7540,#7567));
#7538 = ORIENTED_EDGE('',*,*,#7512,.T.);
#7539 = ORIENTED_EDGE('',*,*,#7081,.T.);
#7540 = ORIENTED_EDGE('',*,*,#7541,.T.);
#7541 = EDGE_CURVE('',#7082,#6755,#7542,.T.);
#7542 = SURFACE_CURVE('',#7543,(#7549,#7558),.PCURVE_S1.);
#7543 = B_SPLINE_CURVE_WITH_KNOTS('',4,(#7544,#7545,#7546,#7547,#7548),
  .UNSPECIFIED.,.F.,.F.,(5,5),(0.,1.),.PIECEWISE_BEZIER_KNOTS.);
#7544 = CARTESIAN_POINT('',(27.5,-12.65931873503,26.8));
#7545 = CARTESIAN_POINT('',(25.25,-12.65931873503,26.8));
#7546 = CARTESIAN_POINT('',(23.,-12.65931873503,26.8));
#7547 = CARTESIAN_POINT('',(20.75,-12.65931873503,26.8));
#7548 = CARTESIAN_POINT('',(18.5,-12.65931873503,26.8));
#7549 = PCURVE('',#6770,#7550);
#7550 = DEFINITIONAL_REPRESENTATION('',(#7551),#7557);
#7551 = B_SPLINE_CURVE_WITH_KNOTS('',4,(#7552,#7553,#7554,#7555,#7556),
  .UNSPECIFIED.,.F.,.F.,(5,5),(0.,1.),.PIECEWISE_BEZIER_KNOTS.);
#7552 = CARTESIAN_POINT('',(77.5,37.340681264968));
#7553 = CARTESIAN_POINT('',(75.25,37.340681264968));
#7554 = CARTESIAN_POINT('',(73.,37.340681264968));
#7555 = CARTESIAN_POINT('',(70.75,37.340681264968));
#7556 = CARTESIAN_POINT('',(68.5,37.340681264968));
#7557 = ( GEOMETRIC_REPRESENTATION_CONTEXT(2) 
PARAMETRIC_REPRESENTATION_CONTEXT() REPRESENTATION_CONTEXT('2D SPACE',''
  ) );
#7558 = PCURVE('',#6890,#7559);
#7559 = DEFINITIONAL_REPRESENTATION('',(#7560),#7566);
#7560 = B_SPLINE_CURVE_WITH_KNOTS('',4,(#7561,#7562,#7563,#7564,#7565),
  .UNSPECIFIED.,.F.,.F.,(5,5),(0.,1.),.PIECEWISE_BEZIER_KNOTS.);
#7561 = CARTESIAN_POINT('',(7.794722331953,-10.));
#7562 = CARTESIAN_POINT('',(7.794722331953,-7.75));
#7563 = CARTESIAN_POINT('',(7.794722331953,-5.5));
#7564 = CARTESIAN_POINT('',(7.794722331953,-3.25));
#7565 = CARTESIAN_POINT('',(7.794722331953,-1.));
#7566 = ( GEOMETRIC_REPRESENTATION_CONTEXT(2) 
PARAMETRIC_REPRESENTATION_CONTEXT() REPRESENTATION_CONTEXT('2D SPACE',''
  ) );
#7567 = ORIENTED_EDGE('',*,*,#6754,.T.);
#7568 = FACE_BOUND('',#7569,.F.);
#7569 = EDGE_LOOP('',(#7570));
#7570 = ORIENTED_EDGE('',*,*,#7571,.T.);
#7571 = EDGE_CURVE('',#7572,#7572,#7574,.T.);
#7572 = VERTEX_POINT('',#7573);
#7573 = CARTESIAN_POINT('',(24.7,-22.,26.8));
#7574 = SURFACE_CURVE('',#7575,(#7580,#7591),.PCURVE_S1.);
#7575 = CIRCLE('',#7576,1.7);
#7576 = AXIS2_PLACEMENT_3D('',#7577,#7578,#7579);
#7577 = CARTESIAN_POINT('',(23.,-22.,26.8));
#7578 = DIRECTION('',(0.,0.,-1.));
#7579 = DIRECTION('',(1.,0.,0.));
#7580 = PCURVE('',#6770,#7581);
#7581 = DEFINITIONAL_REPRESENTATION('',(#7582),#7590);
#7582 = ( BOUNDED_CURVE() B_SPLINE_CURVE(2,(#7583,#7584,#7585,#7586,
#7587,#7588,#7589),.UNSPECIFIED.,.T.,.F.) B_SPLINE_CURVE_WITH_KNOTS((1,2
    ,2,2,2,1),(-2.094395102393,0.,2.094395102393,4.188790204786,
6.28318530718,8.377580409573),.UNSPECIFIED.) CURVE() 
GEOMETRIC_REPRESENTATION_ITEM() RATIONAL_B_SPLINE_CURVE((1.,0.5,1.,0.5,
1.,0.5,1.)) REPRESENTATION_ITEM('') );
#7583 = CARTESIAN_POINT('',(74.7,28.));
#7584 = CARTESIAN_POINT('',(74.7,25.055513627133));
#7585 = CARTESIAN_POINT('',(72.15,26.527756813566));
#7586 = CARTESIAN_POINT('',(69.6,28.));
#7587 = CARTESIAN_POINT('',(72.15,29.472243186434));
#7588 = CARTESIAN_POINT('',(74.7,30.944486372867));
#7589 = CARTESIAN_POINT('',(74.7,28.));
#7590 = ( GEOMETRIC_REPRESENTATION_CONTEXT(2) 
PARAMETRIC_REPRESENTATION_CONTEXT() REPRESENTATION_CONTEXT('2D SPACE',''
  ) );
#7591 = PCURVE('',#7043,#7592);
#7592 = DEFINITIONAL_REPRESENTATION('',(#7593),#7597);
#7593 = LINE('',#7594,#7595);
#7594 = CARTESIAN_POINT('',(-6.28318530718,-0.8));
#7595 = VECTOR('',#7596,1.);
#7596 = DIRECTION('',(1.,-0.));
#7597 = ( GEOMETRIC_REPRESENTATION_CONTEXT(2) 
PARAMETRIC_REPRESENTATION_CONTEXT() REPRESENTATION_CONTEXT('2D SPACE',''
  ) );
#7598 = ADVANCED_FACE('',(#7599),#6890,.T.);
#7599 = FACE_BOUND('',#7600,.T.);
#7600 = EDGE_LOOP('',(#7601,#7602,#7603,#7604));
#7601 = ORIENTED_EDGE('',*,*,#7104,.F.);
#7602 = ORIENTED_EDGE('',*,*,#7541,.T.);
#7603 = ORIENTED_EDGE('',*,*,#6782,.F.);
#7604 = ORIENTED_EDGE('',*,*,#7422,.F.);
#7605 = ADVANCED_FACE('',(#7606),#7043,.F.);
#7606 = FACE_BOUND('',#7607,.T.);
#7607 = EDGE_LOOP('',(#7608,#7609,#7630,#7631));
#7608 = ORIENTED_EDGE('',*,*,#7571,.T.);
#7609 = ORIENTED_EDGE('',*,*,#7610,.T.);
#7610 = EDGE_CURVE('',#7572,#7023,#7611,.T.);
#7611 = SEAM_CURVE('',#7612,(#7616,#7623),.PCURVE_S1.);
#7612 = LINE('',#7613,#7614);
#7613 = CARTESIAN_POINT('',(24.7,-22.,26.));
#7614 = VECTOR('',#7615,1.);
#7615 = DIRECTION('',(0.,0.,1.));
#7616 = PCURVE('',#7043,#7617);
#7617 = DEFINITIONAL_REPRESENTATION('',(#7618),#7622);
#7618 = LINE('',#7619,#7620);
#7619 = CARTESIAN_POINT('',(-6.28318530718,0.));
#7620 = VECTOR('',#7621,1.);
#7621 = DIRECTION('',(-0.,-1.));
#7622 = ( GEOMETRIC_REPRESENTATION_CONTEXT(2) 
PARAMETRIC_REPRESENTATION_CONTEXT() REPRESENTATION_CONTEXT('2D SPACE',''
  ) );
#7623 = PCURVE('',#7043,#7624);
#7624 = DEFINITIONAL_REPRESENTATION('',(#7625),#7629);
#7625 = LINE('',#7626,#7627);
#7626 = CARTESIAN_POINT('',(-0.,0.));
#7627 = VECTOR('',#7628,1.);
#7628 = DIRECTION('',(-0.,-1.));
#7629 = ( GEOMETRIC_REPRESENTATION_CONTEXT(2) 
PARAMETRIC_REPRESENTATION_CONTEXT() REPRESENTATION_CONTEXT('2D SPACE',''
  ) );
#7630 = ORIENTED_EDGE('',*,*,#7022,.F.);
#7631 = ORIENTED_EDGE('',*,*,#7610,.F.);
#7632 = ADVANCED_FACE('',(#7633),#7407,.F.);
#7633 = FACE_BOUND('',#7634,.T.);
#7634 = EDGE_LOOP('',(#7635,#7636,#7657,#7658));
#7635 = ORIENTED_EDGE('',*,*,#7474,.T.);
#7636 = ORIENTED_EDGE('',*,*,#7637,.T.);
#7637 = EDGE_CURVE('',#7475,#7387,#7638,.T.);
#7638 = SEAM_CURVE('',#7639,(#7643,#7650),.PCURVE_S1.);
#7639 = LINE('',#7640,#7641);
#7640 = CARTESIAN_POINT('',(24.7,22.,26.));
#7641 = VECTOR('',#7642,1.);
#7642 = DIRECTION('',(0.,0.,1.));
#7643 = PCURVE('',#7407,#7644);
#7644 = DEFINITIONAL_REPRESENTATION('',(#7645),#7649);
#7645 = LINE('',#7646,#7647);
#7646 = CARTESIAN_POINT('',(-6.28318530718,0.));
#7647 = VECTOR('',#7648,1.);
#7648 = DIRECTION('',(-0.,-1.));
#7649 = ( GEOMETRIC_REPRESENTATION_CONTEXT(2) 
PARAMETRIC_REPRESENTATION_CONTEXT() REPRESENTATION_CONTEXT('2D SPACE',''
  ) );
#7650 = PCURVE('',#7407,#7651);
#7651 = DEFINITIONAL_REPRESENTATION('',(#7652),#7656);
#7652 = LINE('',#7653,#7654);
#7653 = CARTESIAN_POINT('',(-0.,0.));
#7654 = VECTOR('',#7655,1.);
#7655 = DIRECTION('',(-0.,-1.));
#7656 = ( GEOMETRIC_REPRESENTATION_CONTEXT(2) 
PARAMETRIC_REPRESENTATION_CONTEXT() REPRESENTATION_CONTEXT('2D SPACE',''
  ) );
#7657 = ORIENTED_EDGE('',*,*,#7386,.F.);
#7658 = ORIENTED_EDGE('',*,*,#7637,.F.);
#7659 = ( GEOMETRIC_REPRESENTATION_CONTEXT(3) 
GLOBAL_UNCERTAINTY_ASSIGNED_CONTEXT((#7663)) 
GLOBAL_UNIT_ASSIGNED_CONTEXT((#7660,#7661,#7662)) REPRESENTATION_CONTEXT
('Context #1','3D Context with UNIT and UNCERTAINTY') );
#7660 = ( LENGTH_UNIT() NAMED_UNIT(*) SI_UNIT(.MILLI.,.METRE.) );
#7661 = ( NAMED_UNIT(*) PLANE_ANGLE_UNIT() SI_UNIT($,.RADIAN.) );
#7662 = ( NAMED_UNIT(*) SI_UNIT($,.STERADIAN.) SOLID_ANGLE_UNIT() );
#7663 = UNCERTAINTY_MEASURE_WITH_UNIT(LENGTH_MEASURE(2.E-06),#7660,
  'distance_accuracy_value','confusion accuracy');
#7664 = CONTEXT_DEPENDENT_SHAPE_REPRESENTATION(#7665,#7667);
#7665 = ( REPRESENTATION_RELATIONSHIP('','',#6434,#10) 
REPRESENTATION_RELATIONSHIP_WITH_TRANSFORMATION(#7666) 
SHAPE_REPRESENTATION_RELATIONSHIP() );
#7666 = ITEM_DEFINED_TRANSFORMATION('','',#11,#23);
#7667 = PRODUCT_DEFINITION_SHAPE('Placement','Placement of an item',
  #7668);
#7668 = NEXT_ASSEMBLY_USAGE_OCCURRENCE('6','','',#5,#6429,$);
#7669 = PRODUCT_RELATED_PRODUCT_CATEGORY('part',$,(#6431));
#7670 = SHAPE_DEFINITION_REPRESENTATION(#7671,#7677);
#7671 = PRODUCT_DEFINITION_SHAPE('','',#7672);
#7672 = PRODUCT_DEFINITION('design','',#7673,#7676);
#7673 = PRODUCT_DEFINITION_FORMATION('','',#7674);
#7674 = PRODUCT('Open CASCADE STEP translator 7.9 6.4',
  'Open CASCADE STEP translator 7.9 6.4','',(#7675));
#7675 = PRODUCT_CONTEXT('',#2,'mechanical');
#7676 = PRODUCT_DEFINITION_CONTEXT('part definition',#2,'design');
#7677 = ADVANCED_BREP_SHAPE_REPRESENTATION('',(#11,#7678),#7801);
#7678 = MANIFOLD_SOLID_BREP('',#7679);
#7679 = CLOSED_SHELL('',(#7680,#7793,#7797));
#7680 = ADVANCED_FACE('',(#7681),#7694,.T.);
#7681 = FACE_BOUND('',#7682,.T.);
#7682 = EDGE_LOOP('',(#7683,#7743,#7765,#7792));
#7683 = ORIENTED_EDGE('',*,*,#7684,.T.);
#7684 = EDGE_CURVE('',#7685,#7685,#7687,.T.);
#7685 = VERTEX_POINT('',#7686);
#7686 = CARTESIAN_POINT('',(-47.5,1.582067810091E-15,40.25));
#7687 = SURFACE_CURVE('',#7688,(#7693,#7731),.PCURVE_S1.);
#7688 = ELLIPSE('',#7689,14.25,13.25);
#7689 = AXIS2_PLACEMENT_3D('',#7690,#7691,#7692);
#7690 = CARTESIAN_POINT('',(-47.5,0.,26.));
#7691 = DIRECTION('',(1.,0.,-0.));
#7692 = DIRECTION('',(0.,1.110223024625E-16,1.));
#7693 = PCURVE('',#7694,#7725);
#7694 = B_SPLINE_SURFACE_WITH_KNOTS('',14,1,(
    (#7695,#7696)
    ,(#7697,#7698)
    ,(#7699,#7700)
    ,(#7701,#7702)
    ,(#7703,#7704)
    ,(#7705,#7706)
    ,(#7707,#7708)
    ,(#7709,#7710)
    ,(#7711,#7712)
    ,(#7713,#7714)
    ,(#7715,#7716)
    ,(#7717,#7718)
    ,(#7719,#7720)
    ,(#7721,#7722)
    ,(#7723,#7724
    )),.UNSPECIFIED.,.T.,.F.,.F.,(15,15),(2,2),(0.,6.28318530718),(0.,1.
    ),.PIECEWISE_BEZIER_KNOTS.);
#7695 = CARTESIAN_POINT('',(-47.5,3.347282597412E-15,40.25));
#7696 = CARTESIAN_POINT('',(47.5,4.29810881114E-15,38.75));
#7697 = CARTESIAN_POINT('',(-47.5,-5.946586094299,40.250000000001));
#7698 = CARTESIAN_POINT('',(47.500000000002,-5.385587406159,
    38.749999999999));
#7699 = CARTESIAN_POINT('',(-47.49999999999,-11.8931743836,
    37.158970352906));
#7700 = CARTESIAN_POINT('',(47.499999999996,-10.77117680024,
    35.984341894714));
#7701 = CARTESIAN_POINT('',(-47.49999999999,-16.3348563421,
    30.976907107124));
#7702 = CARTESIAN_POINT('',(47.499999999997,-14.79383215889,
    30.453022148454));
#7703 = CARTESIAN_POINT('',(-47.50000000004,-17.76689314468,
    22.628298740044));
#7704 = CARTESIAN_POINT('',(47.500000000041,-16.09077114988,
    22.983214662201));
#7705 = CARTESIAN_POINT('',(-47.49999999987,-15.2239434084,
    13.961946839099));
#7706 = CARTESIAN_POINT('',(47.499999999874,-13.78772233217,
    15.229110329619));
#7707 = CARTESIAN_POINT('',(-47.50000000024,-8.822979499722,
    7.346155751618));
#7708 = CARTESIAN_POINT('',(47.500000000244,-7.990622943108,
    9.309718304225));
#7709 = CARTESIAN_POINT('',(-47.49999999965,-2.1393731231E-10,
    4.855442420487));
#7710 = CARTESIAN_POINT('',(47.499999999657,-2.26823004823E-10,
    7.08118532342));
#7711 = CARTESIAN_POINT('',(-47.50000000037,8.822979500114,
    7.346155751686));
#7712 = CARTESIAN_POINT('',(47.50000000037,7.990622943523,9.309718304308
    ));
#7713 = CARTESIAN_POINT('',(-47.49999999968,15.223943408104,
    13.961946838998));
#7714 = CARTESIAN_POINT('',(47.499999999685,13.787722331855,
    15.229110329498));
#7715 = CARTESIAN_POINT('',(-47.50000000021,17.766893144873,
    22.628298740134));
#7716 = CARTESIAN_POINT('',(47.500000000211,16.090771150078,
    22.983214662309));
#7717 = CARTESIAN_POINT('',(-47.49999999989,16.334856342006,
    30.976907107068));
#7718 = CARTESIAN_POINT('',(47.499999999891,14.793832158796,
    30.453022148388));
#7719 = CARTESIAN_POINT('',(-47.50000000004,11.893174383643,
    37.15897035293));
#7720 = CARTESIAN_POINT('',(47.500000000041,10.77117680028,
    35.984341894741));
#7721 = CARTESIAN_POINT('',(-47.49999999999,5.946586094292,
    40.249999999996));
#7722 = CARTESIAN_POINT('',(47.499999999991,5.385587406151,
    38.749999999993));
#7723 = CARTESIAN_POINT('',(-47.5,-6.588723793556E-15,40.25));
#7724 = CARTESIAN_POINT('',(47.5,6.82902288637E-15,38.75));
#7725 = DEFINITIONAL_REPRESENTATION('',(#7726),#7730);
#7726 = LINE('',#7727,#7728);
#7727 = CARTESIAN_POINT('',(0.,0.));
#7728 = VECTOR('',#7729,1.);
#7729 = DIRECTION('',(1.,0.));
#7730 = ( GEOMETRIC_REPRESENTATION_CONTEXT(2) 
PARAMETRIC_REPRESENTATION_CONTEXT() REPRESENTATION_CONTEXT('2D SPACE',''
  ) );
#7731 = PCURVE('',#7732,#7737);
#7732 = PLANE('',#7733);
#7733 = AXIS2_PLACEMENT_3D('',#7734,#7735,#7736);
#7734 = CARTESIAN_POINT('',(-47.5,0.,26.));
#7735 = DIRECTION('',(1.,0.,-0.));
#7736 = DIRECTION('',(0.,1.110223024625E-16,1.));
#7737 = DEFINITIONAL_REPRESENTATION('',(#7738),#7742);
#7738 = ELLIPSE('',#7739,14.25,13.25);
#7739 = AXIS2_PLACEMENT_2D('',#7740,#7741);
#7740 = CARTESIAN_POINT('',(0.,0.));
#7741 = DIRECTION('',(1.,0.));
#7742 = ( GEOMETRIC_REPRESENTATION_CONTEXT(2) 
PARAMETRIC_REPRESENTATION_CONTEXT() REPRESENTATION_CONTEXT('2D SPACE',''
  ) );
#7743 = ORIENTED_EDGE('',*,*,#7744,.T.);
#7744 = EDGE_CURVE('',#7685,#7745,#7747,.T.);
#7745 = VERTEX_POINT('',#7746);
#7746 = CARTESIAN_POINT('',(47.5,1.415534356397E-15,38.75));
#7747 = SEAM_CURVE('',#7748,(#7751,#7758),.PCURVE_S1.);
#7748 = B_SPLINE_CURVE_WITH_KNOTS('',1,(#7749,#7750),.UNSPECIFIED.,.F.,
  .F.,(2,2),(0.,1.),.PIECEWISE_BEZIER_KNOTS.);
#7749 = CARTESIAN_POINT('',(-47.5,3.347282597412E-15,40.25));
#7750 = CARTESIAN_POINT('',(47.5,4.29810881114E-15,38.75));
#7751 = PCURVE('',#7694,#7752);
#7752 = DEFINITIONAL_REPRESENTATION('',(#7753),#7757);
#7753 = LINE('',#7754,#7755);
#7754 = CARTESIAN_POINT('',(6.28318530718,0.));
#7755 = VECTOR('',#7756,1.);
#7756 = DIRECTION('',(0.,1.));
#7757 = ( GEOMETRIC_REPRESENTATION_CONTEXT(2) 
PARAMETRIC_REPRESENTATION_CONTEXT() REPRESENTATION_CONTEXT('2D SPACE',''
  ) );
#7758 = PCURVE('',#7694,#7759);
#7759 = DEFINITIONAL_REPRESENTATION('',(#7760),#7764);
#7760 = LINE('',#7761,#7762);
#7761 = CARTESIAN_POINT('',(0.,0.));
#7762 = VECTOR('',#7763,1.);
#7763 = DIRECTION('',(0.,1.));
#7764 = ( GEOMETRIC_REPRESENTATION_CONTEXT(2) 
PARAMETRIC_REPRESENTATION_CONTEXT() REPRESENTATION_CONTEXT('2D SPACE',''
  ) );
#7765 = ORIENTED_EDGE('',*,*,#7766,.F.);
#7766 = EDGE_CURVE('',#7745,#7745,#7767,.T.);
#7767 = SURFACE_CURVE('',#7768,(#7773,#7780),.PCURVE_S1.);
#7768 = ELLIPSE('',#7769,12.75,12.);
#7769 = AXIS2_PLACEMENT_3D('',#7770,#7771,#7772);
#7770 = CARTESIAN_POINT('',(47.5,0.,26.));
#7771 = DIRECTION('',(1.,0.,-0.));
#7772 = DIRECTION('',(0.,1.110223024625E-16,1.));
#7773 = PCURVE('',#7694,#7774);
#7774 = DEFINITIONAL_REPRESENTATION('',(#7775),#7779);
#7775 = LINE('',#7776,#7777);
#7776 = CARTESIAN_POINT('',(0.,1.));
#7777 = VECTOR('',#7778,1.);
#7778 = DIRECTION('',(1.,0.));
#7779 = ( GEOMETRIC_REPRESENTATION_CONTEXT(2) 
PARAMETRIC_REPRESENTATION_CONTEXT() REPRESENTATION_CONTEXT('2D SPACE',''
  ) );
#7780 = PCURVE('',#7781,#7786);
#7781 = PLANE('',#7782);
#7782 = AXIS2_PLACEMENT_3D('',#7783,#7784,#7785);
#7783 = CARTESIAN_POINT('',(47.5,0.,26.));
#7784 = DIRECTION('',(1.,0.,-0.));
#7785 = DIRECTION('',(0.,1.110223024625E-16,1.));
#7786 = DEFINITIONAL_REPRESENTATION('',(#7787),#7791);
#7787 = ELLIPSE('',#7788,12.75,12.);
#7788 = AXIS2_PLACEMENT_2D('',#7789,#7790);
#7789 = CARTESIAN_POINT('',(0.,0.));
#7790 = DIRECTION('',(1.,0.));
#7791 = ( GEOMETRIC_REPRESENTATION_CONTEXT(2) 
PARAMETRIC_REPRESENTATION_CONTEXT() REPRESENTATION_CONTEXT('2D SPACE',''
  ) );
#7792 = ORIENTED_EDGE('',*,*,#7744,.F.);
#7793 = ADVANCED_FACE('',(#7794),#7732,.F.);
#7794 = FACE_BOUND('',#7795,.F.);
#7795 = EDGE_LOOP('',(#7796));
#7796 = ORIENTED_EDGE('',*,*,#7684,.T.);
#7797 = ADVANCED_FACE('',(#7798),#7781,.T.);
#7798 = FACE_BOUND('',#7799,.T.);
#7799 = EDGE_LOOP('',(#7800));
#7800 = ORIENTED_EDGE('',*,*,#7766,.T.);
#7801 = ( GEOMETRIC_REPRESENTATION_CONTEXT(3) 
GLOBAL_UNCERTAINTY_ASSIGNED_CONTEXT((#7805)) 
GLOBAL_UNIT_ASSIGNED_CONTEXT((#7802,#7803,#7804)) REPRESENTATION_CONTEXT
('Context #1','3D Context with UNIT and UNCERTAINTY') );
#7802 = ( LENGTH_UNIT() NAMED_UNIT(*) SI_UNIT(.MILLI.,.METRE.) );
#7803 = ( NAMED_UNIT(*) PLANE_ANGLE_UNIT() SI_UNIT($,.RADIAN.) );
#7804 = ( NAMED_UNIT(*) SI_UNIT($,.STERADIAN.) SOLID_ANGLE_UNIT() );
#7805 = UNCERTAINTY_MEASURE_WITH_UNIT(LENGTH_MEASURE(1.E-07),#7802,
  'distance_accuracy_value','confusion accuracy');
#7806 = CONTEXT_DEPENDENT_SHAPE_REPRESENTATION(#7807,#7809);
#7807 = ( REPRESENTATION_RELATIONSHIP('','',#7677,#10) 
REPRESENTATION_RELATIONSHIP_WITH_TRANSFORMATION(#7808) 
SHAPE_REPRESENTATION_RELATIONSHIP() );
#7808 = ITEM_DEFINED_TRANSFORMATION('','',#11,#27);
#7809 = PRODUCT_DEFINITION_SHAPE('Placement','Placement of an item',
  #7810);
#7810 = NEXT_ASSEMBLY_USAGE_OCCURRENCE('7','','',#5,#7672,$);
#7811 = PRODUCT_RELATED_PRODUCT_CATEGORY('part',$,(#7674));
#7812 = SHAPE_DEFINITION_REPRESENTATION(#7813,#7819);
#7813 = PRODUCT_DEFINITION_SHAPE('','',#7814);
#7814 = PRODUCT_DEFINITION('design','',#7815,#7818);
#7815 = PRODUCT_DEFINITION_FORMATION('','',#7816);
#7816 = PRODUCT('Open CASCADE STEP translator 7.9 6.5',
  'Open CASCADE STEP translator 7.9 6.5','',(#7817));
#7817 = PRODUCT_CONTEXT('',#2,'mechanical');
#7818 = PRODUCT_DEFINITION_CONTEXT('part definition',#2,'design');
#7819 = ADVANCED_BREP_SHAPE_REPRESENTATION('',(#11,#7820),#8228);
#7820 = MANIFOLD_SOLID_BREP('',#7821);
#7821 = CLOSED_SHELL('',(#7822,#7942,#8018,#8094,#8165,#8212,#8220));
#7822 = ADVANCED_FACE('',(#7823),#7837,.F.);
#7823 = FACE_BOUND('',#7824,.F.);
#7824 = EDGE_LOOP('',(#7825,#7860,#7888,#7916));
#7825 = ORIENTED_EDGE('',*,*,#7826,.T.);
#7826 = EDGE_CURVE('',#7827,#7829,#7831,.T.);
#7827 = VERTEX_POINT('',#7828);
#7828 = CARTESIAN_POINT('',(-49.5,-21.,67.25));
#7829 = VERTEX_POINT('',#7830);
#7830 = CARTESIAN_POINT('',(-49.5,-21.,68.25));
#7831 = SURFACE_CURVE('',#7832,(#7836,#7848),.PCURVE_S1.);
#7832 = LINE('',#7833,#7834);
#7833 = CARTESIAN_POINT('',(-49.5,-21.,67.25));
#7834 = VECTOR('',#7835,1.);
#7835 = DIRECTION('',(0.,0.,1.));
#7836 = PCURVE('',#7837,#7842);
#7837 = PLANE('',#7838);
#7838 = AXIS2_PLACEMENT_3D('',#7839,#7840,#7841);
#7839 = CARTESIAN_POINT('',(-49.5,-21.,67.25));
#7840 = DIRECTION('',(-3.497858217562E-02,0.999388062161,0.));
#7841 = DIRECTION('',(0.999388062161,3.497858217562E-02,0.));
#7842 = DEFINITIONAL_REPRESENTATION('',(#7843),#7847);
#7843 = LINE('',#7844,#7845);
#7844 = CARTESIAN_POINT('',(0.,0.));
#7845 = VECTOR('',#7846,1.);
#7846 = DIRECTION('',(0.,-1.));
#7847 = ( GEOMETRIC_REPRESENTATION_CONTEXT(2) 
PARAMETRIC_REPRESENTATION_CONTEXT() REPRESENTATION_CONTEXT('2D SPACE',''
  ) );
#7848 = PCURVE('',#7849,#7854);
#7849 = PLANE('',#7850);
#7850 = AXIS2_PLACEMENT_3D('',#7851,#7852,#7853);
#7851 = CARTESIAN_POINT('',(-49.5,21.,67.25));
#7852 = DIRECTION('',(1.,0.,-0.));
#7853 = DIRECTION('',(0.,-1.,0.));
#7854 = DEFINITIONAL_REPRESENTATION('',(#7855),#7859);
#7855 = LINE('',#7856,#7857);
#7856 = CARTESIAN_POINT('',(42.,0.));
#7857 = VECTOR('',#7858,1.);
#7858 = DIRECTION('',(0.,-1.));
#7859 = ( GEOMETRIC_REPRESENTATION_CONTEXT(2) 
PARAMETRIC_REPRESENTATION_CONTEXT() REPRESENTATION_CONTEXT('2D SPACE',''
  ) );
#7860 = ORIENTED_EDGE('',*,*,#7861,.T.);
#7861 = EDGE_CURVE('',#7829,#7862,#7864,.T.);
#7862 = VERTEX_POINT('',#7863);
#7863 = CARTESIAN_POINT('',(50.5,-17.5,68.25));
#7864 = SURFACE_CURVE('',#7865,(#7869,#7876),.PCURVE_S1.);
#7865 = LINE('',#7866,#7867);
#7866 = CARTESIAN_POINT('',(-49.5,-21.,68.25));
#7867 = VECTOR('',#7868,1.);
#7868 = DIRECTION('',(0.999388062161,3.497858217562E-02,0.));
#7869 = PCURVE('',#7837,#7870);
#7870 = DEFINITIONAL_REPRESENTATION('',(#7871),#7875);
#7871 = LINE('',#7872,#7873);
#7872 = CARTESIAN_POINT('',(0.,-1.));
#7873 = VECTOR('',#7874,1.);
#7874 = DIRECTION('',(1.,0.));
#7875 = ( GEOMETRIC_REPRESENTATION_CONTEXT(2) 
PARAMETRIC_REPRESENTATION_CONTEXT() REPRESENTATION_CONTEXT('2D SPACE',''
  ) );
#7876 = PCURVE('',#7877,#7882);
#7877 = PLANE('',#7878);
#7878 = AXIS2_PLACEMENT_3D('',#7879,#7880,#7881);
#7879 = CARTESIAN_POINT('',(5.750374034704,7.540718903546E-16,68.25));
#7880 = DIRECTION('',(0.,0.,1.));
#7881 = DIRECTION('',(1.,0.,-0.));
#7882 = DEFINITIONAL_REPRESENTATION('',(#7883),#7887);
#7883 = LINE('',#7884,#7885);
#7884 = CARTESIAN_POINT('',(-55.2503740347,-21.));
#7885 = VECTOR('',#7886,1.);
#7886 = DIRECTION('',(0.999388062161,3.497858217562E-02));
#7887 = ( GEOMETRIC_REPRESENTATION_CONTEXT(2) 
PARAMETRIC_REPRESENTATION_CONTEXT() REPRESENTATION_CONTEXT('2D SPACE',''
  ) );
#7888 = ORIENTED_EDGE('',*,*,#7889,.F.);
#7889 = EDGE_CURVE('',#7890,#7862,#7892,.T.);
#7890 = VERTEX_POINT('',#7891);
#7891 = CARTESIAN_POINT('',(50.5,-17.5,67.25));
#7892 = SURFACE_CURVE('',#7893,(#7897,#7904),.PCURVE_S1.);
#7893 = LINE('',#7894,#7895);
#7894 = CARTESIAN_POINT('',(50.5,-17.5,67.25));
#7895 = VECTOR('',#7896,1.);
#7896 = DIRECTION('',(0.,0.,1.));
#7897 = PCURVE('',#7837,#7898);
#7898 = DEFINITIONAL_REPRESENTATION('',(#7899),#7903);
#7899 = LINE('',#7900,#7901);
#7900 = CARTESIAN_POINT('',(100.06123125366,0.));
#7901 = VECTOR('',#7902,1.);
#7902 = DIRECTION('',(0.,-1.));
#7903 = ( GEOMETRIC_REPRESENTATION_CONTEXT(2) 
PARAMETRIC_REPRESENTATION_CONTEXT() REPRESENTATION_CONTEXT('2D SPACE',''
  ) );
#7904 = PCURVE('',#7905,#7910);
#7905 = PLANE('',#7906);
#7906 = AXIS2_PLACEMENT_3D('',#7907,#7908,#7909);
#7907 = CARTESIAN_POINT('',(50.5,-17.5,67.25));
#7908 = DIRECTION('',(-0.589172157449,0.808007530216,0.));
#7909 = DIRECTION('',(0.808007530216,0.589172157449,0.));
#7910 = DEFINITIONAL_REPRESENTATION('',(#7911),#7915);
#7911 = LINE('',#7912,#7913);
#7912 = CARTESIAN_POINT('',(0.,0.));
#7913 = VECTOR('',#7914,1.);
#7914 = DIRECTION('',(0.,-1.));
#7915 = ( GEOMETRIC_REPRESENTATION_CONTEXT(2) 
PARAMETRIC_REPRESENTATION_CONTEXT() REPRESENTATION_CONTEXT('2D SPACE',''
  ) );
#7916 = ORIENTED_EDGE('',*,*,#7917,.F.);
#7917 = EDGE_CURVE('',#7827,#7890,#7918,.T.);
#7918 = SURFACE_CURVE('',#7919,(#7923,#7930),.PCURVE_S1.);
#7919 = LINE('',#7920,#7921);
#7920 = CARTESIAN_POINT('',(-49.5,-21.,67.25));
#7921 = VECTOR('',#7922,1.);
#7922 = DIRECTION('',(0.999388062161,3.497858217562E-02,0.));
#7923 = PCURVE('',#7837,#7924);
#7924 = DEFINITIONAL_REPRESENTATION('',(#7925),#7929);
#7925 = LINE('',#7926,#7927);
#7926 = CARTESIAN_POINT('',(0.,0.));
#7927 = VECTOR('',#7928,1.);
#7928 = DIRECTION('',(1.,0.));
#7929 = ( GEOMETRIC_REPRESENTATION_CONTEXT(2) 
PARAMETRIC_REPRESENTATION_CONTEXT() REPRESENTATION_CONTEXT('2D SPACE',''
  ) );
#7930 = PCURVE('',#7931,#7936);
#7931 = PLANE('',#7932);
#7932 = AXIS2_PLACEMENT_3D('',#7933,#7934,#7935);
#7933 = CARTESIAN_POINT('',(5.750374034704,7.540718903546E-16,67.25));
#7934 = DIRECTION('',(0.,0.,1.));
#7935 = DIRECTION('',(1.,0.,-0.));
#7936 = DEFINITIONAL_REPRESENTATION('',(#7937),#7941);
#7937 = LINE('',#7938,#7939);
#7938 = CARTESIAN_POINT('',(-55.2503740347,-21.));
#7939 = VECTOR('',#7940,1.);
#7940 = DIRECTION('',(0.999388062161,3.497858217562E-02));
#7941 = ( GEOMETRIC_REPRESENTATION_CONTEXT(2) 
PARAMETRIC_REPRESENTATION_CONTEXT() REPRESENTATION_CONTEXT('2D SPACE',''
  ) );
#7942 = ADVANCED_FACE('',(#7943),#7905,.F.);
#7943 = FACE_BOUND('',#7944,.F.);
#7944 = EDGE_LOOP('',(#7945,#7946,#7969,#7997));
#7945 = ORIENTED_EDGE('',*,*,#7889,.T.);
#7946 = ORIENTED_EDGE('',*,*,#7947,.T.);
#7947 = EDGE_CURVE('',#7862,#7948,#7950,.T.);
#7948 = VERTEX_POINT('',#7949);
#7949 = CARTESIAN_POINT('',(74.5,0.,68.25));
#7950 = SURFACE_CURVE('',#7951,(#7955,#7962),.PCURVE_S1.);
#7951 = LINE('',#7952,#7953);
#7952 = CARTESIAN_POINT('',(50.5,-17.5,68.25));
#7953 = VECTOR('',#7954,1.);
#7954 = DIRECTION('',(0.808007530216,0.589172157449,0.));
#7955 = PCURVE('',#7905,#7956);
#7956 = DEFINITIONAL_REPRESENTATION('',(#7957),#7961);
#7957 = LINE('',#7958,#7959);
#7958 = CARTESIAN_POINT('',(0.,-1.));
#7959 = VECTOR('',#7960,1.);
#7960 = DIRECTION('',(1.,0.));
#7961 = ( GEOMETRIC_REPRESENTATION_CONTEXT(2) 
PARAMETRIC_REPRESENTATION_CONTEXT() REPRESENTATION_CONTEXT('2D SPACE',''
  ) );
#7962 = PCURVE('',#7877,#7963);
#7963 = DEFINITIONAL_REPRESENTATION('',(#7964),#7968);
#7964 = LINE('',#7965,#7966);
#7965 = CARTESIAN_POINT('',(44.749625965296,-17.5));
#7966 = VECTOR('',#7967,1.);
#7967 = DIRECTION('',(0.808007530216,0.589172157449));
#7968 = ( GEOMETRIC_REPRESENTATION_CONTEXT(2) 
PARAMETRIC_REPRESENTATION_CONTEXT() REPRESENTATION_CONTEXT('2D SPACE',''
  ) );
#7969 = ORIENTED_EDGE('',*,*,#7970,.F.);
#7970 = EDGE_CURVE('',#7971,#7948,#7973,.T.);
#7971 = VERTEX_POINT('',#7972);
#7972 = CARTESIAN_POINT('',(74.5,0.,67.25));
#7973 = SURFACE_CURVE('',#7974,(#7978,#7985),.PCURVE_S1.);
#7974 = LINE('',#7975,#7976);
#7975 = CARTESIAN_POINT('',(74.5,0.,67.25));
#7976 = VECTOR('',#7977,1.);
#7977 = DIRECTION('',(0.,0.,1.));
#7978 = PCURVE('',#7905,#7979);
#7979 = DEFINITIONAL_REPRESENTATION('',(#7980),#7984);
#7980 = LINE('',#7981,#7982);
#7981 = CARTESIAN_POINT('',(29.702693480558,0.));
#7982 = VECTOR('',#7983,1.);
#7983 = DIRECTION('',(0.,-1.));
#7984 = ( GEOMETRIC_REPRESENTATION_CONTEXT(2) 
PARAMETRIC_REPRESENTATION_CONTEXT() REPRESENTATION_CONTEXT('2D SPACE',''
  ) );
#7985 = PCURVE('',#7986,#7991);
#7986 = PLANE('',#7987);
#7987 = AXIS2_PLACEMENT_3D('',#7988,#7989,#7990);
#7988 = CARTESIAN_POINT('',(74.5,0.,67.25));
#7989 = DIRECTION('',(-0.589172157449,-0.808007530216,0.));
#7990 = DIRECTION('',(-0.808007530216,0.589172157449,0.));
#7991 = DEFINITIONAL_REPRESENTATION('',(#7992),#7996);
#7992 = LINE('',#7993,#7994);
#7993 = CARTESIAN_POINT('',(0.,0.));
#7994 = VECTOR('',#7995,1.);
#7995 = DIRECTION('',(0.,-1.));
#7996 = ( GEOMETRIC_REPRESENTATION_CONTEXT(2) 
PARAMETRIC_REPRESENTATION_CONTEXT() REPRESENTATION_CONTEXT('2D SPACE',''
  ) );
#7997 = ORIENTED_EDGE('',*,*,#7998,.F.);
#7998 = EDGE_CURVE('',#7890,#7971,#7999,.T.);
#7999 = SURFACE_CURVE('',#8000,(#8004,#8011),.PCURVE_S1.);
#8000 = LINE('',#8001,#8002);
#8001 = CARTESIAN_POINT('',(50.5,-17.5,67.25));
#8002 = VECTOR('',#8003,1.);
#8003 = DIRECTION('',(0.808007530216,0.589172157449,0.));
#8004 = PCURVE('',#7905,#8005);
#8005 = DEFINITIONAL_REPRESENTATION('',(#8006),#8010);
#8006 = LINE('',#8007,#8008);
#8007 = CARTESIAN_POINT('',(0.,0.));
#8008 = VECTOR('',#8009,1.);
#8009 = DIRECTION('',(1.,0.));
#8010 = ( GEOMETRIC_REPRESENTATION_CONTEXT(2) 
PARAMETRIC_REPRESENTATION_CONTEXT() REPRESENTATION_CONTEXT('2D SPACE',''
  ) );
#8011 = PCURVE('',#7931,#8012);
#8012 = DEFINITIONAL_REPRESENTATION('',(#8013),#8017);
#8013 = LINE('',#8014,#8015);
#8014 = CARTESIAN_POINT('',(44.749625965296,-17.5));
#8015 = VECTOR('',#8016,1.);
#8016 = DIRECTION('',(0.808007530216,0.589172157449));
#8017 = ( GEOMETRIC_REPRESENTATION_CONTEXT(2) 
PARAMETRIC_REPRESENTATION_CONTEXT() REPRESENTATION_CONTEXT('2D SPACE',''
  ) );
#8018 = ADVANCED_FACE('',(#8019),#7986,.F.);
#8019 = FACE_BOUND('',#8020,.F.);
#8020 = EDGE_LOOP('',(#8021,#8022,#8045,#8073));
#8021 = ORIENTED_EDGE('',*,*,#7970,.T.);
#8022 = ORIENTED_EDGE('',*,*,#8023,.T.);
#8023 = EDGE_CURVE('',#7948,#8024,#8026,.T.);
#8024 = VERTEX_POINT('',#8025);
#8025 = CARTESIAN_POINT('',(50.5,17.5,68.25));
#8026 = SURFACE_CURVE('',#8027,(#8031,#8038),.PCURVE_S1.);
#8027 = LINE('',#8028,#8029);
#8028 = CARTESIAN_POINT('',(74.5,0.,68.25));
#8029 = VECTOR('',#8030,1.);
#8030 = DIRECTION('',(-0.808007530216,0.589172157449,0.));
#8031 = PCURVE('',#7986,#8032);
#8032 = DEFINITIONAL_REPRESENTATION('',(#8033),#8037);
#8033 = LINE('',#8034,#8035);
#8034 = CARTESIAN_POINT('',(0.,-1.));
#8035 = VECTOR('',#8036,1.);
#8036 = DIRECTION('',(1.,0.));
#8037 = ( GEOMETRIC_REPRESENTATION_CONTEXT(2) 
PARAMETRIC_REPRESENTATION_CONTEXT() REPRESENTATION_CONTEXT('2D SPACE',''
  ) );
#8038 = PCURVE('',#7877,#8039);
#8039 = DEFINITIONAL_REPRESENTATION('',(#8040),#8044);
#8040 = LINE('',#8041,#8042);
#8041 = CARTESIAN_POINT('',(68.749625965296,-7.540718903546E-16));
#8042 = VECTOR('',#8043,1.);
#8043 = DIRECTION('',(-0.808007530216,0.589172157449));
#8044 = ( GEOMETRIC_REPRESENTATION_CONTEXT(2) 
PARAMETRIC_REPRESENTATION_CONTEXT() REPRESENTATION_CONTEXT('2D SPACE',''
  ) );
#8045 = ORIENTED_EDGE('',*,*,#8046,.F.);
#8046 = EDGE_CURVE('',#8047,#8024,#8049,.T.);
#8047 = VERTEX_POINT('',#8048);
#8048 = CARTESIAN_POINT('',(50.5,17.5,67.25));
#8049 = SURFACE_CURVE('',#8050,(#8054,#8061),.PCURVE_S1.);
#8050 = LINE('',#8051,#8052);
#8051 = CARTESIAN_POINT('',(50.5,17.5,67.25));
#8052 = VECTOR('',#8053,1.);
#8053 = DIRECTION('',(0.,0.,1.));
#8054 = PCURVE('',#7986,#8055);
#8055 = DEFINITIONAL_REPRESENTATION('',(#8056),#8060);
#8056 = LINE('',#8057,#8058);
#8057 = CARTESIAN_POINT('',(29.702693480558,0.));
#8058 = VECTOR('',#8059,1.);
#8059 = DIRECTION('',(0.,-1.));
#8060 = ( GEOMETRIC_REPRESENTATION_CONTEXT(2) 
PARAMETRIC_REPRESENTATION_CONTEXT() REPRESENTATION_CONTEXT('2D SPACE',''
  ) );
#8061 = PCURVE('',#8062,#8067);
#8062 = PLANE('',#8063);
#8063 = AXIS2_PLACEMENT_3D('',#8064,#8065,#8066);
#8064 = CARTESIAN_POINT('',(50.5,17.5,67.25));
#8065 = DIRECTION('',(-3.497858217562E-02,-0.999388062161,0.));
#8066 = DIRECTION('',(-0.999388062161,3.497858217562E-02,0.));
#8067 = DEFINITIONAL_REPRESENTATION('',(#8068),#8072);
#8068 = LINE('',#8069,#8070);
#8069 = CARTESIAN_POINT('',(0.,0.));
#8070 = VECTOR('',#8071,1.);
#8071 = DIRECTION('',(0.,-1.));
#8072 = ( GEOMETRIC_REPRESENTATION_CONTEXT(2) 
PARAMETRIC_REPRESENTATION_CONTEXT() REPRESENTATION_CONTEXT('2D SPACE',''
  ) );
#8073 = ORIENTED_EDGE('',*,*,#8074,.F.);
#8074 = EDGE_CURVE('',#7971,#8047,#8075,.T.);
#8075 = SURFACE_CURVE('',#8076,(#8080,#8087),.PCURVE_S1.);
#8076 = LINE('',#8077,#8078);
#8077 = CARTESIAN_POINT('',(74.5,0.,67.25));
#8078 = VECTOR('',#8079,1.);
#8079 = DIRECTION('',(-0.808007530216,0.589172157449,0.));
#8080 = PCURVE('',#7986,#8081);
#8081 = DEFINITIONAL_REPRESENTATION('',(#8082),#8086);
#8082 = LINE('',#8083,#8084);
#8083 = CARTESIAN_POINT('',(0.,0.));
#8084 = VECTOR('',#8085,1.);
#8085 = DIRECTION('',(1.,0.));
#8086 = ( GEOMETRIC_REPRESENTATION_CONTEXT(2) 
PARAMETRIC_REPRESENTATION_CONTEXT() REPRESENTATION_CONTEXT('2D SPACE',''
  ) );
#8087 = PCURVE('',#7931,#8088);
#8088 = DEFINITIONAL_REPRESENTATION('',(#8089),#8093);
#8089 = LINE('',#8090,#8091);
#8090 = CARTESIAN_POINT('',(68.749625965296,-7.540718903546E-16));
#8091 = VECTOR('',#8092,1.);
#8092 = DIRECTION('',(-0.808007530216,0.589172157449));
#8093 = ( GEOMETRIC_REPRESENTATION_CONTEXT(2) 
PARAMETRIC_REPRESENTATION_CONTEXT() REPRESENTATION_CONTEXT('2D SPACE',''
  ) );
#8094 = ADVANCED_FACE('',(#8095),#8062,.F.);
#8095 = FACE_BOUND('',#8096,.F.);
#8096 = EDGE_LOOP('',(#8097,#8098,#8121,#8144));
#8097 = ORIENTED_EDGE('',*,*,#8046,.T.);
#8098 = ORIENTED_EDGE('',*,*,#8099,.T.);
#8099 = EDGE_CURVE('',#8024,#8100,#8102,.T.);
#8100 = VERTEX_POINT('',#8101);
#8101 = CARTESIAN_POINT('',(-49.5,21.,68.25));
#8102 = SURFACE_CURVE('',#8103,(#8107,#8114),.PCURVE_S1.);
#8103 = LINE('',#8104,#8105);
#8104 = CARTESIAN_POINT('',(50.5,17.5,68.25));
#8105 = VECTOR('',#8106,1.);
#8106 = DIRECTION('',(-0.999388062161,3.497858217562E-02,0.));
#8107 = PCURVE('',#8062,#8108);
#8108 = DEFINITIONAL_REPRESENTATION('',(#8109),#8113);
#8109 = LINE('',#8110,#8111);
#8110 = CARTESIAN_POINT('',(0.,-1.));
#8111 = VECTOR('',#8112,1.);
#8112 = DIRECTION('',(1.,0.));
#8113 = ( GEOMETRIC_REPRESENTATION_CONTEXT(2) 
PARAMETRIC_REPRESENTATION_CONTEXT() REPRESENTATION_CONTEXT('2D SPACE',''
  ) );
#8114 = PCURVE('',#7877,#8115);
#8115 = DEFINITIONAL_REPRESENTATION('',(#8116),#8120);
#8116 = LINE('',#8117,#8118);
#8117 = CARTESIAN_POINT('',(44.749625965296,17.5));
#8118 = VECTOR('',#8119,1.);
#8119 = DIRECTION('',(-0.999388062161,3.497858217562E-02));
#8120 = ( GEOMETRIC_REPRESENTATION_CONTEXT(2) 
PARAMETRIC_REPRESENTATION_CONTEXT() REPRESENTATION_CONTEXT('2D SPACE',''
  ) );
#8121 = ORIENTED_EDGE('',*,*,#8122,.F.);
#8122 = EDGE_CURVE('',#8123,#8100,#8125,.T.);
#8123 = VERTEX_POINT('',#8124);
#8124 = CARTESIAN_POINT('',(-49.5,21.,67.25));
#8125 = SURFACE_CURVE('',#8126,(#8130,#8137),.PCURVE_S1.);
#8126 = LINE('',#8127,#8128);
#8127 = CARTESIAN_POINT('',(-49.5,21.,67.25));
#8128 = VECTOR('',#8129,1.);
#8129 = DIRECTION('',(0.,0.,1.));
#8130 = PCURVE('',#8062,#8131);
#8131 = DEFINITIONAL_REPRESENTATION('',(#8132),#8136);
#8132 = LINE('',#8133,#8134);
#8133 = CARTESIAN_POINT('',(100.06123125366,0.));
#8134 = VECTOR('',#8135,1.);
#8135 = DIRECTION('',(0.,-1.));
#8136 = ( GEOMETRIC_REPRESENTATION_CONTEXT(2) 
PARAMETRIC_REPRESENTATION_CONTEXT() REPRESENTATION_CONTEXT('2D SPACE',''
  ) );
#8137 = PCURVE('',#7849,#8138);
#8138 = DEFINITIONAL_REPRESENTATION('',(#8139),#8143);
#8139 = LINE('',#8140,#8141);
#8140 = CARTESIAN_POINT('',(0.,0.));
#8141 = VECTOR('',#8142,1.);
#8142 = DIRECTION('',(0.,-1.));
#8143 = ( GEOMETRIC_REPRESENTATION_CONTEXT(2) 
PARAMETRIC_REPRESENTATION_CONTEXT() REPRESENTATION_CONTEXT('2D SPACE',''
  ) );
#8144 = ORIENTED_EDGE('',*,*,#8145,.F.);
#8145 = EDGE_CURVE('',#8047,#8123,#8146,.T.);
#8146 = SURFACE_CURVE('',#8147,(#8151,#8158),.PCURVE_S1.);
#8147 = LINE('',#8148,#8149);
#8148 = CARTESIAN_POINT('',(50.5,17.5,67.25));
#8149 = VECTOR('',#8150,1.);
#8150 = DIRECTION('',(-0.999388062161,3.497858217562E-02,0.));
#8151 = PCURVE('',#8062,#8152);
#8152 = DEFINITIONAL_REPRESENTATION('',(#8153),#8157);
#8153 = LINE('',#8154,#8155);
#8154 = CARTESIAN_POINT('',(0.,0.));
#8155 = VECTOR('',#8156,1.);
#8156 = DIRECTION('',(1.,0.));
#8157 = ( GEOMETRIC_REPRESENTATION_CONTEXT(2) 
PARAMETRIC_REPRESENTATION_CONTEXT() REPRESENTATION_CONTEXT('2D SPACE',''
  ) );
#8158 = PCURVE('',#7931,#8159);
#8159 = DEFINITIONAL_REPRESENTATION('',(#8160),#8164);
#8160 = LINE('',#8161,#8162);
#8161 = CARTESIAN_POINT('',(44.749625965296,17.5));
#8162 = VECTOR('',#8163,1.);
#8163 = DIRECTION('',(-0.999388062161,3.497858217562E-02));
#8164 = ( GEOMETRIC_REPRESENTATION_CONTEXT(2) 
PARAMETRIC_REPRESENTATION_CONTEXT() REPRESENTATION_CONTEXT('2D SPACE',''
  ) );
#8165 = ADVANCED_FACE('',(#8166),#7849,.F.);
#8166 = FACE_BOUND('',#8167,.F.);
#8167 = EDGE_LOOP('',(#8168,#8169,#8190,#8191));
#8168 = ORIENTED_EDGE('',*,*,#8122,.T.);
#8169 = ORIENTED_EDGE('',*,*,#8170,.T.);
#8170 = EDGE_CURVE('',#8100,#7829,#8171,.T.);
#8171 = SURFACE_CURVE('',#8172,(#8176,#8183),.PCURVE_S1.);
#8172 = LINE('',#8173,#8174);
#8173 = CARTESIAN_POINT('',(-49.5,21.,68.25));
#8174 = VECTOR('',#8175,1.);
#8175 = DIRECTION('',(0.,-1.,0.));
#8176 = PCURVE('',#7849,#8177);
#8177 = DEFINITIONAL_REPRESENTATION('',(#8178),#8182);
#8178 = LINE('',#8179,#8180);
#8179 = CARTESIAN_POINT('',(0.,-1.));
#8180 = VECTOR('',#8181,1.);
#8181 = DIRECTION('',(1.,0.));
#8182 = ( GEOMETRIC_REPRESENTATION_CONTEXT(2) 
PARAMETRIC_REPRESENTATION_CONTEXT() REPRESENTATION_CONTEXT('2D SPACE',''
  ) );
#8183 = PCURVE('',#7877,#8184);
#8184 = DEFINITIONAL_REPRESENTATION('',(#8185),#8189);
#8185 = LINE('',#8186,#8187);
#8186 = CARTESIAN_POINT('',(-55.2503740347,21.));
#8187 = VECTOR('',#8188,1.);
#8188 = DIRECTION('',(0.,-1.));
#8189 = ( GEOMETRIC_REPRESENTATION_CONTEXT(2) 
PARAMETRIC_REPRESENTATION_CONTEXT() REPRESENTATION_CONTEXT('2D SPACE',''
  ) );
#8190 = ORIENTED_EDGE('',*,*,#7826,.F.);
#8191 = ORIENTED_EDGE('',*,*,#8192,.F.);
#8192 = EDGE_CURVE('',#8123,#7827,#8193,.T.);
#8193 = SURFACE_CURVE('',#8194,(#8198,#8205),.PCURVE_S1.);
#8194 = LINE('',#8195,#8196);
#8195 = CARTESIAN_POINT('',(-49.5,21.,67.25));
#8196 = VECTOR('',#8197,1.);
#8197 = DIRECTION('',(0.,-1.,0.));
#8198 = PCURVE('',#7849,#8199);
#8199 = DEFINITIONAL_REPRESENTATION('',(#8200),#8204);
#8200 = LINE('',#8201,#8202);
#8201 = CARTESIAN_POINT('',(0.,0.));
#8202 = VECTOR('',#8203,1.);
#8203 = DIRECTION('',(1.,0.));
#8204 = ( GEOMETRIC_REPRESENTATION_CONTEXT(2) 
PARAMETRIC_REPRESENTATION_CONTEXT() REPRESENTATION_CONTEXT('2D SPACE',''
  ) );
#8205 = PCURVE('',#7931,#8206);
#8206 = DEFINITIONAL_REPRESENTATION('',(#8207),#8211);
#8207 = LINE('',#8208,#8209);
#8208 = CARTESIAN_POINT('',(-55.2503740347,21.));
#8209 = VECTOR('',#8210,1.);
#8210 = DIRECTION('',(0.,-1.));
#8211 = ( GEOMETRIC_REPRESENTATION_CONTEXT(2) 
PARAMETRIC_REPRESENTATION_CONTEXT() REPRESENTATION_CONTEXT('2D SPACE',''
  ) );
#8212 = ADVANCED_FACE('',(#8213),#7931,.F.);
#8213 = FACE_BOUND('',#8214,.F.);
#8214 = EDGE_LOOP('',(#8215,#8216,#8217,#8218,#8219));
#8215 = ORIENTED_EDGE('',*,*,#7917,.T.);
#8216 = ORIENTED_EDGE('',*,*,#7998,.T.);
#8217 = ORIENTED_EDGE('',*,*,#8074,.T.);
#8218 = ORIENTED_EDGE('',*,*,#8145,.T.);
#8219 = ORIENTED_EDGE('',*,*,#8192,.T.);
#8220 = ADVANCED_FACE('',(#8221),#7877,.T.);
#8221 = FACE_BOUND('',#8222,.T.);
#8222 = EDGE_LOOP('',(#8223,#8224,#8225,#8226,#8227));
#8223 = ORIENTED_EDGE('',*,*,#7861,.T.);
#8224 = ORIENTED_EDGE('',*,*,#7947,.T.);
#8225 = ORIENTED_EDGE('',*,*,#8023,.T.);
#8226 = ORIENTED_EDGE('',*,*,#8099,.T.);
#8227 = ORIENTED_EDGE('',*,*,#8170,.T.);
#8228 = ( GEOMETRIC_REPRESENTATION_CONTEXT(3) 
GLOBAL_UNCERTAINTY_ASSIGNED_CONTEXT((#8232)) 
GLOBAL_UNIT_ASSIGNED_CONTEXT((#8229,#8230,#8231)) REPRESENTATION_CONTEXT
('Context #1','3D Context with UNIT and UNCERTAINTY') );
#8229 = ( LENGTH_UNIT() NAMED_UNIT(*) SI_UNIT(.MILLI.,.METRE.) );
#8230 = ( NAMED_UNIT(*) PLANE_ANGLE_UNIT() SI_UNIT($,.RADIAN.) );
#8231 = ( NAMED_UNIT(*) SI_UNIT($,.STERADIAN.) SOLID_ANGLE_UNIT() );
#8232 = UNCERTAINTY_MEASURE_WITH_UNIT(LENGTH_MEASURE(1.E-07),#8229,
  'distance_accuracy_value','confusion accuracy');
#8233 = CONTEXT_DEPENDENT_SHAPE_REPRESENTATION(#8234,#8236);
#8234 = ( REPRESENTATION_RELATIONSHIP('','',#7819,#10) 
REPRESENTATION_RELATIONSHIP_WITH_TRANSFORMATION(#8235) 
SHAPE_REPRESENTATION_RELATIONSHIP() );
#8235 = ITEM_DEFINED_TRANSFORMATION('','',#11,#31);
#8236 = PRODUCT_DEFINITION_SHAPE('Placement','Placement of an item',
  #8237);
#8237 = NEXT_ASSEMBLY_USAGE_OCCURRENCE('8','','',#5,#7814,$);
#8238 = PRODUCT_RELATED_PRODUCT_CATEGORY('part',$,(#7816));
#8239 = SHAPE_DEFINITION_REPRESENTATION(#8240,#8246);
#8240 = PRODUCT_DEFINITION_SHAPE('','',#8241);
#8241 = PRODUCT_DEFINITION('design','',#8242,#8245);
#8242 = PRODUCT_DEFINITION_FORMATION('','',#8243);
#8243 = PRODUCT('Open CASCADE STEP translator 7.9 6.6',
  'Open CASCADE STEP translator 7.9 6.6','',(#8244));
#8244 = PRODUCT_CONTEXT('',#2,'mechanical');
#8245 = PRODUCT_DEFINITION_CONTEXT('part definition',#2,'design');
#8246 = ADVANCED_BREP_SHAPE_REPRESENTATION('',(#11,#8247),#8577);
#8247 = MANIFOLD_SOLID_BREP('',#8248);
#8248 = CLOSED_SHELL('',(#8249,#8369,#8469,#8516,#8563,#8570));
#8249 = ADVANCED_FACE('',(#8250),#8264,.F.);
#8250 = FACE_BOUND('',#8251,.F.);
#8251 = EDGE_LOOP('',(#8252,#8287,#8315,#8343));
#8252 = ORIENTED_EDGE('',*,*,#8253,.F.);
#8253 = EDGE_CURVE('',#8254,#8256,#8258,.T.);
#8254 = VERTEX_POINT('',#8255);
#8255 = CARTESIAN_POINT('',(-10.,-3.5,39.25));
#8256 = VERTEX_POINT('',#8257);
#8257 = CARTESIAN_POINT('',(-10.,-3.5,67.25));
#8258 = SURFACE_CURVE('',#8259,(#8263,#8275),.PCURVE_S1.);
#8259 = LINE('',#8260,#8261);
#8260 = CARTESIAN_POINT('',(-10.,-3.5,39.25));
#8261 = VECTOR('',#8262,1.);
#8262 = DIRECTION('',(0.,0.,1.));
#8263 = PCURVE('',#8264,#8269);
#8264 = PLANE('',#8265);
#8265 = AXIS2_PLACEMENT_3D('',#8266,#8267,#8268);
#8266 = CARTESIAN_POINT('',(-10.,-3.5,39.25));
#8267 = DIRECTION('',(1.,0.,0.));
#8268 = DIRECTION('',(0.,0.,1.));
#8269 = DEFINITIONAL_REPRESENTATION('',(#8270),#8274);
#8270 = LINE('',#8271,#8272);
#8271 = CARTESIAN_POINT('',(0.,0.));
#8272 = VECTOR('',#8273,1.);
#8273 = DIRECTION('',(1.,0.));
#8274 = ( GEOMETRIC_REPRESENTATION_CONTEXT(2) 
PARAMETRIC_REPRESENTATION_CONTEXT() REPRESENTATION_CONTEXT('2D SPACE',''
  ) );
#8275 = PCURVE('',#8276,#8281);
#8276 = PLANE('',#8277);
#8277 = AXIS2_PLACEMENT_3D('',#8278,#8279,#8280);
#8278 = CARTESIAN_POINT('',(-10.,-3.5,39.25));
#8279 = DIRECTION('',(0.,1.,0.));
#8280 = DIRECTION('',(0.,0.,1.));
#8281 = DEFINITIONAL_REPRESENTATION('',(#8282),#8286);
#8282 = LINE('',#8283,#8284);
#8283 = CARTESIAN_POINT('',(0.,0.));
#8284 = VECTOR('',#8285,1.);
#8285 = DIRECTION('',(1.,0.));
#8286 = ( GEOMETRIC_REPRESENTATION_CONTEXT(2) 
PARAMETRIC_REPRESENTATION_CONTEXT() REPRESENTATION_CONTEXT('2D SPACE',''
  ) );
#8287 = ORIENTED_EDGE('',*,*,#8288,.T.);
#8288 = EDGE_CURVE('',#8254,#8289,#8291,.T.);
#8289 = VERTEX_POINT('',#8290);
#8290 = CARTESIAN_POINT('',(-10.,3.5,39.25));
#8291 = SURFACE_CURVE('',#8292,(#8296,#8303),.PCURVE_S1.);
#8292 = LINE('',#8293,#8294);
#8293 = CARTESIAN_POINT('',(-10.,-3.5,39.25));
#8294 = VECTOR('',#8295,1.);
#8295 = DIRECTION('',(0.,1.,0.));
#8296 = PCURVE('',#8264,#8297);
#8297 = DEFINITIONAL_REPRESENTATION('',(#8298),#8302);
#8298 = LINE('',#8299,#8300);
#8299 = CARTESIAN_POINT('',(0.,0.));
#8300 = VECTOR('',#8301,1.);
#8301 = DIRECTION('',(0.,-1.));
#8302 = ( GEOMETRIC_REPRESENTATION_CONTEXT(2) 
PARAMETRIC_REPRESENTATION_CONTEXT() REPRESENTATION_CONTEXT('2D SPACE',''
  ) );
#8303 = PCURVE('',#8304,#8309);
#8304 = PLANE('',#8305);
#8305 = AXIS2_PLACEMENT_3D('',#8306,#8307,#8308);
#8306 = CARTESIAN_POINT('',(-10.,-3.5,39.25));
#8307 = DIRECTION('',(0.,0.,1.));
#8308 = DIRECTION('',(1.,0.,0.));
#8309 = DEFINITIONAL_REPRESENTATION('',(#8310),#8314);
#8310 = LINE('',#8311,#8312);
#8311 = CARTESIAN_POINT('',(0.,0.));
#8312 = VECTOR('',#8313,1.);
#8313 = DIRECTION('',(0.,1.));
#8314 = ( GEOMETRIC_REPRESENTATION_CONTEXT(2) 
PARAMETRIC_REPRESENTATION_CONTEXT() REPRESENTATION_CONTEXT('2D SPACE',''
  ) );
#8315 = ORIENTED_EDGE('',*,*,#8316,.T.);
#8316 = EDGE_CURVE('',#8289,#8317,#8319,.T.);
#8317 = VERTEX_POINT('',#8318);
#8318 = CARTESIAN_POINT('',(-10.,3.5,67.25));
#8319 = SURFACE_CURVE('',#8320,(#8324,#8331),.PCURVE_S1.);
#8320 = LINE('',#8321,#8322);
#8321 = CARTESIAN_POINT('',(-10.,3.5,39.25));
#8322 = VECTOR('',#8323,1.);
#8323 = DIRECTION('',(0.,0.,1.));
#8324 = PCURVE('',#8264,#8325);
#8325 = DEFINITIONAL_REPRESENTATION('',(#8326),#8330);
#8326 = LINE('',#8327,#8328);
#8327 = CARTESIAN_POINT('',(0.,-7.));
#8328 = VECTOR('',#8329,1.);
#8329 = DIRECTION('',(1.,0.));
#8330 = ( GEOMETRIC_REPRESENTATION_CONTEXT(2) 
PARAMETRIC_REPRESENTATION_CONTEXT() REPRESENTATION_CONTEXT('2D SPACE',''
  ) );
#8331 = PCURVE('',#8332,#8337);
#8332 = PLANE('',#8333);
#8333 = AXIS2_PLACEMENT_3D('',#8334,#8335,#8336);
#8334 = CARTESIAN_POINT('',(-10.,3.5,39.25));
#8335 = DIRECTION('',(0.,1.,0.));
#8336 = DIRECTION('',(0.,0.,1.));
#8337 = DEFINITIONAL_REPRESENTATION('',(#8338),#8342);
#8338 = LINE('',#8339,#8340);
#8339 = CARTESIAN_POINT('',(0.,0.));
#8340 = VECTOR('',#8341,1.);
#8341 = DIRECTION('',(1.,0.));
#8342 = ( GEOMETRIC_REPRESENTATION_CONTEXT(2) 
PARAMETRIC_REPRESENTATION_CONTEXT() REPRESENTATION_CONTEXT('2D SPACE',''
  ) );
#8343 = ORIENTED_EDGE('',*,*,#8344,.F.);
#8344 = EDGE_CURVE('',#8256,#8317,#8345,.T.);
#8345 = SURFACE_CURVE('',#8346,(#8350,#8357),.PCURVE_S1.);
#8346 = LINE('',#8347,#8348);
#8347 = CARTESIAN_POINT('',(-10.,-3.5,67.25));
#8348 = VECTOR('',#8349,1.);
#8349 = DIRECTION('',(0.,1.,0.));
#8350 = PCURVE('',#8264,#8351);
#8351 = DEFINITIONAL_REPRESENTATION('',(#8352),#8356);
#8352 = LINE('',#8353,#8354);
#8353 = CARTESIAN_POINT('',(28.,0.));
#8354 = VECTOR('',#8355,1.);
#8355 = DIRECTION('',(0.,-1.));
#8356 = ( GEOMETRIC_REPRESENTATION_CONTEXT(2) 
PARAMETRIC_REPRESENTATION_CONTEXT() REPRESENTATION_CONTEXT('2D SPACE',''
  ) );
#8357 = PCURVE('',#8358,#8363);
#8358 = PLANE('',#8359);
#8359 = AXIS2_PLACEMENT_3D('',#8360,#8361,#8362);
#8360 = CARTESIAN_POINT('',(-10.,-3.5,67.25));
#8361 = DIRECTION('',(0.,0.,1.));
#8362 = DIRECTION('',(1.,0.,0.));
#8363 = DEFINITIONAL_REPRESENTATION('',(#8364),#8368);
#8364 = LINE('',#8365,#8366);
#8365 = CARTESIAN_POINT('',(0.,0.));
#8366 = VECTOR('',#8367,1.);
#8367 = DIRECTION('',(0.,1.));
#8368 = ( GEOMETRIC_REPRESENTATION_CONTEXT(2) 
PARAMETRIC_REPRESENTATION_CONTEXT() REPRESENTATION_CONTEXT('2D SPACE',''
  ) );
#8369 = ADVANCED_FACE('',(#8370),#8384,.T.);
#8370 = FACE_BOUND('',#8371,.T.);
#8371 = EDGE_LOOP('',(#8372,#8402,#8425,#8448));
#8372 = ORIENTED_EDGE('',*,*,#8373,.F.);
#8373 = EDGE_CURVE('',#8374,#8376,#8378,.T.);
#8374 = VERTEX_POINT('',#8375);
#8375 = CARTESIAN_POINT('',(-3.,-3.5,39.25));
#8376 = VERTEX_POINT('',#8377);
#8377 = CARTESIAN_POINT('',(-3.,-3.5,67.25));
#8378 = SURFACE_CURVE('',#8379,(#8383,#8395),.PCURVE_S1.);
#8379 = LINE('',#8380,#8381);
#8380 = CARTESIAN_POINT('',(-3.,-3.5,39.25));
#8381 = VECTOR('',#8382,1.);
#8382 = DIRECTION('',(0.,0.,1.));
#8383 = PCURVE('',#8384,#8389);
#8384 = PLANE('',#8385);
#8385 = AXIS2_PLACEMENT_3D('',#8386,#8387,#8388);
#8386 = CARTESIAN_POINT('',(-3.,-3.5,39.25));
#8387 = DIRECTION('',(1.,0.,0.));
#8388 = DIRECTION('',(0.,0.,1.));
#8389 = DEFINITIONAL_REPRESENTATION('',(#8390),#8394);
#8390 = LINE('',#8391,#8392);
#8391 = CARTESIAN_POINT('',(0.,0.));
#8392 = VECTOR('',#8393,1.);
#8393 = DIRECTION('',(1.,0.));
#8394 = ( GEOMETRIC_REPRESENTATION_CONTEXT(2) 
PARAMETRIC_REPRESENTATION_CONTEXT() REPRESENTATION_CONTEXT('2D SPACE',''
  ) );
#8395 = PCURVE('',#8276,#8396);
#8396 = DEFINITIONAL_REPRESENTATION('',(#8397),#8401);
#8397 = LINE('',#8398,#8399);
#8398 = CARTESIAN_POINT('',(0.,7.));
#8399 = VECTOR('',#8400,1.);
#8400 = DIRECTION('',(1.,0.));
#8401 = ( GEOMETRIC_REPRESENTATION_CONTEXT(2) 
PARAMETRIC_REPRESENTATION_CONTEXT() REPRESENTATION_CONTEXT('2D SPACE',''
  ) );
#8402 = ORIENTED_EDGE('',*,*,#8403,.T.);
#8403 = EDGE_CURVE('',#8374,#8404,#8406,.T.);
#8404 = VERTEX_POINT('',#8405);
#8405 = CARTESIAN_POINT('',(-3.,3.5,39.25));
#8406 = SURFACE_CURVE('',#8407,(#8411,#8418),.PCURVE_S1.);
#8407 = LINE('',#8408,#8409);
#8408 = CARTESIAN_POINT('',(-3.,-3.5,39.25));
#8409 = VECTOR('',#8410,1.);
#8410 = DIRECTION('',(0.,1.,0.));
#8411 = PCURVE('',#8384,#8412);
#8412 = DEFINITIONAL_REPRESENTATION('',(#8413),#8417);
#8413 = LINE('',#8414,#8415);
#8414 = CARTESIAN_POINT('',(0.,0.));
#8415 = VECTOR('',#8416,1.);
#8416 = DIRECTION('',(0.,-1.));
#8417 = ( GEOMETRIC_REPRESENTATION_CONTEXT(2) 
PARAMETRIC_REPRESENTATION_CONTEXT() REPRESENTATION_CONTEXT('2D SPACE',''
  ) );
#8418 = PCURVE('',#8304,#8419);
#8419 = DEFINITIONAL_REPRESENTATION('',(#8420),#8424);
#8420 = LINE('',#8421,#8422);
#8421 = CARTESIAN_POINT('',(7.,0.));
#8422 = VECTOR('',#8423,1.);
#8423 = DIRECTION('',(0.,1.));
#8424 = ( GEOMETRIC_REPRESENTATION_CONTEXT(2) 
PARAMETRIC_REPRESENTATION_CONTEXT() REPRESENTATION_CONTEXT('2D SPACE',''
  ) );
#8425 = ORIENTED_EDGE('',*,*,#8426,.T.);
#8426 = EDGE_CURVE('',#8404,#8427,#8429,.T.);
#8427 = VERTEX_POINT('',#8428);
#8428 = CARTESIAN_POINT('',(-3.,3.5,67.25));
#8429 = SURFACE_CURVE('',#8430,(#8434,#8441),.PCURVE_S1.);
#8430 = LINE('',#8431,#8432);
#8431 = CARTESIAN_POINT('',(-3.,3.5,39.25));
#8432 = VECTOR('',#8433,1.);
#8433 = DIRECTION('',(0.,0.,1.));
#8434 = PCURVE('',#8384,#8435);
#8435 = DEFINITIONAL_REPRESENTATION('',(#8436),#8440);
#8436 = LINE('',#8437,#8438);
#8437 = CARTESIAN_POINT('',(0.,-7.));
#8438 = VECTOR('',#8439,1.);
#8439 = DIRECTION('',(1.,0.));
#8440 = ( GEOMETRIC_REPRESENTATION_CONTEXT(2) 
PARAMETRIC_REPRESENTATION_CONTEXT() REPRESENTATION_CONTEXT('2D SPACE',''
  ) );
#8441 = PCURVE('',#8332,#8442);
#8442 = DEFINITIONAL_REPRESENTATION('',(#8443),#8447);
#8443 = LINE('',#8444,#8445);
#8444 = CARTESIAN_POINT('',(0.,7.));
#8445 = VECTOR('',#8446,1.);
#8446 = DIRECTION('',(1.,0.));
#8447 = ( GEOMETRIC_REPRESENTATION_CONTEXT(2) 
PARAMETRIC_REPRESENTATION_CONTEXT() REPRESENTATION_CONTEXT('2D SPACE',''
  ) );
#8448 = ORIENTED_EDGE('',*,*,#8449,.F.);
#8449 = EDGE_CURVE('',#8376,#8427,#8450,.T.);
#8450 = SURFACE_CURVE('',#8451,(#8455,#8462),.PCURVE_S1.);
#8451 = LINE('',#8452,#8453);
#8452 = CARTESIAN_POINT('',(-3.,-3.5,67.25));
#8453 = VECTOR('',#8454,1.);
#8454 = DIRECTION('',(0.,1.,0.));
#8455 = PCURVE('',#8384,#8456);
#8456 = DEFINITIONAL_REPRESENTATION('',(#8457),#8461);
#8457 = LINE('',#8458,#8459);
#8458 = CARTESIAN_POINT('',(28.,0.));
#8459 = VECTOR('',#8460,1.);
#8460 = DIRECTION('',(0.,-1.));
#8461 = ( GEOMETRIC_REPRESENTATION_CONTEXT(2) 
PARAMETRIC_REPRESENTATION_CONTEXT() REPRESENTATION_CONTEXT('2D SPACE',''
  ) );
#8462 = PCURVE('',#8358,#8463);
#8463 = DEFINITIONAL_REPRESENTATION('',(#8464),#8468);
#8464 = LINE('',#8465,#8466);
#8465 = CARTESIAN_POINT('',(7.,0.));
#8466 = VECTOR('',#8467,1.);
#8467 = DIRECTION('',(0.,1.));
#8468 = ( GEOMETRIC_REPRESENTATION_CONTEXT(2) 
PARAMETRIC_REPRESENTATION_CONTEXT() REPRESENTATION_CONTEXT('2D SPACE',''
  ) );
#8469 = ADVANCED_FACE('',(#8470),#8276,.F.);
#8470 = FACE_BOUND('',#8471,.F.);
#8471 = EDGE_LOOP('',(#8472,#8493,#8494,#8515));
#8472 = ORIENTED_EDGE('',*,*,#8473,.F.);
#8473 = EDGE_CURVE('',#8254,#8374,#8474,.T.);
#8474 = SURFACE_CURVE('',#8475,(#8479,#8486),.PCURVE_S1.);
#8475 = LINE('',#8476,#8477);
#8476 = CARTESIAN_POINT('',(-10.,-3.5,39.25));
#8477 = VECTOR('',#8478,1.);
#8478 = DIRECTION('',(1.,0.,0.));
#8479 = PCURVE('',#8276,#8480);
#8480 = DEFINITIONAL_REPRESENTATION('',(#8481),#8485);
#8481 = LINE('',#8482,#8483);
#8482 = CARTESIAN_POINT('',(0.,0.));
#8483 = VECTOR('',#8484,1.);
#8484 = DIRECTION('',(0.,1.));
#8485 = ( GEOMETRIC_REPRESENTATION_CONTEXT(2) 
PARAMETRIC_REPRESENTATION_CONTEXT() REPRESENTATION_CONTEXT('2D SPACE',''
  ) );
#8486 = PCURVE('',#8304,#8487);
#8487 = DEFINITIONAL_REPRESENTATION('',(#8488),#8492);
#8488 = LINE('',#8489,#8490);
#8489 = CARTESIAN_POINT('',(0.,0.));
#8490 = VECTOR('',#8491,1.);
#8491 = DIRECTION('',(1.,0.));
#8492 = ( GEOMETRIC_REPRESENTATION_CONTEXT(2) 
PARAMETRIC_REPRESENTATION_CONTEXT() REPRESENTATION_CONTEXT('2D SPACE',''
  ) );
#8493 = ORIENTED_EDGE('',*,*,#8253,.T.);
#8494 = ORIENTED_EDGE('',*,*,#8495,.T.);
#8495 = EDGE_CURVE('',#8256,#8376,#8496,.T.);
#8496 = SURFACE_CURVE('',#8497,(#8501,#8508),.PCURVE_S1.);
#8497 = LINE('',#8498,#8499);
#8498 = CARTESIAN_POINT('',(-10.,-3.5,67.25));
#8499 = VECTOR('',#8500,1.);
#8500 = DIRECTION('',(1.,0.,0.));
#8501 = PCURVE('',#8276,#8502);
#8502 = DEFINITIONAL_REPRESENTATION('',(#8503),#8507);
#8503 = LINE('',#8504,#8505);
#8504 = CARTESIAN_POINT('',(28.,0.));
#8505 = VECTOR('',#8506,1.);
#8506 = DIRECTION('',(0.,1.));
#8507 = ( GEOMETRIC_REPRESENTATION_CONTEXT(2) 
PARAMETRIC_REPRESENTATION_CONTEXT() REPRESENTATION_CONTEXT('2D SPACE',''
  ) );
#8508 = PCURVE('',#8358,#8509);
#8509 = DEFINITIONAL_REPRESENTATION('',(#8510),#8514);
#8510 = LINE('',#8511,#8512);
#8511 = CARTESIAN_POINT('',(0.,0.));
#8512 = VECTOR('',#8513,1.);
#8513 = DIRECTION('',(1.,0.));
#8514 = ( GEOMETRIC_REPRESENTATION_CONTEXT(2) 
PARAMETRIC_REPRESENTATION_CONTEXT() REPRESENTATION_CONTEXT('2D SPACE',''
  ) );
#8515 = ORIENTED_EDGE('',*,*,#8373,.F.);
#8516 = ADVANCED_FACE('',(#8517),#8332,.T.);
#8517 = FACE_BOUND('',#8518,.T.);
#8518 = EDGE_LOOP('',(#8519,#8540,#8541,#8562));
#8519 = ORIENTED_EDGE('',*,*,#8520,.F.);
#8520 = EDGE_CURVE('',#8289,#8404,#8521,.T.);
#8521 = SURFACE_CURVE('',#8522,(#8526,#8533),.PCURVE_S1.);
#8522 = LINE('',#8523,#8524);
#8523 = CARTESIAN_POINT('',(-10.,3.5,39.25));
#8524 = VECTOR('',#8525,1.);
#8525 = DIRECTION('',(1.,0.,0.));
#8526 = PCURVE('',#8332,#8527);
#8527 = DEFINITIONAL_REPRESENTATION('',(#8528),#8532);
#8528 = LINE('',#8529,#8530);
#8529 = CARTESIAN_POINT('',(0.,0.));
#8530 = VECTOR('',#8531,1.);
#8531 = DIRECTION('',(0.,1.));
#8532 = ( GEOMETRIC_REPRESENTATION_CONTEXT(2) 
PARAMETRIC_REPRESENTATION_CONTEXT() REPRESENTATION_CONTEXT('2D SPACE',''
  ) );
#8533 = PCURVE('',#8304,#8534);
#8534 = DEFINITIONAL_REPRESENTATION('',(#8535),#8539);
#8535 = LINE('',#8536,#8537);
#8536 = CARTESIAN_POINT('',(0.,7.));
#8537 = VECTOR('',#8538,1.);
#8538 = DIRECTION('',(1.,0.));
#8539 = ( GEOMETRIC_REPRESENTATION_CONTEXT(2) 
PARAMETRIC_REPRESENTATION_CONTEXT() REPRESENTATION_CONTEXT('2D SPACE',''
  ) );
#8540 = ORIENTED_EDGE('',*,*,#8316,.T.);
#8541 = ORIENTED_EDGE('',*,*,#8542,.T.);
#8542 = EDGE_CURVE('',#8317,#8427,#8543,.T.);
#8543 = SURFACE_CURVE('',#8544,(#8548,#8555),.PCURVE_S1.);
#8544 = LINE('',#8545,#8546);
#8545 = CARTESIAN_POINT('',(-10.,3.5,67.25));
#8546 = VECTOR('',#8547,1.);
#8547 = DIRECTION('',(1.,0.,0.));
#8548 = PCURVE('',#8332,#8549);
#8549 = DEFINITIONAL_REPRESENTATION('',(#8550),#8554);
#8550 = LINE('',#8551,#8552);
#8551 = CARTESIAN_POINT('',(28.,0.));
#8552 = VECTOR('',#8553,1.);
#8553 = DIRECTION('',(0.,1.));
#8554 = ( GEOMETRIC_REPRESENTATION_CONTEXT(2) 
PARAMETRIC_REPRESENTATION_CONTEXT() REPRESENTATION_CONTEXT('2D SPACE',''
  ) );
#8555 = PCURVE('',#8358,#8556);
#8556 = DEFINITIONAL_REPRESENTATION('',(#8557),#8561);
#8557 = LINE('',#8558,#8559);
#8558 = CARTESIAN_POINT('',(0.,7.));
#8559 = VECTOR('',#8560,1.);
#8560 = DIRECTION('',(1.,0.));
#8561 = ( GEOMETRIC_REPRESENTATION_CONTEXT(2) 
PARAMETRIC_REPRESENTATION_CONTEXT() REPRESENTATION_CONTEXT('2D SPACE',''
  ) );
#8562 = ORIENTED_EDGE('',*,*,#8426,.F.);
#8563 = ADVANCED_FACE('',(#8564),#8304,.F.);
#8564 = FACE_BOUND('',#8565,.F.);
#8565 = EDGE_LOOP('',(#8566,#8567,#8568,#8569));
#8566 = ORIENTED_EDGE('',*,*,#8288,.F.);
#8567 = ORIENTED_EDGE('',*,*,#8473,.T.);
#8568 = ORIENTED_EDGE('',*,*,#8403,.T.);
#8569 = ORIENTED_EDGE('',*,*,#8520,.F.);
#8570 = ADVANCED_FACE('',(#8571),#8358,.T.);
#8571 = FACE_BOUND('',#8572,.T.);
#8572 = EDGE_LOOP('',(#8573,#8574,#8575,#8576));
#8573 = ORIENTED_EDGE('',*,*,#8344,.F.);
#8574 = ORIENTED_EDGE('',*,*,#8495,.T.);
#8575 = ORIENTED_EDGE('',*,*,#8449,.T.);
#8576 = ORIENTED_EDGE('',*,*,#8542,.F.);
#8577 = ( GEOMETRIC_REPRESENTATION_CONTEXT(3) 
GLOBAL_UNCERTAINTY_ASSIGNED_CONTEXT((#8581)) 
GLOBAL_UNIT_ASSIGNED_CONTEXT((#8578,#8579,#8580)) REPRESENTATION_CONTEXT
('Context #1','3D Context with UNIT and UNCERTAINTY') );
#8578 = ( LENGTH_UNIT() NAMED_UNIT(*) SI_UNIT(.MILLI.,.METRE.) );
#8579 = ( NAMED_UNIT(*) PLANE_ANGLE_UNIT() SI_UNIT($,.RADIAN.) );
#8580 = ( NAMED_UNIT(*) SI_UNIT($,.STERADIAN.) SOLID_ANGLE_UNIT() );
#8581 = UNCERTAINTY_MEASURE_WITH_UNIT(LENGTH_MEASURE(1.E-07),#8578,
  'distance_accuracy_value','confusion accuracy');
#8582 = CONTEXT_DEPENDENT_SHAPE_REPRESENTATION(#8583,#8585);
#8583 = ( REPRESENTATION_RELATIONSHIP('','',#8246,#10) 
REPRESENTATION_RELATIONSHIP_WITH_TRANSFORMATION(#8584) 
SHAPE_REPRESENTATION_RELATIONSHIP() );
#8584 = ITEM_DEFINED_TRANSFORMATION('','',#11,#35);
#8585 = PRODUCT_DEFINITION_SHAPE('Placement','Placement of an item',
  #8586);
#8586 = NEXT_ASSEMBLY_USAGE_OCCURRENCE('9','','',#5,#8241,$);
#8587 = PRODUCT_RELATED_PRODUCT_CATEGORY('part',$,(#8243));
#8588 = SHAPE_DEFINITION_REPRESENTATION(#8589,#8595);
#8589 = PRODUCT_DEFINITION_SHAPE('','',#8590);
#8590 = PRODUCT_DEFINITION('design','',#8591,#8594);
#8591 = PRODUCT_DEFINITION_FORMATION('','',#8592);
#8592 = PRODUCT('Open CASCADE STEP translator 7.9 6.7',
  'Open CASCADE STEP translator 7.9 6.7','',(#8593));
#8593 = PRODUCT_CONTEXT('',#2,'mechanical');
#8594 = PRODUCT_DEFINITION_CONTEXT('part definition',#2,'design');
#8595 = ADVANCED_BREP_SHAPE_REPRESENTATION('',(#11,#8596),#8926);
#8596 = MANIFOLD_SOLID_BREP('',#8597);
#8597 = CLOSED_SHELL('',(#8598,#8718,#8818,#8865,#8912,#8919));
#8598 = ADVANCED_FACE('',(#8599),#8613,.F.);
#8599 = FACE_BOUND('',#8600,.F.);
#8600 = EDGE_LOOP('',(#8601,#8636,#8664,#8692));
#8601 = ORIENTED_EDGE('',*,*,#8602,.F.);
#8602 = EDGE_CURVE('',#8603,#8605,#8607,.T.);
#8603 = VERTEX_POINT('',#8604);
#8604 = CARTESIAN_POINT('',(-45.,57.475,14.));
#8605 = VERTEX_POINT('',#8606);
#8606 = CARTESIAN_POINT('',(-45.,57.475,39.));
#8607 = SURFACE_CURVE('',#8608,(#8612,#8624),.PCURVE_S1.);
#8608 = LINE('',#8609,#8610);
#8609 = CARTESIAN_POINT('',(-45.,57.475,14.));
#8610 = VECTOR('',#8611,1.);
#8611 = DIRECTION('',(0.,0.,1.));
#8612 = PCURVE('',#8613,#8618);
#8613 = PLANE('',#8614);
#8614 = AXIS2_PLACEMENT_3D('',#8615,#8616,#8617);
#8615 = CARTESIAN_POINT('',(-45.,57.475,14.));
#8616 = DIRECTION('',(1.,0.,0.));
#8617 = DIRECTION('',(0.,0.,1.));
#8618 = DEFINITIONAL_REPRESENTATION('',(#8619),#8623);
#8619 = LINE('',#8620,#8621);
#8620 = CARTESIAN_POINT('',(0.,0.));
#8621 = VECTOR('',#8622,1.);
#8622 = DIRECTION('',(1.,0.));
#8623 = ( GEOMETRIC_REPRESENTATION_CONTEXT(2) 
PARAMETRIC_REPRESENTATION_CONTEXT() REPRESENTATION_CONTEXT('2D SPACE',''
  ) );
#8624 = PCURVE('',#8625,#8630);
#8625 = PLANE('',#8626);
#8626 = AXIS2_PLACEMENT_3D('',#8627,#8628,#8629);
#8627 = CARTESIAN_POINT('',(-45.,57.475,14.));
#8628 = DIRECTION('',(0.,1.,0.));
#8629 = DIRECTION('',(0.,0.,1.));
#8630 = DEFINITIONAL_REPRESENTATION('',(#8631),#8635);
#8631 = LINE('',#8632,#8633);
#8632 = CARTESIAN_POINT('',(0.,0.));
#8633 = VECTOR('',#8634,1.);
#8634 = DIRECTION('',(1.,0.));
#8635 = ( GEOMETRIC_REPRESENTATION_CONTEXT(2) 
PARAMETRIC_REPRESENTATION_CONTEXT() REPRESENTATION_CONTEXT('2D SPACE',''
  ) );
#8636 = ORIENTED_EDGE('',*,*,#8637,.T.);
#8637 = EDGE_CURVE('',#8603,#8638,#8640,.T.);
#8638 = VERTEX_POINT('',#8639);
#8639 = CARTESIAN_POINT('',(-45.,82.525,14.));
#8640 = SURFACE_CURVE('',#8641,(#8645,#8652),.PCURVE_S1.);
#8641 = LINE('',#8642,#8643);
#8642 = CARTESIAN_POINT('',(-45.,57.475,14.));
#8643 = VECTOR('',#8644,1.);
#8644 = DIRECTION('',(0.,1.,0.));
#8645 = PCURVE('',#8613,#8646);
#8646 = DEFINITIONAL_REPRESENTATION('',(#8647),#8651);
#8647 = LINE('',#8648,#8649);
#8648 = CARTESIAN_POINT('',(0.,0.));
#8649 = VECTOR('',#8650,1.);
#8650 = DIRECTION('',(0.,-1.));
#8651 = ( GEOMETRIC_REPRESENTATION_CONTEXT(2) 
PARAMETRIC_REPRESENTATION_CONTEXT() REPRESENTATION_CONTEXT('2D SPACE',''
  ) );
#8652 = PCURVE('',#8653,#8658);
#8653 = PLANE('',#8654);
#8654 = AXIS2_PLACEMENT_3D('',#8655,#8656,#8657);
#8655 = CARTESIAN_POINT('',(-45.,57.475,14.));
#8656 = DIRECTION('',(0.,0.,1.));
#8657 = DIRECTION('',(1.,0.,0.));
#8658 = DEFINITIONAL_REPRESENTATION('',(#8659),#8663);
#8659 = LINE('',#8660,#8661);
#8660 = CARTESIAN_POINT('',(0.,0.));
#8661 = VECTOR('',#8662,1.);
#8662 = DIRECTION('',(0.,1.));
#8663 = ( GEOMETRIC_REPRESENTATION_CONTEXT(2) 
PARAMETRIC_REPRESENTATION_CONTEXT() REPRESENTATION_CONTEXT('2D SPACE',''
  ) );
#8664 = ORIENTED_EDGE('',*,*,#8665,.T.);
#8665 = EDGE_CURVE('',#8638,#8666,#8668,.T.);
#8666 = VERTEX_POINT('',#8667);
#8667 = CARTESIAN_POINT('',(-45.,82.525,39.));
#8668 = SURFACE_CURVE('',#8669,(#8673,#8680),.PCURVE_S1.);
#8669 = LINE('',#8670,#8671);
#8670 = CARTESIAN_POINT('',(-45.,82.525,14.));
#8671 = VECTOR('',#8672,1.);
#8672 = DIRECTION('',(0.,0.,1.));
#8673 = PCURVE('',#8613,#8674);
#8674 = DEFINITIONAL_REPRESENTATION('',(#8675),#8679);
#8675 = LINE('',#8676,#8677);
#8676 = CARTESIAN_POINT('',(0.,-25.05));
#8677 = VECTOR('',#8678,1.);
#8678 = DIRECTION('',(1.,0.));
#8679 = ( GEOMETRIC_REPRESENTATION_CONTEXT(2) 
PARAMETRIC_REPRESENTATION_CONTEXT() REPRESENTATION_CONTEXT('2D SPACE',''
  ) );
#8680 = PCURVE('',#8681,#8686);
#8681 = PLANE('',#8682);
#8682 = AXIS2_PLACEMENT_3D('',#8683,#8684,#8685);
#8683 = CARTESIAN_POINT('',(-45.,82.525,14.));
#8684 = DIRECTION('',(0.,1.,0.));
#8685 = DIRECTION('',(0.,0.,1.));
#8686 = DEFINITIONAL_REPRESENTATION('',(#8687),#8691);
#8687 = LINE('',#8688,#8689);
#8688 = CARTESIAN_POINT('',(0.,0.));
#8689 = VECTOR('',#8690,1.);
#8690 = DIRECTION('',(1.,0.));
#8691 = ( GEOMETRIC_REPRESENTATION_CONTEXT(2) 
PARAMETRIC_REPRESENTATION_CONTEXT() REPRESENTATION_CONTEXT('2D SPACE',''
  ) );
#8692 = ORIENTED_EDGE('',*,*,#8693,.F.);
#8693 = EDGE_CURVE('',#8605,#8666,#8694,.T.);
#8694 = SURFACE_CURVE('',#8695,(#8699,#8706),.PCURVE_S1.);
#8695 = LINE('',#8696,#8697);
#8696 = CARTESIAN_POINT('',(-45.,57.475,39.));
#8697 = VECTOR('',#8698,1.);
#8698 = DIRECTION('',(0.,1.,0.));
#8699 = PCURVE('',#8613,#8700);
#8700 = DEFINITIONAL_REPRESENTATION('',(#8701),#8705);
#8701 = LINE('',#8702,#8703);
#8702 = CARTESIAN_POINT('',(25.,0.));
#8703 = VECTOR('',#8704,1.);
#8704 = DIRECTION('',(0.,-1.));
#8705 = ( GEOMETRIC_REPRESENTATION_CONTEXT(2) 
PARAMETRIC_REPRESENTATION_CONTEXT() REPRESENTATION_CONTEXT('2D SPACE',''
  ) );
#8706 = PCURVE('',#8707,#8712);
#8707 = PLANE('',#8708);
#8708 = AXIS2_PLACEMENT_3D('',#8709,#8710,#8711);
#8709 = CARTESIAN_POINT('',(-45.,57.475,39.));
#8710 = DIRECTION('',(0.,0.,1.));
#8711 = DIRECTION('',(1.,0.,0.));
#8712 = DEFINITIONAL_REPRESENTATION('',(#8713),#8717);
#8713 = LINE('',#8714,#8715);
#8714 = CARTESIAN_POINT('',(0.,0.));
#8715 = VECTOR('',#8716,1.);
#8716 = DIRECTION('',(0.,1.));
#8717 = ( GEOMETRIC_REPRESENTATION_CONTEXT(2) 
PARAMETRIC_REPRESENTATION_CONTEXT() REPRESENTATION_CONTEXT('2D SPACE',''
  ) );
#8718 = ADVANCED_FACE('',(#8719),#8733,.T.);
#8719 = FACE_BOUND('',#8720,.T.);
#8720 = EDGE_LOOP('',(#8721,#8751,#8774,#8797));
#8721 = ORIENTED_EDGE('',*,*,#8722,.F.);
#8722 = EDGE_CURVE('',#8723,#8725,#8727,.T.);
#8723 = VERTEX_POINT('',#8724);
#8724 = CARTESIAN_POINT('',(45.,57.475,14.));
#8725 = VERTEX_POINT('',#8726);
#8726 = CARTESIAN_POINT('',(45.,57.475,39.));
#8727 = SURFACE_CURVE('',#8728,(#8732,#8744),.PCURVE_S1.);
#8728 = LINE('',#8729,#8730);
#8729 = CARTESIAN_POINT('',(45.,57.475,14.));
#8730 = VECTOR('',#8731,1.);
#8731 = DIRECTION('',(0.,0.,1.));
#8732 = PCURVE('',#8733,#8738);
#8733 = PLANE('',#8734);
#8734 = AXIS2_PLACEMENT_3D('',#8735,#8736,#8737);
#8735 = CARTESIAN_POINT('',(45.,57.475,14.));
#8736 = DIRECTION('',(1.,0.,0.));
#8737 = DIRECTION('',(0.,0.,1.));
#8738 = DEFINITIONAL_REPRESENTATION('',(#8739),#8743);
#8739 = LINE('',#8740,#8741);
#8740 = CARTESIAN_POINT('',(0.,0.));
#8741 = VECTOR('',#8742,1.);
#8742 = DIRECTION('',(1.,0.));
#8743 = ( GEOMETRIC_REPRESENTATION_CONTEXT(2) 
PARAMETRIC_REPRESENTATION_CONTEXT() REPRESENTATION_CONTEXT('2D SPACE',''
  ) );
#8744 = PCURVE('',#8625,#8745);
#8745 = DEFINITIONAL_REPRESENTATION('',(#8746),#8750);
#8746 = LINE('',#8747,#8748);
#8747 = CARTESIAN_POINT('',(0.,90.));
#8748 = VECTOR('',#8749,1.);
#8749 = DIRECTION('',(1.,0.));
#8750 = ( GEOMETRIC_REPRESENTATION_CONTEXT(2) 
PARAMETRIC_REPRESENTATION_CONTEXT() REPRESENTATION_CONTEXT('2D SPACE',''
  ) );
#8751 = ORIENTED_EDGE('',*,*,#8752,.T.);
#8752 = EDGE_CURVE('',#8723,#8753,#8755,.T.);
#8753 = VERTEX_POINT('',#8754);
#8754 = CARTESIAN_POINT('',(45.,82.525,14.));
#8755 = SURFACE_CURVE('',#8756,(#8760,#8767),.PCURVE_S1.);
#8756 = LINE('',#8757,#8758);
#8757 = CARTESIAN_POINT('',(45.,57.475,14.));
#8758 = VECTOR('',#8759,1.);
#8759 = DIRECTION('',(0.,1.,0.));
#8760 = PCURVE('',#8733,#8761);
#8761 = DEFINITIONAL_REPRESENTATION('',(#8762),#8766);
#8762 = LINE('',#8763,#8764);
#8763 = CARTESIAN_POINT('',(0.,0.));
#8764 = VECTOR('',#8765,1.);
#8765 = DIRECTION('',(0.,-1.));
#8766 = ( GEOMETRIC_REPRESENTATION_CONTEXT(2) 
PARAMETRIC_REPRESENTATION_CONTEXT() REPRESENTATION_CONTEXT('2D SPACE',''
  ) );
#8767 = PCURVE('',#8653,#8768);
#8768 = DEFINITIONAL_REPRESENTATION('',(#8769),#8773);
#8769 = LINE('',#8770,#8771);
#8770 = CARTESIAN_POINT('',(90.,0.));
#8771 = VECTOR('',#8772,1.);
#8772 = DIRECTION('',(0.,1.));
#8773 = ( GEOMETRIC_REPRESENTATION_CONTEXT(2) 
PARAMETRIC_REPRESENTATION_CONTEXT() REPRESENTATION_CONTEXT('2D SPACE',''
  ) );
#8774 = ORIENTED_EDGE('',*,*,#8775,.T.);
#8775 = EDGE_CURVE('',#8753,#8776,#8778,.T.);
#8776 = VERTEX_POINT('',#8777);
#8777 = CARTESIAN_POINT('',(45.,82.525,39.));
#8778 = SURFACE_CURVE('',#8779,(#8783,#8790),.PCURVE_S1.);
#8779 = LINE('',#8780,#8781);
#8780 = CARTESIAN_POINT('',(45.,82.525,14.));
#8781 = VECTOR('',#8782,1.);
#8782 = DIRECTION('',(0.,0.,1.));
#8783 = PCURVE('',#8733,#8784);
#8784 = DEFINITIONAL_REPRESENTATION('',(#8785),#8789);
#8785 = LINE('',#8786,#8787);
#8786 = CARTESIAN_POINT('',(0.,-25.05));
#8787 = VECTOR('',#8788,1.);
#8788 = DIRECTION('',(1.,0.));
#8789 = ( GEOMETRIC_REPRESENTATION_CONTEXT(2) 
PARAMETRIC_REPRESENTATION_CONTEXT() REPRESENTATION_CONTEXT('2D SPACE',''
  ) );
#8790 = PCURVE('',#8681,#8791);
#8791 = DEFINITIONAL_REPRESENTATION('',(#8792),#8796);
#8792 = LINE('',#8793,#8794);
#8793 = CARTESIAN_POINT('',(0.,90.));
#8794 = VECTOR('',#8795,1.);
#8795 = DIRECTION('',(1.,0.));
#8796 = ( GEOMETRIC_REPRESENTATION_CONTEXT(2) 
PARAMETRIC_REPRESENTATION_CONTEXT() REPRESENTATION_CONTEXT('2D SPACE',''
  ) );
#8797 = ORIENTED_EDGE('',*,*,#8798,.F.);
#8798 = EDGE_CURVE('',#8725,#8776,#8799,.T.);
#8799 = SURFACE_CURVE('',#8800,(#8804,#8811),.PCURVE_S1.);
#8800 = LINE('',#8801,#8802);
#8801 = CARTESIAN_POINT('',(45.,57.475,39.));
#8802 = VECTOR('',#8803,1.);
#8803 = DIRECTION('',(0.,1.,0.));
#8804 = PCURVE('',#8733,#8805);
#8805 = DEFINITIONAL_REPRESENTATION('',(#8806),#8810);
#8806 = LINE('',#8807,#8808);
#8807 = CARTESIAN_POINT('',(25.,0.));
#8808 = VECTOR('',#8809,1.);
#8809 = DIRECTION('',(0.,-1.));
#8810 = ( GEOMETRIC_REPRESENTATION_CONTEXT(2) 
PARAMETRIC_REPRESENTATION_CONTEXT() REPRESENTATION_CONTEXT('2D SPACE',''
  ) );
#8811 = PCURVE('',#8707,#8812);
#8812 = DEFINITIONAL_REPRESENTATION('',(#8813),#8817);
#8813 = LINE('',#8814,#8815);
#8814 = CARTESIAN_POINT('',(90.,0.));
#8815 = VECTOR('',#8816,1.);
#8816 = DIRECTION('',(0.,1.));
#8817 = ( GEOMETRIC_REPRESENTATION_CONTEXT(2) 
PARAMETRIC_REPRESENTATION_CONTEXT() REPRESENTATION_CONTEXT('2D SPACE',''
  ) );
#8818 = ADVANCED_FACE('',(#8819),#8625,.F.);
#8819 = FACE_BOUND('',#8820,.F.);
#8820 = EDGE_LOOP('',(#8821,#8842,#8843,#8864));
#8821 = ORIENTED_EDGE('',*,*,#8822,.F.);
#8822 = EDGE_CURVE('',#8603,#8723,#8823,.T.);
#8823 = SURFACE_CURVE('',#8824,(#8828,#8835),.PCURVE_S1.);
#8824 = LINE('',#8825,#8826);
#8825 = CARTESIAN_POINT('',(-45.,57.475,14.));
#8826 = VECTOR('',#8827,1.);
#8827 = DIRECTION('',(1.,0.,0.));
#8828 = PCURVE('',#8625,#8829);
#8829 = DEFINITIONAL_REPRESENTATION('',(#8830),#8834);
#8830 = LINE('',#8831,#8832);
#8831 = CARTESIAN_POINT('',(0.,0.));
#8832 = VECTOR('',#8833,1.);
#8833 = DIRECTION('',(0.,1.));
#8834 = ( GEOMETRIC_REPRESENTATION_CONTEXT(2) 
PARAMETRIC_REPRESENTATION_CONTEXT() REPRESENTATION_CONTEXT('2D SPACE',''
  ) );
#8835 = PCURVE('',#8653,#8836);
#8836 = DEFINITIONAL_REPRESENTATION('',(#8837),#8841);
#8837 = LINE('',#8838,#8839);
#8838 = CARTESIAN_POINT('',(0.,0.));
#8839 = VECTOR('',#8840,1.);
#8840 = DIRECTION('',(1.,0.));
#8841 = ( GEOMETRIC_REPRESENTATION_CONTEXT(2) 
PARAMETRIC_REPRESENTATION_CONTEXT() REPRESENTATION_CONTEXT('2D SPACE',''
  ) );
#8842 = ORIENTED_EDGE('',*,*,#8602,.T.);
#8843 = ORIENTED_EDGE('',*,*,#8844,.T.);
#8844 = EDGE_CURVE('',#8605,#8725,#8845,.T.);
#8845 = SURFACE_CURVE('',#8846,(#8850,#8857),.PCURVE_S1.);
#8846 = LINE('',#8847,#8848);
#8847 = CARTESIAN_POINT('',(-45.,57.475,39.));
#8848 = VECTOR('',#8849,1.);
#8849 = DIRECTION('',(1.,0.,0.));
#8850 = PCURVE('',#8625,#8851);
#8851 = DEFINITIONAL_REPRESENTATION('',(#8852),#8856);
#8852 = LINE('',#8853,#8854);
#8853 = CARTESIAN_POINT('',(25.,0.));
#8854 = VECTOR('',#8855,1.);
#8855 = DIRECTION('',(0.,1.));
#8856 = ( GEOMETRIC_REPRESENTATION_CONTEXT(2) 
PARAMETRIC_REPRESENTATION_CONTEXT() REPRESENTATION_CONTEXT('2D SPACE',''
  ) );
#8857 = PCURVE('',#8707,#8858);
#8858 = DEFINITIONAL_REPRESENTATION('',(#8859),#8863);
#8859 = LINE('',#8860,#8861);
#8860 = CARTESIAN_POINT('',(0.,0.));
#8861 = VECTOR('',#8862,1.);
#8862 = DIRECTION('',(1.,0.));
#8863 = ( GEOMETRIC_REPRESENTATION_CONTEXT(2) 
PARAMETRIC_REPRESENTATION_CONTEXT() REPRESENTATION_CONTEXT('2D SPACE',''
  ) );
#8864 = ORIENTED_EDGE('',*,*,#8722,.F.);
#8865 = ADVANCED_FACE('',(#8866),#8681,.T.);
#8866 = FACE_BOUND('',#8867,.T.);
#8867 = EDGE_LOOP('',(#8868,#8889,#8890,#8911));
#8868 = ORIENTED_EDGE('',*,*,#8869,.F.);
#8869 = EDGE_CURVE('',#8638,#8753,#8870,.T.);
#8870 = SURFACE_CURVE('',#8871,(#8875,#8882),.PCURVE_S1.);
#8871 = LINE('',#8872,#8873);
#8872 = CARTESIAN_POINT('',(-45.,82.525,14.));
#8873 = VECTOR('',#8874,1.);
#8874 = DIRECTION('',(1.,0.,0.));
#8875 = PCURVE('',#8681,#8876);
#8876 = DEFINITIONAL_REPRESENTATION('',(#8877),#8881);
#8877 = LINE('',#8878,#8879);
#8878 = CARTESIAN_POINT('',(0.,0.));
#8879 = VECTOR('',#8880,1.);
#8880 = DIRECTION('',(0.,1.));
#8881 = ( GEOMETRIC_REPRESENTATION_CONTEXT(2) 
PARAMETRIC_REPRESENTATION_CONTEXT() REPRESENTATION_CONTEXT('2D SPACE',''
  ) );
#8882 = PCURVE('',#8653,#8883);
#8883 = DEFINITIONAL_REPRESENTATION('',(#8884),#8888);
#8884 = LINE('',#8885,#8886);
#8885 = CARTESIAN_POINT('',(0.,25.05));
#8886 = VECTOR('',#8887,1.);
#8887 = DIRECTION('',(1.,0.));
#8888 = ( GEOMETRIC_REPRESENTATION_CONTEXT(2) 
PARAMETRIC_REPRESENTATION_CONTEXT() REPRESENTATION_CONTEXT('2D SPACE',''
  ) );
#8889 = ORIENTED_EDGE('',*,*,#8665,.T.);
#8890 = ORIENTED_EDGE('',*,*,#8891,.T.);
#8891 = EDGE_CURVE('',#8666,#8776,#8892,.T.);
#8892 = SURFACE_CURVE('',#8893,(#8897,#8904),.PCURVE_S1.);
#8893 = LINE('',#8894,#8895);
#8894 = CARTESIAN_POINT('',(-45.,82.525,39.));
#8895 = VECTOR('',#8896,1.);
#8896 = DIRECTION('',(1.,0.,0.));
#8897 = PCURVE('',#8681,#8898);
#8898 = DEFINITIONAL_REPRESENTATION('',(#8899),#8903);
#8899 = LINE('',#8900,#8901);
#8900 = CARTESIAN_POINT('',(25.,0.));
#8901 = VECTOR('',#8902,1.);
#8902 = DIRECTION('',(0.,1.));
#8903 = ( GEOMETRIC_REPRESENTATION_CONTEXT(2) 
PARAMETRIC_REPRESENTATION_CONTEXT() REPRESENTATION_CONTEXT('2D SPACE',''
  ) );
#8904 = PCURVE('',#8707,#8905);
#8905 = DEFINITIONAL_REPRESENTATION('',(#8906),#8910);
#8906 = LINE('',#8907,#8908);
#8907 = CARTESIAN_POINT('',(0.,25.05));
#8908 = VECTOR('',#8909,1.);
#8909 = DIRECTION('',(1.,0.));
#8910 = ( GEOMETRIC_REPRESENTATION_CONTEXT(2) 
PARAMETRIC_REPRESENTATION_CONTEXT() REPRESENTATION_CONTEXT('2D SPACE',''
  ) );
#8911 = ORIENTED_EDGE('',*,*,#8775,.F.);
#8912 = ADVANCED_FACE('',(#8913),#8653,.F.);
#8913 = FACE_BOUND('',#8914,.F.);
#8914 = EDGE_LOOP('',(#8915,#8916,#8917,#8918));
#8915 = ORIENTED_EDGE('',*,*,#8637,.F.);
#8916 = ORIENTED_EDGE('',*,*,#8822,.T.);
#8917 = ORIENTED_EDGE('',*,*,#8752,.T.);
#8918 = ORIENTED_EDGE('',*,*,#8869,.F.);
#8919 = ADVANCED_FACE('',(#8920),#8707,.T.);
#8920 = FACE_BOUND('',#8921,.T.);
#8921 = EDGE_LOOP('',(#8922,#8923,#8924,#8925));
#8922 = ORIENTED_EDGE('',*,*,#8693,.F.);
#8923 = ORIENTED_EDGE('',*,*,#8844,.T.);
#8924 = ORIENTED_EDGE('',*,*,#8798,.T.);
#8925 = ORIENTED_EDGE('',*,*,#8891,.F.);
#8926 = ( GEOMETRIC_REPRESENTATION_CONTEXT(3) 
GLOBAL_UNCERTAINTY_ASSIGNED_CONTEXT((#8930)) 
GLOBAL_UNIT_ASSIGNED_CONTEXT((#8927,#8928,#8929)) REPRESENTATION_CONTEXT
('Context #1','3D Context with UNIT and UNCERTAINTY') );
#8927 = ( LENGTH_UNIT() NAMED_UNIT(*) SI_UNIT(.MILLI.,.METRE.) );
#8928 = ( NAMED_UNIT(*) PLANE_ANGLE_UNIT() SI_UNIT($,.RADIAN.) );
#8929 = ( NAMED_UNIT(*) SI_UNIT($,.STERADIAN.) SOLID_ANGLE_UNIT() );
#8930 = UNCERTAINTY_MEASURE_WITH_UNIT(LENGTH_MEASURE(1.E-07),#8927,
  'distance_accuracy_value','confusion accuracy');
#8931 = CONTEXT_DEPENDENT_SHAPE_REPRESENTATION(#8932,#8934);
#8932 = ( REPRESENTATION_RELATIONSHIP('','',#8595,#10) 
REPRESENTATION_RELATIONSHIP_WITH_TRANSFORMATION(#8933) 
SHAPE_REPRESENTATION_RELATIONSHIP() );
#8933 = ITEM_DEFINED_TRANSFORMATION('','',#11,#39);
#8934 = PRODUCT_DEFINITION_SHAPE('Placement','Placement of an item',
  #8935);
#8935 = NEXT_ASSEMBLY_USAGE_OCCURRENCE('10','','',#5,#8590,$);
#8936 = PRODUCT_RELATED_PRODUCT_CATEGORY('part',$,(#8592));
ENDSEC;
END-ISO-10303-21;
