ISO-10303-21;
HEADER;
FILE_DESCRIPTION(('Open CASCADE Model'),'2;1');
FILE_NAME('Open CASCADE Shape Model','2026-09-24T11:22:09',('Author'),(
    'Open CASCADE'),'Open CASCADE STEP processor 7.9','Open CASCADE 7.9'
  ,'Unknown');
FILE_SCHEMA(('AUTOMOTIVE_DESIGN { 1 0 10303 214 1 1 1 1 }'));
ENDSEC;
DATA;
#1 = APPLICATION_PROTOCOL_DEFINITION('international standard',
  'automotive_design',2000,#2);
#2 = APPLICATION_CONTEXT(
  'core data for automotive mechanical design processes');
#3 = SHAPE_DEFINITION_REPRESENTATION(#4,#10);
#4 = PRODUCT_DEFINITION_SHAPE('','',#5);
#5 = PRODUCT_DEFINITION('design','',#6,#9);
#6 = PRODUCT_DEFINITION_FORMATION('','',#7);
#7 = PRODUCT('Open CASCADE STEP translator 7.9 1',
  'Open CASCADE STEP translator 7.9 1','',(#8));
#8 = PRODUCT_CONTEXT('',#2,'mechanical');
#9 = PRODUCT_DEFINITION_CONTEXT('part definition',#2,'design');
#10 = ADVANCED_BREP_SHAPE_REPRESENTATION('',(#11,#15),#6443);
#11 = AXIS2_PLACEMENT_3D('',#12,#13,#14);
#12 = CARTESIAN_POINT('',(0.,0.,0.));
#13 = DIRECTION('',(0.,0.,1.));
#14 = DIRECTION('',(1.,0.,-0.));
#15 = MANIFOLD_SOLID_BREP('',#16);
#16 = CLOSED_SHELL('',(#17,#137,#1096,#1146,#1200,#1449,#1604,#1706,
    #1755,#1830,#1857,#1884,#1911,#1918,#1994,#2043,#2092,#2124,#2556,
    #2603,#2650,#3010,#3086,#3135,#3184,#3216,#3648,#3695,#3742,#4102,
    #4173,#4222,#4271,#4298,#4369,#4418,#4467,#4494,#4546,#4598,#4650,
    #4702,#4974,#5000,#5027,#5033,#5212,#5239,#5266,#5317,#5346,#5410,
    #5443,#5501,#5550,#5561,#5612,#5641,#5705,#5738,#5796,#5845,#5856,
    #5911,#5966,#6021,#6076,#6103,#6130,#6137,#6164,#6191,#6246,#6301,
    #6356,#6411,#6415,#6419,#6423,#6427,#6431,#6435,#6439));
#17 = ADVANCED_FACE('',(#18),#32,.F.);
#18 = FACE_BOUND('',#19,.F.);
#19 = EDGE_LOOP('',(#20,#55,#83,#111));
#20 = ORIENTED_EDGE('',*,*,#21,.F.);
#21 = EDGE_CURVE('',#22,#24,#26,.T.);
#22 = VERTEX_POINT('',#23);
#23 = CARTESIAN_POINT('',(-34.,-20.,8.));
#24 = VERTEX_POINT('',#25);
#25 = CARTESIAN_POINT('',(-34.,20.,8.));
#26 = SURFACE_CURVE('',#27,(#31,#43),.PCURVE_S1.);
#27 = LINE('',#28,#29);
#28 = CARTESIAN_POINT('',(-34.,-23.,8.));
#29 = VECTOR('',#30,1.);
#30 = DIRECTION('',(0.,1.,0.));
#31 = PCURVE('',#32,#37);
#32 = PLANE('',#33);
#33 = AXIS2_PLACEMENT_3D('',#34,#35,#36);
#34 = CARTESIAN_POINT('',(-34.,-23.,0.));
#35 = DIRECTION('',(1.,0.,0.));
#36 = DIRECTION('',(0.,0.,1.));
#37 = DEFINITIONAL_REPRESENTATION('',(#38),#42);
#38 = LINE('',#39,#40);
#39 = CARTESIAN_POINT('',(8.,0.));
#40 = VECTOR('',#41,1.);
#41 = DIRECTION('',(0.,-1.));
#42 = ( GEOMETRIC_REPRESENTATION_CONTEXT(2) 
PARAMETRIC_REPRESENTATION_CONTEXT() REPRESENTATION_CONTEXT('2D SPACE',''
  ) );
#43 = PCURVE('',#44,#49);
#44 = PLANE('',#45);
#45 = AXIS2_PLACEMENT_3D('',#46,#47,#48);
#46 = CARTESIAN_POINT('',(-34.,-23.,8.));
#47 = DIRECTION('',(0.,0.,1.));
#48 = DIRECTION('',(1.,0.,0.));
#49 = DEFINITIONAL_REPRESENTATION('',(#50),#54);
#50 = LINE('',#51,#52);
#51 = CARTESIAN_POINT('',(0.,0.));
#52 = VECTOR('',#53,1.);
#53 = DIRECTION('',(0.,1.));
#54 = ( GEOMETRIC_REPRESENTATION_CONTEXT(2) 
PARAMETRIC_REPRESENTATION_CONTEXT() REPRESENTATION_CONTEXT('2D SPACE',''
  ) );
#55 = ORIENTED_EDGE('',*,*,#56,.F.);
#56 = EDGE_CURVE('',#57,#22,#59,.T.);
#57 = VERTEX_POINT('',#58);
#58 = CARTESIAN_POINT('',(-34.,-20.,0.));
#59 = SURFACE_CURVE('',#60,(#64,#71),.PCURVE_S1.);
#60 = LINE('',#61,#62);
#61 = CARTESIAN_POINT('',(-34.,-20.,0.));
#62 = VECTOR('',#63,1.);
#63 = DIRECTION('',(0.,0.,1.));
#64 = PCURVE('',#32,#65);
#65 = DEFINITIONAL_REPRESENTATION('',(#66),#70);
#66 = LINE('',#67,#68);
#67 = CARTESIAN_POINT('',(0.,-3.));
#68 = VECTOR('',#69,1.);
#69 = DIRECTION('',(1.,0.));
#70 = ( GEOMETRIC_REPRESENTATION_CONTEXT(2) 
PARAMETRIC_REPRESENTATION_CONTEXT() REPRESENTATION_CONTEXT('2D SPACE',''
  ) );
#71 = PCURVE('',#72,#77);
#72 = CYLINDRICAL_SURFACE('',#73,3.);
#73 = AXIS2_PLACEMENT_3D('',#74,#75,#76);
#74 = CARTESIAN_POINT('',(-31.,-20.,0.));
#75 = DIRECTION('',(0.,0.,1.));
#76 = DIRECTION('',(-1.,-0.,0.));
#77 = DEFINITIONAL_REPRESENTATION('',(#78),#82);
#78 = LINE('',#79,#80);
#79 = CARTESIAN_POINT('',(0.,0.));
#80 = VECTOR('',#81,1.);
#81 = DIRECTION('',(0.,1.));
#82 = ( GEOMETRIC_REPRESENTATION_CONTEXT(2) 
PARAMETRIC_REPRESENTATION_CONTEXT() REPRESENTATION_CONTEXT('2D SPACE',''
  ) );
#83 = ORIENTED_EDGE('',*,*,#84,.T.);
#84 = EDGE_CURVE('',#57,#85,#87,.T.);
#85 = VERTEX_POINT('',#86);
#86 = CARTESIAN_POINT('',(-34.,20.,0.));
#87 = SURFACE_CURVE('',#88,(#92,#99),.PCURVE_S1.);
#88 = LINE('',#89,#90);
#89 = CARTESIAN_POINT('',(-34.,-23.,0.));
#90 = VECTOR('',#91,1.);
#91 = DIRECTION('',(0.,1.,0.));
#92 = PCURVE('',#32,#93);
#93 = DEFINITIONAL_REPRESENTATION('',(#94),#98);
#94 = LINE('',#95,#96);
#95 = CARTESIAN_POINT('',(0.,0.));
#96 = VECTOR('',#97,1.);
#97 = DIRECTION('',(0.,-1.));
#98 = ( GEOMETRIC_REPRESENTATION_CONTEXT(2) 
PARAMETRIC_REPRESENTATION_CONTEXT() REPRESENTATION_CONTEXT('2D SPACE',''
  ) );
#99 = PCURVE('',#100,#105);
#100 = PLANE('',#101);
#101 = AXIS2_PLACEMENT_3D('',#102,#103,#104);
#102 = CARTESIAN_POINT('',(-34.,-23.,0.));
#103 = DIRECTION('',(0.,0.,1.));
#104 = DIRECTION('',(1.,0.,0.));
#105 = DEFINITIONAL_REPRESENTATION('',(#106),#110);
#106 = LINE('',#107,#108);
#107 = CARTESIAN_POINT('',(0.,0.));
#108 = VECTOR('',#109,1.);
#109 = DIRECTION('',(0.,1.));
#110 = ( GEOMETRIC_REPRESENTATION_CONTEXT(2) 
PARAMETRIC_REPRESENTATION_CONTEXT() REPRESENTATION_CONTEXT('2D SPACE',''
  ) );
#111 = ORIENTED_EDGE('',*,*,#112,.T.);
#112 = EDGE_CURVE('',#85,#24,#113,.T.);
#113 = SURFACE_CURVE('',#114,(#118,#125),.PCURVE_S1.);
#114 = LINE('',#115,#116);
#115 = CARTESIAN_POINT('',(-34.,20.,0.));
#116 = VECTOR('',#117,1.);
#117 = DIRECTION('',(0.,0.,1.));
#118 = PCURVE('',#32,#119);
#119 = DEFINITIONAL_REPRESENTATION('',(#120),#124);
#120 = LINE('',#121,#122);
#121 = CARTESIAN_POINT('',(0.,-43.));
#122 = VECTOR('',#123,1.);
#123 = DIRECTION('',(1.,0.));
#124 = ( GEOMETRIC_REPRESENTATION_CONTEXT(2) 
PARAMETRIC_REPRESENTATION_CONTEXT() REPRESENTATION_CONTEXT('2D SPACE',''
  ) );
#125 = PCURVE('',#126,#131);
#126 = CYLINDRICAL_SURFACE('',#127,3.);
#127 = AXIS2_PLACEMENT_3D('',#128,#129,#130);
#128 = CARTESIAN_POINT('',(-31.,20.,0.));
#129 = DIRECTION('',(0.,0.,1.));
#130 = DIRECTION('',(-1.,-0.,0.));
#131 = DEFINITIONAL_REPRESENTATION('',(#132),#136);
#132 = LINE('',#133,#134);
#133 = CARTESIAN_POINT('',(-0.,0.));
#134 = VECTOR('',#135,1.);
#135 = DIRECTION('',(-0.,1.));
#136 = ( GEOMETRIC_REPRESENTATION_CONTEXT(2) 
PARAMETRIC_REPRESENTATION_CONTEXT() REPRESENTATION_CONTEXT('2D SPACE',''
  ) );
#137 = ADVANCED_FACE('',(#138,#444,#550,#664,#770,#884,#990),#44,.T.);
#138 = FACE_BOUND('',#139,.T.);
#139 = EDGE_LOOP('',(#140,#141,#165,#193,#226,#254,#283,#311,#339,#367,
    #395,#418));
#140 = ORIENTED_EDGE('',*,*,#21,.F.);
#141 = ORIENTED_EDGE('',*,*,#142,.T.);
#142 = EDGE_CURVE('',#22,#143,#145,.T.);
#143 = VERTEX_POINT('',#144);
#144 = CARTESIAN_POINT('',(-31.,-23.,8.));
#145 = SURFACE_CURVE('',#146,(#151,#158),.PCURVE_S1.);
#146 = CIRCLE('',#147,3.);
#147 = AXIS2_PLACEMENT_3D('',#148,#149,#150);
#148 = CARTESIAN_POINT('',(-31.,-20.,8.));
#149 = DIRECTION('',(0.,0.,1.));
#150 = DIRECTION('',(0.,-1.,0.));
#151 = PCURVE('',#44,#152);
#152 = DEFINITIONAL_REPRESENTATION('',(#153),#157);
#153 = CIRCLE('',#154,3.);
#154 = AXIS2_PLACEMENT_2D('',#155,#156);
#155 = CARTESIAN_POINT('',(3.,3.));
#156 = DIRECTION('',(0.,-1.));
#157 = ( GEOMETRIC_REPRESENTATION_CONTEXT(2) 
PARAMETRIC_REPRESENTATION_CONTEXT() REPRESENTATION_CONTEXT('2D SPACE',''
  ) );
#158 = PCURVE('',#72,#159);
#159 = DEFINITIONAL_REPRESENTATION('',(#160),#164);
#160 = LINE('',#161,#162);
#161 = CARTESIAN_POINT('',(-4.712388980385,8.));
#162 = VECTOR('',#163,1.);
#163 = DIRECTION('',(1.,0.));
#164 = ( GEOMETRIC_REPRESENTATION_CONTEXT(2) 
PARAMETRIC_REPRESENTATION_CONTEXT() REPRESENTATION_CONTEXT('2D SPACE',''
  ) );
#165 = ORIENTED_EDGE('',*,*,#166,.T.);
#166 = EDGE_CURVE('',#143,#167,#169,.T.);
#167 = VERTEX_POINT('',#168);
#168 = CARTESIAN_POINT('',(31.,-23.,8.));
#169 = SURFACE_CURVE('',#170,(#174,#181),.PCURVE_S1.);
#170 = LINE('',#171,#172);
#171 = CARTESIAN_POINT('',(-34.,-23.,8.));
#172 = VECTOR('',#173,1.);
#173 = DIRECTION('',(1.,0.,0.));
#174 = PCURVE('',#44,#175);
#175 = DEFINITIONAL_REPRESENTATION('',(#176),#180);
#176 = LINE('',#177,#178);
#177 = CARTESIAN_POINT('',(0.,0.));
#178 = VECTOR('',#179,1.);
#179 = DIRECTION('',(1.,0.));
#180 = ( GEOMETRIC_REPRESENTATION_CONTEXT(2) 
PARAMETRIC_REPRESENTATION_CONTEXT() REPRESENTATION_CONTEXT('2D SPACE',''
  ) );
#181 = PCURVE('',#182,#187);
#182 = PLANE('',#183);
#183 = AXIS2_PLACEMENT_3D('',#184,#185,#186);
#184 = CARTESIAN_POINT('',(-34.,-23.,0.));
#185 = DIRECTION('',(0.,1.,0.));
#186 = DIRECTION('',(0.,0.,1.));
#187 = DEFINITIONAL_REPRESENTATION('',(#188),#192);
#188 = LINE('',#189,#190);
#189 = CARTESIAN_POINT('',(8.,0.));
#190 = VECTOR('',#191,1.);
#191 = DIRECTION('',(0.,1.));
#192 = ( GEOMETRIC_REPRESENTATION_CONTEXT(2) 
PARAMETRIC_REPRESENTATION_CONTEXT() REPRESENTATION_CONTEXT('2D SPACE',''
  ) );
#193 = ORIENTED_EDGE('',*,*,#194,.F.);
#194 = EDGE_CURVE('',#195,#167,#197,.T.);
#195 = VERTEX_POINT('',#196);
#196 = CARTESIAN_POINT('',(34.,-20.,8.));
#197 = SURFACE_CURVE('',#198,(#203,#214),.PCURVE_S1.);
#198 = CIRCLE('',#199,3.);
#199 = AXIS2_PLACEMENT_3D('',#200,#201,#202);
#200 = CARTESIAN_POINT('',(31.,-20.,8.));
#201 = DIRECTION('',(-0.,-0.,-1.));
#202 = DIRECTION('',(0.,-1.,0.));
#203 = PCURVE('',#44,#204);
#204 = DEFINITIONAL_REPRESENTATION('',(#205),#213);
#205 = ( BOUNDED_CURVE() B_SPLINE_CURVE(2,(#206,#207,#208,#209,#210,#211
,#212),.UNSPECIFIED.,.T.,.F.) B_SPLINE_CURVE_WITH_KNOTS((1,2,2,2,2,1),(
    -2.094395102393,0.,2.094395102393,4.188790204786,6.28318530718,
8.377580409573),.UNSPECIFIED.) CURVE() GEOMETRIC_REPRESENTATION_ITEM() 
RATIONAL_B_SPLINE_CURVE((1.,0.5,1.,0.5,1.,0.5,1.)) REPRESENTATION_ITEM(
  '') );
#206 = CARTESIAN_POINT('',(65.,0.));
#207 = CARTESIAN_POINT('',(59.803847577293,0.));
#208 = CARTESIAN_POINT('',(62.401923788647,4.5));
#209 = CARTESIAN_POINT('',(65.,9.));
#210 = CARTESIAN_POINT('',(67.598076211353,4.5));
#211 = CARTESIAN_POINT('',(70.196152422707,4.440892098501E-15));
#212 = CARTESIAN_POINT('',(65.,0.));
#213 = ( GEOMETRIC_REPRESENTATION_CONTEXT(2) 
PARAMETRIC_REPRESENTATION_CONTEXT() REPRESENTATION_CONTEXT('2D SPACE',''
  ) );
#214 = PCURVE('',#215,#220);
#215 = CYLINDRICAL_SURFACE('',#216,3.);
#216 = AXIS2_PLACEMENT_3D('',#217,#218,#219);
#217 = CARTESIAN_POINT('',(31.,-20.,0.));
#218 = DIRECTION('',(0.,0.,1.));
#219 = DIRECTION('',(1.,0.,-0.));
#220 = DEFINITIONAL_REPRESENTATION('',(#221),#225);
#221 = LINE('',#222,#223);
#222 = CARTESIAN_POINT('',(4.712388980385,8.));
#223 = VECTOR('',#224,1.);
#224 = DIRECTION('',(-1.,0.));
#225 = ( GEOMETRIC_REPRESENTATION_CONTEXT(2) 
PARAMETRIC_REPRESENTATION_CONTEXT() REPRESENTATION_CONTEXT('2D SPACE',''
  ) );
#226 = ORIENTED_EDGE('',*,*,#227,.T.);
#227 = EDGE_CURVE('',#195,#228,#230,.T.);
#228 = VERTEX_POINT('',#229);
#229 = CARTESIAN_POINT('',(34.,20.,8.));
#230 = SURFACE_CURVE('',#231,(#235,#242),.PCURVE_S1.);
#231 = LINE('',#232,#233);
#232 = CARTESIAN_POINT('',(34.,-23.,8.));
#233 = VECTOR('',#234,1.);
#234 = DIRECTION('',(0.,1.,0.));
#235 = PCURVE('',#44,#236);
#236 = DEFINITIONAL_REPRESENTATION('',(#237),#241);
#237 = LINE('',#238,#239);
#238 = CARTESIAN_POINT('',(68.,0.));
#239 = VECTOR('',#240,1.);
#240 = DIRECTION('',(0.,1.));
#241 = ( GEOMETRIC_REPRESENTATION_CONTEXT(2) 
PARAMETRIC_REPRESENTATION_CONTEXT() REPRESENTATION_CONTEXT('2D SPACE',''
  ) );
#242 = PCURVE('',#243,#248);
#243 = PLANE('',#244);
#244 = AXIS2_PLACEMENT_3D('',#245,#246,#247);
#245 = CARTESIAN_POINT('',(34.,-23.,0.));
#246 = DIRECTION('',(1.,0.,0.));
#247 = DIRECTION('',(0.,0.,1.));
#248 = DEFINITIONAL_REPRESENTATION('',(#249),#253);
#249 = LINE('',#250,#251);
#250 = CARTESIAN_POINT('',(8.,0.));
#251 = VECTOR('',#252,1.);
#252 = DIRECTION('',(0.,-1.));
#253 = ( GEOMETRIC_REPRESENTATION_CONTEXT(2) 
PARAMETRIC_REPRESENTATION_CONTEXT() REPRESENTATION_CONTEXT('2D SPACE',''
  ) );
#254 = ORIENTED_EDGE('',*,*,#255,.T.);
#255 = EDGE_CURVE('',#228,#256,#258,.T.);
#256 = VERTEX_POINT('',#257);
#257 = CARTESIAN_POINT('',(31.,23.,8.));
#258 = SURFACE_CURVE('',#259,(#264,#271),.PCURVE_S1.);
#259 = CIRCLE('',#260,3.);
#260 = AXIS2_PLACEMENT_3D('',#261,#262,#263);
#261 = CARTESIAN_POINT('',(31.,20.,8.));
#262 = DIRECTION('',(0.,0.,1.));
#263 = DIRECTION('',(0.,-1.,0.));
#264 = PCURVE('',#44,#265);
#265 = DEFINITIONAL_REPRESENTATION('',(#266),#270);
#266 = CIRCLE('',#267,3.);
#267 = AXIS2_PLACEMENT_2D('',#268,#269);
#268 = CARTESIAN_POINT('',(65.,43.));
#269 = DIRECTION('',(0.,-1.));
#270 = ( GEOMETRIC_REPRESENTATION_CONTEXT(2) 
PARAMETRIC_REPRESENTATION_CONTEXT() REPRESENTATION_CONTEXT('2D SPACE',''
  ) );
#271 = PCURVE('',#272,#277);
#272 = CYLINDRICAL_SURFACE('',#273,3.);
#273 = AXIS2_PLACEMENT_3D('',#274,#275,#276);
#274 = CARTESIAN_POINT('',(31.,20.,0.));
#275 = DIRECTION('',(0.,0.,1.));
#276 = DIRECTION('',(1.,0.,-0.));
#277 = DEFINITIONAL_REPRESENTATION('',(#278),#282);
#278 = LINE('',#279,#280);
#279 = CARTESIAN_POINT('',(-1.570796326795,8.));
#280 = VECTOR('',#281,1.);
#281 = DIRECTION('',(1.,0.));
#282 = ( GEOMETRIC_REPRESENTATION_CONTEXT(2) 
PARAMETRIC_REPRESENTATION_CONTEXT() REPRESENTATION_CONTEXT('2D SPACE',''
  ) );
#283 = ORIENTED_EDGE('',*,*,#284,.F.);
#284 = EDGE_CURVE('',#285,#256,#287,.T.);
#285 = VERTEX_POINT('',#286);
#286 = CARTESIAN_POINT('',(8.,23.,8.));
#287 = SURFACE_CURVE('',#288,(#292,#299),.PCURVE_S1.);
#288 = LINE('',#289,#290);
#289 = CARTESIAN_POINT('',(-34.,23.,8.));
#290 = VECTOR('',#291,1.);
#291 = DIRECTION('',(1.,0.,0.));
#292 = PCURVE('',#44,#293);
#293 = DEFINITIONAL_REPRESENTATION('',(#294),#298);
#294 = LINE('',#295,#296);
#295 = CARTESIAN_POINT('',(0.,46.));
#296 = VECTOR('',#297,1.);
#297 = DIRECTION('',(1.,0.));
#298 = ( GEOMETRIC_REPRESENTATION_CONTEXT(2) 
PARAMETRIC_REPRESENTATION_CONTEXT() REPRESENTATION_CONTEXT('2D SPACE',''
  ) );
#299 = PCURVE('',#300,#305);
#300 = PLANE('',#301);
#301 = AXIS2_PLACEMENT_3D('',#302,#303,#304);
#302 = CARTESIAN_POINT('',(-34.,23.,0.));
#303 = DIRECTION('',(0.,1.,0.));
#304 = DIRECTION('',(0.,0.,1.));
#305 = DEFINITIONAL_REPRESENTATION('',(#306),#310);
#306 = LINE('',#307,#308);
#307 = CARTESIAN_POINT('',(8.,0.));
#308 = VECTOR('',#309,1.);
#309 = DIRECTION('',(0.,1.));
#310 = ( GEOMETRIC_REPRESENTATION_CONTEXT(2) 
PARAMETRIC_REPRESENTATION_CONTEXT() REPRESENTATION_CONTEXT('2D SPACE',''
  ) );
#311 = ORIENTED_EDGE('',*,*,#312,.F.);
#312 = EDGE_CURVE('',#313,#285,#315,.T.);
#313 = VERTEX_POINT('',#314);
#314 = CARTESIAN_POINT('',(8.,16.,8.));
#315 = SURFACE_CURVE('',#316,(#320,#327),.PCURVE_S1.);
#316 = LINE('',#317,#318);
#317 = CARTESIAN_POINT('',(8.,16.,8.));
#318 = VECTOR('',#319,1.);
#319 = DIRECTION('',(0.,1.,0.));
#320 = PCURVE('',#44,#321);
#321 = DEFINITIONAL_REPRESENTATION('',(#322),#326);
#322 = LINE('',#323,#324);
#323 = CARTESIAN_POINT('',(42.,39.));
#324 = VECTOR('',#325,1.);
#325 = DIRECTION('',(0.,1.));
#326 = ( GEOMETRIC_REPRESENTATION_CONTEXT(2) 
PARAMETRIC_REPRESENTATION_CONTEXT() REPRESENTATION_CONTEXT('2D SPACE',''
  ) );
#327 = PCURVE('',#328,#333);
#328 = PLANE('',#329);
#329 = AXIS2_PLACEMENT_3D('',#330,#331,#332);
#330 = CARTESIAN_POINT('',(8.,16.,8.));
#331 = DIRECTION('',(1.,0.,0.));
#332 = DIRECTION('',(0.,0.,1.));
#333 = DEFINITIONAL_REPRESENTATION('',(#334),#338);
#334 = LINE('',#335,#336);
#335 = CARTESIAN_POINT('',(0.,0.));
#336 = VECTOR('',#337,1.);
#337 = DIRECTION('',(0.,-1.));
#338 = ( GEOMETRIC_REPRESENTATION_CONTEXT(2) 
PARAMETRIC_REPRESENTATION_CONTEXT() REPRESENTATION_CONTEXT('2D SPACE',''
  ) );
#339 = ORIENTED_EDGE('',*,*,#340,.F.);
#340 = EDGE_CURVE('',#341,#313,#343,.T.);
#341 = VERTEX_POINT('',#342);
#342 = CARTESIAN_POINT('',(-8.,16.,8.));
#343 = SURFACE_CURVE('',#344,(#348,#355),.PCURVE_S1.);
#344 = LINE('',#345,#346);
#345 = CARTESIAN_POINT('',(-8.,16.,8.));
#346 = VECTOR('',#347,1.);
#347 = DIRECTION('',(1.,0.,0.));
#348 = PCURVE('',#44,#349);
#349 = DEFINITIONAL_REPRESENTATION('',(#350),#354);
#350 = LINE('',#351,#352);
#351 = CARTESIAN_POINT('',(26.,39.));
#352 = VECTOR('',#353,1.);
#353 = DIRECTION('',(1.,0.));
#354 = ( GEOMETRIC_REPRESENTATION_CONTEXT(2) 
PARAMETRIC_REPRESENTATION_CONTEXT() REPRESENTATION_CONTEXT('2D SPACE',''
  ) );
#355 = PCURVE('',#356,#361);
#356 = PLANE('',#357);
#357 = AXIS2_PLACEMENT_3D('',#358,#359,#360);
#358 = CARTESIAN_POINT('',(-8.,16.,8.));
#359 = DIRECTION('',(0.,1.,0.));
#360 = DIRECTION('',(0.,0.,1.));
#361 = DEFINITIONAL_REPRESENTATION('',(#362),#366);
#362 = LINE('',#363,#364);
#363 = CARTESIAN_POINT('',(0.,0.));
#364 = VECTOR('',#365,1.);
#365 = DIRECTION('',(0.,1.));
#366 = ( GEOMETRIC_REPRESENTATION_CONTEXT(2) 
PARAMETRIC_REPRESENTATION_CONTEXT() REPRESENTATION_CONTEXT('2D SPACE',''
  ) );
#367 = ORIENTED_EDGE('',*,*,#368,.T.);
#368 = EDGE_CURVE('',#341,#369,#371,.T.);
#369 = VERTEX_POINT('',#370);
#370 = CARTESIAN_POINT('',(-8.,23.,8.));
#371 = SURFACE_CURVE('',#372,(#376,#383),.PCURVE_S1.);
#372 = LINE('',#373,#374);
#373 = CARTESIAN_POINT('',(-8.,16.,8.));
#374 = VECTOR('',#375,1.);
#375 = DIRECTION('',(0.,1.,0.));
#376 = PCURVE('',#44,#377);
#377 = DEFINITIONAL_REPRESENTATION('',(#378),#382);
#378 = LINE('',#379,#380);
#379 = CARTESIAN_POINT('',(26.,39.));
#380 = VECTOR('',#381,1.);
#381 = DIRECTION('',(0.,1.));
#382 = ( GEOMETRIC_REPRESENTATION_CONTEXT(2) 
PARAMETRIC_REPRESENTATION_CONTEXT() REPRESENTATION_CONTEXT('2D SPACE',''
  ) );
#383 = PCURVE('',#384,#389);
#384 = PLANE('',#385);
#385 = AXIS2_PLACEMENT_3D('',#386,#387,#388);
#386 = CARTESIAN_POINT('',(-8.,16.,8.));
#387 = DIRECTION('',(1.,0.,0.));
#388 = DIRECTION('',(0.,0.,1.));
#389 = DEFINITIONAL_REPRESENTATION('',(#390),#394);
#390 = LINE('',#391,#392);
#391 = CARTESIAN_POINT('',(0.,0.));
#392 = VECTOR('',#393,1.);
#393 = DIRECTION('',(0.,-1.));
#394 = ( GEOMETRIC_REPRESENTATION_CONTEXT(2) 
PARAMETRIC_REPRESENTATION_CONTEXT() REPRESENTATION_CONTEXT('2D SPACE',''
  ) );
#395 = ORIENTED_EDGE('',*,*,#396,.F.);
#396 = EDGE_CURVE('',#397,#369,#399,.T.);
#397 = VERTEX_POINT('',#398);
#398 = CARTESIAN_POINT('',(-31.,23.,8.));
#399 = SURFACE_CURVE('',#400,(#404,#411),.PCURVE_S1.);
#400 = LINE('',#401,#402);
#401 = CARTESIAN_POINT('',(-34.,23.,8.));
#402 = VECTOR('',#403,1.);
#403 = DIRECTION('',(1.,0.,0.));
#404 = PCURVE('',#44,#405);
#405 = DEFINITIONAL_REPRESENTATION('',(#406),#410);
#406 = LINE('',#407,#408);
#407 = CARTESIAN_POINT('',(0.,46.));
#408 = VECTOR('',#409,1.);
#409 = DIRECTION('',(1.,0.));
#410 = ( GEOMETRIC_REPRESENTATION_CONTEXT(2) 
PARAMETRIC_REPRESENTATION_CONTEXT() REPRESENTATION_CONTEXT('2D SPACE',''
  ) );
#411 = PCURVE('',#300,#412);
#412 = DEFINITIONAL_REPRESENTATION('',(#413),#417);
#413 = LINE('',#414,#415);
#414 = CARTESIAN_POINT('',(8.,0.));
#415 = VECTOR('',#416,1.);
#416 = DIRECTION('',(0.,1.));
#417 = ( GEOMETRIC_REPRESENTATION_CONTEXT(2) 
PARAMETRIC_REPRESENTATION_CONTEXT() REPRESENTATION_CONTEXT('2D SPACE',''
  ) );
#418 = ORIENTED_EDGE('',*,*,#419,.F.);
#419 = EDGE_CURVE('',#24,#397,#420,.T.);
#420 = SURFACE_CURVE('',#421,(#426,#437),.PCURVE_S1.);
#421 = CIRCLE('',#422,3.);
#422 = AXIS2_PLACEMENT_3D('',#423,#424,#425);
#423 = CARTESIAN_POINT('',(-31.,20.,8.));
#424 = DIRECTION('',(-0.,-0.,-1.));
#425 = DIRECTION('',(0.,-1.,0.));
#426 = PCURVE('',#44,#427);
#427 = DEFINITIONAL_REPRESENTATION('',(#428),#436);
#428 = ( BOUNDED_CURVE() B_SPLINE_CURVE(2,(#429,#430,#431,#432,#433,#434
,#435),.UNSPECIFIED.,.T.,.F.) B_SPLINE_CURVE_WITH_KNOTS((1,2,2,2,2,1),(
    -2.094395102393,0.,2.094395102393,4.188790204786,6.28318530718,
8.377580409573),.UNSPECIFIED.) CURVE() GEOMETRIC_REPRESENTATION_ITEM() 
RATIONAL_B_SPLINE_CURVE((1.,0.5,1.,0.5,1.,0.5,1.)) REPRESENTATION_ITEM(
  '') );
#429 = CARTESIAN_POINT('',(3.,40.));
#430 = CARTESIAN_POINT('',(-2.196152422707,40.));
#431 = CARTESIAN_POINT('',(0.401923788647,44.5));
#432 = CARTESIAN_POINT('',(3.,49.));
#433 = CARTESIAN_POINT('',(5.598076211353,44.5));
#434 = CARTESIAN_POINT('',(8.196152422707,40.));
#435 = CARTESIAN_POINT('',(3.,40.));
#436 = ( GEOMETRIC_REPRESENTATION_CONTEXT(2) 
PARAMETRIC_REPRESENTATION_CONTEXT() REPRESENTATION_CONTEXT('2D SPACE',''
  ) );
#437 = PCURVE('',#126,#438);
#438 = DEFINITIONAL_REPRESENTATION('',(#439),#443);
#439 = LINE('',#440,#441);
#440 = CARTESIAN_POINT('',(1.570796326795,8.));
#441 = VECTOR('',#442,1.);
#442 = DIRECTION('',(-1.,0.));
#443 = ( GEOMETRIC_REPRESENTATION_CONTEXT(2) 
PARAMETRIC_REPRESENTATION_CONTEXT() REPRESENTATION_CONTEXT('2D SPACE',''
  ) );
#444 = FACE_BOUND('',#445,.T.);
#445 = EDGE_LOOP('',(#446,#474,#500,#526));
#446 = ORIENTED_EDGE('',*,*,#447,.F.);
#447 = EDGE_CURVE('',#448,#450,#452,.T.);
#448 = VERTEX_POINT('',#449);
#449 = CARTESIAN_POINT('',(-20.,-18.,8.));
#450 = VERTEX_POINT('',#451);
#451 = CARTESIAN_POINT('',(-26.,-18.,8.));
#452 = SURFACE_CURVE('',#453,(#457,#463),.PCURVE_S1.);
#453 = LINE('',#454,#455);
#454 = CARTESIAN_POINT('',(-30.,-18.,8.));
#455 = VECTOR('',#456,1.);
#456 = DIRECTION('',(-1.,-0.,0.));
#457 = PCURVE('',#44,#458);
#458 = DEFINITIONAL_REPRESENTATION('',(#459),#462);
#459 = B_SPLINE_CURVE_WITH_KNOTS('',1,(#460,#461),.UNSPECIFIED.,.F.,.F.,
  (2,2),(-10.,-4.),.PIECEWISE_BEZIER_KNOTS.);
#460 = CARTESIAN_POINT('',(14.,5.));
#461 = CARTESIAN_POINT('',(8.,5.));
#462 = ( GEOMETRIC_REPRESENTATION_CONTEXT(2) 
PARAMETRIC_REPRESENTATION_CONTEXT() REPRESENTATION_CONTEXT('2D SPACE',''
  ) );
#463 = PCURVE('',#464,#469);
#464 = PLANE('',#465);
#465 = AXIS2_PLACEMENT_3D('',#466,#467,#468);
#466 = CARTESIAN_POINT('',(-26.,-18.,16.));
#467 = DIRECTION('',(-0.,1.,0.));
#468 = DIRECTION('',(0.,0.,-1.));
#469 = DEFINITIONAL_REPRESENTATION('',(#470),#473);
#470 = B_SPLINE_CURVE_WITH_KNOTS('',1,(#471,#472),.UNSPECIFIED.,.F.,.F.,
  (2,2),(-10.,-4.),.PIECEWISE_BEZIER_KNOTS.);
#471 = CARTESIAN_POINT('',(8.,-6.));
#472 = CARTESIAN_POINT('',(8.,0.));
#473 = ( GEOMETRIC_REPRESENTATION_CONTEXT(2) 
PARAMETRIC_REPRESENTATION_CONTEXT() REPRESENTATION_CONTEXT('2D SPACE',''
  ) );
#474 = ORIENTED_EDGE('',*,*,#475,.T.);
#475 = EDGE_CURVE('',#448,#476,#478,.T.);
#476 = VERTEX_POINT('',#477);
#477 = CARTESIAN_POINT('',(-20.,-20.27777777777,8.));
#478 = SURFACE_CURVE('',#479,(#483,#489),.PCURVE_S1.);
#479 = LINE('',#480,#481);
#480 = CARTESIAN_POINT('',(-20.,-24.73607664715,8.));
#481 = VECTOR('',#482,1.);
#482 = DIRECTION('',(0.,-1.,0.));
#483 = PCURVE('',#44,#484);
#484 = DEFINITIONAL_REPRESENTATION('',(#485),#488);
#485 = B_SPLINE_CURVE_WITH_KNOTS('',1,(#486,#487),.UNSPECIFIED.,.F.,.F.,
  (2,2),(-6.736076647155,-1.736076647155),.PIECEWISE_BEZIER_KNOTS.);
#486 = CARTESIAN_POINT('',(14.,5.));
#487 = CARTESIAN_POINT('',(14.,0.));
#488 = ( GEOMETRIC_REPRESENTATION_CONTEXT(2) 
PARAMETRIC_REPRESENTATION_CONTEXT() REPRESENTATION_CONTEXT('2D SPACE',''
  ) );
#489 = PCURVE('',#490,#495);
#490 = PLANE('',#491);
#491 = AXIS2_PLACEMENT_3D('',#492,#493,#494);
#492 = CARTESIAN_POINT('',(-20.,-26.47215329431,13.27784670569));
#493 = DIRECTION('',(-1.,-0.,-0.));
#494 = DIRECTION('',(0.,0.,-1.));
#495 = DEFINITIONAL_REPRESENTATION('',(#496),#499);
#496 = B_SPLINE_CURVE_WITH_KNOTS('',1,(#497,#498),.UNSPECIFIED.,.F.,.F.,
  (2,2),(-6.736076647155,-1.736076647155),.PIECEWISE_BEZIER_KNOTS.);
#497 = CARTESIAN_POINT('',(5.27784670569,-8.47215329431));
#498 = CARTESIAN_POINT('',(5.27784670569,-3.47215329431));
#499 = ( GEOMETRIC_REPRESENTATION_CONTEXT(2) 
PARAMETRIC_REPRESENTATION_CONTEXT() REPRESENTATION_CONTEXT('2D SPACE',''
  ) );
#500 = ORIENTED_EDGE('',*,*,#501,.F.);
#501 = EDGE_CURVE('',#502,#476,#504,.T.);
#502 = VERTEX_POINT('',#503);
#503 = CARTESIAN_POINT('',(-26.,-20.27777777777,8.));
#504 = SURFACE_CURVE('',#505,(#509,#515),.PCURVE_S1.);
#505 = LINE('',#506,#507);
#506 = CARTESIAN_POINT('',(-30.,-20.27777777777,8.));
#507 = VECTOR('',#508,1.);
#508 = DIRECTION('',(1.,0.,-0.));
#509 = PCURVE('',#44,#510);
#510 = DEFINITIONAL_REPRESENTATION('',(#511),#514);
#511 = B_SPLINE_CURVE_WITH_KNOTS('',1,(#512,#513),.UNSPECIFIED.,.F.,.F.,
  (2,2),(4.,10.),.PIECEWISE_BEZIER_KNOTS.);
#512 = CARTESIAN_POINT('',(8.,2.722222222222));
#513 = CARTESIAN_POINT('',(14.,2.722222222222));
#514 = ( GEOMETRIC_REPRESENTATION_CONTEXT(2) 
PARAMETRIC_REPRESENTATION_CONTEXT() REPRESENTATION_CONTEXT('2D SPACE',''
  ) );
#515 = PCURVE('',#516,#521);
#516 = PLANE('',#517);
#517 = AXIS2_PLACEMENT_3D('',#518,#519,#520);
#518 = CARTESIAN_POINT('',(-26.,-18.,7.));
#519 = DIRECTION('',(0.,-0.401990062035,-0.915644030191));
#520 = DIRECTION('',(0.,-0.915644030191,0.401990062035));
#521 = DEFINITIONAL_REPRESENTATION('',(#522),#525);
#522 = B_SPLINE_CURVE_WITH_KNOTS('',1,(#523,#524),.UNSPECIFIED.,.F.,.F.,
  (2,2),(4.,10.),.PIECEWISE_BEZIER_KNOTS.);
#523 = CARTESIAN_POINT('',(2.48762368636,0.));
#524 = CARTESIAN_POINT('',(2.48762368636,-6.));
#525 = ( GEOMETRIC_REPRESENTATION_CONTEXT(2) 
PARAMETRIC_REPRESENTATION_CONTEXT() REPRESENTATION_CONTEXT('2D SPACE',''
  ) );
#526 = ORIENTED_EDGE('',*,*,#527,.F.);
#527 = EDGE_CURVE('',#450,#502,#528,.T.);
#528 = SURFACE_CURVE('',#529,(#533,#539),.PCURVE_S1.);
#529 = LINE('',#530,#531);
#530 = CARTESIAN_POINT('',(-26.,-24.73607664715,8.));
#531 = VECTOR('',#532,1.);
#532 = DIRECTION('',(0.,-1.,0.));
#533 = PCURVE('',#44,#534);
#534 = DEFINITIONAL_REPRESENTATION('',(#535),#538);
#535 = B_SPLINE_CURVE_WITH_KNOTS('',1,(#536,#537),.UNSPECIFIED.,.F.,.F.,
  (2,2),(-6.736076647155,-1.736076647155),.PIECEWISE_BEZIER_KNOTS.);
#536 = CARTESIAN_POINT('',(8.,5.));
#537 = CARTESIAN_POINT('',(8.,0.));
#538 = ( GEOMETRIC_REPRESENTATION_CONTEXT(2) 
PARAMETRIC_REPRESENTATION_CONTEXT() REPRESENTATION_CONTEXT('2D SPACE',''
  ) );
#539 = PCURVE('',#540,#545);
#540 = PLANE('',#541);
#541 = AXIS2_PLACEMENT_3D('',#542,#543,#544);
#542 = CARTESIAN_POINT('',(-26.,-26.47215329431,13.27784670569));
#543 = DIRECTION('',(-1.,-0.,-0.));
#544 = DIRECTION('',(0.,0.,-1.));
#545 = DEFINITIONAL_REPRESENTATION('',(#546),#549);
#546 = B_SPLINE_CURVE_WITH_KNOTS('',1,(#547,#548),.UNSPECIFIED.,.F.,.F.,
  (2,2),(-6.736076647155,-1.736076647155),.PIECEWISE_BEZIER_KNOTS.);
#547 = CARTESIAN_POINT('',(5.27784670569,-8.47215329431));
#548 = CARTESIAN_POINT('',(5.27784670569,-3.47215329431));
#549 = ( GEOMETRIC_REPRESENTATION_CONTEXT(2) 
PARAMETRIC_REPRESENTATION_CONTEXT() REPRESENTATION_CONTEXT('2D SPACE',''
  ) );
#550 = FACE_BOUND('',#551,.T.);
#551 = EDGE_LOOP('',(#552,#582,#610,#638));
#552 = ORIENTED_EDGE('',*,*,#553,.F.);
#553 = EDGE_CURVE('',#554,#556,#558,.T.);
#554 = VERTEX_POINT('',#555);
#555 = CARTESIAN_POINT('',(-27.5,17.286842105263,8.));
#556 = VERTEX_POINT('',#557);
#557 = CARTESIAN_POINT('',(-27.5,-17.28684210526,8.));
#558 = SURFACE_CURVE('',#559,(#563,#570),.PCURVE_S1.);
#559 = LINE('',#560,#561);
#560 = CARTESIAN_POINT('',(-27.5,17.286842105263,8.));
#561 = VECTOR('',#562,1.);
#562 = DIRECTION('',(0.,-1.,0.));
#563 = PCURVE('',#44,#564);
#564 = DEFINITIONAL_REPRESENTATION('',(#565),#569);
#565 = LINE('',#566,#567);
#566 = CARTESIAN_POINT('',(6.5,40.286842105263));
#567 = VECTOR('',#568,1.);
#568 = DIRECTION('',(0.,-1.));
#569 = ( GEOMETRIC_REPRESENTATION_CONTEXT(2) 
PARAMETRIC_REPRESENTATION_CONTEXT() REPRESENTATION_CONTEXT('2D SPACE',''
  ) );
#570 = PCURVE('',#571,#576);
#571 = PLANE('',#572);
#572 = AXIS2_PLACEMENT_3D('',#573,#574,#575);
#573 = CARTESIAN_POINT('',(-27.5,-1.746000824833E-16,26.122357823109));
#574 = DIRECTION('',(1.,0.,0.));
#575 = DIRECTION('',(-0.,0.,1.));
#576 = DEFINITIONAL_REPRESENTATION('',(#577),#581);
#577 = LINE('',#578,#579);
#578 = CARTESIAN_POINT('',(-18.1223578231,-17.28684210526));
#579 = VECTOR('',#580,1.);
#580 = DIRECTION('',(0.,1.));
#581 = ( GEOMETRIC_REPRESENTATION_CONTEXT(2) 
PARAMETRIC_REPRESENTATION_CONTEXT() REPRESENTATION_CONTEXT('2D SPACE',''
  ) );
#582 = ORIENTED_EDGE('',*,*,#583,.T.);
#583 = EDGE_CURVE('',#554,#584,#586,.T.);
#584 = VERTEX_POINT('',#585);
#585 = CARTESIAN_POINT('',(-18.5,17.286842105263,8.));
#586 = SURFACE_CURVE('',#587,(#591,#598),.PCURVE_S1.);
#587 = LINE('',#588,#589);
#588 = CARTESIAN_POINT('',(-27.5,17.286842105263,8.));
#589 = VECTOR('',#590,1.);
#590 = DIRECTION('',(1.,0.,0.));
#591 = PCURVE('',#44,#592);
#592 = DEFINITIONAL_REPRESENTATION('',(#593),#597);
#593 = LINE('',#594,#595);
#594 = CARTESIAN_POINT('',(6.5,40.286842105263));
#595 = VECTOR('',#596,1.);
#596 = DIRECTION('',(1.,0.));
#597 = ( GEOMETRIC_REPRESENTATION_CONTEXT(2) 
PARAMETRIC_REPRESENTATION_CONTEXT() REPRESENTATION_CONTEXT('2D SPACE',''
  ) );
#598 = PCURVE('',#599,#604);
#599 = PLANE('',#600);
#600 = AXIS2_PLACEMENT_3D('',#601,#602,#603);
#601 = CARTESIAN_POINT('',(-27.5,17.286842105263,8.));
#602 = DIRECTION('',(0.,1.,0.));
#603 = DIRECTION('',(0.,0.,1.));
#604 = DEFINITIONAL_REPRESENTATION('',(#605),#609);
#605 = LINE('',#606,#607);
#606 = CARTESIAN_POINT('',(0.,0.));
#607 = VECTOR('',#608,1.);
#608 = DIRECTION('',(0.,1.));
#609 = ( GEOMETRIC_REPRESENTATION_CONTEXT(2) 
PARAMETRIC_REPRESENTATION_CONTEXT() REPRESENTATION_CONTEXT('2D SPACE',''
  ) );
#610 = ORIENTED_EDGE('',*,*,#611,.T.);
#611 = EDGE_CURVE('',#584,#612,#614,.T.);
#612 = VERTEX_POINT('',#613);
#613 = CARTESIAN_POINT('',(-18.5,-17.28684210526,8.));
#614 = SURFACE_CURVE('',#615,(#619,#626),.PCURVE_S1.);
#615 = LINE('',#616,#617);
#616 = CARTESIAN_POINT('',(-18.5,17.286842105263,8.));
#617 = VECTOR('',#618,1.);
#618 = DIRECTION('',(0.,-1.,0.));
#619 = PCURVE('',#44,#620);
#620 = DEFINITIONAL_REPRESENTATION('',(#621),#625);
#621 = LINE('',#622,#623);
#622 = CARTESIAN_POINT('',(15.5,40.286842105263));
#623 = VECTOR('',#624,1.);
#624 = DIRECTION('',(0.,-1.));
#625 = ( GEOMETRIC_REPRESENTATION_CONTEXT(2) 
PARAMETRIC_REPRESENTATION_CONTEXT() REPRESENTATION_CONTEXT('2D SPACE',''
  ) );
#626 = PCURVE('',#627,#632);
#627 = PLANE('',#628);
#628 = AXIS2_PLACEMENT_3D('',#629,#630,#631);
#629 = CARTESIAN_POINT('',(-18.5,-1.746000824833E-16,26.122357823109));
#630 = DIRECTION('',(1.,0.,0.));
#631 = DIRECTION('',(-0.,0.,1.));
#632 = DEFINITIONAL_REPRESENTATION('',(#633),#637);
#633 = LINE('',#634,#635);
#634 = CARTESIAN_POINT('',(-18.1223578231,-17.28684210526));
#635 = VECTOR('',#636,1.);
#636 = DIRECTION('',(0.,1.));
#637 = ( GEOMETRIC_REPRESENTATION_CONTEXT(2) 
PARAMETRIC_REPRESENTATION_CONTEXT() REPRESENTATION_CONTEXT('2D SPACE',''
  ) );
#638 = ORIENTED_EDGE('',*,*,#639,.F.);
#639 = EDGE_CURVE('',#556,#612,#640,.T.);
#640 = SURFACE_CURVE('',#641,(#645,#652),.PCURVE_S1.);
#641 = LINE('',#642,#643);
#642 = CARTESIAN_POINT('',(-27.5,-17.28684210526,8.));
#643 = VECTOR('',#644,1.);
#644 = DIRECTION('',(1.,0.,0.));
#645 = PCURVE('',#44,#646);
#646 = DEFINITIONAL_REPRESENTATION('',(#647),#651);
#647 = LINE('',#648,#649);
#648 = CARTESIAN_POINT('',(6.5,5.713157894737));
#649 = VECTOR('',#650,1.);
#650 = DIRECTION('',(1.,0.));
#651 = ( GEOMETRIC_REPRESENTATION_CONTEXT(2) 
PARAMETRIC_REPRESENTATION_CONTEXT() REPRESENTATION_CONTEXT('2D SPACE',''
  ) );
#652 = PCURVE('',#653,#658);
#653 = PLANE('',#654);
#654 = AXIS2_PLACEMENT_3D('',#655,#656,#657);
#655 = CARTESIAN_POINT('',(-27.5,-17.28684210526,8.));
#656 = DIRECTION('',(0.,1.,0.));
#657 = DIRECTION('',(0.,0.,1.));
#658 = DEFINITIONAL_REPRESENTATION('',(#659),#663);
#659 = LINE('',#660,#661);
#660 = CARTESIAN_POINT('',(0.,0.));
#661 = VECTOR('',#662,1.);
#662 = DIRECTION('',(0.,1.));
#663 = ( GEOMETRIC_REPRESENTATION_CONTEXT(2) 
PARAMETRIC_REPRESENTATION_CONTEXT() REPRESENTATION_CONTEXT('2D SPACE',''
  ) );
#664 = FACE_BOUND('',#665,.T.);
#665 = EDGE_LOOP('',(#666,#694,#720,#746));
#666 = ORIENTED_EDGE('',*,*,#667,.F.);
#667 = EDGE_CURVE('',#668,#670,#672,.T.);
#668 = VERTEX_POINT('',#669);
#669 = CARTESIAN_POINT('',(26.,-18.,8.));
#670 = VERTEX_POINT('',#671);
#671 = CARTESIAN_POINT('',(20.,-18.,8.));
#672 = SURFACE_CURVE('',#673,(#677,#683),.PCURVE_S1.);
#673 = LINE('',#674,#675);
#674 = CARTESIAN_POINT('',(-7.,-18.,8.));
#675 = VECTOR('',#676,1.);
#676 = DIRECTION('',(-1.,-0.,0.));
#677 = PCURVE('',#44,#678);
#678 = DEFINITIONAL_REPRESENTATION('',(#679),#682);
#679 = B_SPLINE_CURVE_WITH_KNOTS('',1,(#680,#681),.UNSPECIFIED.,.F.,.F.,
  (2,2),(-33.,-27.),.PIECEWISE_BEZIER_KNOTS.);
#680 = CARTESIAN_POINT('',(60.,5.));
#681 = CARTESIAN_POINT('',(54.,5.));
#682 = ( GEOMETRIC_REPRESENTATION_CONTEXT(2) 
PARAMETRIC_REPRESENTATION_CONTEXT() REPRESENTATION_CONTEXT('2D SPACE',''
  ) );
#683 = PCURVE('',#684,#689);
#684 = PLANE('',#685);
#685 = AXIS2_PLACEMENT_3D('',#686,#687,#688);
#686 = CARTESIAN_POINT('',(20.,-18.,16.));
#687 = DIRECTION('',(-0.,1.,0.));
#688 = DIRECTION('',(0.,0.,-1.));
#689 = DEFINITIONAL_REPRESENTATION('',(#690),#693);
#690 = B_SPLINE_CURVE_WITH_KNOTS('',1,(#691,#692),.UNSPECIFIED.,.F.,.F.,
  (2,2),(-33.,-27.),.PIECEWISE_BEZIER_KNOTS.);
#691 = CARTESIAN_POINT('',(8.,-6.));
#692 = CARTESIAN_POINT('',(8.,0.));
#693 = ( GEOMETRIC_REPRESENTATION_CONTEXT(2) 
PARAMETRIC_REPRESENTATION_CONTEXT() REPRESENTATION_CONTEXT('2D SPACE',''
  ) );
#694 = ORIENTED_EDGE('',*,*,#695,.T.);
#695 = EDGE_CURVE('',#668,#696,#698,.T.);
#696 = VERTEX_POINT('',#697);
#697 = CARTESIAN_POINT('',(26.,-20.27777777777,8.));
#698 = SURFACE_CURVE('',#699,(#703,#709),.PCURVE_S1.);
#699 = LINE('',#700,#701);
#700 = CARTESIAN_POINT('',(26.,-24.73607664715,8.));
#701 = VECTOR('',#702,1.);
#702 = DIRECTION('',(0.,-1.,0.));
#703 = PCURVE('',#44,#704);
#704 = DEFINITIONAL_REPRESENTATION('',(#705),#708);
#705 = B_SPLINE_CURVE_WITH_KNOTS('',1,(#706,#707),.UNSPECIFIED.,.F.,.F.,
  (2,2),(-6.736076647155,-1.736076647155),.PIECEWISE_BEZIER_KNOTS.);
#706 = CARTESIAN_POINT('',(60.,5.));
#707 = CARTESIAN_POINT('',(60.,0.));
#708 = ( GEOMETRIC_REPRESENTATION_CONTEXT(2) 
PARAMETRIC_REPRESENTATION_CONTEXT() REPRESENTATION_CONTEXT('2D SPACE',''
  ) );
#709 = PCURVE('',#710,#715);
#710 = PLANE('',#711);
#711 = AXIS2_PLACEMENT_3D('',#712,#713,#714);
#712 = CARTESIAN_POINT('',(26.,-26.47215329431,13.27784670569));
#713 = DIRECTION('',(-1.,-0.,-0.));
#714 = DIRECTION('',(0.,0.,-1.));
#715 = DEFINITIONAL_REPRESENTATION('',(#716),#719);
#716 = B_SPLINE_CURVE_WITH_KNOTS('',1,(#717,#718),.UNSPECIFIED.,.F.,.F.,
  (2,2),(-6.736076647155,-1.736076647155),.PIECEWISE_BEZIER_KNOTS.);
#717 = CARTESIAN_POINT('',(5.27784670569,-8.47215329431));
#718 = CARTESIAN_POINT('',(5.27784670569,-3.47215329431));
#719 = ( GEOMETRIC_REPRESENTATION_CONTEXT(2) 
PARAMETRIC_REPRESENTATION_CONTEXT() REPRESENTATION_CONTEXT('2D SPACE',''
  ) );
#720 = ORIENTED_EDGE('',*,*,#721,.F.);
#721 = EDGE_CURVE('',#722,#696,#724,.T.);
#722 = VERTEX_POINT('',#723);
#723 = CARTESIAN_POINT('',(20.,-20.27777777777,8.));
#724 = SURFACE_CURVE('',#725,(#729,#735),.PCURVE_S1.);
#725 = LINE('',#726,#727);
#726 = CARTESIAN_POINT('',(-7.,-20.27777777777,8.));
#727 = VECTOR('',#728,1.);
#728 = DIRECTION('',(1.,0.,-0.));
#729 = PCURVE('',#44,#730);
#730 = DEFINITIONAL_REPRESENTATION('',(#731),#734);
#731 = B_SPLINE_CURVE_WITH_KNOTS('',1,(#732,#733),.UNSPECIFIED.,.F.,.F.,
  (2,2),(27.,33.),.PIECEWISE_BEZIER_KNOTS.);
#732 = CARTESIAN_POINT('',(54.,2.722222222222));
#733 = CARTESIAN_POINT('',(60.,2.722222222222));
#734 = ( GEOMETRIC_REPRESENTATION_CONTEXT(2) 
PARAMETRIC_REPRESENTATION_CONTEXT() REPRESENTATION_CONTEXT('2D SPACE',''
  ) );
#735 = PCURVE('',#736,#741);
#736 = PLANE('',#737);
#737 = AXIS2_PLACEMENT_3D('',#738,#739,#740);
#738 = CARTESIAN_POINT('',(20.,-18.,7.));
#739 = DIRECTION('',(0.,-0.401990062035,-0.915644030191));
#740 = DIRECTION('',(0.,-0.915644030191,0.401990062035));
#741 = DEFINITIONAL_REPRESENTATION('',(#742),#745);
#742 = B_SPLINE_CURVE_WITH_KNOTS('',1,(#743,#744),.UNSPECIFIED.,.F.,.F.,
  (2,2),(27.,33.),.PIECEWISE_BEZIER_KNOTS.);
#743 = CARTESIAN_POINT('',(2.48762368636,0.));
#744 = CARTESIAN_POINT('',(2.48762368636,-6.));
#745 = ( GEOMETRIC_REPRESENTATION_CONTEXT(2) 
PARAMETRIC_REPRESENTATION_CONTEXT() REPRESENTATION_CONTEXT('2D SPACE',''
  ) );
#746 = ORIENTED_EDGE('',*,*,#747,.F.);
#747 = EDGE_CURVE('',#670,#722,#748,.T.);
#748 = SURFACE_CURVE('',#749,(#753,#759),.PCURVE_S1.);
#749 = LINE('',#750,#751);
#750 = CARTESIAN_POINT('',(20.,-24.73607664715,8.));
#751 = VECTOR('',#752,1.);
#752 = DIRECTION('',(0.,-1.,0.));
#753 = PCURVE('',#44,#754);
#754 = DEFINITIONAL_REPRESENTATION('',(#755),#758);
#755 = B_SPLINE_CURVE_WITH_KNOTS('',1,(#756,#757),.UNSPECIFIED.,.F.,.F.,
  (2,2),(-6.736076647155,-1.736076647155),.PIECEWISE_BEZIER_KNOTS.);
#756 = CARTESIAN_POINT('',(54.,5.));
#757 = CARTESIAN_POINT('',(54.,0.));
#758 = ( GEOMETRIC_REPRESENTATION_CONTEXT(2) 
PARAMETRIC_REPRESENTATION_CONTEXT() REPRESENTATION_CONTEXT('2D SPACE',''
  ) );
#759 = PCURVE('',#760,#765);
#760 = PLANE('',#761);
#761 = AXIS2_PLACEMENT_3D('',#762,#763,#764);
#762 = CARTESIAN_POINT('',(20.,-26.47215329431,13.27784670569));
#763 = DIRECTION('',(-1.,-0.,-0.));
#764 = DIRECTION('',(0.,0.,-1.));
#765 = DEFINITIONAL_REPRESENTATION('',(#766),#769);
#766 = B_SPLINE_CURVE_WITH_KNOTS('',1,(#767,#768),.UNSPECIFIED.,.F.,.F.,
  (2,2),(-6.736076647155,-1.736076647155),.PIECEWISE_BEZIER_KNOTS.);
#767 = CARTESIAN_POINT('',(5.27784670569,-8.47215329431));
#768 = CARTESIAN_POINT('',(5.27784670569,-3.47215329431));
#769 = ( GEOMETRIC_REPRESENTATION_CONTEXT(2) 
PARAMETRIC_REPRESENTATION_CONTEXT() REPRESENTATION_CONTEXT('2D SPACE',''
  ) );
#770 = FACE_BOUND('',#771,.T.);
#771 = EDGE_LOOP('',(#772,#802,#830,#858));
#772 = ORIENTED_EDGE('',*,*,#773,.T.);
#773 = EDGE_CURVE('',#774,#776,#778,.T.);
#774 = VERTEX_POINT('',#775);
#775 = CARTESIAN_POINT('',(18.5,-16.68157894736,8.));
#776 = VERTEX_POINT('',#777);
#777 = CARTESIAN_POINT('',(18.5,16.681578947368,8.));
#778 = SURFACE_CURVE('',#779,(#783,#790),.PCURVE_S1.);
#779 = LINE('',#780,#781);
#780 = CARTESIAN_POINT('',(18.5,-16.68157894736,8.));
#781 = VECTOR('',#782,1.);
#782 = DIRECTION('',(0.,1.,0.));
#783 = PCURVE('',#44,#784);
#784 = DEFINITIONAL_REPRESENTATION('',(#785),#789);
#785 = LINE('',#786,#787);
#786 = CARTESIAN_POINT('',(52.5,6.318421052632));
#787 = VECTOR('',#788,1.);
#788 = DIRECTION('',(0.,1.));
#789 = ( GEOMETRIC_REPRESENTATION_CONTEXT(2) 
PARAMETRIC_REPRESENTATION_CONTEXT() REPRESENTATION_CONTEXT('2D SPACE',''
  ) );
#790 = PCURVE('',#791,#796);
#791 = PLANE('',#792);
#792 = AXIS2_PLACEMENT_3D('',#793,#794,#795);
#793 = CARTESIAN_POINT('',(18.5,-2.625415892908E-16,26.106401974852));
#794 = DIRECTION('',(1.,0.,0.));
#795 = DIRECTION('',(-0.,0.,1.));
#796 = DEFINITIONAL_REPRESENTATION('',(#797),#801);
#797 = LINE('',#798,#799);
#798 = CARTESIAN_POINT('',(-18.10640197485,16.681578947368));
#799 = VECTOR('',#800,1.);
#800 = DIRECTION('',(0.,-1.));
#801 = ( GEOMETRIC_REPRESENTATION_CONTEXT(2) 
PARAMETRIC_REPRESENTATION_CONTEXT() REPRESENTATION_CONTEXT('2D SPACE',''
  ) );
#802 = ORIENTED_EDGE('',*,*,#803,.T.);
#803 = EDGE_CURVE('',#776,#804,#806,.T.);
#804 = VERTEX_POINT('',#805);
#805 = CARTESIAN_POINT('',(27.5,16.681578947368,8.));
#806 = SURFACE_CURVE('',#807,(#811,#818),.PCURVE_S1.);
#807 = LINE('',#808,#809);
#808 = CARTESIAN_POINT('',(18.5,16.681578947368,8.));
#809 = VECTOR('',#810,1.);
#810 = DIRECTION('',(1.,0.,0.));
#811 = PCURVE('',#44,#812);
#812 = DEFINITIONAL_REPRESENTATION('',(#813),#817);
#813 = LINE('',#814,#815);
#814 = CARTESIAN_POINT('',(52.5,39.681578947368));
#815 = VECTOR('',#816,1.);
#816 = DIRECTION('',(1.,0.));
#817 = ( GEOMETRIC_REPRESENTATION_CONTEXT(2) 
PARAMETRIC_REPRESENTATION_CONTEXT() REPRESENTATION_CONTEXT('2D SPACE',''
  ) );
#818 = PCURVE('',#819,#824);
#819 = PLANE('',#820);
#820 = AXIS2_PLACEMENT_3D('',#821,#822,#823);
#821 = CARTESIAN_POINT('',(18.5,16.681578947368,8.));
#822 = DIRECTION('',(0.,1.,0.));
#823 = DIRECTION('',(0.,0.,1.));
#824 = DEFINITIONAL_REPRESENTATION('',(#825),#829);
#825 = LINE('',#826,#827);
#826 = CARTESIAN_POINT('',(0.,0.));
#827 = VECTOR('',#828,1.);
#828 = DIRECTION('',(0.,1.));
#829 = ( GEOMETRIC_REPRESENTATION_CONTEXT(2) 
PARAMETRIC_REPRESENTATION_CONTEXT() REPRESENTATION_CONTEXT('2D SPACE',''
  ) );
#830 = ORIENTED_EDGE('',*,*,#831,.F.);
#831 = EDGE_CURVE('',#832,#804,#834,.T.);
#832 = VERTEX_POINT('',#833);
#833 = CARTESIAN_POINT('',(27.5,-16.68157894736,8.));
#834 = SURFACE_CURVE('',#835,(#839,#846),.PCURVE_S1.);
#835 = LINE('',#836,#837);
#836 = CARTESIAN_POINT('',(27.5,-16.68157894736,8.));
#837 = VECTOR('',#838,1.);
#838 = DIRECTION('',(0.,1.,0.));
#839 = PCURVE('',#44,#840);
#840 = DEFINITIONAL_REPRESENTATION('',(#841),#845);
#841 = LINE('',#842,#843);
#842 = CARTESIAN_POINT('',(61.5,6.318421052632));
#843 = VECTOR('',#844,1.);
#844 = DIRECTION('',(0.,1.));
#845 = ( GEOMETRIC_REPRESENTATION_CONTEXT(2) 
PARAMETRIC_REPRESENTATION_CONTEXT() REPRESENTATION_CONTEXT('2D SPACE',''
  ) );
#846 = PCURVE('',#847,#852);
#847 = PLANE('',#848);
#848 = AXIS2_PLACEMENT_3D('',#849,#850,#851);
#849 = CARTESIAN_POINT('',(27.5,-2.625415892908E-16,26.106401974852));
#850 = DIRECTION('',(1.,0.,0.));
#851 = DIRECTION('',(-0.,0.,1.));
#852 = DEFINITIONAL_REPRESENTATION('',(#853),#857);
#853 = LINE('',#854,#855);
#854 = CARTESIAN_POINT('',(-18.10640197485,16.681578947368));
#855 = VECTOR('',#856,1.);
#856 = DIRECTION('',(0.,-1.));
#857 = ( GEOMETRIC_REPRESENTATION_CONTEXT(2) 
PARAMETRIC_REPRESENTATION_CONTEXT() REPRESENTATION_CONTEXT('2D SPACE',''
  ) );
#858 = ORIENTED_EDGE('',*,*,#859,.F.);
#859 = EDGE_CURVE('',#774,#832,#860,.T.);
#860 = SURFACE_CURVE('',#861,(#865,#872),.PCURVE_S1.);
#861 = LINE('',#862,#863);
#862 = CARTESIAN_POINT('',(18.5,-16.68157894736,8.));
#863 = VECTOR('',#864,1.);
#864 = DIRECTION('',(1.,0.,0.));
#865 = PCURVE('',#44,#866);
#866 = DEFINITIONAL_REPRESENTATION('',(#867),#871);
#867 = LINE('',#868,#869);
#868 = CARTESIAN_POINT('',(52.5,6.318421052632));
#869 = VECTOR('',#870,1.);
#870 = DIRECTION('',(1.,0.));
#871 = ( GEOMETRIC_REPRESENTATION_CONTEXT(2) 
PARAMETRIC_REPRESENTATION_CONTEXT() REPRESENTATION_CONTEXT('2D SPACE',''
  ) );
#872 = PCURVE('',#873,#878);
#873 = PLANE('',#874);
#874 = AXIS2_PLACEMENT_3D('',#875,#876,#877);
#875 = CARTESIAN_POINT('',(18.5,-16.68157894736,8.));
#876 = DIRECTION('',(0.,1.,0.));
#877 = DIRECTION('',(0.,0.,1.));
#878 = DEFINITIONAL_REPRESENTATION('',(#879),#883);
#879 = LINE('',#880,#881);
#880 = CARTESIAN_POINT('',(0.,0.));
#881 = VECTOR('',#882,1.);
#882 = DIRECTION('',(0.,1.));
#883 = ( GEOMETRIC_REPRESENTATION_CONTEXT(2) 
PARAMETRIC_REPRESENTATION_CONTEXT() REPRESENTATION_CONTEXT('2D SPACE',''
  ) );
#884 = FACE_BOUND('',#885,.T.);
#885 = EDGE_LOOP('',(#886,#914,#940,#966));
#886 = ORIENTED_EDGE('',*,*,#887,.T.);
#887 = EDGE_CURVE('',#888,#890,#892,.T.);
#888 = VERTEX_POINT('',#889);
#889 = CARTESIAN_POINT('',(-26.,18.,8.));
#890 = VERTEX_POINT('',#891);
#891 = CARTESIAN_POINT('',(-26.,20.277777777778,8.));
#892 = SURFACE_CURVE('',#893,(#897,#903),.PCURVE_S1.);
#893 = LINE('',#894,#895);
#894 = CARTESIAN_POINT('',(-26.,1.736076647155,8.));
#895 = VECTOR('',#896,1.);
#896 = DIRECTION('',(0.,1.,0.));
#897 = PCURVE('',#44,#898);
#898 = DEFINITIONAL_REPRESENTATION('',(#899),#902);
#899 = B_SPLINE_CURVE_WITH_KNOTS('',1,(#900,#901),.UNSPECIFIED.,.F.,.F.,
  (2,2),(16.263923352845,21.263923352845),.PIECEWISE_BEZIER_KNOTS.);
#900 = CARTESIAN_POINT('',(8.,41.));
#901 = CARTESIAN_POINT('',(8.,46.));
#902 = ( GEOMETRIC_REPRESENTATION_CONTEXT(2) 
PARAMETRIC_REPRESENTATION_CONTEXT() REPRESENTATION_CONTEXT('2D SPACE',''
  ) );
#903 = PCURVE('',#904,#909);
#904 = PLANE('',#905);
#905 = AXIS2_PLACEMENT_3D('',#906,#907,#908);
#906 = CARTESIAN_POINT('',(-26.,26.47215329431,13.27784670569));
#907 = DIRECTION('',(1.,0.,0.));
#908 = DIRECTION('',(-0.,0.,1.));
#909 = DEFINITIONAL_REPRESENTATION('',(#910),#913);
#910 = B_SPLINE_CURVE_WITH_KNOTS('',1,(#911,#912),.UNSPECIFIED.,.F.,.F.,
  (2,2),(16.263923352845,21.263923352845),.PIECEWISE_BEZIER_KNOTS.);
#911 = CARTESIAN_POINT('',(-5.27784670569,8.47215329431));
#912 = CARTESIAN_POINT('',(-5.27784670569,3.47215329431));
#913 = ( GEOMETRIC_REPRESENTATION_CONTEXT(2) 
PARAMETRIC_REPRESENTATION_CONTEXT() REPRESENTATION_CONTEXT('2D SPACE',''
  ) );
#914 = ORIENTED_EDGE('',*,*,#915,.T.);
#915 = EDGE_CURVE('',#890,#916,#918,.T.);
#916 = VERTEX_POINT('',#917);
#917 = CARTESIAN_POINT('',(-20.,20.277777777778,8.));
#918 = SURFACE_CURVE('',#919,(#923,#929),.PCURVE_S1.);
#919 = LINE('',#920,#921);
#920 = CARTESIAN_POINT('',(-30.,20.277777777778,8.));
#921 = VECTOR('',#922,1.);
#922 = DIRECTION('',(1.,0.,-0.));
#923 = PCURVE('',#44,#924);
#924 = DEFINITIONAL_REPRESENTATION('',(#925),#928);
#925 = B_SPLINE_CURVE_WITH_KNOTS('',1,(#926,#927),.UNSPECIFIED.,.F.,.F.,
  (2,2),(4.,10.),.PIECEWISE_BEZIER_KNOTS.);
#926 = CARTESIAN_POINT('',(8.,43.277777777778));
#927 = CARTESIAN_POINT('',(14.,43.277777777778));
#928 = ( GEOMETRIC_REPRESENTATION_CONTEXT(2) 
PARAMETRIC_REPRESENTATION_CONTEXT() REPRESENTATION_CONTEXT('2D SPACE',''
  ) );
#929 = PCURVE('',#930,#935);
#930 = PLANE('',#931);
#931 = AXIS2_PLACEMENT_3D('',#932,#933,#934);
#932 = CARTESIAN_POINT('',(-26.,18.,7.));
#933 = DIRECTION('',(0.,-0.401990062035,0.915644030191));
#934 = DIRECTION('',(0.,0.915644030191,0.401990062035));
#935 = DEFINITIONAL_REPRESENTATION('',(#936),#939);
#936 = B_SPLINE_CURVE_WITH_KNOTS('',1,(#937,#938),.UNSPECIFIED.,.F.,.F.,
  (2,2),(4.,10.),.PIECEWISE_BEZIER_KNOTS.);
#937 = CARTESIAN_POINT('',(2.48762368636,0.));
#938 = CARTESIAN_POINT('',(2.48762368636,-6.));
#939 = ( GEOMETRIC_REPRESENTATION_CONTEXT(2) 
PARAMETRIC_REPRESENTATION_CONTEXT() REPRESENTATION_CONTEXT('2D SPACE',''
  ) );
#940 = ORIENTED_EDGE('',*,*,#941,.F.);
#941 = EDGE_CURVE('',#942,#916,#944,.T.);
#942 = VERTEX_POINT('',#943);
#943 = CARTESIAN_POINT('',(-20.,18.,8.));
#944 = SURFACE_CURVE('',#945,(#949,#955),.PCURVE_S1.);
#945 = LINE('',#946,#947);
#946 = CARTESIAN_POINT('',(-20.,1.736076647155,8.));
#947 = VECTOR('',#948,1.);
#948 = DIRECTION('',(0.,1.,0.));
#949 = PCURVE('',#44,#950);
#950 = DEFINITIONAL_REPRESENTATION('',(#951),#954);
#951 = B_SPLINE_CURVE_WITH_KNOTS('',1,(#952,#953),.UNSPECIFIED.,.F.,.F.,
  (2,2),(16.263923352845,21.263923352845),.PIECEWISE_BEZIER_KNOTS.);
#952 = CARTESIAN_POINT('',(14.,41.));
#953 = CARTESIAN_POINT('',(14.,46.));
#954 = ( GEOMETRIC_REPRESENTATION_CONTEXT(2) 
PARAMETRIC_REPRESENTATION_CONTEXT() REPRESENTATION_CONTEXT('2D SPACE',''
  ) );
#955 = PCURVE('',#956,#961);
#956 = PLANE('',#957);
#957 = AXIS2_PLACEMENT_3D('',#958,#959,#960);
#958 = CARTESIAN_POINT('',(-20.,26.47215329431,13.27784670569));
#959 = DIRECTION('',(1.,0.,0.));
#960 = DIRECTION('',(-0.,0.,1.));
#961 = DEFINITIONAL_REPRESENTATION('',(#962),#965);
#962 = B_SPLINE_CURVE_WITH_KNOTS('',1,(#963,#964),.UNSPECIFIED.,.F.,.F.,
  (2,2),(16.263923352845,21.263923352845),.PIECEWISE_BEZIER_KNOTS.);
#963 = CARTESIAN_POINT('',(-5.27784670569,8.47215329431));
#964 = CARTESIAN_POINT('',(-5.27784670569,3.47215329431));
#965 = ( GEOMETRIC_REPRESENTATION_CONTEXT(2) 
PARAMETRIC_REPRESENTATION_CONTEXT() REPRESENTATION_CONTEXT('2D SPACE',''
  ) );
#966 = ORIENTED_EDGE('',*,*,#967,.T.);
#967 = EDGE_CURVE('',#942,#888,#968,.T.);
#968 = SURFACE_CURVE('',#969,(#973,#979),.PCURVE_S1.);
#969 = LINE('',#970,#971);
#970 = CARTESIAN_POINT('',(-30.,18.,8.));
#971 = VECTOR('',#972,1.);
#972 = DIRECTION('',(-1.,-0.,0.));
#973 = PCURVE('',#44,#974);
#974 = DEFINITIONAL_REPRESENTATION('',(#975),#978);
#975 = B_SPLINE_CURVE_WITH_KNOTS('',1,(#976,#977),.UNSPECIFIED.,.F.,.F.,
  (2,2),(-10.,-4.),.PIECEWISE_BEZIER_KNOTS.);
#976 = CARTESIAN_POINT('',(14.,41.));
#977 = CARTESIAN_POINT('',(8.,41.));
#978 = ( GEOMETRIC_REPRESENTATION_CONTEXT(2) 
PARAMETRIC_REPRESENTATION_CONTEXT() REPRESENTATION_CONTEXT('2D SPACE',''
  ) );
#979 = PCURVE('',#980,#985);
#980 = PLANE('',#981);
#981 = AXIS2_PLACEMENT_3D('',#982,#983,#984);
#982 = CARTESIAN_POINT('',(-26.,18.,16.));
#983 = DIRECTION('',(-0.,1.,0.));
#984 = DIRECTION('',(0.,0.,-1.));
#985 = DEFINITIONAL_REPRESENTATION('',(#986),#989);
#986 = B_SPLINE_CURVE_WITH_KNOTS('',1,(#987,#988),.UNSPECIFIED.,.F.,.F.,
  (2,2),(-10.,-4.),.PIECEWISE_BEZIER_KNOTS.);
#987 = CARTESIAN_POINT('',(8.,-6.));
#988 = CARTESIAN_POINT('',(8.,0.));
#989 = ( GEOMETRIC_REPRESENTATION_CONTEXT(2) 
PARAMETRIC_REPRESENTATION_CONTEXT() REPRESENTATION_CONTEXT('2D SPACE',''
  ) );
#990 = FACE_BOUND('',#991,.T.);
#991 = EDGE_LOOP('',(#992,#1020,#1046,#1072));
#992 = ORIENTED_EDGE('',*,*,#993,.T.);
#993 = EDGE_CURVE('',#994,#996,#998,.T.);
#994 = VERTEX_POINT('',#995);
#995 = CARTESIAN_POINT('',(20.,18.,8.));
#996 = VERTEX_POINT('',#997);
#997 = CARTESIAN_POINT('',(20.,20.277777777778,8.));
#998 = SURFACE_CURVE('',#999,(#1003,#1009),.PCURVE_S1.);
#999 = LINE('',#1000,#1001);
#1000 = CARTESIAN_POINT('',(20.,1.736076647155,8.));
#1001 = VECTOR('',#1002,1.);
#1002 = DIRECTION('',(0.,1.,0.));
#1003 = PCURVE('',#44,#1004);
#1004 = DEFINITIONAL_REPRESENTATION('',(#1005),#1008);
#1005 = B_SPLINE_CURVE_WITH_KNOTS('',1,(#1006,#1007),.UNSPECIFIED.,.F.,
  .F.,(2,2),(16.263923352845,21.263923352845),.PIECEWISE_BEZIER_KNOTS.);
#1006 = CARTESIAN_POINT('',(54.,41.));
#1007 = CARTESIAN_POINT('',(54.,46.));
#1008 = ( GEOMETRIC_REPRESENTATION_CONTEXT(2) 
PARAMETRIC_REPRESENTATION_CONTEXT() REPRESENTATION_CONTEXT('2D SPACE',''
  ) );
#1009 = PCURVE('',#1010,#1015);
#1010 = PLANE('',#1011);
#1011 = AXIS2_PLACEMENT_3D('',#1012,#1013,#1014);
#1012 = CARTESIAN_POINT('',(20.,26.47215329431,13.27784670569));
#1013 = DIRECTION('',(1.,0.,0.));
#1014 = DIRECTION('',(-0.,0.,1.));
#1015 = DEFINITIONAL_REPRESENTATION('',(#1016),#1019);
#1016 = B_SPLINE_CURVE_WITH_KNOTS('',1,(#1017,#1018),.UNSPECIFIED.,.F.,
  .F.,(2,2),(16.263923352845,21.263923352845),.PIECEWISE_BEZIER_KNOTS.);
#1017 = CARTESIAN_POINT('',(-5.27784670569,8.47215329431));
#1018 = CARTESIAN_POINT('',(-5.27784670569,3.47215329431));
#1019 = ( GEOMETRIC_REPRESENTATION_CONTEXT(2) 
PARAMETRIC_REPRESENTATION_CONTEXT() REPRESENTATION_CONTEXT('2D SPACE',''
  ) );
#1020 = ORIENTED_EDGE('',*,*,#1021,.T.);
#1021 = EDGE_CURVE('',#996,#1022,#1024,.T.);
#1022 = VERTEX_POINT('',#1023);
#1023 = CARTESIAN_POINT('',(26.,20.277777777778,8.));
#1024 = SURFACE_CURVE('',#1025,(#1029,#1035),.PCURVE_S1.);
#1025 = LINE('',#1026,#1027);
#1026 = CARTESIAN_POINT('',(-7.,20.277777777778,8.));
#1027 = VECTOR('',#1028,1.);
#1028 = DIRECTION('',(1.,0.,-0.));
#1029 = PCURVE('',#44,#1030);
#1030 = DEFINITIONAL_REPRESENTATION('',(#1031),#1034);
#1031 = B_SPLINE_CURVE_WITH_KNOTS('',1,(#1032,#1033),.UNSPECIFIED.,.F.,
  .F.,(2,2),(27.,33.),.PIECEWISE_BEZIER_KNOTS.);
#1032 = CARTESIAN_POINT('',(54.,43.277777777778));
#1033 = CARTESIAN_POINT('',(60.,43.277777777778));
#1034 = ( GEOMETRIC_REPRESENTATION_CONTEXT(2) 
PARAMETRIC_REPRESENTATION_CONTEXT() REPRESENTATION_CONTEXT('2D SPACE',''
  ) );
#1035 = PCURVE('',#1036,#1041);
#1036 = PLANE('',#1037);
#1037 = AXIS2_PLACEMENT_3D('',#1038,#1039,#1040);
#1038 = CARTESIAN_POINT('',(20.,18.,7.));
#1039 = DIRECTION('',(0.,-0.401990062035,0.915644030191));
#1040 = DIRECTION('',(0.,0.915644030191,0.401990062035));
#1041 = DEFINITIONAL_REPRESENTATION('',(#1042),#1045);
#1042 = B_SPLINE_CURVE_WITH_KNOTS('',1,(#1043,#1044),.UNSPECIFIED.,.F.,
  .F.,(2,2),(27.,33.),.PIECEWISE_BEZIER_KNOTS.);
#1043 = CARTESIAN_POINT('',(2.48762368636,0.));
#1044 = CARTESIAN_POINT('',(2.48762368636,-6.));
#1045 = ( GEOMETRIC_REPRESENTATION_CONTEXT(2) 
PARAMETRIC_REPRESENTATION_CONTEXT() REPRESENTATION_CONTEXT('2D SPACE',''
  ) );
#1046 = ORIENTED_EDGE('',*,*,#1047,.F.);
#1047 = EDGE_CURVE('',#1048,#1022,#1050,.T.);
#1048 = VERTEX_POINT('',#1049);
#1049 = CARTESIAN_POINT('',(26.,18.,8.));
#1050 = SURFACE_CURVE('',#1051,(#1055,#1061),.PCURVE_S1.);
#1051 = LINE('',#1052,#1053);
#1052 = CARTESIAN_POINT('',(26.,1.736076647155,8.));
#1053 = VECTOR('',#1054,1.);
#1054 = DIRECTION('',(0.,1.,0.));
#1055 = PCURVE('',#44,#1056);
#1056 = DEFINITIONAL_REPRESENTATION('',(#1057),#1060);
#1057 = B_SPLINE_CURVE_WITH_KNOTS('',1,(#1058,#1059),.UNSPECIFIED.,.F.,
  .F.,(2,2),(16.263923352845,21.263923352845),.PIECEWISE_BEZIER_KNOTS.);
#1058 = CARTESIAN_POINT('',(60.,41.));
#1059 = CARTESIAN_POINT('',(60.,46.));
#1060 = ( GEOMETRIC_REPRESENTATION_CONTEXT(2) 
PARAMETRIC_REPRESENTATION_CONTEXT() REPRESENTATION_CONTEXT('2D SPACE',''
  ) );
#1061 = PCURVE('',#1062,#1067);
#1062 = PLANE('',#1063);
#1063 = AXIS2_PLACEMENT_3D('',#1064,#1065,#1066);
#1064 = CARTESIAN_POINT('',(26.,26.47215329431,13.27784670569));
#1065 = DIRECTION('',(1.,0.,0.));
#1066 = DIRECTION('',(-0.,0.,1.));
#1067 = DEFINITIONAL_REPRESENTATION('',(#1068),#1071);
#1068 = B_SPLINE_CURVE_WITH_KNOTS('',1,(#1069,#1070),.UNSPECIFIED.,.F.,
  .F.,(2,2),(16.263923352845,21.263923352845),.PIECEWISE_BEZIER_KNOTS.);
#1069 = CARTESIAN_POINT('',(-5.27784670569,8.47215329431));
#1070 = CARTESIAN_POINT('',(-5.27784670569,3.47215329431));
#1071 = ( GEOMETRIC_REPRESENTATION_CONTEXT(2) 
PARAMETRIC_REPRESENTATION_CONTEXT() REPRESENTATION_CONTEXT('2D SPACE',''
  ) );
#1072 = ORIENTED_EDGE('',*,*,#1073,.T.);
#1073 = EDGE_CURVE('',#1048,#994,#1074,.T.);
#1074 = SURFACE_CURVE('',#1075,(#1079,#1085),.PCURVE_S1.);
#1075 = LINE('',#1076,#1077);
#1076 = CARTESIAN_POINT('',(-7.,18.,8.));
#1077 = VECTOR('',#1078,1.);
#1078 = DIRECTION('',(-1.,-0.,0.));
#1079 = PCURVE('',#44,#1080);
#1080 = DEFINITIONAL_REPRESENTATION('',(#1081),#1084);
#1081 = B_SPLINE_CURVE_WITH_KNOTS('',1,(#1082,#1083),.UNSPECIFIED.,.F.,
  .F.,(2,2),(-33.,-27.),.PIECEWISE_BEZIER_KNOTS.);
#1082 = CARTESIAN_POINT('',(60.,41.));
#1083 = CARTESIAN_POINT('',(54.,41.));
#1084 = ( GEOMETRIC_REPRESENTATION_CONTEXT(2) 
PARAMETRIC_REPRESENTATION_CONTEXT() REPRESENTATION_CONTEXT('2D SPACE',''
  ) );
#1085 = PCURVE('',#1086,#1091);
#1086 = PLANE('',#1087);
#1087 = AXIS2_PLACEMENT_3D('',#1088,#1089,#1090);
#1088 = CARTESIAN_POINT('',(20.,18.,16.));
#1089 = DIRECTION('',(-0.,1.,0.));
#1090 = DIRECTION('',(0.,0.,-1.));
#1091 = DEFINITIONAL_REPRESENTATION('',(#1092),#1095);
#1092 = B_SPLINE_CURVE_WITH_KNOTS('',1,(#1093,#1094),.UNSPECIFIED.,.F.,
  .F.,(2,2),(-33.,-27.),.PIECEWISE_BEZIER_KNOTS.);
#1093 = CARTESIAN_POINT('',(8.,-6.));
#1094 = CARTESIAN_POINT('',(8.,0.));
#1095 = ( GEOMETRIC_REPRESENTATION_CONTEXT(2) 
PARAMETRIC_REPRESENTATION_CONTEXT() REPRESENTATION_CONTEXT('2D SPACE',''
  ) );
#1096 = ADVANCED_FACE('',(#1097),#72,.T.);
#1097 = FACE_BOUND('',#1098,.T.);
#1098 = EDGE_LOOP('',(#1099,#1123,#1144,#1145));
#1099 = ORIENTED_EDGE('',*,*,#1100,.T.);
#1100 = EDGE_CURVE('',#57,#1101,#1103,.T.);
#1101 = VERTEX_POINT('',#1102);
#1102 = CARTESIAN_POINT('',(-31.,-23.,0.));
#1103 = SURFACE_CURVE('',#1104,(#1109,#1116),.PCURVE_S1.);
#1104 = CIRCLE('',#1105,3.);
#1105 = AXIS2_PLACEMENT_3D('',#1106,#1107,#1108);
#1106 = CARTESIAN_POINT('',(-31.,-20.,0.));
#1107 = DIRECTION('',(0.,0.,1.));
#1108 = DIRECTION('',(0.,-1.,0.));
#1109 = PCURVE('',#72,#1110);
#1110 = DEFINITIONAL_REPRESENTATION('',(#1111),#1115);
#1111 = LINE('',#1112,#1113);
#1112 = CARTESIAN_POINT('',(-4.712388980385,0.));
#1113 = VECTOR('',#1114,1.);
#1114 = DIRECTION('',(1.,0.));
#1115 = ( GEOMETRIC_REPRESENTATION_CONTEXT(2) 
PARAMETRIC_REPRESENTATION_CONTEXT() REPRESENTATION_CONTEXT('2D SPACE',''
  ) );
#1116 = PCURVE('',#100,#1117);
#1117 = DEFINITIONAL_REPRESENTATION('',(#1118),#1122);
#1118 = CIRCLE('',#1119,3.);
#1119 = AXIS2_PLACEMENT_2D('',#1120,#1121);
#1120 = CARTESIAN_POINT('',(3.,3.));
#1121 = DIRECTION('',(0.,-1.));
#1122 = ( GEOMETRIC_REPRESENTATION_CONTEXT(2) 
PARAMETRIC_REPRESENTATION_CONTEXT() REPRESENTATION_CONTEXT('2D SPACE',''
  ) );
#1123 = ORIENTED_EDGE('',*,*,#1124,.T.);
#1124 = EDGE_CURVE('',#1101,#143,#1125,.T.);
#1125 = SURFACE_CURVE('',#1126,(#1130,#1137),.PCURVE_S1.);
#1126 = LINE('',#1127,#1128);
#1127 = CARTESIAN_POINT('',(-31.,-23.,0.));
#1128 = VECTOR('',#1129,1.);
#1129 = DIRECTION('',(0.,0.,1.));
#1130 = PCURVE('',#72,#1131);
#1131 = DEFINITIONAL_REPRESENTATION('',(#1132),#1136);
#1132 = LINE('',#1133,#1134);
#1133 = CARTESIAN_POINT('',(1.570796326795,0.));
#1134 = VECTOR('',#1135,1.);
#1135 = DIRECTION('',(0.,1.));
#1136 = ( GEOMETRIC_REPRESENTATION_CONTEXT(2) 
PARAMETRIC_REPRESENTATION_CONTEXT() REPRESENTATION_CONTEXT('2D SPACE',''
  ) );
#1137 = PCURVE('',#182,#1138);
#1138 = DEFINITIONAL_REPRESENTATION('',(#1139),#1143);
#1139 = LINE('',#1140,#1141);
#1140 = CARTESIAN_POINT('',(0.,3.));
#1141 = VECTOR('',#1142,1.);
#1142 = DIRECTION('',(1.,0.));
#1143 = ( GEOMETRIC_REPRESENTATION_CONTEXT(2) 
PARAMETRIC_REPRESENTATION_CONTEXT() REPRESENTATION_CONTEXT('2D SPACE',''
  ) );
#1144 = ORIENTED_EDGE('',*,*,#142,.F.);
#1145 = ORIENTED_EDGE('',*,*,#56,.F.);
#1146 = ADVANCED_FACE('',(#1147),#126,.T.);
#1147 = FACE_BOUND('',#1148,.F.);
#1148 = EDGE_LOOP('',(#1149,#1177,#1198,#1199));
#1149 = ORIENTED_EDGE('',*,*,#1150,.T.);
#1150 = EDGE_CURVE('',#85,#1151,#1153,.T.);
#1151 = VERTEX_POINT('',#1152);
#1152 = CARTESIAN_POINT('',(-31.,23.,0.));
#1153 = SURFACE_CURVE('',#1154,(#1159,#1166),.PCURVE_S1.);
#1154 = CIRCLE('',#1155,3.);
#1155 = AXIS2_PLACEMENT_3D('',#1156,#1157,#1158);
#1156 = CARTESIAN_POINT('',(-31.,20.,0.));
#1157 = DIRECTION('',(-0.,-0.,-1.));
#1158 = DIRECTION('',(0.,-1.,0.));
#1159 = PCURVE('',#126,#1160);
#1160 = DEFINITIONAL_REPRESENTATION('',(#1161),#1165);
#1161 = LINE('',#1162,#1163);
#1162 = CARTESIAN_POINT('',(1.570796326795,-0.));
#1163 = VECTOR('',#1164,1.);
#1164 = DIRECTION('',(-1.,0.));
#1165 = ( GEOMETRIC_REPRESENTATION_CONTEXT(2) 
PARAMETRIC_REPRESENTATION_CONTEXT() REPRESENTATION_CONTEXT('2D SPACE',''
  ) );
#1166 = PCURVE('',#100,#1167);
#1167 = DEFINITIONAL_REPRESENTATION('',(#1168),#1176);
#1168 = ( BOUNDED_CURVE() B_SPLINE_CURVE(2,(#1169,#1170,#1171,#1172,
#1173,#1174,#1175),.UNSPECIFIED.,.T.,.F.) B_SPLINE_CURVE_WITH_KNOTS((1,2
    ,2,2,2,1),(-2.094395102393,0.,2.094395102393,4.188790204786,
6.28318530718,8.377580409573),.UNSPECIFIED.) CURVE() 
GEOMETRIC_REPRESENTATION_ITEM() RATIONAL_B_SPLINE_CURVE((1.,0.5,1.,0.5,
1.,0.5,1.)) REPRESENTATION_ITEM('') );
#1169 = CARTESIAN_POINT('',(3.,40.));
#1170 = CARTESIAN_POINT('',(-2.196152422707,40.));
#1171 = CARTESIAN_POINT('',(0.401923788647,44.5));
#1172 = CARTESIAN_POINT('',(3.,49.));
#1173 = CARTESIAN_POINT('',(5.598076211353,44.5));
#1174 = CARTESIAN_POINT('',(8.196152422707,40.));
#1175 = CARTESIAN_POINT('',(3.,40.));
#1176 = ( GEOMETRIC_REPRESENTATION_CONTEXT(2) 
PARAMETRIC_REPRESENTATION_CONTEXT() REPRESENTATION_CONTEXT('2D SPACE',''
  ) );
#1177 = ORIENTED_EDGE('',*,*,#1178,.T.);
#1178 = EDGE_CURVE('',#1151,#397,#1179,.T.);
#1179 = SURFACE_CURVE('',#1180,(#1184,#1191),.PCURVE_S1.);
#1180 = LINE('',#1181,#1182);
#1181 = CARTESIAN_POINT('',(-31.,23.,0.));
#1182 = VECTOR('',#1183,1.);
#1183 = DIRECTION('',(0.,0.,1.));
#1184 = PCURVE('',#126,#1185);
#1185 = DEFINITIONAL_REPRESENTATION('',(#1186),#1190);
#1186 = LINE('',#1187,#1188);
#1187 = CARTESIAN_POINT('',(-1.570796326795,0.));
#1188 = VECTOR('',#1189,1.);
#1189 = DIRECTION('',(-0.,1.));
#1190 = ( GEOMETRIC_REPRESENTATION_CONTEXT(2) 
PARAMETRIC_REPRESENTATION_CONTEXT() REPRESENTATION_CONTEXT('2D SPACE',''
  ) );
#1191 = PCURVE('',#300,#1192);
#1192 = DEFINITIONAL_REPRESENTATION('',(#1193),#1197);
#1193 = LINE('',#1194,#1195);
#1194 = CARTESIAN_POINT('',(0.,3.));
#1195 = VECTOR('',#1196,1.);
#1196 = DIRECTION('',(1.,0.));
#1197 = ( GEOMETRIC_REPRESENTATION_CONTEXT(2) 
PARAMETRIC_REPRESENTATION_CONTEXT() REPRESENTATION_CONTEXT('2D SPACE',''
  ) );
#1198 = ORIENTED_EDGE('',*,*,#419,.F.);
#1199 = ORIENTED_EDGE('',*,*,#112,.F.);
#1200 = ADVANCED_FACE('',(#1201,#1325,#1356,#1387,#1418),#100,.F.);
#1201 = FACE_BOUND('',#1202,.F.);
#1202 = EDGE_LOOP('',(#1203,#1204,#1205,#1228,#1256,#1279,#1303,#1324));
#1203 = ORIENTED_EDGE('',*,*,#84,.F.);
#1204 = ORIENTED_EDGE('',*,*,#1100,.T.);
#1205 = ORIENTED_EDGE('',*,*,#1206,.T.);
#1206 = EDGE_CURVE('',#1101,#1207,#1209,.T.);
#1207 = VERTEX_POINT('',#1208);
#1208 = CARTESIAN_POINT('',(31.,-23.,0.));
#1209 = SURFACE_CURVE('',#1210,(#1214,#1221),.PCURVE_S1.);
#1210 = LINE('',#1211,#1212);
#1211 = CARTESIAN_POINT('',(-34.,-23.,0.));
#1212 = VECTOR('',#1213,1.);
#1213 = DIRECTION('',(1.,0.,0.));
#1214 = PCURVE('',#100,#1215);
#1215 = DEFINITIONAL_REPRESENTATION('',(#1216),#1220);
#1216 = LINE('',#1217,#1218);
#1217 = CARTESIAN_POINT('',(0.,0.));
#1218 = VECTOR('',#1219,1.);
#1219 = DIRECTION('',(1.,0.));
#1220 = ( GEOMETRIC_REPRESENTATION_CONTEXT(2) 
PARAMETRIC_REPRESENTATION_CONTEXT() REPRESENTATION_CONTEXT('2D SPACE',''
  ) );
#1221 = PCURVE('',#182,#1222);
#1222 = DEFINITIONAL_REPRESENTATION('',(#1223),#1227);
#1223 = LINE('',#1224,#1225);
#1224 = CARTESIAN_POINT('',(0.,0.));
#1225 = VECTOR('',#1226,1.);
#1226 = DIRECTION('',(0.,1.));
#1227 = ( GEOMETRIC_REPRESENTATION_CONTEXT(2) 
PARAMETRIC_REPRESENTATION_CONTEXT() REPRESENTATION_CONTEXT('2D SPACE',''
  ) );
#1228 = ORIENTED_EDGE('',*,*,#1229,.F.);
#1229 = EDGE_CURVE('',#1230,#1207,#1232,.T.);
#1230 = VERTEX_POINT('',#1231);
#1231 = CARTESIAN_POINT('',(34.,-20.,0.));
#1232 = SURFACE_CURVE('',#1233,(#1238,#1249),.PCURVE_S1.);
#1233 = CIRCLE('',#1234,3.);
#1234 = AXIS2_PLACEMENT_3D('',#1235,#1236,#1237);
#1235 = CARTESIAN_POINT('',(31.,-20.,0.));
#1236 = DIRECTION('',(-0.,-0.,-1.));
#1237 = DIRECTION('',(0.,-1.,0.));
#1238 = PCURVE('',#100,#1239);
#1239 = DEFINITIONAL_REPRESENTATION('',(#1240),#1248);
#1240 = ( BOUNDED_CURVE() B_SPLINE_CURVE(2,(#1241,#1242,#1243,#1244,
#1245,#1246,#1247),.UNSPECIFIED.,.T.,.F.) B_SPLINE_CURVE_WITH_KNOTS((1,2
    ,2,2,2,1),(-2.094395102393,0.,2.094395102393,4.188790204786,
6.28318530718,8.377580409573),.UNSPECIFIED.) CURVE() 
GEOMETRIC_REPRESENTATION_ITEM() RATIONAL_B_SPLINE_CURVE((1.,0.5,1.,0.5,
1.,0.5,1.)) REPRESENTATION_ITEM('') );
#1241 = CARTESIAN_POINT('',(65.,0.));
#1242 = CARTESIAN_POINT('',(59.803847577293,0.));
#1243 = CARTESIAN_POINT('',(62.401923788647,4.5));
#1244 = CARTESIAN_POINT('',(65.,9.));
#1245 = CARTESIAN_POINT('',(67.598076211353,4.5));
#1246 = CARTESIAN_POINT('',(70.196152422707,4.440892098501E-15));
#1247 = CARTESIAN_POINT('',(65.,0.));
#1248 = ( GEOMETRIC_REPRESENTATION_CONTEXT(2) 
PARAMETRIC_REPRESENTATION_CONTEXT() REPRESENTATION_CONTEXT('2D SPACE',''
  ) );
#1249 = PCURVE('',#215,#1250);
#1250 = DEFINITIONAL_REPRESENTATION('',(#1251),#1255);
#1251 = LINE('',#1252,#1253);
#1252 = CARTESIAN_POINT('',(4.712388980385,-0.));
#1253 = VECTOR('',#1254,1.);
#1254 = DIRECTION('',(-1.,0.));
#1255 = ( GEOMETRIC_REPRESENTATION_CONTEXT(2) 
PARAMETRIC_REPRESENTATION_CONTEXT() REPRESENTATION_CONTEXT('2D SPACE',''
  ) );
#1256 = ORIENTED_EDGE('',*,*,#1257,.T.);
#1257 = EDGE_CURVE('',#1230,#1258,#1260,.T.);
#1258 = VERTEX_POINT('',#1259);
#1259 = CARTESIAN_POINT('',(34.,20.,0.));
#1260 = SURFACE_CURVE('',#1261,(#1265,#1272),.PCURVE_S1.);
#1261 = LINE('',#1262,#1263);
#1262 = CARTESIAN_POINT('',(34.,-23.,0.));
#1263 = VECTOR('',#1264,1.);
#1264 = DIRECTION('',(0.,1.,0.));
#1265 = PCURVE('',#100,#1266);
#1266 = DEFINITIONAL_REPRESENTATION('',(#1267),#1271);
#1267 = LINE('',#1268,#1269);
#1268 = CARTESIAN_POINT('',(68.,0.));
#1269 = VECTOR('',#1270,1.);
#1270 = DIRECTION('',(0.,1.));
#1271 = ( GEOMETRIC_REPRESENTATION_CONTEXT(2) 
PARAMETRIC_REPRESENTATION_CONTEXT() REPRESENTATION_CONTEXT('2D SPACE',''
  ) );
#1272 = PCURVE('',#243,#1273);
#1273 = DEFINITIONAL_REPRESENTATION('',(#1274),#1278);
#1274 = LINE('',#1275,#1276);
#1275 = CARTESIAN_POINT('',(0.,0.));
#1276 = VECTOR('',#1277,1.);
#1277 = DIRECTION('',(0.,-1.));
#1278 = ( GEOMETRIC_REPRESENTATION_CONTEXT(2) 
PARAMETRIC_REPRESENTATION_CONTEXT() REPRESENTATION_CONTEXT('2D SPACE',''
  ) );
#1279 = ORIENTED_EDGE('',*,*,#1280,.T.);
#1280 = EDGE_CURVE('',#1258,#1281,#1283,.T.);
#1281 = VERTEX_POINT('',#1282);
#1282 = CARTESIAN_POINT('',(31.,23.,0.));
#1283 = SURFACE_CURVE('',#1284,(#1289,#1296),.PCURVE_S1.);
#1284 = CIRCLE('',#1285,3.);
#1285 = AXIS2_PLACEMENT_3D('',#1286,#1287,#1288);
#1286 = CARTESIAN_POINT('',(31.,20.,0.));
#1287 = DIRECTION('',(0.,0.,1.));
#1288 = DIRECTION('',(0.,-1.,0.));
#1289 = PCURVE('',#100,#1290);
#1290 = DEFINITIONAL_REPRESENTATION('',(#1291),#1295);
#1291 = CIRCLE('',#1292,3.);
#1292 = AXIS2_PLACEMENT_2D('',#1293,#1294);
#1293 = CARTESIAN_POINT('',(65.,43.));
#1294 = DIRECTION('',(0.,-1.));
#1295 = ( GEOMETRIC_REPRESENTATION_CONTEXT(2) 
PARAMETRIC_REPRESENTATION_CONTEXT() REPRESENTATION_CONTEXT('2D SPACE',''
  ) );
#1296 = PCURVE('',#272,#1297);
#1297 = DEFINITIONAL_REPRESENTATION('',(#1298),#1302);
#1298 = LINE('',#1299,#1300);
#1299 = CARTESIAN_POINT('',(-1.570796326795,0.));
#1300 = VECTOR('',#1301,1.);
#1301 = DIRECTION('',(1.,0.));
#1302 = ( GEOMETRIC_REPRESENTATION_CONTEXT(2) 
PARAMETRIC_REPRESENTATION_CONTEXT() REPRESENTATION_CONTEXT('2D SPACE',''
  ) );
#1303 = ORIENTED_EDGE('',*,*,#1304,.F.);
#1304 = EDGE_CURVE('',#1151,#1281,#1305,.T.);
#1305 = SURFACE_CURVE('',#1306,(#1310,#1317),.PCURVE_S1.);
#1306 = LINE('',#1307,#1308);
#1307 = CARTESIAN_POINT('',(-34.,23.,0.));
#1308 = VECTOR('',#1309,1.);
#1309 = DIRECTION('',(1.,0.,0.));
#1310 = PCURVE('',#100,#1311);
#1311 = DEFINITIONAL_REPRESENTATION('',(#1312),#1316);
#1312 = LINE('',#1313,#1314);
#1313 = CARTESIAN_POINT('',(0.,46.));
#1314 = VECTOR('',#1315,1.);
#1315 = DIRECTION('',(1.,0.));
#1316 = ( GEOMETRIC_REPRESENTATION_CONTEXT(2) 
PARAMETRIC_REPRESENTATION_CONTEXT() REPRESENTATION_CONTEXT('2D SPACE',''
  ) );
#1317 = PCURVE('',#300,#1318);
#1318 = DEFINITIONAL_REPRESENTATION('',(#1319),#1323);
#1319 = LINE('',#1320,#1321);
#1320 = CARTESIAN_POINT('',(0.,0.));
#1321 = VECTOR('',#1322,1.);
#1322 = DIRECTION('',(0.,1.));
#1323 = ( GEOMETRIC_REPRESENTATION_CONTEXT(2) 
PARAMETRIC_REPRESENTATION_CONTEXT() REPRESENTATION_CONTEXT('2D SPACE',''
  ) );
#1324 = ORIENTED_EDGE('',*,*,#1150,.F.);
#1325 = FACE_BOUND('',#1326,.F.);
#1326 = EDGE_LOOP('',(#1327));
#1327 = ORIENTED_EDGE('',*,*,#1328,.F.);
#1328 = EDGE_CURVE('',#1329,#1329,#1331,.T.);
#1329 = VERTEX_POINT('',#1330);
#1330 = CARTESIAN_POINT('',(-10.65,-13.,0.));
#1331 = SURFACE_CURVE('',#1332,(#1337,#1344),.PCURVE_S1.);
#1332 = CIRCLE('',#1333,2.35);
#1333 = AXIS2_PLACEMENT_3D('',#1334,#1335,#1336);
#1334 = CARTESIAN_POINT('',(-13.,-13.,0.));
#1335 = DIRECTION('',(0.,0.,1.));
#1336 = DIRECTION('',(1.,0.,0.));
#1337 = PCURVE('',#100,#1338);
#1338 = DEFINITIONAL_REPRESENTATION('',(#1339),#1343);
#1339 = CIRCLE('',#1340,2.35);
#1340 = AXIS2_PLACEMENT_2D('',#1341,#1342);
#1341 = CARTESIAN_POINT('',(21.,10.));
#1342 = DIRECTION('',(1.,0.));
#1343 = ( GEOMETRIC_REPRESENTATION_CONTEXT(2) 
PARAMETRIC_REPRESENTATION_CONTEXT() REPRESENTATION_CONTEXT('2D SPACE',''
  ) );
#1344 = PCURVE('',#1345,#1350);
#1345 = CONICAL_SURFACE('',#1346,2.35,0.463647609001);
#1346 = AXIS2_PLACEMENT_3D('',#1347,#1348,#1349);
#1347 = CARTESIAN_POINT('',(-13.,-13.,0.));
#1348 = DIRECTION('',(-0.,-0.,-1.));
#1349 = DIRECTION('',(1.,0.,0.));
#1350 = DEFINITIONAL_REPRESENTATION('',(#1351),#1355);
#1351 = LINE('',#1352,#1353);
#1352 = CARTESIAN_POINT('',(-0.,-0.));
#1353 = VECTOR('',#1354,1.);
#1354 = DIRECTION('',(-1.,-0.));
#1355 = ( GEOMETRIC_REPRESENTATION_CONTEXT(2) 
PARAMETRIC_REPRESENTATION_CONTEXT() REPRESENTATION_CONTEXT('2D SPACE',''
  ) );
#1356 = FACE_BOUND('',#1357,.F.);
#1357 = EDGE_LOOP('',(#1358));
#1358 = ORIENTED_EDGE('',*,*,#1359,.F.);
#1359 = EDGE_CURVE('',#1360,#1360,#1362,.T.);
#1360 = VERTEX_POINT('',#1361);
#1361 = CARTESIAN_POINT('',(15.35,-13.,0.));
#1362 = SURFACE_CURVE('',#1363,(#1368,#1375),.PCURVE_S1.);
#1363 = CIRCLE('',#1364,2.35);
#1364 = AXIS2_PLACEMENT_3D('',#1365,#1366,#1367);
#1365 = CARTESIAN_POINT('',(13.,-13.,0.));
#1366 = DIRECTION('',(0.,0.,1.));
#1367 = DIRECTION('',(1.,0.,0.));
#1368 = PCURVE('',#100,#1369);
#1369 = DEFINITIONAL_REPRESENTATION('',(#1370),#1374);
#1370 = CIRCLE('',#1371,2.35);
#1371 = AXIS2_PLACEMENT_2D('',#1372,#1373);
#1372 = CARTESIAN_POINT('',(47.,10.));
#1373 = DIRECTION('',(1.,0.));
#1374 = ( GEOMETRIC_REPRESENTATION_CONTEXT(2) 
PARAMETRIC_REPRESENTATION_CONTEXT() REPRESENTATION_CONTEXT('2D SPACE',''
  ) );
#1375 = PCURVE('',#1376,#1381);
#1376 = CONICAL_SURFACE('',#1377,2.35,0.463647609001);
#1377 = AXIS2_PLACEMENT_3D('',#1378,#1379,#1380);
#1378 = CARTESIAN_POINT('',(13.,-13.,0.));
#1379 = DIRECTION('',(-0.,-0.,-1.));
#1380 = DIRECTION('',(1.,0.,0.));
#1381 = DEFINITIONAL_REPRESENTATION('',(#1382),#1386);
#1382 = LINE('',#1383,#1384);
#1383 = CARTESIAN_POINT('',(-0.,-0.));
#1384 = VECTOR('',#1385,1.);
#1385 = DIRECTION('',(-1.,-0.));
#1386 = ( GEOMETRIC_REPRESENTATION_CONTEXT(2) 
PARAMETRIC_REPRESENTATION_CONTEXT() REPRESENTATION_CONTEXT('2D SPACE',''
  ) );
#1387 = FACE_BOUND('',#1388,.F.);
#1388 = EDGE_LOOP('',(#1389));
#1389 = ORIENTED_EDGE('',*,*,#1390,.F.);
#1390 = EDGE_CURVE('',#1391,#1391,#1393,.T.);
#1391 = VERTEX_POINT('',#1392);
#1392 = CARTESIAN_POINT('',(-10.65,13.,0.));
#1393 = SURFACE_CURVE('',#1394,(#1399,#1406),.PCURVE_S1.);
#1394 = CIRCLE('',#1395,2.35);
#1395 = AXIS2_PLACEMENT_3D('',#1396,#1397,#1398);
#1396 = CARTESIAN_POINT('',(-13.,13.,0.));
#1397 = DIRECTION('',(0.,0.,1.));
#1398 = DIRECTION('',(1.,0.,0.));
#1399 = PCURVE('',#100,#1400);
#1400 = DEFINITIONAL_REPRESENTATION('',(#1401),#1405);
#1401 = CIRCLE('',#1402,2.35);
#1402 = AXIS2_PLACEMENT_2D('',#1403,#1404);
#1403 = CARTESIAN_POINT('',(21.,36.));
#1404 = DIRECTION('',(1.,0.));
#1405 = ( GEOMETRIC_REPRESENTATION_CONTEXT(2) 
PARAMETRIC_REPRESENTATION_CONTEXT() REPRESENTATION_CONTEXT('2D SPACE',''
  ) );
#1406 = PCURVE('',#1407,#1412);
#1407 = CONICAL_SURFACE('',#1408,2.35,0.463647609001);
#1408 = AXIS2_PLACEMENT_3D('',#1409,#1410,#1411);
#1409 = CARTESIAN_POINT('',(-13.,13.,0.));
#1410 = DIRECTION('',(-0.,-0.,-1.));
#1411 = DIRECTION('',(1.,0.,0.));
#1412 = DEFINITIONAL_REPRESENTATION('',(#1413),#1417);
#1413 = LINE('',#1414,#1415);
#1414 = CARTESIAN_POINT('',(-0.,-0.));
#1415 = VECTOR('',#1416,1.);
#1416 = DIRECTION('',(-1.,-0.));
#1417 = ( GEOMETRIC_REPRESENTATION_CONTEXT(2) 
PARAMETRIC_REPRESENTATION_CONTEXT() REPRESENTATION_CONTEXT('2D SPACE',''
  ) );
#1418 = FACE_BOUND('',#1419,.F.);
#1419 = EDGE_LOOP('',(#1420));
#1420 = ORIENTED_EDGE('',*,*,#1421,.F.);
#1421 = EDGE_CURVE('',#1422,#1422,#1424,.T.);
#1422 = VERTEX_POINT('',#1423);
#1423 = CARTESIAN_POINT('',(15.35,13.,0.));
#1424 = SURFACE_CURVE('',#1425,(#1430,#1437),.PCURVE_S1.);
#1425 = CIRCLE('',#1426,2.35);
#1426 = AXIS2_PLACEMENT_3D('',#1427,#1428,#1429);
#1427 = CARTESIAN_POINT('',(13.,13.,0.));
#1428 = DIRECTION('',(0.,0.,1.));
#1429 = DIRECTION('',(1.,0.,0.));
#1430 = PCURVE('',#100,#1431);
#1431 = DEFINITIONAL_REPRESENTATION('',(#1432),#1436);
#1432 = CIRCLE('',#1433,2.35);
#1433 = AXIS2_PLACEMENT_2D('',#1434,#1435);
#1434 = CARTESIAN_POINT('',(47.,36.));
#1435 = DIRECTION('',(1.,0.));
#1436 = ( GEOMETRIC_REPRESENTATION_CONTEXT(2) 
PARAMETRIC_REPRESENTATION_CONTEXT() REPRESENTATION_CONTEXT('2D SPACE',''
  ) );
#1437 = PCURVE('',#1438,#1443);
#1438 = CONICAL_SURFACE('',#1439,2.35,0.463647609001);
#1439 = AXIS2_PLACEMENT_3D('',#1440,#1441,#1442);
#1440 = CARTESIAN_POINT('',(13.,13.,0.));
#1441 = DIRECTION('',(-0.,-0.,-1.));
#1442 = DIRECTION('',(1.,0.,0.));
#1443 = DEFINITIONAL_REPRESENTATION('',(#1444),#1448);
#1444 = LINE('',#1445,#1446);
#1445 = CARTESIAN_POINT('',(-0.,-0.));
#1446 = VECTOR('',#1447,1.);
#1447 = DIRECTION('',(-1.,-0.));
#1448 = ( GEOMETRIC_REPRESENTATION_CONTEXT(2) 
PARAMETRIC_REPRESENTATION_CONTEXT() REPRESENTATION_CONTEXT('2D SPACE',''
  ) );
#1449 = ADVANCED_FACE('',(#1450),#300,.T.);
#1450 = FACE_BOUND('',#1451,.T.);
#1451 = EDGE_LOOP('',(#1452,#1453,#1454,#1455,#1483,#1509,#1535,#1561,
    #1582,#1583));
#1452 = ORIENTED_EDGE('',*,*,#1304,.F.);
#1453 = ORIENTED_EDGE('',*,*,#1178,.T.);
#1454 = ORIENTED_EDGE('',*,*,#396,.T.);
#1455 = ORIENTED_EDGE('',*,*,#1456,.T.);
#1456 = EDGE_CURVE('',#369,#1457,#1459,.T.);
#1457 = VERTEX_POINT('',#1458);
#1458 = CARTESIAN_POINT('',(-3.,23.,8.));
#1459 = SURFACE_CURVE('',#1460,(#1464,#1471),.PCURVE_S1.);
#1460 = LINE('',#1461,#1462);
#1461 = CARTESIAN_POINT('',(-34.,23.,8.));
#1462 = VECTOR('',#1463,1.);
#1463 = DIRECTION('',(1.,0.,0.));
#1464 = PCURVE('',#300,#1465);
#1465 = DEFINITIONAL_REPRESENTATION('',(#1466),#1470);
#1466 = LINE('',#1467,#1468);
#1467 = CARTESIAN_POINT('',(8.,0.));
#1468 = VECTOR('',#1469,1.);
#1469 = DIRECTION('',(0.,1.));
#1470 = ( GEOMETRIC_REPRESENTATION_CONTEXT(2) 
PARAMETRIC_REPRESENTATION_CONTEXT() REPRESENTATION_CONTEXT('2D SPACE',''
  ) );
#1471 = PCURVE('',#1472,#1477);
#1472 = PLANE('',#1473);
#1473 = AXIS2_PLACEMENT_3D('',#1474,#1475,#1476);
#1474 = CARTESIAN_POINT('',(-8.,16.,8.));
#1475 = DIRECTION('',(0.,0.,1.));
#1476 = DIRECTION('',(1.,0.,0.));
#1477 = DEFINITIONAL_REPRESENTATION('',(#1478),#1482);
#1478 = LINE('',#1479,#1480);
#1479 = CARTESIAN_POINT('',(-26.,7.));
#1480 = VECTOR('',#1481,1.);
#1481 = DIRECTION('',(1.,0.));
#1482 = ( GEOMETRIC_REPRESENTATION_CONTEXT(2) 
PARAMETRIC_REPRESENTATION_CONTEXT() REPRESENTATION_CONTEXT('2D SPACE',''
  ) );
#1483 = ORIENTED_EDGE('',*,*,#1484,.T.);
#1484 = EDGE_CURVE('',#1457,#1485,#1487,.T.);
#1485 = VERTEX_POINT('',#1486);
#1486 = CARTESIAN_POINT('',(-3.,23.,1.));
#1487 = SURFACE_CURVE('',#1488,(#1492,#1498),.PCURVE_S1.);
#1488 = LINE('',#1489,#1490);
#1489 = CARTESIAN_POINT('',(-3.,23.,2.900980486407));
#1490 = VECTOR('',#1491,1.);
#1491 = DIRECTION('',(0.,0.,-1.));
#1492 = PCURVE('',#300,#1493);
#1493 = DEFINITIONAL_REPRESENTATION('',(#1494),#1497);
#1494 = B_SPLINE_CURVE_WITH_KNOTS('',1,(#1495,#1496),.UNSPECIFIED.,.F.,
  .F.,(2,2),(-5.099019513593,2.900980486407),.PIECEWISE_BEZIER_KNOTS.);
#1495 = CARTESIAN_POINT('',(8.,31.));
#1496 = CARTESIAN_POINT('',(0.,31.));
#1497 = ( GEOMETRIC_REPRESENTATION_CONTEXT(2) 
PARAMETRIC_REPRESENTATION_CONTEXT() REPRESENTATION_CONTEXT('2D SPACE',''
  ) );
#1498 = PCURVE('',#1499,#1504);
#1499 = PLANE('',#1500);
#1500 = AXIS2_PLACEMENT_3D('',#1501,#1502,#1503);
#1501 = CARTESIAN_POINT('',(-3.,36.198039027186,5.801960972814));
#1502 = DIRECTION('',(1.,0.,0.));
#1503 = DIRECTION('',(-0.,0.,1.));
#1504 = DEFINITIONAL_REPRESENTATION('',(#1505),#1508);
#1505 = B_SPLINE_CURVE_WITH_KNOTS('',1,(#1506,#1507),.UNSPECIFIED.,.F.,
  .F.,(2,2),(-5.099019513593,2.900980486407),.PIECEWISE_BEZIER_KNOTS.);
#1506 = CARTESIAN_POINT('',(2.198039027186,13.198039027186));
#1507 = CARTESIAN_POINT('',(-5.801960972814,13.198039027186));
#1508 = ( GEOMETRIC_REPRESENTATION_CONTEXT(2) 
PARAMETRIC_REPRESENTATION_CONTEXT() REPRESENTATION_CONTEXT('2D SPACE',''
  ) );
#1509 = ORIENTED_EDGE('',*,*,#1510,.T.);
#1510 = EDGE_CURVE('',#1485,#1511,#1513,.T.);
#1511 = VERTEX_POINT('',#1512);
#1512 = CARTESIAN_POINT('',(3.,23.,1.));
#1513 = SURFACE_CURVE('',#1514,(#1518,#1524),.PCURVE_S1.);
#1514 = LINE('',#1515,#1516);
#1515 = CARTESIAN_POINT('',(-18.5,23.,1.));
#1516 = VECTOR('',#1517,1.);
#1517 = DIRECTION('',(1.,0.,-0.));
#1518 = PCURVE('',#300,#1519);
#1519 = DEFINITIONAL_REPRESENTATION('',(#1520),#1523);
#1520 = B_SPLINE_CURVE_WITH_KNOTS('',1,(#1521,#1522),.UNSPECIFIED.,.F.,
  .F.,(2,2),(15.5,21.5),.PIECEWISE_BEZIER_KNOTS.);
#1521 = CARTESIAN_POINT('',(1.,31.));
#1522 = CARTESIAN_POINT('',(1.,37.));
#1523 = ( GEOMETRIC_REPRESENTATION_CONTEXT(2) 
PARAMETRIC_REPRESENTATION_CONTEXT() REPRESENTATION_CONTEXT('2D SPACE',''
  ) );
#1524 = PCURVE('',#1525,#1530);
#1525 = PLANE('',#1526);
#1526 = AXIS2_PLACEMENT_3D('',#1527,#1528,#1529);
#1527 = CARTESIAN_POINT('',(-3.,18.,0.));
#1528 = DIRECTION('',(0.,-0.196116135138,0.980580675691));
#1529 = DIRECTION('',(0.,0.980580675691,0.196116135138));
#1530 = DEFINITIONAL_REPRESENTATION('',(#1531),#1534);
#1531 = B_SPLINE_CURVE_WITH_KNOTS('',1,(#1532,#1533),.UNSPECIFIED.,.F.,
  .F.,(2,2),(15.5,21.5),.PIECEWISE_BEZIER_KNOTS.);
#1532 = CARTESIAN_POINT('',(5.099019513593,0.));
#1533 = CARTESIAN_POINT('',(5.099019513593,-6.));
#1534 = ( GEOMETRIC_REPRESENTATION_CONTEXT(2) 
PARAMETRIC_REPRESENTATION_CONTEXT() REPRESENTATION_CONTEXT('2D SPACE',''
  ) );
#1535 = ORIENTED_EDGE('',*,*,#1536,.F.);
#1536 = EDGE_CURVE('',#1537,#1511,#1539,.T.);
#1537 = VERTEX_POINT('',#1538);
#1538 = CARTESIAN_POINT('',(3.,23.,8.));
#1539 = SURFACE_CURVE('',#1540,(#1544,#1550),.PCURVE_S1.);
#1540 = LINE('',#1541,#1542);
#1541 = CARTESIAN_POINT('',(3.,23.,2.900980486407));
#1542 = VECTOR('',#1543,1.);
#1543 = DIRECTION('',(0.,0.,-1.));
#1544 = PCURVE('',#300,#1545);
#1545 = DEFINITIONAL_REPRESENTATION('',(#1546),#1549);
#1546 = B_SPLINE_CURVE_WITH_KNOTS('',1,(#1547,#1548),.UNSPECIFIED.,.F.,
  .F.,(2,2),(-5.099019513593,2.900980486407),.PIECEWISE_BEZIER_KNOTS.);
#1547 = CARTESIAN_POINT('',(8.,37.));
#1548 = CARTESIAN_POINT('',(0.,37.));
#1549 = ( GEOMETRIC_REPRESENTATION_CONTEXT(2) 
PARAMETRIC_REPRESENTATION_CONTEXT() REPRESENTATION_CONTEXT('2D SPACE',''
  ) );
#1550 = PCURVE('',#1551,#1556);
#1551 = PLANE('',#1552);
#1552 = AXIS2_PLACEMENT_3D('',#1553,#1554,#1555);
#1553 = CARTESIAN_POINT('',(3.,36.198039027186,5.801960972814));
#1554 = DIRECTION('',(1.,0.,0.));
#1555 = DIRECTION('',(-0.,0.,1.));
#1556 = DEFINITIONAL_REPRESENTATION('',(#1557),#1560);
#1557 = B_SPLINE_CURVE_WITH_KNOTS('',1,(#1558,#1559),.UNSPECIFIED.,.F.,
  .F.,(2,2),(-5.099019513593,2.900980486407),.PIECEWISE_BEZIER_KNOTS.);
#1558 = CARTESIAN_POINT('',(2.198039027186,13.198039027186));
#1559 = CARTESIAN_POINT('',(-5.801960972814,13.198039027186));
#1560 = ( GEOMETRIC_REPRESENTATION_CONTEXT(2) 
PARAMETRIC_REPRESENTATION_CONTEXT() REPRESENTATION_CONTEXT('2D SPACE',''
  ) );
#1561 = ORIENTED_EDGE('',*,*,#1562,.T.);
#1562 = EDGE_CURVE('',#1537,#285,#1563,.T.);
#1563 = SURFACE_CURVE('',#1564,(#1568,#1575),.PCURVE_S1.);
#1564 = LINE('',#1565,#1566);
#1565 = CARTESIAN_POINT('',(-34.,23.,8.));
#1566 = VECTOR('',#1567,1.);
#1567 = DIRECTION('',(1.,0.,0.));
#1568 = PCURVE('',#300,#1569);
#1569 = DEFINITIONAL_REPRESENTATION('',(#1570),#1574);
#1570 = LINE('',#1571,#1572);
#1571 = CARTESIAN_POINT('',(8.,0.));
#1572 = VECTOR('',#1573,1.);
#1573 = DIRECTION('',(0.,1.));
#1574 = ( GEOMETRIC_REPRESENTATION_CONTEXT(2) 
PARAMETRIC_REPRESENTATION_CONTEXT() REPRESENTATION_CONTEXT('2D SPACE',''
  ) );
#1575 = PCURVE('',#1472,#1576);
#1576 = DEFINITIONAL_REPRESENTATION('',(#1577),#1581);
#1577 = LINE('',#1578,#1579);
#1578 = CARTESIAN_POINT('',(-26.,7.));
#1579 = VECTOR('',#1580,1.);
#1580 = DIRECTION('',(1.,0.));
#1581 = ( GEOMETRIC_REPRESENTATION_CONTEXT(2) 
PARAMETRIC_REPRESENTATION_CONTEXT() REPRESENTATION_CONTEXT('2D SPACE',''
  ) );
#1582 = ORIENTED_EDGE('',*,*,#284,.T.);
#1583 = ORIENTED_EDGE('',*,*,#1584,.F.);
#1584 = EDGE_CURVE('',#1281,#256,#1585,.T.);
#1585 = SURFACE_CURVE('',#1586,(#1590,#1597),.PCURVE_S1.);
#1586 = LINE('',#1587,#1588);
#1587 = CARTESIAN_POINT('',(31.,23.,0.));
#1588 = VECTOR('',#1589,1.);
#1589 = DIRECTION('',(0.,0.,1.));
#1590 = PCURVE('',#300,#1591);
#1591 = DEFINITIONAL_REPRESENTATION('',(#1592),#1596);
#1592 = LINE('',#1593,#1594);
#1593 = CARTESIAN_POINT('',(0.,65.));
#1594 = VECTOR('',#1595,1.);
#1595 = DIRECTION('',(1.,0.));
#1596 = ( GEOMETRIC_REPRESENTATION_CONTEXT(2) 
PARAMETRIC_REPRESENTATION_CONTEXT() REPRESENTATION_CONTEXT('2D SPACE',''
  ) );
#1597 = PCURVE('',#272,#1598);
#1598 = DEFINITIONAL_REPRESENTATION('',(#1599),#1603);
#1599 = LINE('',#1600,#1601);
#1600 = CARTESIAN_POINT('',(1.570796326795,0.));
#1601 = VECTOR('',#1602,1.);
#1602 = DIRECTION('',(0.,1.));
#1603 = ( GEOMETRIC_REPRESENTATION_CONTEXT(2) 
PARAMETRIC_REPRESENTATION_CONTEXT() REPRESENTATION_CONTEXT('2D SPACE',''
  ) );
#1604 = ADVANCED_FACE('',(#1605),#384,.F.);
#1605 = FACE_BOUND('',#1606,.F.);
#1606 = EDGE_LOOP('',(#1607,#1637,#1658,#1659,#1682));
#1607 = ORIENTED_EDGE('',*,*,#1608,.F.);
#1608 = EDGE_CURVE('',#1609,#1611,#1613,.T.);
#1609 = VERTEX_POINT('',#1610);
#1610 = CARTESIAN_POINT('',(-8.,16.,14.));
#1611 = VERTEX_POINT('',#1612);
#1612 = CARTESIAN_POINT('',(-8.,61.,14.));
#1613 = SURFACE_CURVE('',#1614,(#1618,#1625),.PCURVE_S1.);
#1614 = LINE('',#1615,#1616);
#1615 = CARTESIAN_POINT('',(-8.,16.,14.));
#1616 = VECTOR('',#1617,1.);
#1617 = DIRECTION('',(0.,1.,0.));
#1618 = PCURVE('',#384,#1619);
#1619 = DEFINITIONAL_REPRESENTATION('',(#1620),#1624);
#1620 = LINE('',#1621,#1622);
#1621 = CARTESIAN_POINT('',(6.,0.));
#1622 = VECTOR('',#1623,1.);
#1623 = DIRECTION('',(0.,-1.));
#1624 = ( GEOMETRIC_REPRESENTATION_CONTEXT(2) 
PARAMETRIC_REPRESENTATION_CONTEXT() REPRESENTATION_CONTEXT('2D SPACE',''
  ) );
#1625 = PCURVE('',#1626,#1631);
#1626 = PLANE('',#1627);
#1627 = AXIS2_PLACEMENT_3D('',#1628,#1629,#1630);
#1628 = CARTESIAN_POINT('',(-8.,16.,14.));
#1629 = DIRECTION('',(0.,0.,1.));
#1630 = DIRECTION('',(1.,0.,0.));
#1631 = DEFINITIONAL_REPRESENTATION('',(#1632),#1636);
#1632 = LINE('',#1633,#1634);
#1633 = CARTESIAN_POINT('',(0.,0.));
#1634 = VECTOR('',#1635,1.);
#1635 = DIRECTION('',(0.,1.));
#1636 = ( GEOMETRIC_REPRESENTATION_CONTEXT(2) 
PARAMETRIC_REPRESENTATION_CONTEXT() REPRESENTATION_CONTEXT('2D SPACE',''
  ) );
#1637 = ORIENTED_EDGE('',*,*,#1638,.F.);
#1638 = EDGE_CURVE('',#341,#1609,#1639,.T.);
#1639 = SURFACE_CURVE('',#1640,(#1644,#1651),.PCURVE_S1.);
#1640 = LINE('',#1641,#1642);
#1641 = CARTESIAN_POINT('',(-8.,16.,8.));
#1642 = VECTOR('',#1643,1.);
#1643 = DIRECTION('',(0.,0.,1.));
#1644 = PCURVE('',#384,#1645);
#1645 = DEFINITIONAL_REPRESENTATION('',(#1646),#1650);
#1646 = LINE('',#1647,#1648);
#1647 = CARTESIAN_POINT('',(0.,0.));
#1648 = VECTOR('',#1649,1.);
#1649 = DIRECTION('',(1.,0.));
#1650 = ( GEOMETRIC_REPRESENTATION_CONTEXT(2) 
PARAMETRIC_REPRESENTATION_CONTEXT() REPRESENTATION_CONTEXT('2D SPACE',''
  ) );
#1651 = PCURVE('',#356,#1652);
#1652 = DEFINITIONAL_REPRESENTATION('',(#1653),#1657);
#1653 = LINE('',#1654,#1655);
#1654 = CARTESIAN_POINT('',(0.,0.));
#1655 = VECTOR('',#1656,1.);
#1656 = DIRECTION('',(1.,0.));
#1657 = ( GEOMETRIC_REPRESENTATION_CONTEXT(2) 
PARAMETRIC_REPRESENTATION_CONTEXT() REPRESENTATION_CONTEXT('2D SPACE',''
  ) );
#1658 = ORIENTED_EDGE('',*,*,#368,.T.);
#1659 = ORIENTED_EDGE('',*,*,#1660,.T.);
#1660 = EDGE_CURVE('',#369,#1661,#1663,.T.);
#1661 = VERTEX_POINT('',#1662);
#1662 = CARTESIAN_POINT('',(-8.,61.,8.));
#1663 = SURFACE_CURVE('',#1664,(#1668,#1675),.PCURVE_S1.);
#1664 = LINE('',#1665,#1666);
#1665 = CARTESIAN_POINT('',(-8.,16.,8.));
#1666 = VECTOR('',#1667,1.);
#1667 = DIRECTION('',(0.,1.,0.));
#1668 = PCURVE('',#384,#1669);
#1669 = DEFINITIONAL_REPRESENTATION('',(#1670),#1674);
#1670 = LINE('',#1671,#1672);
#1671 = CARTESIAN_POINT('',(0.,0.));
#1672 = VECTOR('',#1673,1.);
#1673 = DIRECTION('',(0.,-1.));
#1674 = ( GEOMETRIC_REPRESENTATION_CONTEXT(2) 
PARAMETRIC_REPRESENTATION_CONTEXT() REPRESENTATION_CONTEXT('2D SPACE',''
  ) );
#1675 = PCURVE('',#1472,#1676);
#1676 = DEFINITIONAL_REPRESENTATION('',(#1677),#1681);
#1677 = LINE('',#1678,#1679);
#1678 = CARTESIAN_POINT('',(0.,0.));
#1679 = VECTOR('',#1680,1.);
#1680 = DIRECTION('',(0.,1.));
#1681 = ( GEOMETRIC_REPRESENTATION_CONTEXT(2) 
PARAMETRIC_REPRESENTATION_CONTEXT() REPRESENTATION_CONTEXT('2D SPACE',''
  ) );
#1682 = ORIENTED_EDGE('',*,*,#1683,.T.);
#1683 = EDGE_CURVE('',#1661,#1611,#1684,.T.);
#1684 = SURFACE_CURVE('',#1685,(#1689,#1695),.PCURVE_S1.);
#1685 = LINE('',#1686,#1687);
#1686 = CARTESIAN_POINT('',(-8.,61.,8.));
#1687 = VECTOR('',#1688,1.);
#1688 = DIRECTION('',(0.,0.,1.));
#1689 = PCURVE('',#384,#1690);
#1690 = DEFINITIONAL_REPRESENTATION('',(#1691),#1694);
#1691 = B_SPLINE_CURVE_WITH_KNOTS('',1,(#1692,#1693),.UNSPECIFIED.,.F.,
  .F.,(2,2),(0.,6.),.PIECEWISE_BEZIER_KNOTS.);
#1692 = CARTESIAN_POINT('',(0.,-45.));
#1693 = CARTESIAN_POINT('',(6.,-45.));
#1694 = ( GEOMETRIC_REPRESENTATION_CONTEXT(2) 
PARAMETRIC_REPRESENTATION_CONTEXT() REPRESENTATION_CONTEXT('2D SPACE',''
  ) );
#1695 = PCURVE('',#1696,#1701);
#1696 = PLANE('',#1697);
#1697 = AXIS2_PLACEMENT_3D('',#1698,#1699,#1700);
#1698 = CARTESIAN_POINT('',(-28.5,61.,8.));
#1699 = DIRECTION('',(0.,1.,0.));
#1700 = DIRECTION('',(0.,0.,1.));
#1701 = DEFINITIONAL_REPRESENTATION('',(#1702),#1705);
#1702 = B_SPLINE_CURVE_WITH_KNOTS('',1,(#1703,#1704),.UNSPECIFIED.,.F.,
  .F.,(2,2),(0.,6.),.PIECEWISE_BEZIER_KNOTS.);
#1703 = CARTESIAN_POINT('',(0.,20.5));
#1704 = CARTESIAN_POINT('',(6.,20.5));
#1705 = ( GEOMETRIC_REPRESENTATION_CONTEXT(2) 
PARAMETRIC_REPRESENTATION_CONTEXT() REPRESENTATION_CONTEXT('2D SPACE',''
  ) );
#1706 = ADVANCED_FACE('',(#1707),#356,.F.);
#1707 = FACE_BOUND('',#1708,.F.);
#1708 = EDGE_LOOP('',(#1709,#1710,#1711,#1734));
#1709 = ORIENTED_EDGE('',*,*,#340,.F.);
#1710 = ORIENTED_EDGE('',*,*,#1638,.T.);
#1711 = ORIENTED_EDGE('',*,*,#1712,.T.);
#1712 = EDGE_CURVE('',#1609,#1713,#1715,.T.);
#1713 = VERTEX_POINT('',#1714);
#1714 = CARTESIAN_POINT('',(8.,16.,14.));
#1715 = SURFACE_CURVE('',#1716,(#1720,#1727),.PCURVE_S1.);
#1716 = LINE('',#1717,#1718);
#1717 = CARTESIAN_POINT('',(-8.,16.,14.));
#1718 = VECTOR('',#1719,1.);
#1719 = DIRECTION('',(1.,0.,0.));
#1720 = PCURVE('',#356,#1721);
#1721 = DEFINITIONAL_REPRESENTATION('',(#1722),#1726);
#1722 = LINE('',#1723,#1724);
#1723 = CARTESIAN_POINT('',(6.,0.));
#1724 = VECTOR('',#1725,1.);
#1725 = DIRECTION('',(0.,1.));
#1726 = ( GEOMETRIC_REPRESENTATION_CONTEXT(2) 
PARAMETRIC_REPRESENTATION_CONTEXT() REPRESENTATION_CONTEXT('2D SPACE',''
  ) );
#1727 = PCURVE('',#1626,#1728);
#1728 = DEFINITIONAL_REPRESENTATION('',(#1729),#1733);
#1729 = LINE('',#1730,#1731);
#1730 = CARTESIAN_POINT('',(0.,0.));
#1731 = VECTOR('',#1732,1.);
#1732 = DIRECTION('',(1.,0.));
#1733 = ( GEOMETRIC_REPRESENTATION_CONTEXT(2) 
PARAMETRIC_REPRESENTATION_CONTEXT() REPRESENTATION_CONTEXT('2D SPACE',''
  ) );
#1734 = ORIENTED_EDGE('',*,*,#1735,.F.);
#1735 = EDGE_CURVE('',#313,#1713,#1736,.T.);
#1736 = SURFACE_CURVE('',#1737,(#1741,#1748),.PCURVE_S1.);
#1737 = LINE('',#1738,#1739);
#1738 = CARTESIAN_POINT('',(8.,16.,8.));
#1739 = VECTOR('',#1740,1.);
#1740 = DIRECTION('',(0.,0.,1.));
#1741 = PCURVE('',#356,#1742);
#1742 = DEFINITIONAL_REPRESENTATION('',(#1743),#1747);
#1743 = LINE('',#1744,#1745);
#1744 = CARTESIAN_POINT('',(0.,16.));
#1745 = VECTOR('',#1746,1.);
#1746 = DIRECTION('',(1.,0.));
#1747 = ( GEOMETRIC_REPRESENTATION_CONTEXT(2) 
PARAMETRIC_REPRESENTATION_CONTEXT() REPRESENTATION_CONTEXT('2D SPACE',''
  ) );
#1748 = PCURVE('',#328,#1749);
#1749 = DEFINITIONAL_REPRESENTATION('',(#1750),#1754);
#1750 = LINE('',#1751,#1752);
#1751 = CARTESIAN_POINT('',(0.,0.));
#1752 = VECTOR('',#1753,1.);
#1753 = DIRECTION('',(1.,0.));
#1754 = ( GEOMETRIC_REPRESENTATION_CONTEXT(2) 
PARAMETRIC_REPRESENTATION_CONTEXT() REPRESENTATION_CONTEXT('2D SPACE',''
  ) );
#1755 = ADVANCED_FACE('',(#1756),#328,.T.);
#1756 = FACE_BOUND('',#1757,.T.);
#1757 = EDGE_LOOP('',(#1758,#1781,#1782,#1783,#1806));
#1758 = ORIENTED_EDGE('',*,*,#1759,.F.);
#1759 = EDGE_CURVE('',#1713,#1760,#1762,.T.);
#1760 = VERTEX_POINT('',#1761);
#1761 = CARTESIAN_POINT('',(8.,61.,14.));
#1762 = SURFACE_CURVE('',#1763,(#1767,#1774),.PCURVE_S1.);
#1763 = LINE('',#1764,#1765);
#1764 = CARTESIAN_POINT('',(8.,16.,14.));
#1765 = VECTOR('',#1766,1.);
#1766 = DIRECTION('',(0.,1.,0.));
#1767 = PCURVE('',#328,#1768);
#1768 = DEFINITIONAL_REPRESENTATION('',(#1769),#1773);
#1769 = LINE('',#1770,#1771);
#1770 = CARTESIAN_POINT('',(6.,0.));
#1771 = VECTOR('',#1772,1.);
#1772 = DIRECTION('',(0.,-1.));
#1773 = ( GEOMETRIC_REPRESENTATION_CONTEXT(2) 
PARAMETRIC_REPRESENTATION_CONTEXT() REPRESENTATION_CONTEXT('2D SPACE',''
  ) );
#1774 = PCURVE('',#1626,#1775);
#1775 = DEFINITIONAL_REPRESENTATION('',(#1776),#1780);
#1776 = LINE('',#1777,#1778);
#1777 = CARTESIAN_POINT('',(16.,0.));
#1778 = VECTOR('',#1779,1.);
#1779 = DIRECTION('',(0.,1.));
#1780 = ( GEOMETRIC_REPRESENTATION_CONTEXT(2) 
PARAMETRIC_REPRESENTATION_CONTEXT() REPRESENTATION_CONTEXT('2D SPACE',''
  ) );
#1781 = ORIENTED_EDGE('',*,*,#1735,.F.);
#1782 = ORIENTED_EDGE('',*,*,#312,.T.);
#1783 = ORIENTED_EDGE('',*,*,#1784,.T.);
#1784 = EDGE_CURVE('',#285,#1785,#1787,.T.);
#1785 = VERTEX_POINT('',#1786);
#1786 = CARTESIAN_POINT('',(8.,61.,8.));
#1787 = SURFACE_CURVE('',#1788,(#1792,#1799),.PCURVE_S1.);
#1788 = LINE('',#1789,#1790);
#1789 = CARTESIAN_POINT('',(8.,16.,8.));
#1790 = VECTOR('',#1791,1.);
#1791 = DIRECTION('',(0.,1.,0.));
#1792 = PCURVE('',#328,#1793);
#1793 = DEFINITIONAL_REPRESENTATION('',(#1794),#1798);
#1794 = LINE('',#1795,#1796);
#1795 = CARTESIAN_POINT('',(0.,0.));
#1796 = VECTOR('',#1797,1.);
#1797 = DIRECTION('',(0.,-1.));
#1798 = ( GEOMETRIC_REPRESENTATION_CONTEXT(2) 
PARAMETRIC_REPRESENTATION_CONTEXT() REPRESENTATION_CONTEXT('2D SPACE',''
  ) );
#1799 = PCURVE('',#1472,#1800);
#1800 = DEFINITIONAL_REPRESENTATION('',(#1801),#1805);
#1801 = LINE('',#1802,#1803);
#1802 = CARTESIAN_POINT('',(16.,0.));
#1803 = VECTOR('',#1804,1.);
#1804 = DIRECTION('',(0.,1.));
#1805 = ( GEOMETRIC_REPRESENTATION_CONTEXT(2) 
PARAMETRIC_REPRESENTATION_CONTEXT() REPRESENTATION_CONTEXT('2D SPACE',''
  ) );
#1806 = ORIENTED_EDGE('',*,*,#1807,.T.);
#1807 = EDGE_CURVE('',#1785,#1760,#1808,.T.);
#1808 = SURFACE_CURVE('',#1809,(#1813,#1819),.PCURVE_S1.);
#1809 = LINE('',#1810,#1811);
#1810 = CARTESIAN_POINT('',(8.,61.,8.));
#1811 = VECTOR('',#1812,1.);
#1812 = DIRECTION('',(0.,0.,1.));
#1813 = PCURVE('',#328,#1814);
#1814 = DEFINITIONAL_REPRESENTATION('',(#1815),#1818);
#1815 = B_SPLINE_CURVE_WITH_KNOTS('',1,(#1816,#1817),.UNSPECIFIED.,.F.,
  .F.,(2,2),(0.,6.),.PIECEWISE_BEZIER_KNOTS.);
#1816 = CARTESIAN_POINT('',(0.,-45.));
#1817 = CARTESIAN_POINT('',(6.,-45.));
#1818 = ( GEOMETRIC_REPRESENTATION_CONTEXT(2) 
PARAMETRIC_REPRESENTATION_CONTEXT() REPRESENTATION_CONTEXT('2D SPACE',''
  ) );
#1819 = PCURVE('',#1820,#1825);
#1820 = PLANE('',#1821);
#1821 = AXIS2_PLACEMENT_3D('',#1822,#1823,#1824);
#1822 = CARTESIAN_POINT('',(-28.5,61.,8.));
#1823 = DIRECTION('',(0.,1.,0.));
#1824 = DIRECTION('',(0.,0.,1.));
#1825 = DEFINITIONAL_REPRESENTATION('',(#1826),#1829);
#1826 = B_SPLINE_CURVE_WITH_KNOTS('',1,(#1827,#1828),.UNSPECIFIED.,.F.,
  .F.,(2,2),(0.,6.),.PIECEWISE_BEZIER_KNOTS.);
#1827 = CARTESIAN_POINT('',(0.,36.5));
#1828 = CARTESIAN_POINT('',(6.,36.5));
#1829 = ( GEOMETRIC_REPRESENTATION_CONTEXT(2) 
PARAMETRIC_REPRESENTATION_CONTEXT() REPRESENTATION_CONTEXT('2D SPACE',''
  ) );
#1830 = ADVANCED_FACE('',(#1831),#272,.T.);
#1831 = FACE_BOUND('',#1832,.T.);
#1832 = EDGE_LOOP('',(#1833,#1834,#1835,#1836));
#1833 = ORIENTED_EDGE('',*,*,#1280,.T.);
#1834 = ORIENTED_EDGE('',*,*,#1584,.T.);
#1835 = ORIENTED_EDGE('',*,*,#255,.F.);
#1836 = ORIENTED_EDGE('',*,*,#1837,.F.);
#1837 = EDGE_CURVE('',#1258,#228,#1838,.T.);
#1838 = SURFACE_CURVE('',#1839,(#1843,#1850),.PCURVE_S1.);
#1839 = LINE('',#1840,#1841);
#1840 = CARTESIAN_POINT('',(34.,20.,0.));
#1841 = VECTOR('',#1842,1.);
#1842 = DIRECTION('',(0.,0.,1.));
#1843 = PCURVE('',#272,#1844);
#1844 = DEFINITIONAL_REPRESENTATION('',(#1845),#1849);
#1845 = LINE('',#1846,#1847);
#1846 = CARTESIAN_POINT('',(0.,0.));
#1847 = VECTOR('',#1848,1.);
#1848 = DIRECTION('',(0.,1.));
#1849 = ( GEOMETRIC_REPRESENTATION_CONTEXT(2) 
PARAMETRIC_REPRESENTATION_CONTEXT() REPRESENTATION_CONTEXT('2D SPACE',''
  ) );
#1850 = PCURVE('',#243,#1851);
#1851 = DEFINITIONAL_REPRESENTATION('',(#1852),#1856);
#1852 = LINE('',#1853,#1854);
#1853 = CARTESIAN_POINT('',(0.,-43.));
#1854 = VECTOR('',#1855,1.);
#1855 = DIRECTION('',(1.,0.));
#1856 = ( GEOMETRIC_REPRESENTATION_CONTEXT(2) 
PARAMETRIC_REPRESENTATION_CONTEXT() REPRESENTATION_CONTEXT('2D SPACE',''
  ) );
#1857 = ADVANCED_FACE('',(#1858),#243,.T.);
#1858 = FACE_BOUND('',#1859,.T.);
#1859 = EDGE_LOOP('',(#1860,#1861,#1882,#1883));
#1860 = ORIENTED_EDGE('',*,*,#227,.F.);
#1861 = ORIENTED_EDGE('',*,*,#1862,.F.);
#1862 = EDGE_CURVE('',#1230,#195,#1863,.T.);
#1863 = SURFACE_CURVE('',#1864,(#1868,#1875),.PCURVE_S1.);
#1864 = LINE('',#1865,#1866);
#1865 = CARTESIAN_POINT('',(34.,-20.,0.));
#1866 = VECTOR('',#1867,1.);
#1867 = DIRECTION('',(0.,0.,1.));
#1868 = PCURVE('',#243,#1869);
#1869 = DEFINITIONAL_REPRESENTATION('',(#1870),#1874);
#1870 = LINE('',#1871,#1872);
#1871 = CARTESIAN_POINT('',(0.,-3.));
#1872 = VECTOR('',#1873,1.);
#1873 = DIRECTION('',(1.,0.));
#1874 = ( GEOMETRIC_REPRESENTATION_CONTEXT(2) 
PARAMETRIC_REPRESENTATION_CONTEXT() REPRESENTATION_CONTEXT('2D SPACE',''
  ) );
#1875 = PCURVE('',#215,#1876);
#1876 = DEFINITIONAL_REPRESENTATION('',(#1877),#1881);
#1877 = LINE('',#1878,#1879);
#1878 = CARTESIAN_POINT('',(-0.,0.));
#1879 = VECTOR('',#1880,1.);
#1880 = DIRECTION('',(-0.,1.));
#1881 = ( GEOMETRIC_REPRESENTATION_CONTEXT(2) 
PARAMETRIC_REPRESENTATION_CONTEXT() REPRESENTATION_CONTEXT('2D SPACE',''
  ) );
#1882 = ORIENTED_EDGE('',*,*,#1257,.T.);
#1883 = ORIENTED_EDGE('',*,*,#1837,.T.);
#1884 = ADVANCED_FACE('',(#1885),#215,.T.);
#1885 = FACE_BOUND('',#1886,.F.);
#1886 = EDGE_LOOP('',(#1887,#1888,#1909,#1910));
#1887 = ORIENTED_EDGE('',*,*,#1229,.T.);
#1888 = ORIENTED_EDGE('',*,*,#1889,.T.);
#1889 = EDGE_CURVE('',#1207,#167,#1890,.T.);
#1890 = SURFACE_CURVE('',#1891,(#1895,#1902),.PCURVE_S1.);
#1891 = LINE('',#1892,#1893);
#1892 = CARTESIAN_POINT('',(31.,-23.,0.));
#1893 = VECTOR('',#1894,1.);
#1894 = DIRECTION('',(0.,0.,1.));
#1895 = PCURVE('',#215,#1896);
#1896 = DEFINITIONAL_REPRESENTATION('',(#1897),#1901);
#1897 = LINE('',#1898,#1899);
#1898 = CARTESIAN_POINT('',(-1.570796326795,0.));
#1899 = VECTOR('',#1900,1.);
#1900 = DIRECTION('',(-0.,1.));
#1901 = ( GEOMETRIC_REPRESENTATION_CONTEXT(2) 
PARAMETRIC_REPRESENTATION_CONTEXT() REPRESENTATION_CONTEXT('2D SPACE',''
  ) );
#1902 = PCURVE('',#182,#1903);
#1903 = DEFINITIONAL_REPRESENTATION('',(#1904),#1908);
#1904 = LINE('',#1905,#1906);
#1905 = CARTESIAN_POINT('',(0.,65.));
#1906 = VECTOR('',#1907,1.);
#1907 = DIRECTION('',(1.,0.));
#1908 = ( GEOMETRIC_REPRESENTATION_CONTEXT(2) 
PARAMETRIC_REPRESENTATION_CONTEXT() REPRESENTATION_CONTEXT('2D SPACE',''
  ) );
#1909 = ORIENTED_EDGE('',*,*,#194,.F.);
#1910 = ORIENTED_EDGE('',*,*,#1862,.F.);
#1911 = ADVANCED_FACE('',(#1912),#182,.F.);
#1912 = FACE_BOUND('',#1913,.F.);
#1913 = EDGE_LOOP('',(#1914,#1915,#1916,#1917));
#1914 = ORIENTED_EDGE('',*,*,#1206,.F.);
#1915 = ORIENTED_EDGE('',*,*,#1124,.T.);
#1916 = ORIENTED_EDGE('',*,*,#166,.T.);
#1917 = ORIENTED_EDGE('',*,*,#1889,.F.);
#1918 = ADVANCED_FACE('',(#1919),#464,.T.);
#1919 = FACE_BOUND('',#1920,.T.);
#1920 = EDGE_LOOP('',(#1921,#1944,#1972,#1993));
#1921 = ORIENTED_EDGE('',*,*,#1922,.F.);
#1922 = EDGE_CURVE('',#1923,#450,#1925,.T.);
#1923 = VERTEX_POINT('',#1924);
#1924 = CARTESIAN_POINT('',(-26.,-18.,16.));
#1925 = SURFACE_CURVE('',#1926,(#1930,#1937),.PCURVE_S1.);
#1926 = LINE('',#1927,#1928);
#1927 = CARTESIAN_POINT('',(-26.,-18.,16.));
#1928 = VECTOR('',#1929,1.);
#1929 = DIRECTION('',(0.,0.,-1.));
#1930 = PCURVE('',#464,#1931);
#1931 = DEFINITIONAL_REPRESENTATION('',(#1932),#1936);
#1932 = LINE('',#1933,#1934);
#1933 = CARTESIAN_POINT('',(0.,0.));
#1934 = VECTOR('',#1935,1.);
#1935 = DIRECTION('',(1.,0.));
#1936 = ( GEOMETRIC_REPRESENTATION_CONTEXT(2) 
PARAMETRIC_REPRESENTATION_CONTEXT() REPRESENTATION_CONTEXT('2D SPACE',''
  ) );
#1937 = PCURVE('',#540,#1938);
#1938 = DEFINITIONAL_REPRESENTATION('',(#1939),#1943);
#1939 = LINE('',#1940,#1941);
#1940 = CARTESIAN_POINT('',(-2.72215329431,-8.47215329431));
#1941 = VECTOR('',#1942,1.);
#1942 = DIRECTION('',(1.,0.));
#1943 = ( GEOMETRIC_REPRESENTATION_CONTEXT(2) 
PARAMETRIC_REPRESENTATION_CONTEXT() REPRESENTATION_CONTEXT('2D SPACE',''
  ) );
#1944 = ORIENTED_EDGE('',*,*,#1945,.T.);
#1945 = EDGE_CURVE('',#1923,#1946,#1948,.T.);
#1946 = VERTEX_POINT('',#1947);
#1947 = CARTESIAN_POINT('',(-20.,-18.,16.));
#1948 = SURFACE_CURVE('',#1949,(#1953,#1960),.PCURVE_S1.);
#1949 = LINE('',#1950,#1951);
#1950 = CARTESIAN_POINT('',(-26.,-18.,16.));
#1951 = VECTOR('',#1952,1.);
#1952 = DIRECTION('',(1.,0.,0.));
#1953 = PCURVE('',#464,#1954);
#1954 = DEFINITIONAL_REPRESENTATION('',(#1955),#1959);
#1955 = LINE('',#1956,#1957);
#1956 = CARTESIAN_POINT('',(0.,0.));
#1957 = VECTOR('',#1958,1.);
#1958 = DIRECTION('',(0.,-1.));
#1959 = ( GEOMETRIC_REPRESENTATION_CONTEXT(2) 
PARAMETRIC_REPRESENTATION_CONTEXT() REPRESENTATION_CONTEXT('2D SPACE',''
  ) );
#1960 = PCURVE('',#1961,#1966);
#1961 = PLANE('',#1962);
#1962 = AXIS2_PLACEMENT_3D('',#1963,#1964,#1965);
#1963 = CARTESIAN_POINT('',(-27.5,-38.5,16.));
#1964 = DIRECTION('',(0.,0.,1.));
#1965 = DIRECTION('',(1.,0.,0.));
#1966 = DEFINITIONAL_REPRESENTATION('',(#1967),#1971);
#1967 = LINE('',#1968,#1969);
#1968 = CARTESIAN_POINT('',(1.5,20.5));
#1969 = VECTOR('',#1970,1.);
#1970 = DIRECTION('',(1.,0.));
#1971 = ( GEOMETRIC_REPRESENTATION_CONTEXT(2) 
PARAMETRIC_REPRESENTATION_CONTEXT() REPRESENTATION_CONTEXT('2D SPACE',''
  ) );
#1972 = ORIENTED_EDGE('',*,*,#1973,.T.);
#1973 = EDGE_CURVE('',#1946,#448,#1974,.T.);
#1974 = SURFACE_CURVE('',#1975,(#1979,#1986),.PCURVE_S1.);
#1975 = LINE('',#1976,#1977);
#1976 = CARTESIAN_POINT('',(-20.,-18.,16.));
#1977 = VECTOR('',#1978,1.);
#1978 = DIRECTION('',(0.,0.,-1.));
#1979 = PCURVE('',#464,#1980);
#1980 = DEFINITIONAL_REPRESENTATION('',(#1981),#1985);
#1981 = LINE('',#1982,#1983);
#1982 = CARTESIAN_POINT('',(0.,-6.));
#1983 = VECTOR('',#1984,1.);
#1984 = DIRECTION('',(1.,0.));
#1985 = ( GEOMETRIC_REPRESENTATION_CONTEXT(2) 
PARAMETRIC_REPRESENTATION_CONTEXT() REPRESENTATION_CONTEXT('2D SPACE',''
  ) );
#1986 = PCURVE('',#490,#1987);
#1987 = DEFINITIONAL_REPRESENTATION('',(#1988),#1992);
#1988 = LINE('',#1989,#1990);
#1989 = CARTESIAN_POINT('',(-2.72215329431,-8.47215329431));
#1990 = VECTOR('',#1991,1.);
#1991 = DIRECTION('',(1.,0.));
#1992 = ( GEOMETRIC_REPRESENTATION_CONTEXT(2) 
PARAMETRIC_REPRESENTATION_CONTEXT() REPRESENTATION_CONTEXT('2D SPACE',''
  ) );
#1993 = ORIENTED_EDGE('',*,*,#447,.T.);
#1994 = ADVANCED_FACE('',(#1995),#490,.F.);
#1995 = FACE_BOUND('',#1996,.F.);
#1996 = EDGE_LOOP('',(#1997,#1998,#2021,#2042));
#1997 = ORIENTED_EDGE('',*,*,#475,.T.);
#1998 = ORIENTED_EDGE('',*,*,#1999,.T.);
#1999 = EDGE_CURVE('',#476,#2000,#2002,.T.);
#2000 = VERTEX_POINT('',#2001);
#2001 = CARTESIAN_POINT('',(-20.,-38.5,16.));
#2002 = SURFACE_CURVE('',#2003,(#2007,#2014),.PCURVE_S1.);
#2003 = LINE('',#2004,#2005);
#2004 = CARTESIAN_POINT('',(-20.,-18.,7.));
#2005 = VECTOR('',#2006,1.);
#2006 = DIRECTION('',(0.,-0.915644030191,0.401990062035));
#2007 = PCURVE('',#490,#2008);
#2008 = DEFINITIONAL_REPRESENTATION('',(#2009),#2013);
#2009 = LINE('',#2010,#2011);
#2010 = CARTESIAN_POINT('',(6.27784670569,-8.47215329431));
#2011 = VECTOR('',#2012,1.);
#2012 = DIRECTION('',(-0.401990062035,0.915644030191));
#2013 = ( GEOMETRIC_REPRESENTATION_CONTEXT(2) 
PARAMETRIC_REPRESENTATION_CONTEXT() REPRESENTATION_CONTEXT('2D SPACE',''
  ) );
#2014 = PCURVE('',#516,#2015);
#2015 = DEFINITIONAL_REPRESENTATION('',(#2016),#2020);
#2016 = LINE('',#2017,#2018);
#2017 = CARTESIAN_POINT('',(0.,-6.));
#2018 = VECTOR('',#2019,1.);
#2019 = DIRECTION('',(1.,0.));
#2020 = ( GEOMETRIC_REPRESENTATION_CONTEXT(2) 
PARAMETRIC_REPRESENTATION_CONTEXT() REPRESENTATION_CONTEXT('2D SPACE',''
  ) );
#2021 = ORIENTED_EDGE('',*,*,#2022,.T.);
#2022 = EDGE_CURVE('',#2000,#1946,#2023,.T.);
#2023 = SURFACE_CURVE('',#2024,(#2028,#2035),.PCURVE_S1.);
#2024 = LINE('',#2025,#2026);
#2025 = CARTESIAN_POINT('',(-20.,-38.5,16.));
#2026 = VECTOR('',#2027,1.);
#2027 = DIRECTION('',(0.,1.,0.));
#2028 = PCURVE('',#490,#2029);
#2029 = DEFINITIONAL_REPRESENTATION('',(#2030),#2034);
#2030 = LINE('',#2031,#2032);
#2031 = CARTESIAN_POINT('',(-2.72215329431,12.02784670569));
#2032 = VECTOR('',#2033,1.);
#2033 = DIRECTION('',(0.,-1.));
#2034 = ( GEOMETRIC_REPRESENTATION_CONTEXT(2) 
PARAMETRIC_REPRESENTATION_CONTEXT() REPRESENTATION_CONTEXT('2D SPACE',''
  ) );
#2035 = PCURVE('',#1961,#2036);
#2036 = DEFINITIONAL_REPRESENTATION('',(#2037),#2041);
#2037 = LINE('',#2038,#2039);
#2038 = CARTESIAN_POINT('',(7.5,0.));
#2039 = VECTOR('',#2040,1.);
#2040 = DIRECTION('',(0.,1.));
#2041 = ( GEOMETRIC_REPRESENTATION_CONTEXT(2) 
PARAMETRIC_REPRESENTATION_CONTEXT() REPRESENTATION_CONTEXT('2D SPACE',''
  ) );
#2042 = ORIENTED_EDGE('',*,*,#1973,.T.);
#2043 = ADVANCED_FACE('',(#2044),#540,.T.);
#2044 = FACE_BOUND('',#2045,.T.);
#2045 = EDGE_LOOP('',(#2046,#2047,#2070,#2091));
#2046 = ORIENTED_EDGE('',*,*,#527,.T.);
#2047 = ORIENTED_EDGE('',*,*,#2048,.T.);
#2048 = EDGE_CURVE('',#502,#2049,#2051,.T.);
#2049 = VERTEX_POINT('',#2050);
#2050 = CARTESIAN_POINT('',(-26.,-38.5,16.));
#2051 = SURFACE_CURVE('',#2052,(#2056,#2063),.PCURVE_S1.);
#2052 = LINE('',#2053,#2054);
#2053 = CARTESIAN_POINT('',(-26.,-18.,7.));
#2054 = VECTOR('',#2055,1.);
#2055 = DIRECTION('',(0.,-0.915644030191,0.401990062035));
#2056 = PCURVE('',#540,#2057);
#2057 = DEFINITIONAL_REPRESENTATION('',(#2058),#2062);
#2058 = LINE('',#2059,#2060);
#2059 = CARTESIAN_POINT('',(6.27784670569,-8.47215329431));
#2060 = VECTOR('',#2061,1.);
#2061 = DIRECTION('',(-0.401990062035,0.915644030191));
#2062 = ( GEOMETRIC_REPRESENTATION_CONTEXT(2) 
PARAMETRIC_REPRESENTATION_CONTEXT() REPRESENTATION_CONTEXT('2D SPACE',''
  ) );
#2063 = PCURVE('',#516,#2064);
#2064 = DEFINITIONAL_REPRESENTATION('',(#2065),#2069);
#2065 = LINE('',#2066,#2067);
#2066 = CARTESIAN_POINT('',(0.,0.));
#2067 = VECTOR('',#2068,1.);
#2068 = DIRECTION('',(1.,0.));
#2069 = ( GEOMETRIC_REPRESENTATION_CONTEXT(2) 
PARAMETRIC_REPRESENTATION_CONTEXT() REPRESENTATION_CONTEXT('2D SPACE',''
  ) );
#2070 = ORIENTED_EDGE('',*,*,#2071,.T.);
#2071 = EDGE_CURVE('',#2049,#1923,#2072,.T.);
#2072 = SURFACE_CURVE('',#2073,(#2077,#2084),.PCURVE_S1.);
#2073 = LINE('',#2074,#2075);
#2074 = CARTESIAN_POINT('',(-26.,-38.5,16.));
#2075 = VECTOR('',#2076,1.);
#2076 = DIRECTION('',(0.,1.,0.));
#2077 = PCURVE('',#540,#2078);
#2078 = DEFINITIONAL_REPRESENTATION('',(#2079),#2083);
#2079 = LINE('',#2080,#2081);
#2080 = CARTESIAN_POINT('',(-2.72215329431,12.02784670569));
#2081 = VECTOR('',#2082,1.);
#2082 = DIRECTION('',(0.,-1.));
#2083 = ( GEOMETRIC_REPRESENTATION_CONTEXT(2) 
PARAMETRIC_REPRESENTATION_CONTEXT() REPRESENTATION_CONTEXT('2D SPACE',''
  ) );
#2084 = PCURVE('',#1961,#2085);
#2085 = DEFINITIONAL_REPRESENTATION('',(#2086),#2090);
#2086 = LINE('',#2087,#2088);
#2087 = CARTESIAN_POINT('',(1.5,0.));
#2088 = VECTOR('',#2089,1.);
#2089 = DIRECTION('',(0.,1.));
#2090 = ( GEOMETRIC_REPRESENTATION_CONTEXT(2) 
PARAMETRIC_REPRESENTATION_CONTEXT() REPRESENTATION_CONTEXT('2D SPACE',''
  ) );
#2091 = ORIENTED_EDGE('',*,*,#1922,.T.);
#2092 = ADVANCED_FACE('',(#2093),#516,.T.);
#2093 = FACE_BOUND('',#2094,.T.);
#2094 = EDGE_LOOP('',(#2095,#2096,#2097,#2098));
#2095 = ORIENTED_EDGE('',*,*,#2048,.F.);
#2096 = ORIENTED_EDGE('',*,*,#501,.T.);
#2097 = ORIENTED_EDGE('',*,*,#1999,.T.);
#2098 = ORIENTED_EDGE('',*,*,#2099,.F.);
#2099 = EDGE_CURVE('',#2049,#2000,#2100,.T.);
#2100 = SURFACE_CURVE('',#2101,(#2105,#2112),.PCURVE_S1.);
#2101 = LINE('',#2102,#2103);
#2102 = CARTESIAN_POINT('',(-26.,-38.5,16.));
#2103 = VECTOR('',#2104,1.);
#2104 = DIRECTION('',(1.,0.,0.));
#2105 = PCURVE('',#516,#2106);
#2106 = DEFINITIONAL_REPRESENTATION('',(#2107),#2111);
#2107 = LINE('',#2108,#2109);
#2108 = CARTESIAN_POINT('',(22.388613177238,0.));
#2109 = VECTOR('',#2110,1.);
#2110 = DIRECTION('',(0.,-1.));
#2111 = ( GEOMETRIC_REPRESENTATION_CONTEXT(2) 
PARAMETRIC_REPRESENTATION_CONTEXT() REPRESENTATION_CONTEXT('2D SPACE',''
  ) );
#2112 = PCURVE('',#2113,#2118);
#2113 = PLANE('',#2114);
#2114 = AXIS2_PLACEMENT_3D('',#2115,#2116,#2117);
#2115 = CARTESIAN_POINT('',(-27.5,-38.5,16.));
#2116 = DIRECTION('',(0.,1.,0.));
#2117 = DIRECTION('',(0.,0.,1.));
#2118 = DEFINITIONAL_REPRESENTATION('',(#2119),#2123);
#2119 = LINE('',#2120,#2121);
#2120 = CARTESIAN_POINT('',(0.,1.5));
#2121 = VECTOR('',#2122,1.);
#2122 = DIRECTION('',(0.,1.));
#2123 = ( GEOMETRIC_REPRESENTATION_CONTEXT(2) 
PARAMETRIC_REPRESENTATION_CONTEXT() REPRESENTATION_CONTEXT('2D SPACE',''
  ) );
#2124 = ADVANCED_FACE('',(#2125),#571,.F.);
#2125 = FACE_BOUND('',#2126,.F.);
#2126 = EDGE_LOOP('',(#2127,#2128,#2151,#2179,#2207,#2235,#2461,#2489,
    #2512,#2535));
#2127 = ORIENTED_EDGE('',*,*,#553,.F.);
#2128 = ORIENTED_EDGE('',*,*,#2129,.T.);
#2129 = EDGE_CURVE('',#554,#2130,#2132,.T.);
#2130 = VERTEX_POINT('',#2131);
#2131 = CARTESIAN_POINT('',(-27.5,17.286842105263,16.));
#2132 = SURFACE_CURVE('',#2133,(#2137,#2144),.PCURVE_S1.);
#2133 = LINE('',#2134,#2135);
#2134 = CARTESIAN_POINT('',(-27.5,17.286842105263,8.));
#2135 = VECTOR('',#2136,1.);
#2136 = DIRECTION('',(0.,0.,1.));
#2137 = PCURVE('',#571,#2138);
#2138 = DEFINITIONAL_REPRESENTATION('',(#2139),#2143);
#2139 = LINE('',#2140,#2141);
#2140 = CARTESIAN_POINT('',(-18.1223578231,-17.28684210526));
#2141 = VECTOR('',#2142,1.);
#2142 = DIRECTION('',(1.,0.));
#2143 = ( GEOMETRIC_REPRESENTATION_CONTEXT(2) 
PARAMETRIC_REPRESENTATION_CONTEXT() REPRESENTATION_CONTEXT('2D SPACE',''
  ) );
#2144 = PCURVE('',#599,#2145);
#2145 = DEFINITIONAL_REPRESENTATION('',(#2146),#2150);
#2146 = LINE('',#2147,#2148);
#2147 = CARTESIAN_POINT('',(0.,0.));
#2148 = VECTOR('',#2149,1.);
#2149 = DIRECTION('',(1.,0.));
#2150 = ( GEOMETRIC_REPRESENTATION_CONTEXT(2) 
PARAMETRIC_REPRESENTATION_CONTEXT() REPRESENTATION_CONTEXT('2D SPACE',''
  ) );
#2151 = ORIENTED_EDGE('',*,*,#2152,.T.);
#2152 = EDGE_CURVE('',#2130,#2153,#2155,.T.);
#2153 = VERTEX_POINT('',#2154);
#2154 = CARTESIAN_POINT('',(-27.5,38.5,16.));
#2155 = SURFACE_CURVE('',#2156,(#2160,#2167),.PCURVE_S1.);
#2156 = LINE('',#2157,#2158);
#2157 = CARTESIAN_POINT('',(-27.5,15.,16.));
#2158 = VECTOR('',#2159,1.);
#2159 = DIRECTION('',(0.,1.,0.));
#2160 = PCURVE('',#571,#2161);
#2161 = DEFINITIONAL_REPRESENTATION('',(#2162),#2166);
#2162 = LINE('',#2163,#2164);
#2163 = CARTESIAN_POINT('',(-10.1223578231,-15.));
#2164 = VECTOR('',#2165,1.);
#2165 = DIRECTION('',(0.,-1.));
#2166 = ( GEOMETRIC_REPRESENTATION_CONTEXT(2) 
PARAMETRIC_REPRESENTATION_CONTEXT() REPRESENTATION_CONTEXT('2D SPACE',''
  ) );
#2167 = PCURVE('',#2168,#2173);
#2168 = PLANE('',#2169);
#2169 = AXIS2_PLACEMENT_3D('',#2170,#2171,#2172);
#2170 = CARTESIAN_POINT('',(-27.5,15.,16.));
#2171 = DIRECTION('',(0.,0.,1.));
#2172 = DIRECTION('',(1.,0.,0.));
#2173 = DEFINITIONAL_REPRESENTATION('',(#2174),#2178);
#2174 = LINE('',#2175,#2176);
#2175 = CARTESIAN_POINT('',(0.,0.));
#2176 = VECTOR('',#2177,1.);
#2177 = DIRECTION('',(0.,1.));
#2178 = ( GEOMETRIC_REPRESENTATION_CONTEXT(2) 
PARAMETRIC_REPRESENTATION_CONTEXT() REPRESENTATION_CONTEXT('2D SPACE',''
  ) );
#2179 = ORIENTED_EDGE('',*,*,#2180,.T.);
#2180 = EDGE_CURVE('',#2153,#2181,#2183,.T.);
#2181 = VERTEX_POINT('',#2182);
#2182 = CARTESIAN_POINT('',(-27.5,38.5,26.));
#2183 = SURFACE_CURVE('',#2184,(#2188,#2195),.PCURVE_S1.);
#2184 = LINE('',#2185,#2186);
#2185 = CARTESIAN_POINT('',(-27.5,38.5,16.));
#2186 = VECTOR('',#2187,1.);
#2187 = DIRECTION('',(0.,0.,1.));
#2188 = PCURVE('',#571,#2189);
#2189 = DEFINITIONAL_REPRESENTATION('',(#2190),#2194);
#2190 = LINE('',#2191,#2192);
#2191 = CARTESIAN_POINT('',(-10.1223578231,-38.5));
#2192 = VECTOR('',#2193,1.);
#2193 = DIRECTION('',(1.,0.));
#2194 = ( GEOMETRIC_REPRESENTATION_CONTEXT(2) 
PARAMETRIC_REPRESENTATION_CONTEXT() REPRESENTATION_CONTEXT('2D SPACE',''
  ) );
#2195 = PCURVE('',#2196,#2201);
#2196 = PLANE('',#2197);
#2197 = AXIS2_PLACEMENT_3D('',#2198,#2199,#2200);
#2198 = CARTESIAN_POINT('',(-27.5,38.5,16.));
#2199 = DIRECTION('',(0.,1.,0.));
#2200 = DIRECTION('',(0.,0.,1.));
#2201 = DEFINITIONAL_REPRESENTATION('',(#2202),#2206);
#2202 = LINE('',#2203,#2204);
#2203 = CARTESIAN_POINT('',(0.,0.));
#2204 = VECTOR('',#2205,1.);
#2205 = DIRECTION('',(1.,0.));
#2206 = ( GEOMETRIC_REPRESENTATION_CONTEXT(2) 
PARAMETRIC_REPRESENTATION_CONTEXT() REPRESENTATION_CONTEXT('2D SPACE',''
  ) );
#2207 = ORIENTED_EDGE('',*,*,#2208,.F.);
#2208 = EDGE_CURVE('',#2209,#2181,#2211,.T.);
#2209 = VERTEX_POINT('',#2210);
#2210 = CARTESIAN_POINT('',(-27.5,13.286842105263,26.));
#2211 = SURFACE_CURVE('',#2212,(#2216,#2223),.PCURVE_S1.);
#2212 = LINE('',#2213,#2214);
#2213 = CARTESIAN_POINT('',(-27.5,-38.5,26.));
#2214 = VECTOR('',#2215,1.);
#2215 = DIRECTION('',(0.,1.,0.));
#2216 = PCURVE('',#571,#2217);
#2217 = DEFINITIONAL_REPRESENTATION('',(#2218),#2222);
#2218 = LINE('',#2219,#2220);
#2219 = CARTESIAN_POINT('',(-0.122357823109,38.5));
#2220 = VECTOR('',#2221,1.);
#2221 = DIRECTION('',(0.,-1.));
#2222 = ( GEOMETRIC_REPRESENTATION_CONTEXT(2) 
PARAMETRIC_REPRESENTATION_CONTEXT() REPRESENTATION_CONTEXT('2D SPACE',''
  ) );
#2223 = PCURVE('',#2224,#2229);
#2224 = PLANE('',#2225);
#2225 = AXIS2_PLACEMENT_3D('',#2226,#2227,#2228);
#2226 = CARTESIAN_POINT('',(-50.,-50.,26.));
#2227 = DIRECTION('',(0.,0.,1.));
#2228 = DIRECTION('',(1.,0.,0.));
#2229 = DEFINITIONAL_REPRESENTATION('',(#2230),#2234);
#2230 = LINE('',#2231,#2232);
#2231 = CARTESIAN_POINT('',(22.5,11.5));
#2232 = VECTOR('',#2233,1.);
#2233 = DIRECTION('',(0.,1.));
#2234 = ( GEOMETRIC_REPRESENTATION_CONTEXT(2) 
PARAMETRIC_REPRESENTATION_CONTEXT() REPRESENTATION_CONTEXT('2D SPACE',''
  ) );
#2235 = ORIENTED_EDGE('',*,*,#2236,.T.);
#2236 = EDGE_CURVE('',#2209,#2237,#2239,.T.);
#2237 = VERTEX_POINT('',#2238);
#2238 = CARTESIAN_POINT('',(-27.5,-13.28684210526,26.));
#2239 = SURFACE_CURVE('',#2240,(#2309,#2381),.PCURVE_S1.);
#2240 = B_SPLINE_CURVE_WITH_KNOTS('',7,(#2241,#2242,#2243,#2244,#2245,
    #2246,#2247,#2248,#2249,#2250,#2251,#2252,#2253,#2254,#2255,#2256,
    #2257,#2258,#2259,#2260,#2261,#2262,#2263,#2264,#2265,#2266,#2267,
    #2268,#2269,#2270,#2271,#2272,#2273,#2274,#2275,#2276,#2277,#2278,
    #2279,#2280,#2281,#2282,#2283,#2284,#2285,#2286,#2287,#2288,#2289,
    #2290,#2291,#2292,#2293,#2294,#2295,#2296,#2297,#2298,#2299,#2300,
    #2301,#2302,#2303,#2304,#2305,#2306,#2307,#2308),.UNSPECIFIED.,.F.,
  .F.,(8,6,6,6,6,6,6,6,6,6,6,8),(0.,0.182889287709,0.269436666844,
    0.350512172632,0.39739152907,0.428463518508,0.49999957488,
    0.602605754609,0.649485431486,0.730561491455,0.817109462174,1.),
  .UNSPECIFIED.);
#2241 = CARTESIAN_POINT('',(-27.5,13.286842105263,26.));
#2242 = CARTESIAN_POINT('',(-27.5,13.286842105263,24.870049421336));
#2243 = CARTESIAN_POINT('',(-27.5,13.189158726173,23.740147668863));
#2244 = CARTESIAN_POINT('',(-27.5,12.993807074777,22.620287350862));
#2245 = CARTESIAN_POINT('',(-27.5,12.701461799569,21.520702938296));
#2246 = CARTESIAN_POINT('',(-27.5,12.313663487912,20.451819492492));
#2247 = CARTESIAN_POINT('',(-27.5,11.832915763065,19.424226035376));
#2248 = CARTESIAN_POINT('',(-27.5,10.99324820503,17.986899909904));
#2249 = CARTESIAN_POINT('',(-27.5,10.703573641723,17.536872631879));
#2250 = CARTESIAN_POINT('',(-27.5,10.394354834319,17.099660784896));
#2251 = CARTESIAN_POINT('',(-27.5,10.06607797542,16.676423023039));
#2252 = CARTESIAN_POINT('',(-27.5,9.719310340565,16.268317578454));
#2253 = CARTESIAN_POINT('',(-27.5,9.354710809927,15.876493688284));
#2254 = CARTESIAN_POINT('',(-27.5,8.615500708876,15.151344102917));
#2255 = CARTESIAN_POINT('',(-27.5,8.242975902108,14.815881206886));
#2256 = CARTESIAN_POINT('',(-27.5,7.856098451812,14.496631498699));
#2257 = CARTESIAN_POINT('',(-27.5,7.455574052425,14.19450581868));
#2258 = CARTESIAN_POINT('',(-27.5,7.042185992109,13.91038280886));
#2259 = CARTESIAN_POINT('',(-27.5,6.616802767174,13.645098470133));
#2260 = CARTESIAN_POINT('',(-27.5,5.928046379786,13.257381763408));
#2261 = CARTESIAN_POINT('',(-27.5,5.672014156959,13.121890100983));
#2262 = CARTESIAN_POINT('',(-27.5,5.412478194509,12.99310641578));
#2263 = CARTESIAN_POINT('',(-27.5,5.149632627263,12.871173321102));
#2264 = CARTESIAN_POINT('',(-27.5,4.883680123344,12.756225033847));
#2265 = CARTESIAN_POINT('',(-27.5,4.614832216115,12.648386617856));
#2266 = CARTESIAN_POINT('',(-27.5,4.163342431407,12.481085916499));
#2267 = CARTESIAN_POINT('',(-27.5,3.982199856662,12.417572475518));
#2268 = CARTESIAN_POINT('',(-27.5,3.799946035504,12.357266479848));
#2269 = CARTESIAN_POINT('',(-27.5,3.61664643943,12.300199289911));
#2270 = CARTESIAN_POINT('',(-27.5,3.432367887823,12.246400051004));
#2271 = CARTESIAN_POINT('',(-27.5,3.247178547954,12.195895693297));
#2272 = CARTESIAN_POINT('',(-27.5,2.632855551448,12.040078951172));
#2273 = CARTESIAN_POINT('',(-27.5,2.200095084741,11.949040109025));
#2274 = CARTESIAN_POINT('',(-27.5,1.763727188217,11.875897846315));
#2275 = CARTESIAN_POINT('',(-27.5,1.324629842799,11.820883591873));
#2276 = CARTESIAN_POINT('',(-27.5,0.883698317171,11.784154214275));
#2277 = CARTESIAN_POINT('',(-27.5,0.441845127973,11.765789473684));
#2278 = CARTESIAN_POINT('',(-27.5,-0.633750907049,11.765789473684));
#2279 = CARTESIAN_POINT('',(-27.5,-1.267547631199,11.803570597957));
#2280 = CARTESIAN_POINT('',(-27.5,-1.898603480472,11.879142132171));
#2281 = CARTESIAN_POINT('',(-27.5,-2.524238978626,11.992150389131));
#2282 = CARTESIAN_POINT('',(-27.5,-3.141873727688,12.141936995085));
#2283 = CARTESIAN_POINT('',(-27.5,-3.749024510908,12.327559345064));
#2284 = CARTESIAN_POINT('',(-27.5,-4.614832216111,12.648386617855));
#2285 = CARTESIAN_POINT('',(-27.5,-4.88368012334,12.756225033846));
#2286 = CARTESIAN_POINT('',(-27.5,-5.14963262726,12.8711733211));
#2287 = CARTESIAN_POINT('',(-27.5,-5.412478194506,12.993106415778));
#2288 = CARTESIAN_POINT('',(-27.5,-5.672014156956,13.121890100981));
#2289 = CARTESIAN_POINT('',(-27.5,-5.928046379783,13.257381763406));
#2290 = CARTESIAN_POINT('',(-27.5,-6.616802767172,13.645098470132));
#2291 = CARTESIAN_POINT('',(-27.5,-7.042185992105,13.910382808857));
#2292 = CARTESIAN_POINT('',(-27.5,-7.455574052423,14.194505818678));
#2293 = CARTESIAN_POINT('',(-27.5,-7.85609845181,14.496631498697));
#2294 = CARTESIAN_POINT('',(-27.5,-8.242975902104,14.815881206883));
#2295 = CARTESIAN_POINT('',(-27.5,-8.615500708873,15.151344102915));
#2296 = CARTESIAN_POINT('',(-27.5,-9.354710809924,15.876493688281));
#2297 = CARTESIAN_POINT('',(-27.5,-9.719310340562,16.268317578452));
#2298 = CARTESIAN_POINT('',(-27.5,-10.06607797541,16.676423023037));
#2299 = CARTESIAN_POINT('',(-27.5,-10.39435483431,17.099660784893));
#2300 = CARTESIAN_POINT('',(-27.5,-10.70357364172,17.536872631876));
#2301 = CARTESIAN_POINT('',(-27.5,-10.99324820502,17.986899909901));
#2302 = CARTESIAN_POINT('',(-27.5,-11.83291576306,19.424226035373));
#2303 = CARTESIAN_POINT('',(-27.5,-12.31366348791,20.451819492488));
#2304 = CARTESIAN_POINT('',(-27.5,-12.70146179956,21.520702938302));
#2305 = CARTESIAN_POINT('',(-27.5,-12.99380707477,22.62028735085));
#2306 = CARTESIAN_POINT('',(-27.5,-13.18915872617,23.740147668869));
#2307 = CARTESIAN_POINT('',(-27.5,-13.28684210526,24.870049421334));
#2308 = CARTESIAN_POINT('',(-27.5,-13.28684210526,26.));
#2309 = PCURVE('',#571,#2310);
#2310 = DEFINITIONAL_REPRESENTATION('',(#2311),#2380);
#2311 = B_SPLINE_CURVE_WITH_KNOTS('',7,(#2312,#2313,#2314,#2315,#2316,
    #2317,#2318,#2319,#2320,#2321,#2322,#2323,#2324,#2325,#2326,#2327,
    #2328,#2329,#2330,#2331,#2332,#2333,#2334,#2335,#2336,#2337,#2338,
    #2339,#2340,#2341,#2342,#2343,#2344,#2345,#2346,#2347,#2348,#2349,
    #2350,#2351,#2352,#2353,#2354,#2355,#2356,#2357,#2358,#2359,#2360,
    #2361,#2362,#2363,#2364,#2365,#2366,#2367,#2368,#2369,#2370,#2371,
    #2372,#2373,#2374,#2375,#2376,#2377,#2378,#2379),.UNSPECIFIED.,.F.,
  .F.,(8,6,6,6,6,6,6,6,6,6,6,8),(0.,0.182889287709,0.269436666844,
    0.350512172632,0.39739152907,0.428463518508,0.49999957488,
    0.602605754609,0.649485431486,0.730561491455,0.817109462174,1.),
  .UNSPECIFIED.);
#2312 = CARTESIAN_POINT('',(-0.122357823109,-13.28684210526));
#2313 = CARTESIAN_POINT('',(-1.252308401773,-13.28684210526));
#2314 = CARTESIAN_POINT('',(-2.382210154246,-13.18915872617));
#2315 = CARTESIAN_POINT('',(-3.502070472247,-12.99380707477));
#2316 = CARTESIAN_POINT('',(-4.601654884813,-12.70146179956));
#2317 = CARTESIAN_POINT('',(-5.670538330617,-12.31366348791));
#2318 = CARTESIAN_POINT('',(-6.698131787733,-11.83291576306));
#2319 = CARTESIAN_POINT('',(-8.135457913205,-10.99324820503));
#2320 = CARTESIAN_POINT('',(-8.58548519123,-10.70357364172));
#2321 = CARTESIAN_POINT('',(-9.022697038213,-10.39435483431));
#2322 = CARTESIAN_POINT('',(-9.44593480007,-10.06607797542));
#2323 = CARTESIAN_POINT('',(-9.854040244655,-9.719310340565));
#2324 = CARTESIAN_POINT('',(-10.24586413482,-9.354710809927));
#2325 = CARTESIAN_POINT('',(-10.97101372019,-8.615500708876));
#2326 = CARTESIAN_POINT('',(-11.30647661622,-8.242975902108));
#2327 = CARTESIAN_POINT('',(-11.62572632441,-7.856098451812));
#2328 = CARTESIAN_POINT('',(-11.92785200442,-7.455574052425));
#2329 = CARTESIAN_POINT('',(-12.21197501424,-7.042185992109));
#2330 = CARTESIAN_POINT('',(-12.47725935297,-6.616802767174));
#2331 = CARTESIAN_POINT('',(-12.8649760597,-5.928046379786));
#2332 = CARTESIAN_POINT('',(-13.00046772212,-5.672014156959));
#2333 = CARTESIAN_POINT('',(-13.12925140732,-5.412478194509));
#2334 = CARTESIAN_POINT('',(-13.251184502,-5.149632627263));
#2335 = CARTESIAN_POINT('',(-13.36613278926,-4.883680123344));
#2336 = CARTESIAN_POINT('',(-13.47397120525,-4.614832216115));
#2337 = CARTESIAN_POINT('',(-13.64127190661,-4.163342431407));
#2338 = CARTESIAN_POINT('',(-13.70478534759,-3.982199856662));
#2339 = CARTESIAN_POINT('',(-13.76509134326,-3.799946035504));
#2340 = CARTESIAN_POINT('',(-13.82215853319,-3.61664643943));
#2341 = CARTESIAN_POINT('',(-13.8759577721,-3.432367887823));
#2342 = CARTESIAN_POINT('',(-13.92646212981,-3.247178547954));
#2343 = CARTESIAN_POINT('',(-14.08227887193,-2.632855551448));
#2344 = CARTESIAN_POINT('',(-14.17331771408,-2.200095084741));
#2345 = CARTESIAN_POINT('',(-14.24645997679,-1.763727188217));
#2346 = CARTESIAN_POINT('',(-14.30147423123,-1.324629842799));
#2347 = CARTESIAN_POINT('',(-14.33820360883,-0.883698317171));
#2348 = CARTESIAN_POINT('',(-14.35656834942,-0.441845127973));
#2349 = CARTESIAN_POINT('',(-14.35656834942,0.633750907049));
#2350 = CARTESIAN_POINT('',(-14.31878722515,1.267547631199));
#2351 = CARTESIAN_POINT('',(-14.24321569093,1.898603480472));
#2352 = CARTESIAN_POINT('',(-14.13020743397,2.524238978626));
#2353 = CARTESIAN_POINT('',(-13.98042082802,3.141873727688));
#2354 = CARTESIAN_POINT('',(-13.79479847804,3.749024510908));
#2355 = CARTESIAN_POINT('',(-13.47397120525,4.614832216111));
#2356 = CARTESIAN_POINT('',(-13.36613278926,4.88368012334));
#2357 = CARTESIAN_POINT('',(-13.251184502,5.14963262726));
#2358 = CARTESIAN_POINT('',(-13.12925140733,5.412478194506));
#2359 = CARTESIAN_POINT('',(-13.00046772212,5.672014156956));
#2360 = CARTESIAN_POINT('',(-12.8649760597,5.928046379783));
#2361 = CARTESIAN_POINT('',(-12.47725935297,6.616802767172));
#2362 = CARTESIAN_POINT('',(-12.21197501425,7.042185992105));
#2363 = CARTESIAN_POINT('',(-11.92785200443,7.455574052423));
#2364 = CARTESIAN_POINT('',(-11.62572632441,7.85609845181));
#2365 = CARTESIAN_POINT('',(-11.30647661622,8.242975902104));
#2366 = CARTESIAN_POINT('',(-10.97101372019,8.615500708873));
#2367 = CARTESIAN_POINT('',(-10.24586413482,9.354710809924));
#2368 = CARTESIAN_POINT('',(-9.854040244657,9.719310340562));
#2369 = CARTESIAN_POINT('',(-9.445934800072,10.066077975418));
#2370 = CARTESIAN_POINT('',(-9.022697038216,10.394354834317));
#2371 = CARTESIAN_POINT('',(-8.585485191233,10.703573641721));
#2372 = CARTESIAN_POINT('',(-8.135457913208,10.993248205028));
#2373 = CARTESIAN_POINT('',(-6.698131787736,11.832915763063));
#2374 = CARTESIAN_POINT('',(-5.670538330621,12.313663487912));
#2375 = CARTESIAN_POINT('',(-4.601654884807,12.701461799566));
#2376 = CARTESIAN_POINT('',(-3.502070472259,12.993807074779));
#2377 = CARTESIAN_POINT('',(-2.38221015424,13.189158726172));
#2378 = CARTESIAN_POINT('',(-1.252308401775,13.286842105263));
#2379 = CARTESIAN_POINT('',(-0.122357823109,13.286842105263));
#2380 = ( GEOMETRIC_REPRESENTATION_CONTEXT(2) 
PARAMETRIC_REPRESENTATION_CONTEXT() REPRESENTATION_CONTEXT('2D SPACE',''
  ) );
#2381 = PCURVE('',#2382,#2390);
#2382 = SURFACE_OF_LINEAR_EXTRUSION('',#2383,#2388);
#2383 = ELLIPSE('',#2384,14.234210526316,13.286842105263);
#2384 = AXIS2_PLACEMENT_3D('',#2385,#2386,#2387);
#2385 = CARTESIAN_POINT('',(-28.5,0.,26.));
#2386 = DIRECTION('',(1.,0.,-0.));
#2387 = DIRECTION('',(0.,1.110223024625E-16,1.));
#2388 = VECTOR('',#2389,1.);
#2389 = DIRECTION('',(-1.,-0.,-0.));
#2390 = DEFINITIONAL_REPRESENTATION('',(#2391),#2460);
#2391 = B_SPLINE_CURVE_WITH_KNOTS('',7,(#2392,#2393,#2394,#2395,#2396,
    #2397,#2398,#2399,#2400,#2401,#2402,#2403,#2404,#2405,#2406,#2407,
    #2408,#2409,#2410,#2411,#2412,#2413,#2414,#2415,#2416,#2417,#2418,
    #2419,#2420,#2421,#2422,#2423,#2424,#2425,#2426,#2427,#2428,#2429,
    #2430,#2431,#2432,#2433,#2434,#2435,#2436,#2437,#2438,#2439,#2440,
    #2441,#2442,#2443,#2444,#2445,#2446,#2447,#2448,#2449,#2450,#2451,
    #2452,#2453,#2454,#2455,#2456,#2457,#2458,#2459),.UNSPECIFIED.,.F.,
  .F.,(8,6,6,6,6,6,6,6,6,6,6,8),(0.,0.182889287709,0.269436666844,
    0.350512172632,0.39739152907,0.428463518508,0.49999957488,
    0.602605754609,0.649485431486,0.730561491455,0.817109462174,1.),
  .UNSPECIFIED.);
#2392 = CARTESIAN_POINT('',(4.712388980385,-1.));
#2393 = CARTESIAN_POINT('',(4.633006244224,-1.));
#2394 = CARTESIAN_POINT('',(4.553626923821,-1.));
#2395 = CARTESIAN_POINT('',(4.474136081522,-1.));
#2396 = CARTESIAN_POINT('',(4.394435586813,-1.));
#2397 = CARTESIAN_POINT('',(4.314433895972,-1.));
#2398 = CARTESIAN_POINT('',(4.234043419491,-1.));
#2399 = CARTESIAN_POINT('',(4.11492167207,-1.));
#2400 = CARTESIAN_POINT('',(4.076555552814,-1.));
#2401 = CARTESIAN_POINT('',(4.038080833054,-1.));
#2402 = CARTESIAN_POINT('',(3.999492110931,-1.));
#2403 = CARTESIAN_POINT('',(3.960785221743,-1.));
#2404 = CARTESIAN_POINT('',(3.921957579726,-1.));
#2405 = CARTESIAN_POINT('',(3.846521976143,-1.));
#2406 = CARTESIAN_POINT('',(3.809928415642,-1.));
#2407 = CARTESIAN_POINT('',(3.773228061009,-1.));
#2408 = CARTESIAN_POINT('',(3.736421892034,-1.));
#2409 = CARTESIAN_POINT('',(3.699511932398,-1.));
#2410 = CARTESIAN_POINT('',(3.662501857343,-1.));
#2411 = CARTESIAN_POINT('',(3.603943740959,-1.));
#2412 = CARTESIAN_POINT('',(3.582458031383,-1.));
#2413 = CARTESIAN_POINT('',(3.560941965723,-1.));
#2414 = CARTESIAN_POINT('',(3.539396792129,-1.));
#2415 = CARTESIAN_POINT('',(3.517823893285,-1.));
#2416 = CARTESIAN_POINT('',(3.496224845012,-1.));
#2417 = CARTESIAN_POINT('',(3.460269342783,-1.));
#2418 = CARTESIAN_POINT('',(3.445926501517,-1.));
#2419 = CARTESIAN_POINT('',(3.431573464026,-1.));
#2420 = CARTESIAN_POINT('',(3.417210768949,-1.));
#2421 = CARTESIAN_POINT('',(3.402838980617,-1.));
#2422 = CARTESIAN_POINT('',(3.38845868905,-1.));
#2423 = CARTESIAN_POINT('',(3.340945061297,-1.));
#2424 = CARTESIAN_POINT('',(3.307777130378,-1.));
#2425 = CARTESIAN_POINT('',(3.274575311045,-1.));
#2426 = CARTESIAN_POINT('',(3.241347581553,-1.));
#2427 = CARTESIAN_POINT('',(3.208101931842,-1.));
#2428 = CARTESIAN_POINT('',(3.174846990811,-1.));
#2429 = CARTESIAN_POINT('',(3.093895021449,-1.));
#2430 = CARTESIAN_POINT('',(3.046193957689,-1.));
#2431 = CARTESIAN_POINT('',(2.99852186112,-1.));
#2432 = CARTESIAN_POINT('',(2.950903263985,-1.));
#2433 = CARTESIAN_POINT('',(2.903359249421,-1.));
#2434 = CARTESIAN_POINT('',(2.855911193566,-1.));
#2435 = CARTESIAN_POINT('',(2.786960462168,-1.));
#2436 = CARTESIAN_POINT('',(2.765361413895,-1.));
#2437 = CARTESIAN_POINT('',(2.743788515051,-1.));
#2438 = CARTESIAN_POINT('',(2.722243341456,-1.));
#2439 = CARTESIAN_POINT('',(2.700727275797,-1.));
#2440 = CARTESIAN_POINT('',(2.679241566221,-1.));
#2441 = CARTESIAN_POINT('',(2.620683449837,-1.));
#2442 = CARTESIAN_POINT('',(2.583673374782,-1.));
#2443 = CARTESIAN_POINT('',(2.546763415146,-1.));
#2444 = CARTESIAN_POINT('',(2.509957246171,-1.));
#2445 = CARTESIAN_POINT('',(2.473256891538,-1.));
#2446 = CARTESIAN_POINT('',(2.436663331037,-1.));
#2447 = CARTESIAN_POINT('',(2.361227727454,-1.));
#2448 = CARTESIAN_POINT('',(2.322400085436,-1.));
#2449 = CARTESIAN_POINT('',(2.283693196249,-1.));
#2450 = CARTESIAN_POINT('',(2.245104474126,-1.));
#2451 = CARTESIAN_POINT('',(2.206629754366,-1.));
#2452 = CARTESIAN_POINT('',(2.16826363511,-1.));
#2453 = CARTESIAN_POINT('',(2.049141887688,-1.));
#2454 = CARTESIAN_POINT('',(1.968751411208,-1.));
#2455 = CARTESIAN_POINT('',(1.888749720364,-1.));
#2456 = CARTESIAN_POINT('',(1.80904922566,-1.));
#2457 = CARTESIAN_POINT('',(1.729558383357,-1.));
#2458 = CARTESIAN_POINT('',(1.650179062956,-1.));
#2459 = CARTESIAN_POINT('',(1.570796326795,-1.));
#2460 = ( GEOMETRIC_REPRESENTATION_CONTEXT(2) 
PARAMETRIC_REPRESENTATION_CONTEXT() REPRESENTATION_CONTEXT('2D SPACE',''
  ) );
#2461 = ORIENTED_EDGE('',*,*,#2462,.F.);
#2462 = EDGE_CURVE('',#2463,#2237,#2465,.T.);
#2463 = VERTEX_POINT('',#2464);
#2464 = CARTESIAN_POINT('',(-27.5,-38.5,26.));
#2465 = SURFACE_CURVE('',#2466,(#2470,#2477),.PCURVE_S1.);
#2466 = LINE('',#2467,#2468);
#2467 = CARTESIAN_POINT('',(-27.5,-38.5,26.));
#2468 = VECTOR('',#2469,1.);
#2469 = DIRECTION('',(0.,1.,0.));
#2470 = PCURVE('',#571,#2471);
#2471 = DEFINITIONAL_REPRESENTATION('',(#2472),#2476);
#2472 = LINE('',#2473,#2474);
#2473 = CARTESIAN_POINT('',(-0.122357823109,38.5));
#2474 = VECTOR('',#2475,1.);
#2475 = DIRECTION('',(0.,-1.));
#2476 = ( GEOMETRIC_REPRESENTATION_CONTEXT(2) 
PARAMETRIC_REPRESENTATION_CONTEXT() REPRESENTATION_CONTEXT('2D SPACE',''
  ) );
#2477 = PCURVE('',#2478,#2483);
#2478 = PLANE('',#2479);
#2479 = AXIS2_PLACEMENT_3D('',#2480,#2481,#2482);
#2480 = CARTESIAN_POINT('',(-50.,-50.,26.));
#2481 = DIRECTION('',(0.,0.,1.));
#2482 = DIRECTION('',(1.,0.,0.));
#2483 = DEFINITIONAL_REPRESENTATION('',(#2484),#2488);
#2484 = LINE('',#2485,#2486);
#2485 = CARTESIAN_POINT('',(22.5,11.5));
#2486 = VECTOR('',#2487,1.);
#2487 = DIRECTION('',(0.,1.));
#2488 = ( GEOMETRIC_REPRESENTATION_CONTEXT(2) 
PARAMETRIC_REPRESENTATION_CONTEXT() REPRESENTATION_CONTEXT('2D SPACE',''
  ) );
#2489 = ORIENTED_EDGE('',*,*,#2490,.F.);
#2490 = EDGE_CURVE('',#2491,#2463,#2493,.T.);
#2491 = VERTEX_POINT('',#2492);
#2492 = CARTESIAN_POINT('',(-27.5,-38.5,16.));
#2493 = SURFACE_CURVE('',#2494,(#2498,#2505),.PCURVE_S1.);
#2494 = LINE('',#2495,#2496);
#2495 = CARTESIAN_POINT('',(-27.5,-38.5,16.));
#2496 = VECTOR('',#2497,1.);
#2497 = DIRECTION('',(0.,0.,1.));
#2498 = PCURVE('',#571,#2499);
#2499 = DEFINITIONAL_REPRESENTATION('',(#2500),#2504);
#2500 = LINE('',#2501,#2502);
#2501 = CARTESIAN_POINT('',(-10.1223578231,38.5));
#2502 = VECTOR('',#2503,1.);
#2503 = DIRECTION('',(1.,0.));
#2504 = ( GEOMETRIC_REPRESENTATION_CONTEXT(2) 
PARAMETRIC_REPRESENTATION_CONTEXT() REPRESENTATION_CONTEXT('2D SPACE',''
  ) );
#2505 = PCURVE('',#2113,#2506);
#2506 = DEFINITIONAL_REPRESENTATION('',(#2507),#2511);
#2507 = LINE('',#2508,#2509);
#2508 = CARTESIAN_POINT('',(0.,0.));
#2509 = VECTOR('',#2510,1.);
#2510 = DIRECTION('',(1.,0.));
#2511 = ( GEOMETRIC_REPRESENTATION_CONTEXT(2) 
PARAMETRIC_REPRESENTATION_CONTEXT() REPRESENTATION_CONTEXT('2D SPACE',''
  ) );
#2512 = ORIENTED_EDGE('',*,*,#2513,.T.);
#2513 = EDGE_CURVE('',#2491,#2514,#2516,.T.);
#2514 = VERTEX_POINT('',#2515);
#2515 = CARTESIAN_POINT('',(-27.5,-17.28684210526,16.));
#2516 = SURFACE_CURVE('',#2517,(#2521,#2528),.PCURVE_S1.);
#2517 = LINE('',#2518,#2519);
#2518 = CARTESIAN_POINT('',(-27.5,-38.5,16.));
#2519 = VECTOR('',#2520,1.);
#2520 = DIRECTION('',(0.,1.,0.));
#2521 = PCURVE('',#571,#2522);
#2522 = DEFINITIONAL_REPRESENTATION('',(#2523),#2527);
#2523 = LINE('',#2524,#2525);
#2524 = CARTESIAN_POINT('',(-10.1223578231,38.5));
#2525 = VECTOR('',#2526,1.);
#2526 = DIRECTION('',(0.,-1.));
#2527 = ( GEOMETRIC_REPRESENTATION_CONTEXT(2) 
PARAMETRIC_REPRESENTATION_CONTEXT() REPRESENTATION_CONTEXT('2D SPACE',''
  ) );
#2528 = PCURVE('',#1961,#2529);
#2529 = DEFINITIONAL_REPRESENTATION('',(#2530),#2534);
#2530 = LINE('',#2531,#2532);
#2531 = CARTESIAN_POINT('',(0.,0.));
#2532 = VECTOR('',#2533,1.);
#2533 = DIRECTION('',(0.,1.));
#2534 = ( GEOMETRIC_REPRESENTATION_CONTEXT(2) 
PARAMETRIC_REPRESENTATION_CONTEXT() REPRESENTATION_CONTEXT('2D SPACE',''
  ) );
#2535 = ORIENTED_EDGE('',*,*,#2536,.F.);
#2536 = EDGE_CURVE('',#556,#2514,#2537,.T.);
#2537 = SURFACE_CURVE('',#2538,(#2542,#2549),.PCURVE_S1.);
#2538 = LINE('',#2539,#2540);
#2539 = CARTESIAN_POINT('',(-27.5,-17.28684210526,8.));
#2540 = VECTOR('',#2541,1.);
#2541 = DIRECTION('',(0.,0.,1.));
#2542 = PCURVE('',#571,#2543);
#2543 = DEFINITIONAL_REPRESENTATION('',(#2544),#2548);
#2544 = LINE('',#2545,#2546);
#2545 = CARTESIAN_POINT('',(-18.1223578231,17.286842105263));
#2546 = VECTOR('',#2547,1.);
#2547 = DIRECTION('',(1.,0.));
#2548 = ( GEOMETRIC_REPRESENTATION_CONTEXT(2) 
PARAMETRIC_REPRESENTATION_CONTEXT() REPRESENTATION_CONTEXT('2D SPACE',''
  ) );
#2549 = PCURVE('',#653,#2550);
#2550 = DEFINITIONAL_REPRESENTATION('',(#2551),#2555);
#2551 = LINE('',#2552,#2553);
#2552 = CARTESIAN_POINT('',(0.,0.));
#2553 = VECTOR('',#2554,1.);
#2554 = DIRECTION('',(1.,0.));
#2555 = ( GEOMETRIC_REPRESENTATION_CONTEXT(2) 
PARAMETRIC_REPRESENTATION_CONTEXT() REPRESENTATION_CONTEXT('2D SPACE',''
  ) );
#2556 = ADVANCED_FACE('',(#2557),#599,.T.);
#2557 = FACE_BOUND('',#2558,.T.);
#2558 = EDGE_LOOP('',(#2559,#2582,#2583,#2584));
#2559 = ORIENTED_EDGE('',*,*,#2560,.F.);
#2560 = EDGE_CURVE('',#584,#2561,#2563,.T.);
#2561 = VERTEX_POINT('',#2562);
#2562 = CARTESIAN_POINT('',(-18.5,17.286842105263,16.));
#2563 = SURFACE_CURVE('',#2564,(#2568,#2575),.PCURVE_S1.);
#2564 = LINE('',#2565,#2566);
#2565 = CARTESIAN_POINT('',(-18.5,17.286842105263,8.));
#2566 = VECTOR('',#2567,1.);
#2567 = DIRECTION('',(0.,0.,1.));
#2568 = PCURVE('',#599,#2569);
#2569 = DEFINITIONAL_REPRESENTATION('',(#2570),#2574);
#2570 = LINE('',#2571,#2572);
#2571 = CARTESIAN_POINT('',(0.,9.));
#2572 = VECTOR('',#2573,1.);
#2573 = DIRECTION('',(1.,0.));
#2574 = ( GEOMETRIC_REPRESENTATION_CONTEXT(2) 
PARAMETRIC_REPRESENTATION_CONTEXT() REPRESENTATION_CONTEXT('2D SPACE',''
  ) );
#2575 = PCURVE('',#627,#2576);
#2576 = DEFINITIONAL_REPRESENTATION('',(#2577),#2581);
#2577 = LINE('',#2578,#2579);
#2578 = CARTESIAN_POINT('',(-18.1223578231,-17.28684210526));
#2579 = VECTOR('',#2580,1.);
#2580 = DIRECTION('',(1.,0.));
#2581 = ( GEOMETRIC_REPRESENTATION_CONTEXT(2) 
PARAMETRIC_REPRESENTATION_CONTEXT() REPRESENTATION_CONTEXT('2D SPACE',''
  ) );
#2582 = ORIENTED_EDGE('',*,*,#583,.F.);
#2583 = ORIENTED_EDGE('',*,*,#2129,.T.);
#2584 = ORIENTED_EDGE('',*,*,#2585,.T.);
#2585 = EDGE_CURVE('',#2130,#2561,#2586,.T.);
#2586 = SURFACE_CURVE('',#2587,(#2591,#2597),.PCURVE_S1.);
#2587 = LINE('',#2588,#2589);
#2588 = CARTESIAN_POINT('',(-27.5,17.286842105263,16.));
#2589 = VECTOR('',#2590,1.);
#2590 = DIRECTION('',(1.,0.,0.));
#2591 = PCURVE('',#599,#2592);
#2592 = DEFINITIONAL_REPRESENTATION('',(#2593),#2596);
#2593 = B_SPLINE_CURVE_WITH_KNOTS('',1,(#2594,#2595),.UNSPECIFIED.,.F.,
  .F.,(2,2),(0.,9.),.PIECEWISE_BEZIER_KNOTS.);
#2594 = CARTESIAN_POINT('',(8.,0.));
#2595 = CARTESIAN_POINT('',(8.,9.));
#2596 = ( GEOMETRIC_REPRESENTATION_CONTEXT(2) 
PARAMETRIC_REPRESENTATION_CONTEXT() REPRESENTATION_CONTEXT('2D SPACE',''
  ) );
#2597 = PCURVE('',#2168,#2598);
#2598 = DEFINITIONAL_REPRESENTATION('',(#2599),#2602);
#2599 = B_SPLINE_CURVE_WITH_KNOTS('',1,(#2600,#2601),.UNSPECIFIED.,.F.,
  .F.,(2,2),(0.,9.),.PIECEWISE_BEZIER_KNOTS.);
#2600 = CARTESIAN_POINT('',(0.,2.286842105263));
#2601 = CARTESIAN_POINT('',(9.,2.286842105263));
#2602 = ( GEOMETRIC_REPRESENTATION_CONTEXT(2) 
PARAMETRIC_REPRESENTATION_CONTEXT() REPRESENTATION_CONTEXT('2D SPACE',''
  ) );
#2603 = ADVANCED_FACE('',(#2604),#653,.F.);
#2604 = FACE_BOUND('',#2605,.F.);
#2605 = EDGE_LOOP('',(#2606,#2629,#2630,#2631));
#2606 = ORIENTED_EDGE('',*,*,#2607,.F.);
#2607 = EDGE_CURVE('',#612,#2608,#2610,.T.);
#2608 = VERTEX_POINT('',#2609);
#2609 = CARTESIAN_POINT('',(-18.5,-17.28684210526,16.));
#2610 = SURFACE_CURVE('',#2611,(#2615,#2622),.PCURVE_S1.);
#2611 = LINE('',#2612,#2613);
#2612 = CARTESIAN_POINT('',(-18.5,-17.28684210526,8.));
#2613 = VECTOR('',#2614,1.);
#2614 = DIRECTION('',(0.,0.,1.));
#2615 = PCURVE('',#653,#2616);
#2616 = DEFINITIONAL_REPRESENTATION('',(#2617),#2621);
#2617 = LINE('',#2618,#2619);
#2618 = CARTESIAN_POINT('',(0.,9.));
#2619 = VECTOR('',#2620,1.);
#2620 = DIRECTION('',(1.,0.));
#2621 = ( GEOMETRIC_REPRESENTATION_CONTEXT(2) 
PARAMETRIC_REPRESENTATION_CONTEXT() REPRESENTATION_CONTEXT('2D SPACE',''
  ) );
#2622 = PCURVE('',#627,#2623);
#2623 = DEFINITIONAL_REPRESENTATION('',(#2624),#2628);
#2624 = LINE('',#2625,#2626);
#2625 = CARTESIAN_POINT('',(-18.1223578231,17.286842105263));
#2626 = VECTOR('',#2627,1.);
#2627 = DIRECTION('',(1.,0.));
#2628 = ( GEOMETRIC_REPRESENTATION_CONTEXT(2) 
PARAMETRIC_REPRESENTATION_CONTEXT() REPRESENTATION_CONTEXT('2D SPACE',''
  ) );
#2629 = ORIENTED_EDGE('',*,*,#639,.F.);
#2630 = ORIENTED_EDGE('',*,*,#2536,.T.);
#2631 = ORIENTED_EDGE('',*,*,#2632,.T.);
#2632 = EDGE_CURVE('',#2514,#2608,#2633,.T.);
#2633 = SURFACE_CURVE('',#2634,(#2638,#2644),.PCURVE_S1.);
#2634 = LINE('',#2635,#2636);
#2635 = CARTESIAN_POINT('',(-27.5,-17.28684210526,16.));
#2636 = VECTOR('',#2637,1.);
#2637 = DIRECTION('',(1.,0.,0.));
#2638 = PCURVE('',#653,#2639);
#2639 = DEFINITIONAL_REPRESENTATION('',(#2640),#2643);
#2640 = B_SPLINE_CURVE_WITH_KNOTS('',1,(#2641,#2642),.UNSPECIFIED.,.F.,
  .F.,(2,2),(0.,9.),.PIECEWISE_BEZIER_KNOTS.);
#2641 = CARTESIAN_POINT('',(8.,0.));
#2642 = CARTESIAN_POINT('',(8.,9.));
#2643 = ( GEOMETRIC_REPRESENTATION_CONTEXT(2) 
PARAMETRIC_REPRESENTATION_CONTEXT() REPRESENTATION_CONTEXT('2D SPACE',''
  ) );
#2644 = PCURVE('',#1961,#2645);
#2645 = DEFINITIONAL_REPRESENTATION('',(#2646),#2649);
#2646 = B_SPLINE_CURVE_WITH_KNOTS('',1,(#2647,#2648),.UNSPECIFIED.,.F.,
  .F.,(2,2),(0.,9.),.PIECEWISE_BEZIER_KNOTS.);
#2647 = CARTESIAN_POINT('',(0.,21.213157894737));
#2648 = CARTESIAN_POINT('',(9.,21.213157894737));
#2649 = ( GEOMETRIC_REPRESENTATION_CONTEXT(2) 
PARAMETRIC_REPRESENTATION_CONTEXT() REPRESENTATION_CONTEXT('2D SPACE',''
  ) );
#2650 = ADVANCED_FACE('',(#2651),#627,.T.);
#2651 = FACE_BOUND('',#2652,.T.);
#2652 = EDGE_LOOP('',(#2653,#2654,#2655,#2678,#2701,#2724,#2942,#2965,
    #2988,#3009));
#2653 = ORIENTED_EDGE('',*,*,#611,.F.);
#2654 = ORIENTED_EDGE('',*,*,#2560,.T.);
#2655 = ORIENTED_EDGE('',*,*,#2656,.T.);
#2656 = EDGE_CURVE('',#2561,#2657,#2659,.T.);
#2657 = VERTEX_POINT('',#2658);
#2658 = CARTESIAN_POINT('',(-18.5,38.5,16.));
#2659 = SURFACE_CURVE('',#2660,(#2664,#2671),.PCURVE_S1.);
#2660 = LINE('',#2661,#2662);
#2661 = CARTESIAN_POINT('',(-18.5,15.,16.));
#2662 = VECTOR('',#2663,1.);
#2663 = DIRECTION('',(0.,1.,0.));
#2664 = PCURVE('',#627,#2665);
#2665 = DEFINITIONAL_REPRESENTATION('',(#2666),#2670);
#2666 = LINE('',#2667,#2668);
#2667 = CARTESIAN_POINT('',(-10.1223578231,-15.));
#2668 = VECTOR('',#2669,1.);
#2669 = DIRECTION('',(0.,-1.));
#2670 = ( GEOMETRIC_REPRESENTATION_CONTEXT(2) 
PARAMETRIC_REPRESENTATION_CONTEXT() REPRESENTATION_CONTEXT('2D SPACE',''
  ) );
#2671 = PCURVE('',#2168,#2672);
#2672 = DEFINITIONAL_REPRESENTATION('',(#2673),#2677);
#2673 = LINE('',#2674,#2675);
#2674 = CARTESIAN_POINT('',(9.,0.));
#2675 = VECTOR('',#2676,1.);
#2676 = DIRECTION('',(0.,1.));
#2677 = ( GEOMETRIC_REPRESENTATION_CONTEXT(2) 
PARAMETRIC_REPRESENTATION_CONTEXT() REPRESENTATION_CONTEXT('2D SPACE',''
  ) );
#2678 = ORIENTED_EDGE('',*,*,#2679,.T.);
#2679 = EDGE_CURVE('',#2657,#2680,#2682,.T.);
#2680 = VERTEX_POINT('',#2681);
#2681 = CARTESIAN_POINT('',(-18.5,38.5,26.));
#2682 = SURFACE_CURVE('',#2683,(#2687,#2694),.PCURVE_S1.);
#2683 = LINE('',#2684,#2685);
#2684 = CARTESIAN_POINT('',(-18.5,38.5,16.));
#2685 = VECTOR('',#2686,1.);
#2686 = DIRECTION('',(0.,0.,1.));
#2687 = PCURVE('',#627,#2688);
#2688 = DEFINITIONAL_REPRESENTATION('',(#2689),#2693);
#2689 = LINE('',#2690,#2691);
#2690 = CARTESIAN_POINT('',(-10.1223578231,-38.5));
#2691 = VECTOR('',#2692,1.);
#2692 = DIRECTION('',(1.,0.));
#2693 = ( GEOMETRIC_REPRESENTATION_CONTEXT(2) 
PARAMETRIC_REPRESENTATION_CONTEXT() REPRESENTATION_CONTEXT('2D SPACE',''
  ) );
#2694 = PCURVE('',#2196,#2695);
#2695 = DEFINITIONAL_REPRESENTATION('',(#2696),#2700);
#2696 = LINE('',#2697,#2698);
#2697 = CARTESIAN_POINT('',(0.,9.));
#2698 = VECTOR('',#2699,1.);
#2699 = DIRECTION('',(1.,0.));
#2700 = ( GEOMETRIC_REPRESENTATION_CONTEXT(2) 
PARAMETRIC_REPRESENTATION_CONTEXT() REPRESENTATION_CONTEXT('2D SPACE',''
  ) );
#2701 = ORIENTED_EDGE('',*,*,#2702,.F.);
#2702 = EDGE_CURVE('',#2703,#2680,#2705,.T.);
#2703 = VERTEX_POINT('',#2704);
#2704 = CARTESIAN_POINT('',(-18.5,13.286842105263,26.));
#2705 = SURFACE_CURVE('',#2706,(#2710,#2717),.PCURVE_S1.);
#2706 = LINE('',#2707,#2708);
#2707 = CARTESIAN_POINT('',(-18.5,-38.5,26.));
#2708 = VECTOR('',#2709,1.);
#2709 = DIRECTION('',(0.,1.,0.));
#2710 = PCURVE('',#627,#2711);
#2711 = DEFINITIONAL_REPRESENTATION('',(#2712),#2716);
#2712 = LINE('',#2713,#2714);
#2713 = CARTESIAN_POINT('',(-0.122357823109,38.5));
#2714 = VECTOR('',#2715,1.);
#2715 = DIRECTION('',(0.,-1.));
#2716 = ( GEOMETRIC_REPRESENTATION_CONTEXT(2) 
PARAMETRIC_REPRESENTATION_CONTEXT() REPRESENTATION_CONTEXT('2D SPACE',''
  ) );
#2717 = PCURVE('',#2224,#2718);
#2718 = DEFINITIONAL_REPRESENTATION('',(#2719),#2723);
#2719 = LINE('',#2720,#2721);
#2720 = CARTESIAN_POINT('',(31.5,11.5));
#2721 = VECTOR('',#2722,1.);
#2722 = DIRECTION('',(0.,1.));
#2723 = ( GEOMETRIC_REPRESENTATION_CONTEXT(2) 
PARAMETRIC_REPRESENTATION_CONTEXT() REPRESENTATION_CONTEXT('2D SPACE',''
  ) );
#2724 = ORIENTED_EDGE('',*,*,#2725,.T.);
#2725 = EDGE_CURVE('',#2703,#2726,#2728,.T.);
#2726 = VERTEX_POINT('',#2727);
#2727 = CARTESIAN_POINT('',(-18.5,-13.28684210526,26.));
#2728 = SURFACE_CURVE('',#2729,(#2798,#2870),.PCURVE_S1.);
#2729 = B_SPLINE_CURVE_WITH_KNOTS('',7,(#2730,#2731,#2732,#2733,#2734,
    #2735,#2736,#2737,#2738,#2739,#2740,#2741,#2742,#2743,#2744,#2745,
    #2746,#2747,#2748,#2749,#2750,#2751,#2752,#2753,#2754,#2755,#2756,
    #2757,#2758,#2759,#2760,#2761,#2762,#2763,#2764,#2765,#2766,#2767,
    #2768,#2769,#2770,#2771,#2772,#2773,#2774,#2775,#2776,#2777,#2778,
    #2779,#2780,#2781,#2782,#2783,#2784,#2785,#2786,#2787,#2788,#2789,
    #2790,#2791,#2792,#2793,#2794,#2795,#2796,#2797),.UNSPECIFIED.,.F.,
  .F.,(8,6,6,6,6,6,6,6,6,6,6,8),(0.,0.182889287709,0.269436666844,
    0.350512172632,0.39739152907,0.428463518508,0.49999957488,
    0.602605754609,0.649485431486,0.730561491455,0.817109462174,1.),
  .UNSPECIFIED.);
#2730 = CARTESIAN_POINT('',(-18.5,13.286842105263,26.));
#2731 = CARTESIAN_POINT('',(-18.5,13.286842105263,24.870049421336));
#2732 = CARTESIAN_POINT('',(-18.5,13.189158726173,23.740147668863));
#2733 = CARTESIAN_POINT('',(-18.5,12.993807074777,22.620287350862));
#2734 = CARTESIAN_POINT('',(-18.5,12.701461799569,21.520702938296));
#2735 = CARTESIAN_POINT('',(-18.5,12.313663487912,20.451819492492));
#2736 = CARTESIAN_POINT('',(-18.5,11.832915763065,19.424226035376));
#2737 = CARTESIAN_POINT('',(-18.5,10.99324820503,17.986899909904));
#2738 = CARTESIAN_POINT('',(-18.5,10.703573641723,17.536872631879));
#2739 = CARTESIAN_POINT('',(-18.5,10.394354834319,17.099660784896));
#2740 = CARTESIAN_POINT('',(-18.5,10.06607797542,16.676423023039));
#2741 = CARTESIAN_POINT('',(-18.5,9.719310340565,16.268317578454));
#2742 = CARTESIAN_POINT('',(-18.5,9.354710809927,15.876493688284));
#2743 = CARTESIAN_POINT('',(-18.5,8.615500708876,15.151344102917));
#2744 = CARTESIAN_POINT('',(-18.5,8.242975902108,14.815881206886));
#2745 = CARTESIAN_POINT('',(-18.5,7.856098451812,14.496631498699));
#2746 = CARTESIAN_POINT('',(-18.5,7.455574052425,14.19450581868));
#2747 = CARTESIAN_POINT('',(-18.5,7.042185992109,13.91038280886));
#2748 = CARTESIAN_POINT('',(-18.5,6.616802767174,13.645098470133));
#2749 = CARTESIAN_POINT('',(-18.5,5.928046379786,13.257381763408));
#2750 = CARTESIAN_POINT('',(-18.5,5.672014156959,13.121890100983));
#2751 = CARTESIAN_POINT('',(-18.5,5.412478194509,12.99310641578));
#2752 = CARTESIAN_POINT('',(-18.5,5.149632627263,12.871173321102));
#2753 = CARTESIAN_POINT('',(-18.5,4.883680123344,12.756225033847));
#2754 = CARTESIAN_POINT('',(-18.5,4.614832216115,12.648386617856));
#2755 = CARTESIAN_POINT('',(-18.5,4.163342431407,12.481085916499));
#2756 = CARTESIAN_POINT('',(-18.5,3.982199856662,12.417572475518));
#2757 = CARTESIAN_POINT('',(-18.5,3.799946035504,12.357266479848));
#2758 = CARTESIAN_POINT('',(-18.5,3.61664643943,12.300199289911));
#2759 = CARTESIAN_POINT('',(-18.5,3.432367887823,12.246400051004));
#2760 = CARTESIAN_POINT('',(-18.5,3.247178547954,12.195895693297));
#2761 = CARTESIAN_POINT('',(-18.5,2.632855551448,12.040078951172));
#2762 = CARTESIAN_POINT('',(-18.5,2.200095084741,11.949040109025));
#2763 = CARTESIAN_POINT('',(-18.5,1.763727188217,11.875897846315));
#2764 = CARTESIAN_POINT('',(-18.5,1.324629842799,11.820883591873));
#2765 = CARTESIAN_POINT('',(-18.5,0.883698317171,11.784154214275));
#2766 = CARTESIAN_POINT('',(-18.5,0.441845127973,11.765789473684));
#2767 = CARTESIAN_POINT('',(-18.5,-0.633750907049,11.765789473684));
#2768 = CARTESIAN_POINT('',(-18.5,-1.267547631199,11.803570597957));
#2769 = CARTESIAN_POINT('',(-18.5,-1.898603480472,11.879142132171));
#2770 = CARTESIAN_POINT('',(-18.5,-2.524238978626,11.992150389131));
#2771 = CARTESIAN_POINT('',(-18.5,-3.141873727688,12.141936995085));
#2772 = CARTESIAN_POINT('',(-18.5,-3.749024510908,12.327559345064));
#2773 = CARTESIAN_POINT('',(-18.5,-4.614832216111,12.648386617855));
#2774 = CARTESIAN_POINT('',(-18.5,-4.88368012334,12.756225033846));
#2775 = CARTESIAN_POINT('',(-18.5,-5.14963262726,12.8711733211));
#2776 = CARTESIAN_POINT('',(-18.5,-5.412478194506,12.993106415778));
#2777 = CARTESIAN_POINT('',(-18.5,-5.672014156956,13.121890100981));
#2778 = CARTESIAN_POINT('',(-18.5,-5.928046379783,13.257381763406));
#2779 = CARTESIAN_POINT('',(-18.5,-6.616802767172,13.645098470132));
#2780 = CARTESIAN_POINT('',(-18.5,-7.042185992105,13.910382808857));
#2781 = CARTESIAN_POINT('',(-18.5,-7.455574052423,14.194505818678));
#2782 = CARTESIAN_POINT('',(-18.5,-7.85609845181,14.496631498697));
#2783 = CARTESIAN_POINT('',(-18.5,-8.242975902104,14.815881206883));
#2784 = CARTESIAN_POINT('',(-18.5,-8.615500708873,15.151344102915));
#2785 = CARTESIAN_POINT('',(-18.5,-9.354710809924,15.876493688281));
#2786 = CARTESIAN_POINT('',(-18.5,-9.719310340562,16.268317578452));
#2787 = CARTESIAN_POINT('',(-18.5,-10.06607797541,16.676423023037));
#2788 = CARTESIAN_POINT('',(-18.5,-10.39435483431,17.099660784893));
#2789 = CARTESIAN_POINT('',(-18.5,-10.70357364172,17.536872631876));
#2790 = CARTESIAN_POINT('',(-18.5,-10.99324820502,17.986899909901));
#2791 = CARTESIAN_POINT('',(-18.5,-11.83291576306,19.424226035373));
#2792 = CARTESIAN_POINT('',(-18.5,-12.31366348791,20.451819492488));
#2793 = CARTESIAN_POINT('',(-18.5,-12.70146179956,21.520702938302));
#2794 = CARTESIAN_POINT('',(-18.5,-12.99380707477,22.62028735085));
#2795 = CARTESIAN_POINT('',(-18.5,-13.18915872617,23.740147668869));
#2796 = CARTESIAN_POINT('',(-18.5,-13.28684210526,24.870049421334));
#2797 = CARTESIAN_POINT('',(-18.5,-13.28684210526,26.));
#2798 = PCURVE('',#627,#2799);
#2799 = DEFINITIONAL_REPRESENTATION('',(#2800),#2869);
#2800 = B_SPLINE_CURVE_WITH_KNOTS('',7,(#2801,#2802,#2803,#2804,#2805,
    #2806,#2807,#2808,#2809,#2810,#2811,#2812,#2813,#2814,#2815,#2816,
    #2817,#2818,#2819,#2820,#2821,#2822,#2823,#2824,#2825,#2826,#2827,
    #2828,#2829,#2830,#2831,#2832,#2833,#2834,#2835,#2836,#2837,#2838,
    #2839,#2840,#2841,#2842,#2843,#2844,#2845,#2846,#2847,#2848,#2849,
    #2850,#2851,#2852,#2853,#2854,#2855,#2856,#2857,#2858,#2859,#2860,
    #2861,#2862,#2863,#2864,#2865,#2866,#2867,#2868),.UNSPECIFIED.,.F.,
  .F.,(8,6,6,6,6,6,6,6,6,6,6,8),(0.,0.182889287709,0.269436666844,
    0.350512172632,0.39739152907,0.428463518508,0.49999957488,
    0.602605754609,0.649485431486,0.730561491455,0.817109462174,1.),
  .UNSPECIFIED.);
#2801 = CARTESIAN_POINT('',(-0.122357823109,-13.28684210526));
#2802 = CARTESIAN_POINT('',(-1.252308401773,-13.28684210526));
#2803 = CARTESIAN_POINT('',(-2.382210154246,-13.18915872617));
#2804 = CARTESIAN_POINT('',(-3.502070472247,-12.99380707477));
#2805 = CARTESIAN_POINT('',(-4.601654884813,-12.70146179956));
#2806 = CARTESIAN_POINT('',(-5.670538330617,-12.31366348791));
#2807 = CARTESIAN_POINT('',(-6.698131787733,-11.83291576306));
#2808 = CARTESIAN_POINT('',(-8.135457913205,-10.99324820503));
#2809 = CARTESIAN_POINT('',(-8.58548519123,-10.70357364172));
#2810 = CARTESIAN_POINT('',(-9.022697038213,-10.39435483431));
#2811 = CARTESIAN_POINT('',(-9.44593480007,-10.06607797542));
#2812 = CARTESIAN_POINT('',(-9.854040244655,-9.719310340565));
#2813 = CARTESIAN_POINT('',(-10.24586413482,-9.354710809927));
#2814 = CARTESIAN_POINT('',(-10.97101372019,-8.615500708876));
#2815 = CARTESIAN_POINT('',(-11.30647661622,-8.242975902108));
#2816 = CARTESIAN_POINT('',(-11.62572632441,-7.856098451812));
#2817 = CARTESIAN_POINT('',(-11.92785200442,-7.455574052425));
#2818 = CARTESIAN_POINT('',(-12.21197501424,-7.042185992109));
#2819 = CARTESIAN_POINT('',(-12.47725935297,-6.616802767174));
#2820 = CARTESIAN_POINT('',(-12.8649760597,-5.928046379786));
#2821 = CARTESIAN_POINT('',(-13.00046772212,-5.672014156959));
#2822 = CARTESIAN_POINT('',(-13.12925140732,-5.412478194509));
#2823 = CARTESIAN_POINT('',(-13.251184502,-5.149632627263));
#2824 = CARTESIAN_POINT('',(-13.36613278926,-4.883680123344));
#2825 = CARTESIAN_POINT('',(-13.47397120525,-4.614832216115));
#2826 = CARTESIAN_POINT('',(-13.64127190661,-4.163342431407));
#2827 = CARTESIAN_POINT('',(-13.70478534759,-3.982199856662));
#2828 = CARTESIAN_POINT('',(-13.76509134326,-3.799946035504));
#2829 = CARTESIAN_POINT('',(-13.82215853319,-3.61664643943));
#2830 = CARTESIAN_POINT('',(-13.8759577721,-3.432367887823));
#2831 = CARTESIAN_POINT('',(-13.92646212981,-3.247178547954));
#2832 = CARTESIAN_POINT('',(-14.08227887193,-2.632855551448));
#2833 = CARTESIAN_POINT('',(-14.17331771408,-2.200095084741));
#2834 = CARTESIAN_POINT('',(-14.24645997679,-1.763727188217));
#2835 = CARTESIAN_POINT('',(-14.30147423123,-1.324629842799));
#2836 = CARTESIAN_POINT('',(-14.33820360883,-0.883698317171));
#2837 = CARTESIAN_POINT('',(-14.35656834942,-0.441845127973));
#2838 = CARTESIAN_POINT('',(-14.35656834942,0.633750907049));
#2839 = CARTESIAN_POINT('',(-14.31878722515,1.267547631199));
#2840 = CARTESIAN_POINT('',(-14.24321569093,1.898603480472));
#2841 = CARTESIAN_POINT('',(-14.13020743397,2.524238978626));
#2842 = CARTESIAN_POINT('',(-13.98042082802,3.141873727688));
#2843 = CARTESIAN_POINT('',(-13.79479847804,3.749024510908));
#2844 = CARTESIAN_POINT('',(-13.47397120525,4.614832216111));
#2845 = CARTESIAN_POINT('',(-13.36613278926,4.88368012334));
#2846 = CARTESIAN_POINT('',(-13.251184502,5.14963262726));
#2847 = CARTESIAN_POINT('',(-13.12925140733,5.412478194506));
#2848 = CARTESIAN_POINT('',(-13.00046772212,5.672014156956));
#2849 = CARTESIAN_POINT('',(-12.8649760597,5.928046379783));
#2850 = CARTESIAN_POINT('',(-12.47725935297,6.616802767172));
#2851 = CARTESIAN_POINT('',(-12.21197501425,7.042185992105));
#2852 = CARTESIAN_POINT('',(-11.92785200443,7.455574052423));
#2853 = CARTESIAN_POINT('',(-11.62572632441,7.85609845181));
#2854 = CARTESIAN_POINT('',(-11.30647661622,8.242975902104));
#2855 = CARTESIAN_POINT('',(-10.97101372019,8.615500708873));
#2856 = CARTESIAN_POINT('',(-10.24586413482,9.354710809924));
#2857 = CARTESIAN_POINT('',(-9.854040244657,9.719310340562));
#2858 = CARTESIAN_POINT('',(-9.445934800072,10.066077975418));
#2859 = CARTESIAN_POINT('',(-9.022697038216,10.394354834317));
#2860 = CARTESIAN_POINT('',(-8.585485191233,10.703573641721));
#2861 = CARTESIAN_POINT('',(-8.135457913208,10.993248205028));
#2862 = CARTESIAN_POINT('',(-6.698131787736,11.832915763063));
#2863 = CARTESIAN_POINT('',(-5.670538330621,12.313663487912));
#2864 = CARTESIAN_POINT('',(-4.601654884807,12.701461799566));
#2865 = CARTESIAN_POINT('',(-3.502070472259,12.993807074779));
#2866 = CARTESIAN_POINT('',(-2.38221015424,13.189158726172));
#2867 = CARTESIAN_POINT('',(-1.252308401775,13.286842105263));
#2868 = CARTESIAN_POINT('',(-0.122357823109,13.286842105263));
#2869 = ( GEOMETRIC_REPRESENTATION_CONTEXT(2) 
PARAMETRIC_REPRESENTATION_CONTEXT() REPRESENTATION_CONTEXT('2D SPACE',''
  ) );
#2870 = PCURVE('',#2382,#2871);
#2871 = DEFINITIONAL_REPRESENTATION('',(#2872),#2941);
#2872 = B_SPLINE_CURVE_WITH_KNOTS('',7,(#2873,#2874,#2875,#2876,#2877,
    #2878,#2879,#2880,#2881,#2882,#2883,#2884,#2885,#2886,#2887,#2888,
    #2889,#2890,#2891,#2892,#2893,#2894,#2895,#2896,#2897,#2898,#2899,
    #2900,#2901,#2902,#2903,#2904,#2905,#2906,#2907,#2908,#2909,#2910,
    #2911,#2912,#2913,#2914,#2915,#2916,#2917,#2918,#2919,#2920,#2921,
    #2922,#2923,#2924,#2925,#2926,#2927,#2928,#2929,#2930,#2931,#2932,
    #2933,#2934,#2935,#2936,#2937,#2938,#2939,#2940),.UNSPECIFIED.,.F.,
  .F.,(8,6,6,6,6,6,6,6,6,6,6,8),(0.,0.182889287709,0.269436666844,
    0.350512172632,0.39739152907,0.428463518508,0.49999957488,
    0.602605754609,0.649485431486,0.730561491455,0.817109462174,1.),
  .UNSPECIFIED.);
#2873 = CARTESIAN_POINT('',(4.712388980385,-10.));
#2874 = CARTESIAN_POINT('',(4.633006244224,-10.));
#2875 = CARTESIAN_POINT('',(4.553626923821,-10.));
#2876 = CARTESIAN_POINT('',(4.474136081522,-10.));
#2877 = CARTESIAN_POINT('',(4.394435586813,-10.));
#2878 = CARTESIAN_POINT('',(4.314433895972,-10.));
#2879 = CARTESIAN_POINT('',(4.234043419491,-10.));
#2880 = CARTESIAN_POINT('',(4.11492167207,-10.));
#2881 = CARTESIAN_POINT('',(4.076555552814,-10.));
#2882 = CARTESIAN_POINT('',(4.038080833054,-10.));
#2883 = CARTESIAN_POINT('',(3.999492110931,-10.));
#2884 = CARTESIAN_POINT('',(3.960785221743,-10.));
#2885 = CARTESIAN_POINT('',(3.921957579726,-10.));
#2886 = CARTESIAN_POINT('',(3.846521976143,-10.));
#2887 = CARTESIAN_POINT('',(3.809928415642,-10.));
#2888 = CARTESIAN_POINT('',(3.773228061009,-10.));
#2889 = CARTESIAN_POINT('',(3.736421892034,-10.));
#2890 = CARTESIAN_POINT('',(3.699511932398,-10.));
#2891 = CARTESIAN_POINT('',(3.662501857343,-10.));
#2892 = CARTESIAN_POINT('',(3.603943740959,-10.));
#2893 = CARTESIAN_POINT('',(3.582458031383,-10.));
#2894 = CARTESIAN_POINT('',(3.560941965723,-10.));
#2895 = CARTESIAN_POINT('',(3.539396792129,-10.));
#2896 = CARTESIAN_POINT('',(3.517823893285,-10.));
#2897 = CARTESIAN_POINT('',(3.496224845012,-10.));
#2898 = CARTESIAN_POINT('',(3.460269342783,-10.));
#2899 = CARTESIAN_POINT('',(3.445926501517,-10.));
#2900 = CARTESIAN_POINT('',(3.431573464026,-10.));
#2901 = CARTESIAN_POINT('',(3.417210768949,-10.));
#2902 = CARTESIAN_POINT('',(3.402838980617,-10.));
#2903 = CARTESIAN_POINT('',(3.38845868905,-10.));
#2904 = CARTESIAN_POINT('',(3.340945061297,-10.));
#2905 = CARTESIAN_POINT('',(3.307777130378,-10.));
#2906 = CARTESIAN_POINT('',(3.274575311045,-10.));
#2907 = CARTESIAN_POINT('',(3.241347581553,-10.));
#2908 = CARTESIAN_POINT('',(3.208101931842,-10.));
#2909 = CARTESIAN_POINT('',(3.174846990811,-10.));
#2910 = CARTESIAN_POINT('',(3.093895021449,-10.));
#2911 = CARTESIAN_POINT('',(3.046193957689,-10.));
#2912 = CARTESIAN_POINT('',(2.99852186112,-10.));
#2913 = CARTESIAN_POINT('',(2.950903263985,-10.));
#2914 = CARTESIAN_POINT('',(2.903359249421,-10.));
#2915 = CARTESIAN_POINT('',(2.855911193566,-10.));
#2916 = CARTESIAN_POINT('',(2.786960462168,-10.));
#2917 = CARTESIAN_POINT('',(2.765361413895,-10.));
#2918 = CARTESIAN_POINT('',(2.743788515051,-10.));
#2919 = CARTESIAN_POINT('',(2.722243341456,-10.));
#2920 = CARTESIAN_POINT('',(2.700727275797,-10.));
#2921 = CARTESIAN_POINT('',(2.679241566221,-10.));
#2922 = CARTESIAN_POINT('',(2.620683449837,-10.));
#2923 = CARTESIAN_POINT('',(2.583673374782,-10.));
#2924 = CARTESIAN_POINT('',(2.546763415146,-10.));
#2925 = CARTESIAN_POINT('',(2.509957246171,-10.));
#2926 = CARTESIAN_POINT('',(2.473256891538,-10.));
#2927 = CARTESIAN_POINT('',(2.436663331037,-10.));
#2928 = CARTESIAN_POINT('',(2.361227727454,-10.));
#2929 = CARTESIAN_POINT('',(2.322400085436,-10.));
#2930 = CARTESIAN_POINT('',(2.283693196249,-10.));
#2931 = CARTESIAN_POINT('',(2.245104474126,-10.));
#2932 = CARTESIAN_POINT('',(2.206629754366,-10.));
#2933 = CARTESIAN_POINT('',(2.16826363511,-10.));
#2934 = CARTESIAN_POINT('',(2.049141887688,-10.));
#2935 = CARTESIAN_POINT('',(1.968751411208,-10.));
#2936 = CARTESIAN_POINT('',(1.888749720364,-10.));
#2937 = CARTESIAN_POINT('',(1.80904922566,-10.));
#2938 = CARTESIAN_POINT('',(1.729558383357,-10.));
#2939 = CARTESIAN_POINT('',(1.650179062956,-10.));
#2940 = CARTESIAN_POINT('',(1.570796326795,-10.));
#2941 = ( GEOMETRIC_REPRESENTATION_CONTEXT(2) 
PARAMETRIC_REPRESENTATION_CONTEXT() REPRESENTATION_CONTEXT('2D SPACE',''
  ) );
#2942 = ORIENTED_EDGE('',*,*,#2943,.F.);
#2943 = EDGE_CURVE('',#2944,#2726,#2946,.T.);
#2944 = VERTEX_POINT('',#2945);
#2945 = CARTESIAN_POINT('',(-18.5,-38.5,26.));
#2946 = SURFACE_CURVE('',#2947,(#2951,#2958),.PCURVE_S1.);
#2947 = LINE('',#2948,#2949);
#2948 = CARTESIAN_POINT('',(-18.5,-38.5,26.));
#2949 = VECTOR('',#2950,1.);
#2950 = DIRECTION('',(0.,1.,0.));
#2951 = PCURVE('',#627,#2952);
#2952 = DEFINITIONAL_REPRESENTATION('',(#2953),#2957);
#2953 = LINE('',#2954,#2955);
#2954 = CARTESIAN_POINT('',(-0.122357823109,38.5));
#2955 = VECTOR('',#2956,1.);
#2956 = DIRECTION('',(0.,-1.));
#2957 = ( GEOMETRIC_REPRESENTATION_CONTEXT(2) 
PARAMETRIC_REPRESENTATION_CONTEXT() REPRESENTATION_CONTEXT('2D SPACE',''
  ) );
#2958 = PCURVE('',#2478,#2959);
#2959 = DEFINITIONAL_REPRESENTATION('',(#2960),#2964);
#2960 = LINE('',#2961,#2962);
#2961 = CARTESIAN_POINT('',(31.5,11.5));
#2962 = VECTOR('',#2963,1.);
#2963 = DIRECTION('',(0.,1.));
#2964 = ( GEOMETRIC_REPRESENTATION_CONTEXT(2) 
PARAMETRIC_REPRESENTATION_CONTEXT() REPRESENTATION_CONTEXT('2D SPACE',''
  ) );
#2965 = ORIENTED_EDGE('',*,*,#2966,.F.);
#2966 = EDGE_CURVE('',#2967,#2944,#2969,.T.);
#2967 = VERTEX_POINT('',#2968);
#2968 = CARTESIAN_POINT('',(-18.5,-38.5,16.));
#2969 = SURFACE_CURVE('',#2970,(#2974,#2981),.PCURVE_S1.);
#2970 = LINE('',#2971,#2972);
#2971 = CARTESIAN_POINT('',(-18.5,-38.5,16.));
#2972 = VECTOR('',#2973,1.);
#2973 = DIRECTION('',(0.,0.,1.));
#2974 = PCURVE('',#627,#2975);
#2975 = DEFINITIONAL_REPRESENTATION('',(#2976),#2980);
#2976 = LINE('',#2977,#2978);
#2977 = CARTESIAN_POINT('',(-10.1223578231,38.5));
#2978 = VECTOR('',#2979,1.);
#2979 = DIRECTION('',(1.,0.));
#2980 = ( GEOMETRIC_REPRESENTATION_CONTEXT(2) 
PARAMETRIC_REPRESENTATION_CONTEXT() REPRESENTATION_CONTEXT('2D SPACE',''
  ) );
#2981 = PCURVE('',#2113,#2982);
#2982 = DEFINITIONAL_REPRESENTATION('',(#2983),#2987);
#2983 = LINE('',#2984,#2985);
#2984 = CARTESIAN_POINT('',(0.,9.));
#2985 = VECTOR('',#2986,1.);
#2986 = DIRECTION('',(1.,0.));
#2987 = ( GEOMETRIC_REPRESENTATION_CONTEXT(2) 
PARAMETRIC_REPRESENTATION_CONTEXT() REPRESENTATION_CONTEXT('2D SPACE',''
  ) );
#2988 = ORIENTED_EDGE('',*,*,#2989,.T.);
#2989 = EDGE_CURVE('',#2967,#2608,#2990,.T.);
#2990 = SURFACE_CURVE('',#2991,(#2995,#3002),.PCURVE_S1.);
#2991 = LINE('',#2992,#2993);
#2992 = CARTESIAN_POINT('',(-18.5,-38.5,16.));
#2993 = VECTOR('',#2994,1.);
#2994 = DIRECTION('',(0.,1.,0.));
#2995 = PCURVE('',#627,#2996);
#2996 = DEFINITIONAL_REPRESENTATION('',(#2997),#3001);
#2997 = LINE('',#2998,#2999);
#2998 = CARTESIAN_POINT('',(-10.1223578231,38.5));
#2999 = VECTOR('',#3000,1.);
#3000 = DIRECTION('',(0.,-1.));
#3001 = ( GEOMETRIC_REPRESENTATION_CONTEXT(2) 
PARAMETRIC_REPRESENTATION_CONTEXT() REPRESENTATION_CONTEXT('2D SPACE',''
  ) );
#3002 = PCURVE('',#1961,#3003);
#3003 = DEFINITIONAL_REPRESENTATION('',(#3004),#3008);
#3004 = LINE('',#3005,#3006);
#3005 = CARTESIAN_POINT('',(9.,0.));
#3006 = VECTOR('',#3007,1.);
#3007 = DIRECTION('',(0.,1.));
#3008 = ( GEOMETRIC_REPRESENTATION_CONTEXT(2) 
PARAMETRIC_REPRESENTATION_CONTEXT() REPRESENTATION_CONTEXT('2D SPACE',''
  ) );
#3009 = ORIENTED_EDGE('',*,*,#2607,.F.);
#3010 = ADVANCED_FACE('',(#3011),#684,.T.);
#3011 = FACE_BOUND('',#3012,.T.);
#3012 = EDGE_LOOP('',(#3013,#3036,#3064,#3085));
#3013 = ORIENTED_EDGE('',*,*,#3014,.F.);
#3014 = EDGE_CURVE('',#3015,#670,#3017,.T.);
#3015 = VERTEX_POINT('',#3016);
#3016 = CARTESIAN_POINT('',(20.,-18.,16.));
#3017 = SURFACE_CURVE('',#3018,(#3022,#3029),.PCURVE_S1.);
#3018 = LINE('',#3019,#3020);
#3019 = CARTESIAN_POINT('',(20.,-18.,16.));
#3020 = VECTOR('',#3021,1.);
#3021 = DIRECTION('',(0.,0.,-1.));
#3022 = PCURVE('',#684,#3023);
#3023 = DEFINITIONAL_REPRESENTATION('',(#3024),#3028);
#3024 = LINE('',#3025,#3026);
#3025 = CARTESIAN_POINT('',(0.,0.));
#3026 = VECTOR('',#3027,1.);
#3027 = DIRECTION('',(1.,0.));
#3028 = ( GEOMETRIC_REPRESENTATION_CONTEXT(2) 
PARAMETRIC_REPRESENTATION_CONTEXT() REPRESENTATION_CONTEXT('2D SPACE',''
  ) );
#3029 = PCURVE('',#760,#3030);
#3030 = DEFINITIONAL_REPRESENTATION('',(#3031),#3035);
#3031 = LINE('',#3032,#3033);
#3032 = CARTESIAN_POINT('',(-2.72215329431,-8.47215329431));
#3033 = VECTOR('',#3034,1.);
#3034 = DIRECTION('',(1.,0.));
#3035 = ( GEOMETRIC_REPRESENTATION_CONTEXT(2) 
PARAMETRIC_REPRESENTATION_CONTEXT() REPRESENTATION_CONTEXT('2D SPACE',''
  ) );
#3036 = ORIENTED_EDGE('',*,*,#3037,.T.);
#3037 = EDGE_CURVE('',#3015,#3038,#3040,.T.);
#3038 = VERTEX_POINT('',#3039);
#3039 = CARTESIAN_POINT('',(26.,-18.,16.));
#3040 = SURFACE_CURVE('',#3041,(#3045,#3052),.PCURVE_S1.);
#3041 = LINE('',#3042,#3043);
#3042 = CARTESIAN_POINT('',(20.,-18.,16.));
#3043 = VECTOR('',#3044,1.);
#3044 = DIRECTION('',(1.,0.,0.));
#3045 = PCURVE('',#684,#3046);
#3046 = DEFINITIONAL_REPRESENTATION('',(#3047),#3051);
#3047 = LINE('',#3048,#3049);
#3048 = CARTESIAN_POINT('',(0.,0.));
#3049 = VECTOR('',#3050,1.);
#3050 = DIRECTION('',(0.,-1.));
#3051 = ( GEOMETRIC_REPRESENTATION_CONTEXT(2) 
PARAMETRIC_REPRESENTATION_CONTEXT() REPRESENTATION_CONTEXT('2D SPACE',''
  ) );
#3052 = PCURVE('',#3053,#3058);
#3053 = PLANE('',#3054);
#3054 = AXIS2_PLACEMENT_3D('',#3055,#3056,#3057);
#3055 = CARTESIAN_POINT('',(18.5,-38.5,16.));
#3056 = DIRECTION('',(0.,0.,1.));
#3057 = DIRECTION('',(1.,0.,0.));
#3058 = DEFINITIONAL_REPRESENTATION('',(#3059),#3063);
#3059 = LINE('',#3060,#3061);
#3060 = CARTESIAN_POINT('',(1.5,20.5));
#3061 = VECTOR('',#3062,1.);
#3062 = DIRECTION('',(1.,0.));
#3063 = ( GEOMETRIC_REPRESENTATION_CONTEXT(2) 
PARAMETRIC_REPRESENTATION_CONTEXT() REPRESENTATION_CONTEXT('2D SPACE',''
  ) );
#3064 = ORIENTED_EDGE('',*,*,#3065,.T.);
#3065 = EDGE_CURVE('',#3038,#668,#3066,.T.);
#3066 = SURFACE_CURVE('',#3067,(#3071,#3078),.PCURVE_S1.);
#3067 = LINE('',#3068,#3069);
#3068 = CARTESIAN_POINT('',(26.,-18.,16.));
#3069 = VECTOR('',#3070,1.);
#3070 = DIRECTION('',(0.,0.,-1.));
#3071 = PCURVE('',#684,#3072);
#3072 = DEFINITIONAL_REPRESENTATION('',(#3073),#3077);
#3073 = LINE('',#3074,#3075);
#3074 = CARTESIAN_POINT('',(0.,-6.));
#3075 = VECTOR('',#3076,1.);
#3076 = DIRECTION('',(1.,0.));
#3077 = ( GEOMETRIC_REPRESENTATION_CONTEXT(2) 
PARAMETRIC_REPRESENTATION_CONTEXT() REPRESENTATION_CONTEXT('2D SPACE',''
  ) );
#3078 = PCURVE('',#710,#3079);
#3079 = DEFINITIONAL_REPRESENTATION('',(#3080),#3084);
#3080 = LINE('',#3081,#3082);
#3081 = CARTESIAN_POINT('',(-2.72215329431,-8.47215329431));
#3082 = VECTOR('',#3083,1.);
#3083 = DIRECTION('',(1.,0.));
#3084 = ( GEOMETRIC_REPRESENTATION_CONTEXT(2) 
PARAMETRIC_REPRESENTATION_CONTEXT() REPRESENTATION_CONTEXT('2D SPACE',''
  ) );
#3085 = ORIENTED_EDGE('',*,*,#667,.T.);
#3086 = ADVANCED_FACE('',(#3087),#710,.F.);
#3087 = FACE_BOUND('',#3088,.F.);
#3088 = EDGE_LOOP('',(#3089,#3090,#3113,#3134));
#3089 = ORIENTED_EDGE('',*,*,#695,.T.);
#3090 = ORIENTED_EDGE('',*,*,#3091,.T.);
#3091 = EDGE_CURVE('',#696,#3092,#3094,.T.);
#3092 = VERTEX_POINT('',#3093);
#3093 = CARTESIAN_POINT('',(26.,-38.5,16.));
#3094 = SURFACE_CURVE('',#3095,(#3099,#3106),.PCURVE_S1.);
#3095 = LINE('',#3096,#3097);
#3096 = CARTESIAN_POINT('',(26.,-18.,7.));
#3097 = VECTOR('',#3098,1.);
#3098 = DIRECTION('',(0.,-0.915644030191,0.401990062035));
#3099 = PCURVE('',#710,#3100);
#3100 = DEFINITIONAL_REPRESENTATION('',(#3101),#3105);
#3101 = LINE('',#3102,#3103);
#3102 = CARTESIAN_POINT('',(6.27784670569,-8.47215329431));
#3103 = VECTOR('',#3104,1.);
#3104 = DIRECTION('',(-0.401990062035,0.915644030191));
#3105 = ( GEOMETRIC_REPRESENTATION_CONTEXT(2) 
PARAMETRIC_REPRESENTATION_CONTEXT() REPRESENTATION_CONTEXT('2D SPACE',''
  ) );
#3106 = PCURVE('',#736,#3107);
#3107 = DEFINITIONAL_REPRESENTATION('',(#3108),#3112);
#3108 = LINE('',#3109,#3110);
#3109 = CARTESIAN_POINT('',(0.,-6.));
#3110 = VECTOR('',#3111,1.);
#3111 = DIRECTION('',(1.,0.));
#3112 = ( GEOMETRIC_REPRESENTATION_CONTEXT(2) 
PARAMETRIC_REPRESENTATION_CONTEXT() REPRESENTATION_CONTEXT('2D SPACE',''
  ) );
#3113 = ORIENTED_EDGE('',*,*,#3114,.T.);
#3114 = EDGE_CURVE('',#3092,#3038,#3115,.T.);
#3115 = SURFACE_CURVE('',#3116,(#3120,#3127),.PCURVE_S1.);
#3116 = LINE('',#3117,#3118);
#3117 = CARTESIAN_POINT('',(26.,-38.5,16.));
#3118 = VECTOR('',#3119,1.);
#3119 = DIRECTION('',(0.,1.,0.));
#3120 = PCURVE('',#710,#3121);
#3121 = DEFINITIONAL_REPRESENTATION('',(#3122),#3126);
#3122 = LINE('',#3123,#3124);
#3123 = CARTESIAN_POINT('',(-2.72215329431,12.02784670569));
#3124 = VECTOR('',#3125,1.);
#3125 = DIRECTION('',(0.,-1.));
#3126 = ( GEOMETRIC_REPRESENTATION_CONTEXT(2) 
PARAMETRIC_REPRESENTATION_CONTEXT() REPRESENTATION_CONTEXT('2D SPACE',''
  ) );
#3127 = PCURVE('',#3053,#3128);
#3128 = DEFINITIONAL_REPRESENTATION('',(#3129),#3133);
#3129 = LINE('',#3130,#3131);
#3130 = CARTESIAN_POINT('',(7.5,0.));
#3131 = VECTOR('',#3132,1.);
#3132 = DIRECTION('',(0.,1.));
#3133 = ( GEOMETRIC_REPRESENTATION_CONTEXT(2) 
PARAMETRIC_REPRESENTATION_CONTEXT() REPRESENTATION_CONTEXT('2D SPACE',''
  ) );
#3134 = ORIENTED_EDGE('',*,*,#3065,.T.);
#3135 = ADVANCED_FACE('',(#3136),#760,.T.);
#3136 = FACE_BOUND('',#3137,.T.);
#3137 = EDGE_LOOP('',(#3138,#3139,#3162,#3183));
#3138 = ORIENTED_EDGE('',*,*,#747,.T.);
#3139 = ORIENTED_EDGE('',*,*,#3140,.T.);
#3140 = EDGE_CURVE('',#722,#3141,#3143,.T.);
#3141 = VERTEX_POINT('',#3142);
#3142 = CARTESIAN_POINT('',(20.,-38.5,16.));
#3143 = SURFACE_CURVE('',#3144,(#3148,#3155),.PCURVE_S1.);
#3144 = LINE('',#3145,#3146);
#3145 = CARTESIAN_POINT('',(20.,-18.,7.));
#3146 = VECTOR('',#3147,1.);
#3147 = DIRECTION('',(0.,-0.915644030191,0.401990062035));
#3148 = PCURVE('',#760,#3149);
#3149 = DEFINITIONAL_REPRESENTATION('',(#3150),#3154);
#3150 = LINE('',#3151,#3152);
#3151 = CARTESIAN_POINT('',(6.27784670569,-8.47215329431));
#3152 = VECTOR('',#3153,1.);
#3153 = DIRECTION('',(-0.401990062035,0.915644030191));
#3154 = ( GEOMETRIC_REPRESENTATION_CONTEXT(2) 
PARAMETRIC_REPRESENTATION_CONTEXT() REPRESENTATION_CONTEXT('2D SPACE',''
  ) );
#3155 = PCURVE('',#736,#3156);
#3156 = DEFINITIONAL_REPRESENTATION('',(#3157),#3161);
#3157 = LINE('',#3158,#3159);
#3158 = CARTESIAN_POINT('',(0.,0.));
#3159 = VECTOR('',#3160,1.);
#3160 = DIRECTION('',(1.,0.));
#3161 = ( GEOMETRIC_REPRESENTATION_CONTEXT(2) 
PARAMETRIC_REPRESENTATION_CONTEXT() REPRESENTATION_CONTEXT('2D SPACE',''
  ) );
#3162 = ORIENTED_EDGE('',*,*,#3163,.T.);
#3163 = EDGE_CURVE('',#3141,#3015,#3164,.T.);
#3164 = SURFACE_CURVE('',#3165,(#3169,#3176),.PCURVE_S1.);
#3165 = LINE('',#3166,#3167);
#3166 = CARTESIAN_POINT('',(20.,-38.5,16.));
#3167 = VECTOR('',#3168,1.);
#3168 = DIRECTION('',(0.,1.,0.));
#3169 = PCURVE('',#760,#3170);
#3170 = DEFINITIONAL_REPRESENTATION('',(#3171),#3175);
#3171 = LINE('',#3172,#3173);
#3172 = CARTESIAN_POINT('',(-2.72215329431,12.02784670569));
#3173 = VECTOR('',#3174,1.);
#3174 = DIRECTION('',(0.,-1.));
#3175 = ( GEOMETRIC_REPRESENTATION_CONTEXT(2) 
PARAMETRIC_REPRESENTATION_CONTEXT() REPRESENTATION_CONTEXT('2D SPACE',''
  ) );
#3176 = PCURVE('',#3053,#3177);
#3177 = DEFINITIONAL_REPRESENTATION('',(#3178),#3182);
#3178 = LINE('',#3179,#3180);
#3179 = CARTESIAN_POINT('',(1.5,0.));
#3180 = VECTOR('',#3181,1.);
#3181 = DIRECTION('',(0.,1.));
#3182 = ( GEOMETRIC_REPRESENTATION_CONTEXT(2) 
PARAMETRIC_REPRESENTATION_CONTEXT() REPRESENTATION_CONTEXT('2D SPACE',''
  ) );
#3183 = ORIENTED_EDGE('',*,*,#3014,.T.);
#3184 = ADVANCED_FACE('',(#3185),#736,.T.);
#3185 = FACE_BOUND('',#3186,.T.);
#3186 = EDGE_LOOP('',(#3187,#3188,#3189,#3190));
#3187 = ORIENTED_EDGE('',*,*,#3140,.F.);
#3188 = ORIENTED_EDGE('',*,*,#721,.T.);
#3189 = ORIENTED_EDGE('',*,*,#3091,.T.);
#3190 = ORIENTED_EDGE('',*,*,#3191,.F.);
#3191 = EDGE_CURVE('',#3141,#3092,#3192,.T.);
#3192 = SURFACE_CURVE('',#3193,(#3197,#3204),.PCURVE_S1.);
#3193 = LINE('',#3194,#3195);
#3194 = CARTESIAN_POINT('',(20.,-38.5,16.));
#3195 = VECTOR('',#3196,1.);
#3196 = DIRECTION('',(1.,0.,0.));
#3197 = PCURVE('',#736,#3198);
#3198 = DEFINITIONAL_REPRESENTATION('',(#3199),#3203);
#3199 = LINE('',#3200,#3201);
#3200 = CARTESIAN_POINT('',(22.388613177238,0.));
#3201 = VECTOR('',#3202,1.);
#3202 = DIRECTION('',(0.,-1.));
#3203 = ( GEOMETRIC_REPRESENTATION_CONTEXT(2) 
PARAMETRIC_REPRESENTATION_CONTEXT() REPRESENTATION_CONTEXT('2D SPACE',''
  ) );
#3204 = PCURVE('',#3205,#3210);
#3205 = PLANE('',#3206);
#3206 = AXIS2_PLACEMENT_3D('',#3207,#3208,#3209);
#3207 = CARTESIAN_POINT('',(18.5,-38.5,16.));
#3208 = DIRECTION('',(0.,1.,0.));
#3209 = DIRECTION('',(0.,0.,1.));
#3210 = DEFINITIONAL_REPRESENTATION('',(#3211),#3215);
#3211 = LINE('',#3212,#3213);
#3212 = CARTESIAN_POINT('',(0.,1.5));
#3213 = VECTOR('',#3214,1.);
#3214 = DIRECTION('',(0.,1.));
#3215 = ( GEOMETRIC_REPRESENTATION_CONTEXT(2) 
PARAMETRIC_REPRESENTATION_CONTEXT() REPRESENTATION_CONTEXT('2D SPACE',''
  ) );
#3216 = ADVANCED_FACE('',(#3217),#791,.F.);
#3217 = FACE_BOUND('',#3218,.F.);
#3218 = EDGE_LOOP('',(#3219,#3220,#3243,#3271,#3299,#3327,#3553,#3581,
    #3604,#3627));
#3219 = ORIENTED_EDGE('',*,*,#773,.T.);
#3220 = ORIENTED_EDGE('',*,*,#3221,.T.);
#3221 = EDGE_CURVE('',#776,#3222,#3224,.T.);
#3222 = VERTEX_POINT('',#3223);
#3223 = CARTESIAN_POINT('',(18.5,16.681578947368,16.));
#3224 = SURFACE_CURVE('',#3225,(#3229,#3236),.PCURVE_S1.);
#3225 = LINE('',#3226,#3227);
#3226 = CARTESIAN_POINT('',(18.5,16.681578947368,8.));
#3227 = VECTOR('',#3228,1.);
#3228 = DIRECTION('',(0.,0.,1.));
#3229 = PCURVE('',#791,#3230);
#3230 = DEFINITIONAL_REPRESENTATION('',(#3231),#3235);
#3231 = LINE('',#3232,#3233);
#3232 = CARTESIAN_POINT('',(-18.10640197485,-16.68157894736));
#3233 = VECTOR('',#3234,1.);
#3234 = DIRECTION('',(1.,0.));
#3235 = ( GEOMETRIC_REPRESENTATION_CONTEXT(2) 
PARAMETRIC_REPRESENTATION_CONTEXT() REPRESENTATION_CONTEXT('2D SPACE',''
  ) );
#3236 = PCURVE('',#819,#3237);
#3237 = DEFINITIONAL_REPRESENTATION('',(#3238),#3242);
#3238 = LINE('',#3239,#3240);
#3239 = CARTESIAN_POINT('',(0.,0.));
#3240 = VECTOR('',#3241,1.);
#3241 = DIRECTION('',(1.,0.));
#3242 = ( GEOMETRIC_REPRESENTATION_CONTEXT(2) 
PARAMETRIC_REPRESENTATION_CONTEXT() REPRESENTATION_CONTEXT('2D SPACE',''
  ) );
#3243 = ORIENTED_EDGE('',*,*,#3244,.T.);
#3244 = EDGE_CURVE('',#3222,#3245,#3247,.T.);
#3245 = VERTEX_POINT('',#3246);
#3246 = CARTESIAN_POINT('',(18.5,38.5,16.));
#3247 = SURFACE_CURVE('',#3248,(#3252,#3259),.PCURVE_S1.);
#3248 = LINE('',#3249,#3250);
#3249 = CARTESIAN_POINT('',(18.5,15.,16.));
#3250 = VECTOR('',#3251,1.);
#3251 = DIRECTION('',(0.,1.,0.));
#3252 = PCURVE('',#791,#3253);
#3253 = DEFINITIONAL_REPRESENTATION('',(#3254),#3258);
#3254 = LINE('',#3255,#3256);
#3255 = CARTESIAN_POINT('',(-10.10640197485,-15.));
#3256 = VECTOR('',#3257,1.);
#3257 = DIRECTION('',(0.,-1.));
#3258 = ( GEOMETRIC_REPRESENTATION_CONTEXT(2) 
PARAMETRIC_REPRESENTATION_CONTEXT() REPRESENTATION_CONTEXT('2D SPACE',''
  ) );
#3259 = PCURVE('',#3260,#3265);
#3260 = PLANE('',#3261);
#3261 = AXIS2_PLACEMENT_3D('',#3262,#3263,#3264);
#3262 = CARTESIAN_POINT('',(18.5,15.,16.));
#3263 = DIRECTION('',(0.,0.,1.));
#3264 = DIRECTION('',(1.,0.,0.));
#3265 = DEFINITIONAL_REPRESENTATION('',(#3266),#3270);
#3266 = LINE('',#3267,#3268);
#3267 = CARTESIAN_POINT('',(0.,0.));
#3268 = VECTOR('',#3269,1.);
#3269 = DIRECTION('',(0.,1.));
#3270 = ( GEOMETRIC_REPRESENTATION_CONTEXT(2) 
PARAMETRIC_REPRESENTATION_CONTEXT() REPRESENTATION_CONTEXT('2D SPACE',''
  ) );
#3271 = ORIENTED_EDGE('',*,*,#3272,.T.);
#3272 = EDGE_CURVE('',#3245,#3273,#3275,.T.);
#3273 = VERTEX_POINT('',#3274);
#3274 = CARTESIAN_POINT('',(18.5,38.5,26.));
#3275 = SURFACE_CURVE('',#3276,(#3280,#3287),.PCURVE_S1.);
#3276 = LINE('',#3277,#3278);
#3277 = CARTESIAN_POINT('',(18.5,38.5,16.));
#3278 = VECTOR('',#3279,1.);
#3279 = DIRECTION('',(0.,0.,1.));
#3280 = PCURVE('',#791,#3281);
#3281 = DEFINITIONAL_REPRESENTATION('',(#3282),#3286);
#3282 = LINE('',#3283,#3284);
#3283 = CARTESIAN_POINT('',(-10.10640197485,-38.5));
#3284 = VECTOR('',#3285,1.);
#3285 = DIRECTION('',(1.,0.));
#3286 = ( GEOMETRIC_REPRESENTATION_CONTEXT(2) 
PARAMETRIC_REPRESENTATION_CONTEXT() REPRESENTATION_CONTEXT('2D SPACE',''
  ) );
#3287 = PCURVE('',#3288,#3293);
#3288 = PLANE('',#3289);
#3289 = AXIS2_PLACEMENT_3D('',#3290,#3291,#3292);
#3290 = CARTESIAN_POINT('',(18.5,38.5,16.));
#3291 = DIRECTION('',(0.,1.,0.));
#3292 = DIRECTION('',(0.,0.,1.));
#3293 = DEFINITIONAL_REPRESENTATION('',(#3294),#3298);
#3294 = LINE('',#3295,#3296);
#3295 = CARTESIAN_POINT('',(0.,0.));
#3296 = VECTOR('',#3297,1.);
#3297 = DIRECTION('',(1.,0.));
#3298 = ( GEOMETRIC_REPRESENTATION_CONTEXT(2) 
PARAMETRIC_REPRESENTATION_CONTEXT() REPRESENTATION_CONTEXT('2D SPACE',''
  ) );
#3299 = ORIENTED_EDGE('',*,*,#3300,.F.);
#3300 = EDGE_CURVE('',#3301,#3273,#3303,.T.);
#3301 = VERTEX_POINT('',#3302);
#3302 = CARTESIAN_POINT('',(18.5,12.681578947368,26.));
#3303 = SURFACE_CURVE('',#3304,(#3308,#3315),.PCURVE_S1.);
#3304 = LINE('',#3305,#3306);
#3305 = CARTESIAN_POINT('',(18.5,-38.5,26.));
#3306 = VECTOR('',#3307,1.);
#3307 = DIRECTION('',(0.,1.,0.));
#3308 = PCURVE('',#791,#3309);
#3309 = DEFINITIONAL_REPRESENTATION('',(#3310),#3314);
#3310 = LINE('',#3311,#3312);
#3311 = CARTESIAN_POINT('',(-0.106401974852,38.5));
#3312 = VECTOR('',#3313,1.);
#3313 = DIRECTION('',(0.,-1.));
#3314 = ( GEOMETRIC_REPRESENTATION_CONTEXT(2) 
PARAMETRIC_REPRESENTATION_CONTEXT() REPRESENTATION_CONTEXT('2D SPACE',''
  ) );
#3315 = PCURVE('',#3316,#3321);
#3316 = PLANE('',#3317);
#3317 = AXIS2_PLACEMENT_3D('',#3318,#3319,#3320);
#3318 = CARTESIAN_POINT('',(-50.,-50.,26.));
#3319 = DIRECTION('',(0.,0.,1.));
#3320 = DIRECTION('',(1.,0.,0.));
#3321 = DEFINITIONAL_REPRESENTATION('',(#3322),#3326);
#3322 = LINE('',#3323,#3324);
#3323 = CARTESIAN_POINT('',(68.5,11.5));
#3324 = VECTOR('',#3325,1.);
#3325 = DIRECTION('',(0.,1.));
#3326 = ( GEOMETRIC_REPRESENTATION_CONTEXT(2) 
PARAMETRIC_REPRESENTATION_CONTEXT() REPRESENTATION_CONTEXT('2D SPACE',''
  ) );
#3327 = ORIENTED_EDGE('',*,*,#3328,.T.);
#3328 = EDGE_CURVE('',#3301,#3329,#3331,.T.);
#3329 = VERTEX_POINT('',#3330);
#3330 = CARTESIAN_POINT('',(18.5,-12.68157894736,26.));
#3331 = SURFACE_CURVE('',#3332,(#3401,#3473),.PCURVE_S1.);
#3332 = B_SPLINE_CURVE_WITH_KNOTS('',7,(#3333,#3334,#3335,#3336,#3337,
    #3338,#3339,#3340,#3341,#3342,#3343,#3344,#3345,#3346,#3347,#3348,
    #3349,#3350,#3351,#3352,#3353,#3354,#3355,#3356,#3357,#3358,#3359,
    #3360,#3361,#3362,#3363,#3364,#3365,#3366,#3367,#3368,#3369,#3370,
    #3371,#3372,#3373,#3374,#3375,#3376,#3377,#3378,#3379,#3380,#3381,
    #3382,#3383,#3384,#3385,#3386,#3387,#3388,#3389,#3390,#3391,#3392,
    #3393,#3394,#3395,#3396,#3397,#3398,#3399,#3400),.UNSPECIFIED.,.F.,
  .F.,(8,6,6,6,6,6,6,6,6,6,6,8),(0.,0.182480231288,0.266984792069,
    0.348166993804,0.397105211679,0.428255387757,0.499999684658,
    0.60289239009,0.651830903517,0.733013595534,0.817518666662,1.),
  .UNSPECIFIED.);
#3333 = CARTESIAN_POINT('',(18.5,12.681578947368,26.));
#3334 = CARTESIAN_POINT('',(18.5,12.681578947369,24.927173743392));
#3335 = CARTESIAN_POINT('',(18.5,12.588252712571,23.85437298234));
#3336 = CARTESIAN_POINT('',(18.5,12.401608447685,22.791245566126));
#3337 = CARTESIAN_POINT('',(18.5,12.122362470894,21.747620092718));
#3338 = CARTESIAN_POINT('',(18.5,11.752098352092,20.733463454473));
#3339 = CARTESIAN_POINT('',(18.5,11.293352628724,19.758857295692));
#3340 = CARTESIAN_POINT('',(18.5,10.498225345569,18.405578339118));
#3341 = CARTESIAN_POINT('',(18.5,10.22840169881,17.987916879683));
#3342 = CARTESIAN_POINT('',(18.5,9.940812048137,17.581944863139));
#3343 = CARTESIAN_POINT('',(18.5,9.635906137379,17.188683177263));
#3344 = CARTESIAN_POINT('',(18.5,9.314203363358,16.809148398334));
#3345 = CARTESIAN_POINT('',(18.5,8.976301005058,16.444346067644));
#3346 = CARTESIAN_POINT('',(18.5,8.283358811222,15.759906288209));
#3347 = CARTESIAN_POINT('',(18.5,7.929510320827,15.439052490583));
#3348 = CARTESIAN_POINT('',(18.5,7.561949392248,15.133583006112));
#3349 = CARTESIAN_POINT('',(18.5,7.181354275815,14.8443536439));
#3350 = CARTESIAN_POINT('',(18.5,6.78847549862,14.572186445097));
#3351 = CARTESIAN_POINT('',(18.5,6.384142301598,14.31786053682));
#3352 = CARTESIAN_POINT('',(18.5,5.719175388048,13.939983726715));
#3353 = CARTESIAN_POINT('',(18.5,5.465249791952,13.804610915571));
#3354 = CARTESIAN_POINT('',(18.5,5.207692297168,13.676143384694));
#3355 = CARTESIAN_POINT('',(18.5,4.94671164291,13.554731436209));
#3356 = CARTESIAN_POINT('',(18.5,4.682525645613,13.440516047234));
#3357 = CARTESIAN_POINT('',(18.5,4.415361545812,13.333628074804));
#3358 = CARTESIAN_POINT('',(18.5,3.973656183652,13.170891477203));
#3359 = CARTESIAN_POINT('',(18.5,3.800745090248,13.110612676863));
#3360 = CARTESIAN_POINT('',(18.5,3.626784038734,13.053382016138));
#3361 = CARTESIAN_POINT('',(18.5,3.451835197977,12.999228389919));
#3362 = CARTESIAN_POINT('',(18.5,3.275961941785,12.948178631619));
#3363 = CARTESIAN_POINT('',(18.5,3.099228848909,12.900257513183));
#3364 = CARTESIAN_POINT('',(18.5,2.512825675204,12.752375148628));
#3365 = CARTESIAN_POINT('',(18.5,2.099729525048,12.665977334885));
#3366 = CARTESIAN_POINT('',(18.5,1.683227918386,12.59657340259));
#3367 = CARTESIAN_POINT('',(18.5,1.264150978175,12.544375938158));
#3368 = CARTESIAN_POINT('',(18.5,0.84334422533,12.509528860053));
#3369 = CARTESIAN_POINT('',(18.5,0.421668519523,12.492105263158));
#3370 = CARTESIAN_POINT('',(18.5,-0.604739563191,12.492105263158));
#3371 = CARTESIAN_POINT('',(18.5,-1.209520171378,12.527941757774));
#3372 = CARTESIAN_POINT('',(18.5,-1.811718703369,12.599623032252));
#3373 = CARTESIAN_POINT('',(18.5,-2.408807369582,12.706825433019));
#3374 = CARTESIAN_POINT('',(18.5,-2.998346595107,12.848944965334));
#3375 = CARTESIAN_POINT('',(18.5,-3.577983554027,13.025114624521));
#3376 = CARTESIAN_POINT('',(18.5,-4.415361545809,13.333628074803));
#3377 = CARTESIAN_POINT('',(18.5,-4.682525645609,13.440516047233));
#3378 = CARTESIAN_POINT('',(18.5,-4.946711642907,13.554731436208));
#3379 = CARTESIAN_POINT('',(18.5,-5.207692297165,13.676143384693));
#3380 = CARTESIAN_POINT('',(18.5,-5.465249791948,13.804610915569));
#3381 = CARTESIAN_POINT('',(18.5,-5.719175388045,13.939983726714));
#3382 = CARTESIAN_POINT('',(18.5,-6.384142301595,14.317860536818));
#3383 = CARTESIAN_POINT('',(18.5,-6.788475498617,14.572186445095));
#3384 = CARTESIAN_POINT('',(18.5,-7.181354275812,14.844353643898));
#3385 = CARTESIAN_POINT('',(18.5,-7.561949392246,15.133583006109));
#3386 = CARTESIAN_POINT('',(18.5,-7.929510320824,15.439052490581));
#3387 = CARTESIAN_POINT('',(18.5,-8.283358811219,15.759906288206));
#3388 = CARTESIAN_POINT('',(18.5,-8.976301005056,16.444346067641));
#3389 = CARTESIAN_POINT('',(18.5,-9.314203363356,16.809148398331));
#3390 = CARTESIAN_POINT('',(18.5,-9.635906137377,17.18868317726));
#3391 = CARTESIAN_POINT('',(18.5,-9.940812048135,17.581944863136));
#3392 = CARTESIAN_POINT('',(18.5,-10.2284016988,17.98791687968));
#3393 = CARTESIAN_POINT('',(18.5,-10.49822534556,18.405578339115));
#3394 = CARTESIAN_POINT('',(18.5,-11.29335262872,19.758857295693));
#3395 = CARTESIAN_POINT('',(18.5,-11.75209835208,20.733463454456));
#3396 = CARTESIAN_POINT('',(18.5,-12.1223624709,21.74762009274));
#3397 = CARTESIAN_POINT('',(18.5,-12.40160844767,22.791245566102));
#3398 = CARTESIAN_POINT('',(18.5,-12.58825271257,23.85437298235));
#3399 = CARTESIAN_POINT('',(18.5,-12.68157894736,24.927173743389));
#3400 = CARTESIAN_POINT('',(18.5,-12.68157894736,26.));
#3401 = PCURVE('',#791,#3402);
#3402 = DEFINITIONAL_REPRESENTATION('',(#3403),#3472);
#3403 = B_SPLINE_CURVE_WITH_KNOTS('',7,(#3404,#3405,#3406,#3407,#3408,
    #3409,#3410,#3411,#3412,#3413,#3414,#3415,#3416,#3417,#3418,#3419,
    #3420,#3421,#3422,#3423,#3424,#3425,#3426,#3427,#3428,#3429,#3430,
    #3431,#3432,#3433,#3434,#3435,#3436,#3437,#3438,#3439,#3440,#3441,
    #3442,#3443,#3444,#3445,#3446,#3447,#3448,#3449,#3450,#3451,#3452,
    #3453,#3454,#3455,#3456,#3457,#3458,#3459,#3460,#3461,#3462,#3463,
    #3464,#3465,#3466,#3467,#3468,#3469,#3470,#3471),.UNSPECIFIED.,.F.,
  .F.,(8,6,6,6,6,6,6,6,6,6,6,8),(0.,0.182480231288,0.266984792069,
    0.348166993804,0.397105211679,0.428255387757,0.499999684658,
    0.60289239009,0.651830903517,0.733013595534,0.817518666662,1.),
  .UNSPECIFIED.);
#3404 = CARTESIAN_POINT('',(-0.106401974852,-12.68157894736));
#3405 = CARTESIAN_POINT('',(-1.17922823146,-12.68157894736));
#3406 = CARTESIAN_POINT('',(-2.252028992513,-12.58825271257));
#3407 = CARTESIAN_POINT('',(-3.315156408727,-12.40160844768));
#3408 = CARTESIAN_POINT('',(-4.358781882135,-12.12236247089));
#3409 = CARTESIAN_POINT('',(-5.372938520379,-11.75209835209));
#3410 = CARTESIAN_POINT('',(-6.347544679161,-11.29335262872));
#3411 = CARTESIAN_POINT('',(-7.700823635734,-10.49822534556));
#3412 = CARTESIAN_POINT('',(-8.11848509517,-10.22840169881));
#3413 = CARTESIAN_POINT('',(-8.524457111714,-9.940812048137));
#3414 = CARTESIAN_POINT('',(-8.91771879759,-9.635906137379));
#3415 = CARTESIAN_POINT('',(-9.297253576518,-9.314203363358));
#3416 = CARTESIAN_POINT('',(-9.662055907209,-8.976301005058));
#3417 = CARTESIAN_POINT('',(-10.34649568664,-8.283358811222));
#3418 = CARTESIAN_POINT('',(-10.66734948426,-7.929510320827));
#3419 = CARTESIAN_POINT('',(-10.97281896874,-7.561949392248));
#3420 = CARTESIAN_POINT('',(-11.26204833095,-7.181354275815));
#3421 = CARTESIAN_POINT('',(-11.53421552975,-6.78847549862));
#3422 = CARTESIAN_POINT('',(-11.78854143803,-6.384142301598));
#3423 = CARTESIAN_POINT('',(-12.16641824813,-5.719175388048));
#3424 = CARTESIAN_POINT('',(-12.30179105928,-5.465249791952));
#3425 = CARTESIAN_POINT('',(-12.43025859015,-5.207692297168));
#3426 = CARTESIAN_POINT('',(-12.55167053864,-4.94671164291));
#3427 = CARTESIAN_POINT('',(-12.66588592761,-4.682525645613));
#3428 = CARTESIAN_POINT('',(-12.77277390004,-4.415361545812));
#3429 = CARTESIAN_POINT('',(-12.93551049764,-3.973656183652));
#3430 = CARTESIAN_POINT('',(-12.99578929798,-3.800745090248));
#3431 = CARTESIAN_POINT('',(-13.05301995871,-3.626784038734));
#3432 = CARTESIAN_POINT('',(-13.10717358493,-3.451835197977));
#3433 = CARTESIAN_POINT('',(-13.15822334323,-3.275961941785));
#3434 = CARTESIAN_POINT('',(-13.20614446167,-3.099228848909));
#3435 = CARTESIAN_POINT('',(-13.35402682622,-2.512825675204));
#3436 = CARTESIAN_POINT('',(-13.44042463996,-2.099729525048));
#3437 = CARTESIAN_POINT('',(-13.50982857226,-1.683227918386));
#3438 = CARTESIAN_POINT('',(-13.56202603669,-1.264150978175));
#3439 = CARTESIAN_POINT('',(-13.5968731148,-0.84334422533));
#3440 = CARTESIAN_POINT('',(-13.61429671169,-0.421668519523));
#3441 = CARTESIAN_POINT('',(-13.61429671169,0.604739563191));
#3442 = CARTESIAN_POINT('',(-13.57846021707,1.209520171378));
#3443 = CARTESIAN_POINT('',(-13.5067789426,1.811718703369));
#3444 = CARTESIAN_POINT('',(-13.39957654183,2.408807369582));
#3445 = CARTESIAN_POINT('',(-13.25745700951,2.998346595107));
#3446 = CARTESIAN_POINT('',(-13.08128735033,3.577983554027));
#3447 = CARTESIAN_POINT('',(-12.77277390005,4.415361545809));
#3448 = CARTESIAN_POINT('',(-12.66588592762,4.682525645609));
#3449 = CARTESIAN_POINT('',(-12.55167053864,4.946711642907));
#3450 = CARTESIAN_POINT('',(-12.43025859016,5.207692297165));
#3451 = CARTESIAN_POINT('',(-12.30179105928,5.465249791948));
#3452 = CARTESIAN_POINT('',(-12.16641824813,5.719175388045));
#3453 = CARTESIAN_POINT('',(-11.78854143803,6.384142301595));
#3454 = CARTESIAN_POINT('',(-11.53421552975,6.788475498617));
#3455 = CARTESIAN_POINT('',(-11.26204833095,7.181354275812));
#3456 = CARTESIAN_POINT('',(-10.97281896874,7.561949392246));
#3457 = CARTESIAN_POINT('',(-10.66734948427,7.929510320824));
#3458 = CARTESIAN_POINT('',(-10.34649568664,8.283358811219));
#3459 = CARTESIAN_POINT('',(-9.662055907211,8.976301005056));
#3460 = CARTESIAN_POINT('',(-9.297253576521,9.314203363356));
#3461 = CARTESIAN_POINT('',(-8.917718797592,9.635906137377));
#3462 = CARTESIAN_POINT('',(-8.524457111716,9.940812048135));
#3463 = CARTESIAN_POINT('',(-8.118485095173,10.228401698808));
#3464 = CARTESIAN_POINT('',(-7.700823635737,10.498225345567));
#3465 = CARTESIAN_POINT('',(-6.34754467916,11.293352628725));
#3466 = CARTESIAN_POINT('',(-5.372938520396,11.752098352084));
#3467 = CARTESIAN_POINT('',(-4.358781882112,12.122362470904));
#3468 = CARTESIAN_POINT('',(-3.31515640875,12.401608447678));
#3469 = CARTESIAN_POINT('',(-2.252028992503,12.588252712573));
#3470 = CARTESIAN_POINT('',(-1.179228231463,12.681578947368));
#3471 = CARTESIAN_POINT('',(-0.106401974852,12.681578947368));
#3472 = ( GEOMETRIC_REPRESENTATION_CONTEXT(2) 
PARAMETRIC_REPRESENTATION_CONTEXT() REPRESENTATION_CONTEXT('2D SPACE',''
  ) );
#3473 = PCURVE('',#3474,#3482);
#3474 = SURFACE_OF_LINEAR_EXTRUSION('',#3475,#3480);
#3475 = ELLIPSE('',#3476,13.507894736842,12.681578947368);
#3476 = AXIS2_PLACEMENT_3D('',#3477,#3478,#3479);
#3477 = CARTESIAN_POINT('',(17.5,0.,26.));
#3478 = DIRECTION('',(1.,0.,-0.));
#3479 = DIRECTION('',(0.,1.110223024625E-16,1.));
#3480 = VECTOR('',#3481,1.);
#3481 = DIRECTION('',(-1.,-0.,-0.));
#3482 = DEFINITIONAL_REPRESENTATION('',(#3483),#3552);
#3483 = B_SPLINE_CURVE_WITH_KNOTS('',7,(#3484,#3485,#3486,#3487,#3488,
    #3489,#3490,#3491,#3492,#3493,#3494,#3495,#3496,#3497,#3498,#3499,
    #3500,#3501,#3502,#3503,#3504,#3505,#3506,#3507,#3508,#3509,#3510,
    #3511,#3512,#3513,#3514,#3515,#3516,#3517,#3518,#3519,#3520,#3521,
    #3522,#3523,#3524,#3525,#3526,#3527,#3528,#3529,#3530,#3531,#3532,
    #3533,#3534,#3535,#3536,#3537,#3538,#3539,#3540,#3541,#3542,#3543,
    #3544,#3545,#3546,#3547,#3548,#3549,#3550,#3551),.UNSPECIFIED.,.F.,
  .F.,(8,6,6,6,6,6,6,6,6,6,6,8),(0.,0.182480231288,0.266984792069,
    0.348166993804,0.397105211679,0.428255387757,0.499999684658,
    0.60289239009,0.651830903517,0.733013595534,0.817518666662,1.),
  .UNSPECIFIED.);
#3484 = CARTESIAN_POINT('',(4.712388980385,-1.));
#3485 = CARTESIAN_POINT('',(4.632966814495,-1.));
#3486 = CARTESIAN_POINT('',(4.553546521498,-1.));
#3487 = CARTESIAN_POINT('',(4.474024169821,-1.));
#3488 = CARTESIAN_POINT('',(4.394308888811,-1.));
#3489 = CARTESIAN_POINT('',(4.314315897494,-1.));
#3490 = CARTESIAN_POINT('',(4.233964415147,-1.));
#3491 = CARTESIAN_POINT('',(4.115777667446,-1.));
#3492 = CARTESIAN_POINT('',(4.078280020921,-1.));
#3493 = CARTESIAN_POINT('',(4.040687285761,-1.));
#3494 = CARTESIAN_POINT('',(4.002994906705,-1.));
#3495 = CARTESIAN_POINT('',(3.965199356885,-1.));
#3496 = CARTESIAN_POINT('',(3.927298458776,-1.));
#3497 = CARTESIAN_POINT('',(3.852779215024,-1.));
#3498 = CARTESIAN_POINT('',(3.816168520923,-1.));
#3499 = CARTESIAN_POINT('',(3.779459930071,-1.));
#3500 = CARTESIAN_POINT('',(3.742654216486,-1.));
#3501 = CARTESIAN_POINT('',(3.705753193653,-1.));
#3502 = CARTESIAN_POINT('',(3.668760287194,-1.));
#3503 = CARTESIAN_POINT('',(3.609329053365,-1.));
#3504 = CARTESIAN_POINT('',(3.586945492715,-1.));
#3505 = CARTESIAN_POINT('',(3.564531639487,-1.));
#3506 = CARTESIAN_POINT('',(3.542088777751,-1.));
#3507 = CARTESIAN_POINT('',(3.519618330327,-1.));
#3508 = CARTESIAN_POINT('',(3.497121927356,-1.));
#3509 = CARTESIAN_POINT('',(3.460266746498,-1.));
#3510 = CARTESIAN_POINT('',(3.445922248841,-1.));
#3511 = CARTESIAN_POINT('',(3.431568453007,-1.));
#3512 = CARTESIAN_POINT('',(3.417205852956,-1.));
#3513 = CARTESIAN_POINT('',(3.402834965505,-1.));
#3514 = CARTESIAN_POINT('',(3.388456330328,-1.));
#3515 = CARTESIAN_POINT('',(3.340937452685,-1.));
#3516 = CARTESIAN_POINT('',(3.30776565256,-1.));
#3517 = CARTESIAN_POINT('',(3.274562989022,-1.));
#3518 = CARTESIAN_POINT('',(3.241336738179,-1.));
#3519 = CARTESIAN_POINT('',(3.208094167125,-1.));
#3520 = CARTESIAN_POINT('',(3.174843128256,-1.));
#3521 = CARTESIAN_POINT('',(3.093906197061,-1.));
#3522 = CARTESIAN_POINT('',(3.046216519892,-1.));
#3523 = CARTESIAN_POINT('',(2.998553261437,-1.));
#3524 = CARTESIAN_POINT('',(2.950938738978,-1.));
#3525 = CARTESIAN_POINT('',(2.903392094626,-1.));
#3526 = CARTESIAN_POINT('',(2.855932844806,-1.));
#3527 = CARTESIAN_POINT('',(2.786063379824,-1.));
#3528 = CARTESIAN_POINT('',(2.763566976853,-1.));
#3529 = CARTESIAN_POINT('',(2.741096529429,-1.));
#3530 = CARTESIAN_POINT('',(2.718653667693,-1.));
#3531 = CARTESIAN_POINT('',(2.696239814465,-1.));
#3532 = CARTESIAN_POINT('',(2.673856253815,-1.));
#3533 = CARTESIAN_POINT('',(2.614425019986,-1.));
#3534 = CARTESIAN_POINT('',(2.577432113527,-1.));
#3535 = CARTESIAN_POINT('',(2.540531090694,-1.));
#3536 = CARTESIAN_POINT('',(2.503725377109,-1.));
#3537 = CARTESIAN_POINT('',(2.467016786257,-1.));
#3538 = CARTESIAN_POINT('',(2.430406092156,-1.));
#3539 = CARTESIAN_POINT('',(2.355886848404,-1.));
#3540 = CARTESIAN_POINT('',(2.317985950294,-1.));
#3541 = CARTESIAN_POINT('',(2.280190400475,-1.));
#3542 = CARTESIAN_POINT('',(2.242498021419,-1.));
#3543 = CARTESIAN_POINT('',(2.204905286259,-1.));
#3544 = CARTESIAN_POINT('',(2.167407639733,-1.));
#3545 = CARTESIAN_POINT('',(2.049220892033,-1.));
#3546 = CARTESIAN_POINT('',(1.968869409687,-1.));
#3547 = CARTESIAN_POINT('',(1.888876418367,-1.));
#3548 = CARTESIAN_POINT('',(1.809161137362,-1.));
#3549 = CARTESIAN_POINT('',(1.72963878568,-1.));
#3550 = CARTESIAN_POINT('',(1.650218492685,-1.));
#3551 = CARTESIAN_POINT('',(1.570796326795,-1.));
#3552 = ( GEOMETRIC_REPRESENTATION_CONTEXT(2) 
PARAMETRIC_REPRESENTATION_CONTEXT() REPRESENTATION_CONTEXT('2D SPACE',''
  ) );
#3553 = ORIENTED_EDGE('',*,*,#3554,.F.);
#3554 = EDGE_CURVE('',#3555,#3329,#3557,.T.);
#3555 = VERTEX_POINT('',#3556);
#3556 = CARTESIAN_POINT('',(18.5,-38.5,26.));
#3557 = SURFACE_CURVE('',#3558,(#3562,#3569),.PCURVE_S1.);
#3558 = LINE('',#3559,#3560);
#3559 = CARTESIAN_POINT('',(18.5,-38.5,26.));
#3560 = VECTOR('',#3561,1.);
#3561 = DIRECTION('',(0.,1.,0.));
#3562 = PCURVE('',#791,#3563);
#3563 = DEFINITIONAL_REPRESENTATION('',(#3564),#3568);
#3564 = LINE('',#3565,#3566);
#3565 = CARTESIAN_POINT('',(-0.106401974852,38.5));
#3566 = VECTOR('',#3567,1.);
#3567 = DIRECTION('',(0.,-1.));
#3568 = ( GEOMETRIC_REPRESENTATION_CONTEXT(2) 
PARAMETRIC_REPRESENTATION_CONTEXT() REPRESENTATION_CONTEXT('2D SPACE',''
  ) );
#3569 = PCURVE('',#3570,#3575);
#3570 = PLANE('',#3571);
#3571 = AXIS2_PLACEMENT_3D('',#3572,#3573,#3574);
#3572 = CARTESIAN_POINT('',(-50.,-50.,26.));
#3573 = DIRECTION('',(0.,0.,1.));
#3574 = DIRECTION('',(1.,0.,0.));
#3575 = DEFINITIONAL_REPRESENTATION('',(#3576),#3580);
#3576 = LINE('',#3577,#3578);
#3577 = CARTESIAN_POINT('',(68.5,11.5));
#3578 = VECTOR('',#3579,1.);
#3579 = DIRECTION('',(0.,1.));
#3580 = ( GEOMETRIC_REPRESENTATION_CONTEXT(2) 
PARAMETRIC_REPRESENTATION_CONTEXT() REPRESENTATION_CONTEXT('2D SPACE',''
  ) );
#3581 = ORIENTED_EDGE('',*,*,#3582,.F.);
#3582 = EDGE_CURVE('',#3583,#3555,#3585,.T.);
#3583 = VERTEX_POINT('',#3584);
#3584 = CARTESIAN_POINT('',(18.5,-38.5,16.));
#3585 = SURFACE_CURVE('',#3586,(#3590,#3597),.PCURVE_S1.);
#3586 = LINE('',#3587,#3588);
#3587 = CARTESIAN_POINT('',(18.5,-38.5,16.));
#3588 = VECTOR('',#3589,1.);
#3589 = DIRECTION('',(0.,0.,1.));
#3590 = PCURVE('',#791,#3591);
#3591 = DEFINITIONAL_REPRESENTATION('',(#3592),#3596);
#3592 = LINE('',#3593,#3594);
#3593 = CARTESIAN_POINT('',(-10.10640197485,38.5));
#3594 = VECTOR('',#3595,1.);
#3595 = DIRECTION('',(1.,0.));
#3596 = ( GEOMETRIC_REPRESENTATION_CONTEXT(2) 
PARAMETRIC_REPRESENTATION_CONTEXT() REPRESENTATION_CONTEXT('2D SPACE',''
  ) );
#3597 = PCURVE('',#3205,#3598);
#3598 = DEFINITIONAL_REPRESENTATION('',(#3599),#3603);
#3599 = LINE('',#3600,#3601);
#3600 = CARTESIAN_POINT('',(0.,0.));
#3601 = VECTOR('',#3602,1.);
#3602 = DIRECTION('',(1.,0.));
#3603 = ( GEOMETRIC_REPRESENTATION_CONTEXT(2) 
PARAMETRIC_REPRESENTATION_CONTEXT() REPRESENTATION_CONTEXT('2D SPACE',''
  ) );
#3604 = ORIENTED_EDGE('',*,*,#3605,.T.);
#3605 = EDGE_CURVE('',#3583,#3606,#3608,.T.);
#3606 = VERTEX_POINT('',#3607);
#3607 = CARTESIAN_POINT('',(18.5,-16.68157894736,16.));
#3608 = SURFACE_CURVE('',#3609,(#3613,#3620),.PCURVE_S1.);
#3609 = LINE('',#3610,#3611);
#3610 = CARTESIAN_POINT('',(18.5,-38.5,16.));
#3611 = VECTOR('',#3612,1.);
#3612 = DIRECTION('',(0.,1.,0.));
#3613 = PCURVE('',#791,#3614);
#3614 = DEFINITIONAL_REPRESENTATION('',(#3615),#3619);
#3615 = LINE('',#3616,#3617);
#3616 = CARTESIAN_POINT('',(-10.10640197485,38.5));
#3617 = VECTOR('',#3618,1.);
#3618 = DIRECTION('',(0.,-1.));
#3619 = ( GEOMETRIC_REPRESENTATION_CONTEXT(2) 
PARAMETRIC_REPRESENTATION_CONTEXT() REPRESENTATION_CONTEXT('2D SPACE',''
  ) );
#3620 = PCURVE('',#3053,#3621);
#3621 = DEFINITIONAL_REPRESENTATION('',(#3622),#3626);
#3622 = LINE('',#3623,#3624);
#3623 = CARTESIAN_POINT('',(0.,0.));
#3624 = VECTOR('',#3625,1.);
#3625 = DIRECTION('',(0.,1.));
#3626 = ( GEOMETRIC_REPRESENTATION_CONTEXT(2) 
PARAMETRIC_REPRESENTATION_CONTEXT() REPRESENTATION_CONTEXT('2D SPACE',''
  ) );
#3627 = ORIENTED_EDGE('',*,*,#3628,.F.);
#3628 = EDGE_CURVE('',#774,#3606,#3629,.T.);
#3629 = SURFACE_CURVE('',#3630,(#3634,#3641),.PCURVE_S1.);
#3630 = LINE('',#3631,#3632);
#3631 = CARTESIAN_POINT('',(18.5,-16.68157894736,8.));
#3632 = VECTOR('',#3633,1.);
#3633 = DIRECTION('',(0.,0.,1.));
#3634 = PCURVE('',#791,#3635);
#3635 = DEFINITIONAL_REPRESENTATION('',(#3636),#3640);
#3636 = LINE('',#3637,#3638);
#3637 = CARTESIAN_POINT('',(-18.10640197485,16.681578947368));
#3638 = VECTOR('',#3639,1.);
#3639 = DIRECTION('',(1.,0.));
#3640 = ( GEOMETRIC_REPRESENTATION_CONTEXT(2) 
PARAMETRIC_REPRESENTATION_CONTEXT() REPRESENTATION_CONTEXT('2D SPACE',''
  ) );
#3641 = PCURVE('',#873,#3642);
#3642 = DEFINITIONAL_REPRESENTATION('',(#3643),#3647);
#3643 = LINE('',#3644,#3645);
#3644 = CARTESIAN_POINT('',(0.,0.));
#3645 = VECTOR('',#3646,1.);
#3646 = DIRECTION('',(1.,0.));
#3647 = ( GEOMETRIC_REPRESENTATION_CONTEXT(2) 
PARAMETRIC_REPRESENTATION_CONTEXT() REPRESENTATION_CONTEXT('2D SPACE',''
  ) );
#3648 = ADVANCED_FACE('',(#3649),#819,.T.);
#3649 = FACE_BOUND('',#3650,.T.);
#3650 = EDGE_LOOP('',(#3651,#3674,#3675,#3676));
#3651 = ORIENTED_EDGE('',*,*,#3652,.F.);
#3652 = EDGE_CURVE('',#804,#3653,#3655,.T.);
#3653 = VERTEX_POINT('',#3654);
#3654 = CARTESIAN_POINT('',(27.5,16.681578947368,16.));
#3655 = SURFACE_CURVE('',#3656,(#3660,#3667),.PCURVE_S1.);
#3656 = LINE('',#3657,#3658);
#3657 = CARTESIAN_POINT('',(27.5,16.681578947368,8.));
#3658 = VECTOR('',#3659,1.);
#3659 = DIRECTION('',(0.,0.,1.));
#3660 = PCURVE('',#819,#3661);
#3661 = DEFINITIONAL_REPRESENTATION('',(#3662),#3666);
#3662 = LINE('',#3663,#3664);
#3663 = CARTESIAN_POINT('',(0.,9.));
#3664 = VECTOR('',#3665,1.);
#3665 = DIRECTION('',(1.,0.));
#3666 = ( GEOMETRIC_REPRESENTATION_CONTEXT(2) 
PARAMETRIC_REPRESENTATION_CONTEXT() REPRESENTATION_CONTEXT('2D SPACE',''
  ) );
#3667 = PCURVE('',#847,#3668);
#3668 = DEFINITIONAL_REPRESENTATION('',(#3669),#3673);
#3669 = LINE('',#3670,#3671);
#3670 = CARTESIAN_POINT('',(-18.10640197485,-16.68157894736));
#3671 = VECTOR('',#3672,1.);
#3672 = DIRECTION('',(1.,0.));
#3673 = ( GEOMETRIC_REPRESENTATION_CONTEXT(2) 
PARAMETRIC_REPRESENTATION_CONTEXT() REPRESENTATION_CONTEXT('2D SPACE',''
  ) );
#3674 = ORIENTED_EDGE('',*,*,#803,.F.);
#3675 = ORIENTED_EDGE('',*,*,#3221,.T.);
#3676 = ORIENTED_EDGE('',*,*,#3677,.T.);
#3677 = EDGE_CURVE('',#3222,#3653,#3678,.T.);
#3678 = SURFACE_CURVE('',#3679,(#3683,#3689),.PCURVE_S1.);
#3679 = LINE('',#3680,#3681);
#3680 = CARTESIAN_POINT('',(18.5,16.681578947368,16.));
#3681 = VECTOR('',#3682,1.);
#3682 = DIRECTION('',(1.,0.,0.));
#3683 = PCURVE('',#819,#3684);
#3684 = DEFINITIONAL_REPRESENTATION('',(#3685),#3688);
#3685 = B_SPLINE_CURVE_WITH_KNOTS('',1,(#3686,#3687),.UNSPECIFIED.,.F.,
  .F.,(2,2),(0.,9.),.PIECEWISE_BEZIER_KNOTS.);
#3686 = CARTESIAN_POINT('',(8.,0.));
#3687 = CARTESIAN_POINT('',(8.,9.));
#3688 = ( GEOMETRIC_REPRESENTATION_CONTEXT(2) 
PARAMETRIC_REPRESENTATION_CONTEXT() REPRESENTATION_CONTEXT('2D SPACE',''
  ) );
#3689 = PCURVE('',#3260,#3690);
#3690 = DEFINITIONAL_REPRESENTATION('',(#3691),#3694);
#3691 = B_SPLINE_CURVE_WITH_KNOTS('',1,(#3692,#3693),.UNSPECIFIED.,.F.,
  .F.,(2,2),(0.,9.),.PIECEWISE_BEZIER_KNOTS.);
#3692 = CARTESIAN_POINT('',(0.,1.681578947368));
#3693 = CARTESIAN_POINT('',(9.,1.681578947368));
#3694 = ( GEOMETRIC_REPRESENTATION_CONTEXT(2) 
PARAMETRIC_REPRESENTATION_CONTEXT() REPRESENTATION_CONTEXT('2D SPACE',''
  ) );
#3695 = ADVANCED_FACE('',(#3696),#873,.F.);
#3696 = FACE_BOUND('',#3697,.F.);
#3697 = EDGE_LOOP('',(#3698,#3721,#3722,#3723));
#3698 = ORIENTED_EDGE('',*,*,#3699,.F.);
#3699 = EDGE_CURVE('',#832,#3700,#3702,.T.);
#3700 = VERTEX_POINT('',#3701);
#3701 = CARTESIAN_POINT('',(27.5,-16.68157894736,16.));
#3702 = SURFACE_CURVE('',#3703,(#3707,#3714),.PCURVE_S1.);
#3703 = LINE('',#3704,#3705);
#3704 = CARTESIAN_POINT('',(27.5,-16.68157894736,8.));
#3705 = VECTOR('',#3706,1.);
#3706 = DIRECTION('',(0.,0.,1.));
#3707 = PCURVE('',#873,#3708);
#3708 = DEFINITIONAL_REPRESENTATION('',(#3709),#3713);
#3709 = LINE('',#3710,#3711);
#3710 = CARTESIAN_POINT('',(0.,9.));
#3711 = VECTOR('',#3712,1.);
#3712 = DIRECTION('',(1.,0.));
#3713 = ( GEOMETRIC_REPRESENTATION_CONTEXT(2) 
PARAMETRIC_REPRESENTATION_CONTEXT() REPRESENTATION_CONTEXT('2D SPACE',''
  ) );
#3714 = PCURVE('',#847,#3715);
#3715 = DEFINITIONAL_REPRESENTATION('',(#3716),#3720);
#3716 = LINE('',#3717,#3718);
#3717 = CARTESIAN_POINT('',(-18.10640197485,16.681578947368));
#3718 = VECTOR('',#3719,1.);
#3719 = DIRECTION('',(1.,0.));
#3720 = ( GEOMETRIC_REPRESENTATION_CONTEXT(2) 
PARAMETRIC_REPRESENTATION_CONTEXT() REPRESENTATION_CONTEXT('2D SPACE',''
  ) );
#3721 = ORIENTED_EDGE('',*,*,#859,.F.);
#3722 = ORIENTED_EDGE('',*,*,#3628,.T.);
#3723 = ORIENTED_EDGE('',*,*,#3724,.T.);
#3724 = EDGE_CURVE('',#3606,#3700,#3725,.T.);
#3725 = SURFACE_CURVE('',#3726,(#3730,#3736),.PCURVE_S1.);
#3726 = LINE('',#3727,#3728);
#3727 = CARTESIAN_POINT('',(18.5,-16.68157894736,16.));
#3728 = VECTOR('',#3729,1.);
#3729 = DIRECTION('',(1.,0.,0.));
#3730 = PCURVE('',#873,#3731);
#3731 = DEFINITIONAL_REPRESENTATION('',(#3732),#3735);
#3732 = B_SPLINE_CURVE_WITH_KNOTS('',1,(#3733,#3734),.UNSPECIFIED.,.F.,
  .F.,(2,2),(0.,9.),.PIECEWISE_BEZIER_KNOTS.);
#3733 = CARTESIAN_POINT('',(8.,0.));
#3734 = CARTESIAN_POINT('',(8.,9.));
#3735 = ( GEOMETRIC_REPRESENTATION_CONTEXT(2) 
PARAMETRIC_REPRESENTATION_CONTEXT() REPRESENTATION_CONTEXT('2D SPACE',''
  ) );
#3736 = PCURVE('',#3053,#3737);
#3737 = DEFINITIONAL_REPRESENTATION('',(#3738),#3741);
#3738 = B_SPLINE_CURVE_WITH_KNOTS('',1,(#3739,#3740),.UNSPECIFIED.,.F.,
  .F.,(2,2),(0.,9.),.PIECEWISE_BEZIER_KNOTS.);
#3739 = CARTESIAN_POINT('',(0.,21.818421052632));
#3740 = CARTESIAN_POINT('',(9.,21.818421052632));
#3741 = ( GEOMETRIC_REPRESENTATION_CONTEXT(2) 
PARAMETRIC_REPRESENTATION_CONTEXT() REPRESENTATION_CONTEXT('2D SPACE',''
  ) );
#3742 = ADVANCED_FACE('',(#3743),#847,.T.);
#3743 = FACE_BOUND('',#3744,.T.);
#3744 = EDGE_LOOP('',(#3745,#3746,#3747,#3770,#3793,#3816,#4034,#4057,
    #4080,#4101));
#3745 = ORIENTED_EDGE('',*,*,#831,.T.);
#3746 = ORIENTED_EDGE('',*,*,#3652,.T.);
#3747 = ORIENTED_EDGE('',*,*,#3748,.T.);
#3748 = EDGE_CURVE('',#3653,#3749,#3751,.T.);
#3749 = VERTEX_POINT('',#3750);
#3750 = CARTESIAN_POINT('',(27.5,38.5,16.));
#3751 = SURFACE_CURVE('',#3752,(#3756,#3763),.PCURVE_S1.);
#3752 = LINE('',#3753,#3754);
#3753 = CARTESIAN_POINT('',(27.5,15.,16.));
#3754 = VECTOR('',#3755,1.);
#3755 = DIRECTION('',(0.,1.,0.));
#3756 = PCURVE('',#847,#3757);
#3757 = DEFINITIONAL_REPRESENTATION('',(#3758),#3762);
#3758 = LINE('',#3759,#3760);
#3759 = CARTESIAN_POINT('',(-10.10640197485,-15.));
#3760 = VECTOR('',#3761,1.);
#3761 = DIRECTION('',(0.,-1.));
#3762 = ( GEOMETRIC_REPRESENTATION_CONTEXT(2) 
PARAMETRIC_REPRESENTATION_CONTEXT() REPRESENTATION_CONTEXT('2D SPACE',''
  ) );
#3763 = PCURVE('',#3260,#3764);
#3764 = DEFINITIONAL_REPRESENTATION('',(#3765),#3769);
#3765 = LINE('',#3766,#3767);
#3766 = CARTESIAN_POINT('',(9.,0.));
#3767 = VECTOR('',#3768,1.);
#3768 = DIRECTION('',(0.,1.));
#3769 = ( GEOMETRIC_REPRESENTATION_CONTEXT(2) 
PARAMETRIC_REPRESENTATION_CONTEXT() REPRESENTATION_CONTEXT('2D SPACE',''
  ) );
#3770 = ORIENTED_EDGE('',*,*,#3771,.T.);
#3771 = EDGE_CURVE('',#3749,#3772,#3774,.T.);
#3772 = VERTEX_POINT('',#3773);
#3773 = CARTESIAN_POINT('',(27.5,38.5,26.));
#3774 = SURFACE_CURVE('',#3775,(#3779,#3786),.PCURVE_S1.);
#3775 = LINE('',#3776,#3777);
#3776 = CARTESIAN_POINT('',(27.5,38.5,16.));
#3777 = VECTOR('',#3778,1.);
#3778 = DIRECTION('',(0.,0.,1.));
#3779 = PCURVE('',#847,#3780);
#3780 = DEFINITIONAL_REPRESENTATION('',(#3781),#3785);
#3781 = LINE('',#3782,#3783);
#3782 = CARTESIAN_POINT('',(-10.10640197485,-38.5));
#3783 = VECTOR('',#3784,1.);
#3784 = DIRECTION('',(1.,0.));
#3785 = ( GEOMETRIC_REPRESENTATION_CONTEXT(2) 
PARAMETRIC_REPRESENTATION_CONTEXT() REPRESENTATION_CONTEXT('2D SPACE',''
  ) );
#3786 = PCURVE('',#3288,#3787);
#3787 = DEFINITIONAL_REPRESENTATION('',(#3788),#3792);
#3788 = LINE('',#3789,#3790);
#3789 = CARTESIAN_POINT('',(0.,9.));
#3790 = VECTOR('',#3791,1.);
#3791 = DIRECTION('',(1.,0.));
#3792 = ( GEOMETRIC_REPRESENTATION_CONTEXT(2) 
PARAMETRIC_REPRESENTATION_CONTEXT() REPRESENTATION_CONTEXT('2D SPACE',''
  ) );
#3793 = ORIENTED_EDGE('',*,*,#3794,.F.);
#3794 = EDGE_CURVE('',#3795,#3772,#3797,.T.);
#3795 = VERTEX_POINT('',#3796);
#3796 = CARTESIAN_POINT('',(27.5,12.681578947368,26.));
#3797 = SURFACE_CURVE('',#3798,(#3802,#3809),.PCURVE_S1.);
#3798 = LINE('',#3799,#3800);
#3799 = CARTESIAN_POINT('',(27.5,-38.5,26.));
#3800 = VECTOR('',#3801,1.);
#3801 = DIRECTION('',(0.,1.,0.));
#3802 = PCURVE('',#847,#3803);
#3803 = DEFINITIONAL_REPRESENTATION('',(#3804),#3808);
#3804 = LINE('',#3805,#3806);
#3805 = CARTESIAN_POINT('',(-0.106401974852,38.5));
#3806 = VECTOR('',#3807,1.);
#3807 = DIRECTION('',(0.,-1.));
#3808 = ( GEOMETRIC_REPRESENTATION_CONTEXT(2) 
PARAMETRIC_REPRESENTATION_CONTEXT() REPRESENTATION_CONTEXT('2D SPACE',''
  ) );
#3809 = PCURVE('',#3316,#3810);
#3810 = DEFINITIONAL_REPRESENTATION('',(#3811),#3815);
#3811 = LINE('',#3812,#3813);
#3812 = CARTESIAN_POINT('',(77.5,11.5));
#3813 = VECTOR('',#3814,1.);
#3814 = DIRECTION('',(0.,1.));
#3815 = ( GEOMETRIC_REPRESENTATION_CONTEXT(2) 
PARAMETRIC_REPRESENTATION_CONTEXT() REPRESENTATION_CONTEXT('2D SPACE',''
  ) );
#3816 = ORIENTED_EDGE('',*,*,#3817,.T.);
#3817 = EDGE_CURVE('',#3795,#3818,#3820,.T.);
#3818 = VERTEX_POINT('',#3819);
#3819 = CARTESIAN_POINT('',(27.5,-12.68157894736,26.));
#3820 = SURFACE_CURVE('',#3821,(#3890,#3962),.PCURVE_S1.);
#3821 = B_SPLINE_CURVE_WITH_KNOTS('',7,(#3822,#3823,#3824,#3825,#3826,
    #3827,#3828,#3829,#3830,#3831,#3832,#3833,#3834,#3835,#3836,#3837,
    #3838,#3839,#3840,#3841,#3842,#3843,#3844,#3845,#3846,#3847,#3848,
    #3849,#3850,#3851,#3852,#3853,#3854,#3855,#3856,#3857,#3858,#3859,
    #3860,#3861,#3862,#3863,#3864,#3865,#3866,#3867,#3868,#3869,#3870,
    #3871,#3872,#3873,#3874,#3875,#3876,#3877,#3878,#3879,#3880,#3881,
    #3882,#3883,#3884,#3885,#3886,#3887,#3888,#3889),.UNSPECIFIED.,.F.,
  .F.,(8,6,6,6,6,6,6,6,6,6,6,8),(0.,0.182480231288,0.266984792069,
    0.348166993804,0.397105211679,0.428255387757,0.499999684658,
    0.60289239009,0.651830903517,0.733013595534,0.817518666662,1.),
  .UNSPECIFIED.);
#3822 = CARTESIAN_POINT('',(27.5,12.681578947368,26.));
#3823 = CARTESIAN_POINT('',(27.5,12.681578947369,24.927173743392));
#3824 = CARTESIAN_POINT('',(27.5,12.588252712571,23.85437298234));
#3825 = CARTESIAN_POINT('',(27.5,12.401608447685,22.791245566126));
#3826 = CARTESIAN_POINT('',(27.5,12.122362470894,21.747620092718));
#3827 = CARTESIAN_POINT('',(27.5,11.752098352092,20.733463454473));
#3828 = CARTESIAN_POINT('',(27.5,11.293352628724,19.758857295692));
#3829 = CARTESIAN_POINT('',(27.5,10.498225345569,18.405578339118));
#3830 = CARTESIAN_POINT('',(27.5,10.22840169881,17.987916879683));
#3831 = CARTESIAN_POINT('',(27.5,9.940812048137,17.581944863139));
#3832 = CARTESIAN_POINT('',(27.5,9.635906137379,17.188683177263));
#3833 = CARTESIAN_POINT('',(27.5,9.314203363358,16.809148398334));
#3834 = CARTESIAN_POINT('',(27.5,8.976301005058,16.444346067644));
#3835 = CARTESIAN_POINT('',(27.5,8.283358811222,15.759906288209));
#3836 = CARTESIAN_POINT('',(27.5,7.929510320827,15.439052490583));
#3837 = CARTESIAN_POINT('',(27.5,7.561949392248,15.133583006112));
#3838 = CARTESIAN_POINT('',(27.5,7.181354275815,14.8443536439));
#3839 = CARTESIAN_POINT('',(27.5,6.78847549862,14.572186445097));
#3840 = CARTESIAN_POINT('',(27.5,6.384142301598,14.31786053682));
#3841 = CARTESIAN_POINT('',(27.5,5.719175388048,13.939983726715));
#3842 = CARTESIAN_POINT('',(27.5,5.465249791952,13.804610915571));
#3843 = CARTESIAN_POINT('',(27.5,5.207692297168,13.676143384694));
#3844 = CARTESIAN_POINT('',(27.5,4.94671164291,13.554731436209));
#3845 = CARTESIAN_POINT('',(27.5,4.682525645613,13.440516047234));
#3846 = CARTESIAN_POINT('',(27.5,4.415361545812,13.333628074804));
#3847 = CARTESIAN_POINT('',(27.5,3.973656183652,13.170891477203));
#3848 = CARTESIAN_POINT('',(27.5,3.800745090248,13.110612676863));
#3849 = CARTESIAN_POINT('',(27.5,3.626784038734,13.053382016138));
#3850 = CARTESIAN_POINT('',(27.5,3.451835197977,12.999228389919));
#3851 = CARTESIAN_POINT('',(27.5,3.275961941785,12.948178631619));
#3852 = CARTESIAN_POINT('',(27.5,3.099228848909,12.900257513183));
#3853 = CARTESIAN_POINT('',(27.5,2.512825675204,12.752375148628));
#3854 = CARTESIAN_POINT('',(27.5,2.099729525048,12.665977334885));
#3855 = CARTESIAN_POINT('',(27.5,1.683227918386,12.59657340259));
#3856 = CARTESIAN_POINT('',(27.5,1.264150978175,12.544375938158));
#3857 = CARTESIAN_POINT('',(27.5,0.84334422533,12.509528860053));
#3858 = CARTESIAN_POINT('',(27.5,0.421668519523,12.492105263158));
#3859 = CARTESIAN_POINT('',(27.5,-0.604739563191,12.492105263158));
#3860 = CARTESIAN_POINT('',(27.5,-1.209520171378,12.527941757774));
#3861 = CARTESIAN_POINT('',(27.5,-1.811718703369,12.599623032252));
#3862 = CARTESIAN_POINT('',(27.5,-2.408807369582,12.706825433019));
#3863 = CARTESIAN_POINT('',(27.5,-2.998346595107,12.848944965334));
#3864 = CARTESIAN_POINT('',(27.5,-3.577983554027,13.025114624521));
#3865 = CARTESIAN_POINT('',(27.5,-4.415361545809,13.333628074803));
#3866 = CARTESIAN_POINT('',(27.5,-4.682525645609,13.440516047233));
#3867 = CARTESIAN_POINT('',(27.5,-4.946711642907,13.554731436208));
#3868 = CARTESIAN_POINT('',(27.5,-5.207692297165,13.676143384693));
#3869 = CARTESIAN_POINT('',(27.5,-5.465249791948,13.804610915569));
#3870 = CARTESIAN_POINT('',(27.5,-5.719175388045,13.939983726714));
#3871 = CARTESIAN_POINT('',(27.5,-6.384142301595,14.317860536818));
#3872 = CARTESIAN_POINT('',(27.5,-6.788475498617,14.572186445095));
#3873 = CARTESIAN_POINT('',(27.5,-7.181354275812,14.844353643898));
#3874 = CARTESIAN_POINT('',(27.5,-7.561949392246,15.133583006109));
#3875 = CARTESIAN_POINT('',(27.5,-7.929510320824,15.439052490581));
#3876 = CARTESIAN_POINT('',(27.5,-8.283358811219,15.759906288206));
#3877 = CARTESIAN_POINT('',(27.5,-8.976301005056,16.444346067641));
#3878 = CARTESIAN_POINT('',(27.5,-9.314203363356,16.809148398331));
#3879 = CARTESIAN_POINT('',(27.5,-9.635906137377,17.18868317726));
#3880 = CARTESIAN_POINT('',(27.5,-9.940812048135,17.581944863136));
#3881 = CARTESIAN_POINT('',(27.5,-10.2284016988,17.98791687968));
#3882 = CARTESIAN_POINT('',(27.5,-10.49822534556,18.405578339115));
#3883 = CARTESIAN_POINT('',(27.5,-11.29335262872,19.758857295693));
#3884 = CARTESIAN_POINT('',(27.5,-11.75209835208,20.733463454456));
#3885 = CARTESIAN_POINT('',(27.5,-12.1223624709,21.74762009274));
#3886 = CARTESIAN_POINT('',(27.5,-12.40160844767,22.791245566102));
#3887 = CARTESIAN_POINT('',(27.5,-12.58825271257,23.85437298235));
#3888 = CARTESIAN_POINT('',(27.5,-12.68157894736,24.927173743389));
#3889 = CARTESIAN_POINT('',(27.5,-12.68157894736,26.));
#3890 = PCURVE('',#847,#3891);
#3891 = DEFINITIONAL_REPRESENTATION('',(#3892),#3961);
#3892 = B_SPLINE_CURVE_WITH_KNOTS('',7,(#3893,#3894,#3895,#3896,#3897,
    #3898,#3899,#3900,#3901,#3902,#3903,#3904,#3905,#3906,#3907,#3908,
    #3909,#3910,#3911,#3912,#3913,#3914,#3915,#3916,#3917,#3918,#3919,
    #3920,#3921,#3922,#3923,#3924,#3925,#3926,#3927,#3928,#3929,#3930,
    #3931,#3932,#3933,#3934,#3935,#3936,#3937,#3938,#3939,#3940,#3941,
    #3942,#3943,#3944,#3945,#3946,#3947,#3948,#3949,#3950,#3951,#3952,
    #3953,#3954,#3955,#3956,#3957,#3958,#3959,#3960),.UNSPECIFIED.,.F.,
  .F.,(8,6,6,6,6,6,6,6,6,6,6,8),(0.,0.182480231288,0.266984792069,
    0.348166993804,0.397105211679,0.428255387757,0.499999684658,
    0.60289239009,0.651830903517,0.733013595534,0.817518666662,1.),
  .UNSPECIFIED.);
#3893 = CARTESIAN_POINT('',(-0.106401974852,-12.68157894736));
#3894 = CARTESIAN_POINT('',(-1.17922823146,-12.68157894736));
#3895 = CARTESIAN_POINT('',(-2.252028992513,-12.58825271257));
#3896 = CARTESIAN_POINT('',(-3.315156408727,-12.40160844768));
#3897 = CARTESIAN_POINT('',(-4.358781882135,-12.12236247089));
#3898 = CARTESIAN_POINT('',(-5.372938520379,-11.75209835209));
#3899 = CARTESIAN_POINT('',(-6.347544679161,-11.29335262872));
#3900 = CARTESIAN_POINT('',(-7.700823635734,-10.49822534556));
#3901 = CARTESIAN_POINT('',(-8.11848509517,-10.22840169881));
#3902 = CARTESIAN_POINT('',(-8.524457111714,-9.940812048137));
#3903 = CARTESIAN_POINT('',(-8.91771879759,-9.635906137379));
#3904 = CARTESIAN_POINT('',(-9.297253576518,-9.314203363358));
#3905 = CARTESIAN_POINT('',(-9.662055907209,-8.976301005058));
#3906 = CARTESIAN_POINT('',(-10.34649568664,-8.283358811222));
#3907 = CARTESIAN_POINT('',(-10.66734948426,-7.929510320827));
#3908 = CARTESIAN_POINT('',(-10.97281896874,-7.561949392248));
#3909 = CARTESIAN_POINT('',(-11.26204833095,-7.181354275815));
#3910 = CARTESIAN_POINT('',(-11.53421552975,-6.78847549862));
#3911 = CARTESIAN_POINT('',(-11.78854143803,-6.384142301598));
#3912 = CARTESIAN_POINT('',(-12.16641824813,-5.719175388048));
#3913 = CARTESIAN_POINT('',(-12.30179105928,-5.465249791952));
#3914 = CARTESIAN_POINT('',(-12.43025859015,-5.207692297168));
#3915 = CARTESIAN_POINT('',(-12.55167053864,-4.94671164291));
#3916 = CARTESIAN_POINT('',(-12.66588592761,-4.682525645613));
#3917 = CARTESIAN_POINT('',(-12.77277390004,-4.415361545812));
#3918 = CARTESIAN_POINT('',(-12.93551049764,-3.973656183652));
#3919 = CARTESIAN_POINT('',(-12.99578929798,-3.800745090248));
#3920 = CARTESIAN_POINT('',(-13.05301995871,-3.626784038734));
#3921 = CARTESIAN_POINT('',(-13.10717358493,-3.451835197977));
#3922 = CARTESIAN_POINT('',(-13.15822334323,-3.275961941785));
#3923 = CARTESIAN_POINT('',(-13.20614446167,-3.099228848909));
#3924 = CARTESIAN_POINT('',(-13.35402682622,-2.512825675204));
#3925 = CARTESIAN_POINT('',(-13.44042463996,-2.099729525048));
#3926 = CARTESIAN_POINT('',(-13.50982857226,-1.683227918386));
#3927 = CARTESIAN_POINT('',(-13.56202603669,-1.264150978175));
#3928 = CARTESIAN_POINT('',(-13.5968731148,-0.84334422533));
#3929 = CARTESIAN_POINT('',(-13.61429671169,-0.421668519523));
#3930 = CARTESIAN_POINT('',(-13.61429671169,0.604739563191));
#3931 = CARTESIAN_POINT('',(-13.57846021707,1.209520171378));
#3932 = CARTESIAN_POINT('',(-13.5067789426,1.811718703369));
#3933 = CARTESIAN_POINT('',(-13.39957654183,2.408807369582));
#3934 = CARTESIAN_POINT('',(-13.25745700951,2.998346595107));
#3935 = CARTESIAN_POINT('',(-13.08128735033,3.577983554027));
#3936 = CARTESIAN_POINT('',(-12.77277390005,4.415361545809));
#3937 = CARTESIAN_POINT('',(-12.66588592762,4.682525645609));
#3938 = CARTESIAN_POINT('',(-12.55167053864,4.946711642907));
#3939 = CARTESIAN_POINT('',(-12.43025859016,5.207692297165));
#3940 = CARTESIAN_POINT('',(-12.30179105928,5.465249791948));
#3941 = CARTESIAN_POINT('',(-12.16641824813,5.719175388045));
#3942 = CARTESIAN_POINT('',(-11.78854143803,6.384142301595));
#3943 = CARTESIAN_POINT('',(-11.53421552975,6.788475498617));
#3944 = CARTESIAN_POINT('',(-11.26204833095,7.181354275812));
#3945 = CARTESIAN_POINT('',(-10.97281896874,7.561949392246));
#3946 = CARTESIAN_POINT('',(-10.66734948427,7.929510320824));
#3947 = CARTESIAN_POINT('',(-10.34649568664,8.283358811219));
#3948 = CARTESIAN_POINT('',(-9.662055907211,8.976301005056));
#3949 = CARTESIAN_POINT('',(-9.297253576521,9.314203363356));
#3950 = CARTESIAN_POINT('',(-8.917718797592,9.635906137377));
#3951 = CARTESIAN_POINT('',(-8.524457111716,9.940812048135));
#3952 = CARTESIAN_POINT('',(-8.118485095173,10.228401698808));
#3953 = CARTESIAN_POINT('',(-7.700823635737,10.498225345567));
#3954 = CARTESIAN_POINT('',(-6.34754467916,11.293352628725));
#3955 = CARTESIAN_POINT('',(-5.372938520396,11.752098352084));
#3956 = CARTESIAN_POINT('',(-4.358781882112,12.122362470904));
#3957 = CARTESIAN_POINT('',(-3.31515640875,12.401608447678));
#3958 = CARTESIAN_POINT('',(-2.252028992503,12.588252712573));
#3959 = CARTESIAN_POINT('',(-1.179228231463,12.681578947368));
#3960 = CARTESIAN_POINT('',(-0.106401974852,12.681578947368));
#3961 = ( GEOMETRIC_REPRESENTATION_CONTEXT(2) 
PARAMETRIC_REPRESENTATION_CONTEXT() REPRESENTATION_CONTEXT('2D SPACE',''
  ) );
#3962 = PCURVE('',#3474,#3963);
#3963 = DEFINITIONAL_REPRESENTATION('',(#3964),#4033);
#3964 = B_SPLINE_CURVE_WITH_KNOTS('',7,(#3965,#3966,#3967,#3968,#3969,
    #3970,#3971,#3972,#3973,#3974,#3975,#3976,#3977,#3978,#3979,#3980,
    #3981,#3982,#3983,#3984,#3985,#3986,#3987,#3988,#3989,#3990,#3991,
    #3992,#3993,#3994,#3995,#3996,#3997,#3998,#3999,#4000,#4001,#4002,
    #4003,#4004,#4005,#4006,#4007,#4008,#4009,#4010,#4011,#4012,#4013,
    #4014,#4015,#4016,#4017,#4018,#4019,#4020,#4021,#4022,#4023,#4024,
    #4025,#4026,#4027,#4028,#4029,#4030,#4031,#4032),.UNSPECIFIED.,.F.,
  .F.,(8,6,6,6,6,6,6,6,6,6,6,8),(0.,0.182480231288,0.266984792069,
    0.348166993804,0.397105211679,0.428255387757,0.499999684658,
    0.60289239009,0.651830903517,0.733013595534,0.817518666662,1.),
  .UNSPECIFIED.);
#3965 = CARTESIAN_POINT('',(4.712388980385,-10.));
#3966 = CARTESIAN_POINT('',(4.632966814495,-10.));
#3967 = CARTESIAN_POINT('',(4.553546521498,-10.));
#3968 = CARTESIAN_POINT('',(4.474024169821,-10.));
#3969 = CARTESIAN_POINT('',(4.394308888811,-10.));
#3970 = CARTESIAN_POINT('',(4.314315897494,-10.));
#3971 = CARTESIAN_POINT('',(4.233964415147,-10.));
#3972 = CARTESIAN_POINT('',(4.115777667446,-10.));
#3973 = CARTESIAN_POINT('',(4.078280020921,-10.));
#3974 = CARTESIAN_POINT('',(4.040687285761,-10.));
#3975 = CARTESIAN_POINT('',(4.002994906705,-10.));
#3976 = CARTESIAN_POINT('',(3.965199356885,-10.));
#3977 = CARTESIAN_POINT('',(3.927298458776,-10.));
#3978 = CARTESIAN_POINT('',(3.852779215024,-10.));
#3979 = CARTESIAN_POINT('',(3.816168520923,-10.));
#3980 = CARTESIAN_POINT('',(3.779459930071,-10.));
#3981 = CARTESIAN_POINT('',(3.742654216486,-10.));
#3982 = CARTESIAN_POINT('',(3.705753193653,-10.));
#3983 = CARTESIAN_POINT('',(3.668760287194,-10.));
#3984 = CARTESIAN_POINT('',(3.609329053365,-10.));
#3985 = CARTESIAN_POINT('',(3.586945492715,-10.));
#3986 = CARTESIAN_POINT('',(3.564531639487,-10.));
#3987 = CARTESIAN_POINT('',(3.542088777751,-10.));
#3988 = CARTESIAN_POINT('',(3.519618330327,-10.));
#3989 = CARTESIAN_POINT('',(3.497121927356,-10.));
#3990 = CARTESIAN_POINT('',(3.460266746498,-10.));
#3991 = CARTESIAN_POINT('',(3.445922248841,-10.));
#3992 = CARTESIAN_POINT('',(3.431568453007,-10.));
#3993 = CARTESIAN_POINT('',(3.417205852956,-10.));
#3994 = CARTESIAN_POINT('',(3.402834965505,-10.));
#3995 = CARTESIAN_POINT('',(3.388456330328,-10.));
#3996 = CARTESIAN_POINT('',(3.340937452685,-10.));
#3997 = CARTESIAN_POINT('',(3.30776565256,-10.));
#3998 = CARTESIAN_POINT('',(3.274562989022,-10.));
#3999 = CARTESIAN_POINT('',(3.241336738179,-10.));
#4000 = CARTESIAN_POINT('',(3.208094167125,-10.));
#4001 = CARTESIAN_POINT('',(3.174843128256,-10.));
#4002 = CARTESIAN_POINT('',(3.093906197061,-10.));
#4003 = CARTESIAN_POINT('',(3.046216519892,-10.));
#4004 = CARTESIAN_POINT('',(2.998553261437,-10.));
#4005 = CARTESIAN_POINT('',(2.950938738978,-10.));
#4006 = CARTESIAN_POINT('',(2.903392094626,-10.));
#4007 = CARTESIAN_POINT('',(2.855932844806,-10.));
#4008 = CARTESIAN_POINT('',(2.786063379824,-10.));
#4009 = CARTESIAN_POINT('',(2.763566976853,-10.));
#4010 = CARTESIAN_POINT('',(2.741096529429,-10.));
#4011 = CARTESIAN_POINT('',(2.718653667693,-10.));
#4012 = CARTESIAN_POINT('',(2.696239814465,-10.));
#4013 = CARTESIAN_POINT('',(2.673856253815,-10.));
#4014 = CARTESIAN_POINT('',(2.614425019986,-10.));
#4015 = CARTESIAN_POINT('',(2.577432113527,-10.));
#4016 = CARTESIAN_POINT('',(2.540531090694,-10.));
#4017 = CARTESIAN_POINT('',(2.503725377109,-10.));
#4018 = CARTESIAN_POINT('',(2.467016786257,-10.));
#4019 = CARTESIAN_POINT('',(2.430406092156,-10.));
#4020 = CARTESIAN_POINT('',(2.355886848404,-10.));
#4021 = CARTESIAN_POINT('',(2.317985950294,-10.));
#4022 = CARTESIAN_POINT('',(2.280190400475,-10.));
#4023 = CARTESIAN_POINT('',(2.242498021419,-10.));
#4024 = CARTESIAN_POINT('',(2.204905286259,-10.));
#4025 = CARTESIAN_POINT('',(2.167407639733,-10.));
#4026 = CARTESIAN_POINT('',(2.049220892033,-10.));
#4027 = CARTESIAN_POINT('',(1.968869409687,-10.));
#4028 = CARTESIAN_POINT('',(1.888876418367,-10.));
#4029 = CARTESIAN_POINT('',(1.809161137362,-10.));
#4030 = CARTESIAN_POINT('',(1.72963878568,-10.));
#4031 = CARTESIAN_POINT('',(1.650218492685,-10.));
#4032 = CARTESIAN_POINT('',(1.570796326795,-10.));
#4033 = ( GEOMETRIC_REPRESENTATION_CONTEXT(2) 
PARAMETRIC_REPRESENTATION_CONTEXT() REPRESENTATION_CONTEXT('2D SPACE',''
  ) );
#4034 = ORIENTED_EDGE('',*,*,#4035,.F.);
#4035 = EDGE_CURVE('',#4036,#3818,#4038,.T.);
#4036 = VERTEX_POINT('',#4037);
#4037 = CARTESIAN_POINT('',(27.5,-38.5,26.));
#4038 = SURFACE_CURVE('',#4039,(#4043,#4050),.PCURVE_S1.);
#4039 = LINE('',#4040,#4041);
#4040 = CARTESIAN_POINT('',(27.5,-38.5,26.));
#4041 = VECTOR('',#4042,1.);
#4042 = DIRECTION('',(0.,1.,0.));
#4043 = PCURVE('',#847,#4044);
#4044 = DEFINITIONAL_REPRESENTATION('',(#4045),#4049);
#4045 = LINE('',#4046,#4047);
#4046 = CARTESIAN_POINT('',(-0.106401974852,38.5));
#4047 = VECTOR('',#4048,1.);
#4048 = DIRECTION('',(0.,-1.));
#4049 = ( GEOMETRIC_REPRESENTATION_CONTEXT(2) 
PARAMETRIC_REPRESENTATION_CONTEXT() REPRESENTATION_CONTEXT('2D SPACE',''
  ) );
#4050 = PCURVE('',#3570,#4051);
#4051 = DEFINITIONAL_REPRESENTATION('',(#4052),#4056);
#4052 = LINE('',#4053,#4054);
#4053 = CARTESIAN_POINT('',(77.5,11.5));
#4054 = VECTOR('',#4055,1.);
#4055 = DIRECTION('',(0.,1.));
#4056 = ( GEOMETRIC_REPRESENTATION_CONTEXT(2) 
PARAMETRIC_REPRESENTATION_CONTEXT() REPRESENTATION_CONTEXT('2D SPACE',''
  ) );
#4057 = ORIENTED_EDGE('',*,*,#4058,.F.);
#4058 = EDGE_CURVE('',#4059,#4036,#4061,.T.);
#4059 = VERTEX_POINT('',#4060);
#4060 = CARTESIAN_POINT('',(27.5,-38.5,16.));
#4061 = SURFACE_CURVE('',#4062,(#4066,#4073),.PCURVE_S1.);
#4062 = LINE('',#4063,#4064);
#4063 = CARTESIAN_POINT('',(27.5,-38.5,16.));
#4064 = VECTOR('',#4065,1.);
#4065 = DIRECTION('',(0.,0.,1.));
#4066 = PCURVE('',#847,#4067);
#4067 = DEFINITIONAL_REPRESENTATION('',(#4068),#4072);
#4068 = LINE('',#4069,#4070);
#4069 = CARTESIAN_POINT('',(-10.10640197485,38.5));
#4070 = VECTOR('',#4071,1.);
#4071 = DIRECTION('',(1.,0.));
#4072 = ( GEOMETRIC_REPRESENTATION_CONTEXT(2) 
PARAMETRIC_REPRESENTATION_CONTEXT() REPRESENTATION_CONTEXT('2D SPACE',''
  ) );
#4073 = PCURVE('',#3205,#4074);
#4074 = DEFINITIONAL_REPRESENTATION('',(#4075),#4079);
#4075 = LINE('',#4076,#4077);
#4076 = CARTESIAN_POINT('',(0.,9.));
#4077 = VECTOR('',#4078,1.);
#4078 = DIRECTION('',(1.,0.));
#4079 = ( GEOMETRIC_REPRESENTATION_CONTEXT(2) 
PARAMETRIC_REPRESENTATION_CONTEXT() REPRESENTATION_CONTEXT('2D SPACE',''
  ) );
#4080 = ORIENTED_EDGE('',*,*,#4081,.T.);
#4081 = EDGE_CURVE('',#4059,#3700,#4082,.T.);
#4082 = SURFACE_CURVE('',#4083,(#4087,#4094),.PCURVE_S1.);
#4083 = LINE('',#4084,#4085);
#4084 = CARTESIAN_POINT('',(27.5,-38.5,16.));
#4085 = VECTOR('',#4086,1.);
#4086 = DIRECTION('',(0.,1.,0.));
#4087 = PCURVE('',#847,#4088);
#4088 = DEFINITIONAL_REPRESENTATION('',(#4089),#4093);
#4089 = LINE('',#4090,#4091);
#4090 = CARTESIAN_POINT('',(-10.10640197485,38.5));
#4091 = VECTOR('',#4092,1.);
#4092 = DIRECTION('',(0.,-1.));
#4093 = ( GEOMETRIC_REPRESENTATION_CONTEXT(2) 
PARAMETRIC_REPRESENTATION_CONTEXT() REPRESENTATION_CONTEXT('2D SPACE',''
  ) );
#4094 = PCURVE('',#3053,#4095);
#4095 = DEFINITIONAL_REPRESENTATION('',(#4096),#4100);
#4096 = LINE('',#4097,#4098);
#4097 = CARTESIAN_POINT('',(9.,0.));
#4098 = VECTOR('',#4099,1.);
#4099 = DIRECTION('',(0.,1.));
#4100 = ( GEOMETRIC_REPRESENTATION_CONTEXT(2) 
PARAMETRIC_REPRESENTATION_CONTEXT() REPRESENTATION_CONTEXT('2D SPACE',''
  ) );
#4101 = ORIENTED_EDGE('',*,*,#3699,.F.);
#4102 = ADVANCED_FACE('',(#4103),#904,.F.);
#4103 = FACE_BOUND('',#4104,.F.);
#4104 = EDGE_LOOP('',(#4105,#4106,#4129,#4152));
#4105 = ORIENTED_EDGE('',*,*,#887,.T.);
#4106 = ORIENTED_EDGE('',*,*,#4107,.T.);
#4107 = EDGE_CURVE('',#890,#4108,#4110,.T.);
#4108 = VERTEX_POINT('',#4109);
#4109 = CARTESIAN_POINT('',(-26.,38.5,16.));
#4110 = SURFACE_CURVE('',#4111,(#4115,#4122),.PCURVE_S1.);
#4111 = LINE('',#4112,#4113);
#4112 = CARTESIAN_POINT('',(-26.,18.,7.));
#4113 = VECTOR('',#4114,1.);
#4114 = DIRECTION('',(0.,0.915644030191,0.401990062035));
#4115 = PCURVE('',#904,#4116);
#4116 = DEFINITIONAL_REPRESENTATION('',(#4117),#4121);
#4117 = LINE('',#4118,#4119);
#4118 = CARTESIAN_POINT('',(-6.27784670569,8.47215329431));
#4119 = VECTOR('',#4120,1.);
#4120 = DIRECTION('',(0.401990062035,-0.915644030191));
#4121 = ( GEOMETRIC_REPRESENTATION_CONTEXT(2) 
PARAMETRIC_REPRESENTATION_CONTEXT() REPRESENTATION_CONTEXT('2D SPACE',''
  ) );
#4122 = PCURVE('',#930,#4123);
#4123 = DEFINITIONAL_REPRESENTATION('',(#4124),#4128);
#4124 = LINE('',#4125,#4126);
#4125 = CARTESIAN_POINT('',(0.,0.));
#4126 = VECTOR('',#4127,1.);
#4127 = DIRECTION('',(1.,0.));
#4128 = ( GEOMETRIC_REPRESENTATION_CONTEXT(2) 
PARAMETRIC_REPRESENTATION_CONTEXT() REPRESENTATION_CONTEXT('2D SPACE',''
  ) );
#4129 = ORIENTED_EDGE('',*,*,#4130,.T.);
#4130 = EDGE_CURVE('',#4108,#4131,#4133,.T.);
#4131 = VERTEX_POINT('',#4132);
#4132 = CARTESIAN_POINT('',(-26.,18.,16.));
#4133 = SURFACE_CURVE('',#4134,(#4138,#4145),.PCURVE_S1.);
#4134 = LINE('',#4135,#4136);
#4135 = CARTESIAN_POINT('',(-26.,38.5,16.));
#4136 = VECTOR('',#4137,1.);
#4137 = DIRECTION('',(0.,-1.,0.));
#4138 = PCURVE('',#904,#4139);
#4139 = DEFINITIONAL_REPRESENTATION('',(#4140),#4144);
#4140 = LINE('',#4141,#4142);
#4141 = CARTESIAN_POINT('',(2.72215329431,-12.02784670569));
#4142 = VECTOR('',#4143,1.);
#4143 = DIRECTION('',(0.,1.));
#4144 = ( GEOMETRIC_REPRESENTATION_CONTEXT(2) 
PARAMETRIC_REPRESENTATION_CONTEXT() REPRESENTATION_CONTEXT('2D SPACE',''
  ) );
#4145 = PCURVE('',#2168,#4146);
#4146 = DEFINITIONAL_REPRESENTATION('',(#4147),#4151);
#4147 = LINE('',#4148,#4149);
#4148 = CARTESIAN_POINT('',(1.5,23.5));
#4149 = VECTOR('',#4150,1.);
#4150 = DIRECTION('',(0.,-1.));
#4151 = ( GEOMETRIC_REPRESENTATION_CONTEXT(2) 
PARAMETRIC_REPRESENTATION_CONTEXT() REPRESENTATION_CONTEXT('2D SPACE',''
  ) );
#4152 = ORIENTED_EDGE('',*,*,#4153,.T.);
#4153 = EDGE_CURVE('',#4131,#888,#4154,.T.);
#4154 = SURFACE_CURVE('',#4155,(#4159,#4166),.PCURVE_S1.);
#4155 = LINE('',#4156,#4157);
#4156 = CARTESIAN_POINT('',(-26.,18.,16.));
#4157 = VECTOR('',#4158,1.);
#4158 = DIRECTION('',(0.,0.,-1.));
#4159 = PCURVE('',#904,#4160);
#4160 = DEFINITIONAL_REPRESENTATION('',(#4161),#4165);
#4161 = LINE('',#4162,#4163);
#4162 = CARTESIAN_POINT('',(2.72215329431,8.47215329431));
#4163 = VECTOR('',#4164,1.);
#4164 = DIRECTION('',(-1.,0.));
#4165 = ( GEOMETRIC_REPRESENTATION_CONTEXT(2) 
PARAMETRIC_REPRESENTATION_CONTEXT() REPRESENTATION_CONTEXT('2D SPACE',''
  ) );
#4166 = PCURVE('',#980,#4167);
#4167 = DEFINITIONAL_REPRESENTATION('',(#4168),#4172);
#4168 = LINE('',#4169,#4170);
#4169 = CARTESIAN_POINT('',(0.,0.));
#4170 = VECTOR('',#4171,1.);
#4171 = DIRECTION('',(1.,0.));
#4172 = ( GEOMETRIC_REPRESENTATION_CONTEXT(2) 
PARAMETRIC_REPRESENTATION_CONTEXT() REPRESENTATION_CONTEXT('2D SPACE',''
  ) );
#4173 = ADVANCED_FACE('',(#4174),#980,.F.);
#4174 = FACE_BOUND('',#4175,.F.);
#4175 = EDGE_LOOP('',(#4176,#4177,#4200,#4221));
#4176 = ORIENTED_EDGE('',*,*,#4153,.F.);
#4177 = ORIENTED_EDGE('',*,*,#4178,.T.);
#4178 = EDGE_CURVE('',#4131,#4179,#4181,.T.);
#4179 = VERTEX_POINT('',#4180);
#4180 = CARTESIAN_POINT('',(-20.,18.,16.));
#4181 = SURFACE_CURVE('',#4182,(#4186,#4193),.PCURVE_S1.);
#4182 = LINE('',#4183,#4184);
#4183 = CARTESIAN_POINT('',(-26.,18.,16.));
#4184 = VECTOR('',#4185,1.);
#4185 = DIRECTION('',(1.,0.,0.));
#4186 = PCURVE('',#980,#4187);
#4187 = DEFINITIONAL_REPRESENTATION('',(#4188),#4192);
#4188 = LINE('',#4189,#4190);
#4189 = CARTESIAN_POINT('',(0.,0.));
#4190 = VECTOR('',#4191,1.);
#4191 = DIRECTION('',(0.,-1.));
#4192 = ( GEOMETRIC_REPRESENTATION_CONTEXT(2) 
PARAMETRIC_REPRESENTATION_CONTEXT() REPRESENTATION_CONTEXT('2D SPACE',''
  ) );
#4193 = PCURVE('',#2168,#4194);
#4194 = DEFINITIONAL_REPRESENTATION('',(#4195),#4199);
#4195 = LINE('',#4196,#4197);
#4196 = CARTESIAN_POINT('',(1.5,3.));
#4197 = VECTOR('',#4198,1.);
#4198 = DIRECTION('',(1.,0.));
#4199 = ( GEOMETRIC_REPRESENTATION_CONTEXT(2) 
PARAMETRIC_REPRESENTATION_CONTEXT() REPRESENTATION_CONTEXT('2D SPACE',''
  ) );
#4200 = ORIENTED_EDGE('',*,*,#4201,.T.);
#4201 = EDGE_CURVE('',#4179,#942,#4202,.T.);
#4202 = SURFACE_CURVE('',#4203,(#4207,#4214),.PCURVE_S1.);
#4203 = LINE('',#4204,#4205);
#4204 = CARTESIAN_POINT('',(-20.,18.,16.));
#4205 = VECTOR('',#4206,1.);
#4206 = DIRECTION('',(0.,0.,-1.));
#4207 = PCURVE('',#980,#4208);
#4208 = DEFINITIONAL_REPRESENTATION('',(#4209),#4213);
#4209 = LINE('',#4210,#4211);
#4210 = CARTESIAN_POINT('',(0.,-6.));
#4211 = VECTOR('',#4212,1.);
#4212 = DIRECTION('',(1.,0.));
#4213 = ( GEOMETRIC_REPRESENTATION_CONTEXT(2) 
PARAMETRIC_REPRESENTATION_CONTEXT() REPRESENTATION_CONTEXT('2D SPACE',''
  ) );
#4214 = PCURVE('',#956,#4215);
#4215 = DEFINITIONAL_REPRESENTATION('',(#4216),#4220);
#4216 = LINE('',#4217,#4218);
#4217 = CARTESIAN_POINT('',(2.72215329431,8.47215329431));
#4218 = VECTOR('',#4219,1.);
#4219 = DIRECTION('',(-1.,0.));
#4220 = ( GEOMETRIC_REPRESENTATION_CONTEXT(2) 
PARAMETRIC_REPRESENTATION_CONTEXT() REPRESENTATION_CONTEXT('2D SPACE',''
  ) );
#4221 = ORIENTED_EDGE('',*,*,#967,.T.);
#4222 = ADVANCED_FACE('',(#4223),#930,.F.);
#4223 = FACE_BOUND('',#4224,.F.);
#4224 = EDGE_LOOP('',(#4225,#4226,#4227,#4250));
#4225 = ORIENTED_EDGE('',*,*,#4107,.F.);
#4226 = ORIENTED_EDGE('',*,*,#915,.T.);
#4227 = ORIENTED_EDGE('',*,*,#4228,.T.);
#4228 = EDGE_CURVE('',#916,#4229,#4231,.T.);
#4229 = VERTEX_POINT('',#4230);
#4230 = CARTESIAN_POINT('',(-20.,38.5,16.));
#4231 = SURFACE_CURVE('',#4232,(#4236,#4243),.PCURVE_S1.);
#4232 = LINE('',#4233,#4234);
#4233 = CARTESIAN_POINT('',(-20.,18.,7.));
#4234 = VECTOR('',#4235,1.);
#4235 = DIRECTION('',(0.,0.915644030191,0.401990062035));
#4236 = PCURVE('',#930,#4237);
#4237 = DEFINITIONAL_REPRESENTATION('',(#4238),#4242);
#4238 = LINE('',#4239,#4240);
#4239 = CARTESIAN_POINT('',(0.,-6.));
#4240 = VECTOR('',#4241,1.);
#4241 = DIRECTION('',(1.,0.));
#4242 = ( GEOMETRIC_REPRESENTATION_CONTEXT(2) 
PARAMETRIC_REPRESENTATION_CONTEXT() REPRESENTATION_CONTEXT('2D SPACE',''
  ) );
#4243 = PCURVE('',#956,#4244);
#4244 = DEFINITIONAL_REPRESENTATION('',(#4245),#4249);
#4245 = LINE('',#4246,#4247);
#4246 = CARTESIAN_POINT('',(-6.27784670569,8.47215329431));
#4247 = VECTOR('',#4248,1.);
#4248 = DIRECTION('',(0.401990062035,-0.915644030191));
#4249 = ( GEOMETRIC_REPRESENTATION_CONTEXT(2) 
PARAMETRIC_REPRESENTATION_CONTEXT() REPRESENTATION_CONTEXT('2D SPACE',''
  ) );
#4250 = ORIENTED_EDGE('',*,*,#4251,.F.);
#4251 = EDGE_CURVE('',#4108,#4229,#4252,.T.);
#4252 = SURFACE_CURVE('',#4253,(#4257,#4264),.PCURVE_S1.);
#4253 = LINE('',#4254,#4255);
#4254 = CARTESIAN_POINT('',(-26.,38.5,16.));
#4255 = VECTOR('',#4256,1.);
#4256 = DIRECTION('',(1.,0.,0.));
#4257 = PCURVE('',#930,#4258);
#4258 = DEFINITIONAL_REPRESENTATION('',(#4259),#4263);
#4259 = LINE('',#4260,#4261);
#4260 = CARTESIAN_POINT('',(22.388613177238,0.));
#4261 = VECTOR('',#4262,1.);
#4262 = DIRECTION('',(0.,-1.));
#4263 = ( GEOMETRIC_REPRESENTATION_CONTEXT(2) 
PARAMETRIC_REPRESENTATION_CONTEXT() REPRESENTATION_CONTEXT('2D SPACE',''
  ) );
#4264 = PCURVE('',#2196,#4265);
#4265 = DEFINITIONAL_REPRESENTATION('',(#4266),#4270);
#4266 = LINE('',#4267,#4268);
#4267 = CARTESIAN_POINT('',(0.,1.5));
#4268 = VECTOR('',#4269,1.);
#4269 = DIRECTION('',(0.,1.));
#4270 = ( GEOMETRIC_REPRESENTATION_CONTEXT(2) 
PARAMETRIC_REPRESENTATION_CONTEXT() REPRESENTATION_CONTEXT('2D SPACE',''
  ) );
#4271 = ADVANCED_FACE('',(#4272),#956,.T.);
#4272 = FACE_BOUND('',#4273,.T.);
#4273 = EDGE_LOOP('',(#4274,#4275,#4276,#4297));
#4274 = ORIENTED_EDGE('',*,*,#941,.T.);
#4275 = ORIENTED_EDGE('',*,*,#4228,.T.);
#4276 = ORIENTED_EDGE('',*,*,#4277,.T.);
#4277 = EDGE_CURVE('',#4229,#4179,#4278,.T.);
#4278 = SURFACE_CURVE('',#4279,(#4283,#4290),.PCURVE_S1.);
#4279 = LINE('',#4280,#4281);
#4280 = CARTESIAN_POINT('',(-20.,38.5,16.));
#4281 = VECTOR('',#4282,1.);
#4282 = DIRECTION('',(0.,-1.,0.));
#4283 = PCURVE('',#956,#4284);
#4284 = DEFINITIONAL_REPRESENTATION('',(#4285),#4289);
#4285 = LINE('',#4286,#4287);
#4286 = CARTESIAN_POINT('',(2.72215329431,-12.02784670569));
#4287 = VECTOR('',#4288,1.);
#4288 = DIRECTION('',(0.,1.));
#4289 = ( GEOMETRIC_REPRESENTATION_CONTEXT(2) 
PARAMETRIC_REPRESENTATION_CONTEXT() REPRESENTATION_CONTEXT('2D SPACE',''
  ) );
#4290 = PCURVE('',#2168,#4291);
#4291 = DEFINITIONAL_REPRESENTATION('',(#4292),#4296);
#4292 = LINE('',#4293,#4294);
#4293 = CARTESIAN_POINT('',(7.5,23.5));
#4294 = VECTOR('',#4295,1.);
#4295 = DIRECTION('',(0.,-1.));
#4296 = ( GEOMETRIC_REPRESENTATION_CONTEXT(2) 
PARAMETRIC_REPRESENTATION_CONTEXT() REPRESENTATION_CONTEXT('2D SPACE',''
  ) );
#4297 = ORIENTED_EDGE('',*,*,#4201,.T.);
#4298 = ADVANCED_FACE('',(#4299),#1010,.F.);
#4299 = FACE_BOUND('',#4300,.F.);
#4300 = EDGE_LOOP('',(#4301,#4302,#4325,#4348));
#4301 = ORIENTED_EDGE('',*,*,#993,.T.);
#4302 = ORIENTED_EDGE('',*,*,#4303,.T.);
#4303 = EDGE_CURVE('',#996,#4304,#4306,.T.);
#4304 = VERTEX_POINT('',#4305);
#4305 = CARTESIAN_POINT('',(20.,38.5,16.));
#4306 = SURFACE_CURVE('',#4307,(#4311,#4318),.PCURVE_S1.);
#4307 = LINE('',#4308,#4309);
#4308 = CARTESIAN_POINT('',(20.,18.,7.));
#4309 = VECTOR('',#4310,1.);
#4310 = DIRECTION('',(0.,0.915644030191,0.401990062035));
#4311 = PCURVE('',#1010,#4312);
#4312 = DEFINITIONAL_REPRESENTATION('',(#4313),#4317);
#4313 = LINE('',#4314,#4315);
#4314 = CARTESIAN_POINT('',(-6.27784670569,8.47215329431));
#4315 = VECTOR('',#4316,1.);
#4316 = DIRECTION('',(0.401990062035,-0.915644030191));
#4317 = ( GEOMETRIC_REPRESENTATION_CONTEXT(2) 
PARAMETRIC_REPRESENTATION_CONTEXT() REPRESENTATION_CONTEXT('2D SPACE',''
  ) );
#4318 = PCURVE('',#1036,#4319);
#4319 = DEFINITIONAL_REPRESENTATION('',(#4320),#4324);
#4320 = LINE('',#4321,#4322);
#4321 = CARTESIAN_POINT('',(0.,0.));
#4322 = VECTOR('',#4323,1.);
#4323 = DIRECTION('',(1.,0.));
#4324 = ( GEOMETRIC_REPRESENTATION_CONTEXT(2) 
PARAMETRIC_REPRESENTATION_CONTEXT() REPRESENTATION_CONTEXT('2D SPACE',''
  ) );
#4325 = ORIENTED_EDGE('',*,*,#4326,.T.);
#4326 = EDGE_CURVE('',#4304,#4327,#4329,.T.);
#4327 = VERTEX_POINT('',#4328);
#4328 = CARTESIAN_POINT('',(20.,18.,16.));
#4329 = SURFACE_CURVE('',#4330,(#4334,#4341),.PCURVE_S1.);
#4330 = LINE('',#4331,#4332);
#4331 = CARTESIAN_POINT('',(20.,38.5,16.));
#4332 = VECTOR('',#4333,1.);
#4333 = DIRECTION('',(0.,-1.,0.));
#4334 = PCURVE('',#1010,#4335);
#4335 = DEFINITIONAL_REPRESENTATION('',(#4336),#4340);
#4336 = LINE('',#4337,#4338);
#4337 = CARTESIAN_POINT('',(2.72215329431,-12.02784670569));
#4338 = VECTOR('',#4339,1.);
#4339 = DIRECTION('',(0.,1.));
#4340 = ( GEOMETRIC_REPRESENTATION_CONTEXT(2) 
PARAMETRIC_REPRESENTATION_CONTEXT() REPRESENTATION_CONTEXT('2D SPACE',''
  ) );
#4341 = PCURVE('',#3260,#4342);
#4342 = DEFINITIONAL_REPRESENTATION('',(#4343),#4347);
#4343 = LINE('',#4344,#4345);
#4344 = CARTESIAN_POINT('',(1.5,23.5));
#4345 = VECTOR('',#4346,1.);
#4346 = DIRECTION('',(0.,-1.));
#4347 = ( GEOMETRIC_REPRESENTATION_CONTEXT(2) 
PARAMETRIC_REPRESENTATION_CONTEXT() REPRESENTATION_CONTEXT('2D SPACE',''
  ) );
#4348 = ORIENTED_EDGE('',*,*,#4349,.T.);
#4349 = EDGE_CURVE('',#4327,#994,#4350,.T.);
#4350 = SURFACE_CURVE('',#4351,(#4355,#4362),.PCURVE_S1.);
#4351 = LINE('',#4352,#4353);
#4352 = CARTESIAN_POINT('',(20.,18.,16.));
#4353 = VECTOR('',#4354,1.);
#4354 = DIRECTION('',(0.,0.,-1.));
#4355 = PCURVE('',#1010,#4356);
#4356 = DEFINITIONAL_REPRESENTATION('',(#4357),#4361);
#4357 = LINE('',#4358,#4359);
#4358 = CARTESIAN_POINT('',(2.72215329431,8.47215329431));
#4359 = VECTOR('',#4360,1.);
#4360 = DIRECTION('',(-1.,0.));
#4361 = ( GEOMETRIC_REPRESENTATION_CONTEXT(2) 
PARAMETRIC_REPRESENTATION_CONTEXT() REPRESENTATION_CONTEXT('2D SPACE',''
  ) );
#4362 = PCURVE('',#1086,#4363);
#4363 = DEFINITIONAL_REPRESENTATION('',(#4364),#4368);
#4364 = LINE('',#4365,#4366);
#4365 = CARTESIAN_POINT('',(0.,0.));
#4366 = VECTOR('',#4367,1.);
#4367 = DIRECTION('',(1.,0.));
#4368 = ( GEOMETRIC_REPRESENTATION_CONTEXT(2) 
PARAMETRIC_REPRESENTATION_CONTEXT() REPRESENTATION_CONTEXT('2D SPACE',''
  ) );
#4369 = ADVANCED_FACE('',(#4370),#1086,.F.);
#4370 = FACE_BOUND('',#4371,.F.);
#4371 = EDGE_LOOP('',(#4372,#4373,#4396,#4417));
#4372 = ORIENTED_EDGE('',*,*,#4349,.F.);
#4373 = ORIENTED_EDGE('',*,*,#4374,.T.);
#4374 = EDGE_CURVE('',#4327,#4375,#4377,.T.);
#4375 = VERTEX_POINT('',#4376);
#4376 = CARTESIAN_POINT('',(26.,18.,16.));
#4377 = SURFACE_CURVE('',#4378,(#4382,#4389),.PCURVE_S1.);
#4378 = LINE('',#4379,#4380);
#4379 = CARTESIAN_POINT('',(20.,18.,16.));
#4380 = VECTOR('',#4381,1.);
#4381 = DIRECTION('',(1.,0.,0.));
#4382 = PCURVE('',#1086,#4383);
#4383 = DEFINITIONAL_REPRESENTATION('',(#4384),#4388);
#4384 = LINE('',#4385,#4386);
#4385 = CARTESIAN_POINT('',(0.,0.));
#4386 = VECTOR('',#4387,1.);
#4387 = DIRECTION('',(0.,-1.));
#4388 = ( GEOMETRIC_REPRESENTATION_CONTEXT(2) 
PARAMETRIC_REPRESENTATION_CONTEXT() REPRESENTATION_CONTEXT('2D SPACE',''
  ) );
#4389 = PCURVE('',#3260,#4390);
#4390 = DEFINITIONAL_REPRESENTATION('',(#4391),#4395);
#4391 = LINE('',#4392,#4393);
#4392 = CARTESIAN_POINT('',(1.5,3.));
#4393 = VECTOR('',#4394,1.);
#4394 = DIRECTION('',(1.,0.));
#4395 = ( GEOMETRIC_REPRESENTATION_CONTEXT(2) 
PARAMETRIC_REPRESENTATION_CONTEXT() REPRESENTATION_CONTEXT('2D SPACE',''
  ) );
#4396 = ORIENTED_EDGE('',*,*,#4397,.T.);
#4397 = EDGE_CURVE('',#4375,#1048,#4398,.T.);
#4398 = SURFACE_CURVE('',#4399,(#4403,#4410),.PCURVE_S1.);
#4399 = LINE('',#4400,#4401);
#4400 = CARTESIAN_POINT('',(26.,18.,16.));
#4401 = VECTOR('',#4402,1.);
#4402 = DIRECTION('',(0.,0.,-1.));
#4403 = PCURVE('',#1086,#4404);
#4404 = DEFINITIONAL_REPRESENTATION('',(#4405),#4409);
#4405 = LINE('',#4406,#4407);
#4406 = CARTESIAN_POINT('',(0.,-6.));
#4407 = VECTOR('',#4408,1.);
#4408 = DIRECTION('',(1.,0.));
#4409 = ( GEOMETRIC_REPRESENTATION_CONTEXT(2) 
PARAMETRIC_REPRESENTATION_CONTEXT() REPRESENTATION_CONTEXT('2D SPACE',''
  ) );
#4410 = PCURVE('',#1062,#4411);
#4411 = DEFINITIONAL_REPRESENTATION('',(#4412),#4416);
#4412 = LINE('',#4413,#4414);
#4413 = CARTESIAN_POINT('',(2.72215329431,8.47215329431));
#4414 = VECTOR('',#4415,1.);
#4415 = DIRECTION('',(-1.,0.));
#4416 = ( GEOMETRIC_REPRESENTATION_CONTEXT(2) 
PARAMETRIC_REPRESENTATION_CONTEXT() REPRESENTATION_CONTEXT('2D SPACE',''
  ) );
#4417 = ORIENTED_EDGE('',*,*,#1073,.T.);
#4418 = ADVANCED_FACE('',(#4419),#1036,.F.);
#4419 = FACE_BOUND('',#4420,.F.);
#4420 = EDGE_LOOP('',(#4421,#4422,#4423,#4446));
#4421 = ORIENTED_EDGE('',*,*,#4303,.F.);
#4422 = ORIENTED_EDGE('',*,*,#1021,.T.);
#4423 = ORIENTED_EDGE('',*,*,#4424,.T.);
#4424 = EDGE_CURVE('',#1022,#4425,#4427,.T.);
#4425 = VERTEX_POINT('',#4426);
#4426 = CARTESIAN_POINT('',(26.,38.5,16.));
#4427 = SURFACE_CURVE('',#4428,(#4432,#4439),.PCURVE_S1.);
#4428 = LINE('',#4429,#4430);
#4429 = CARTESIAN_POINT('',(26.,18.,7.));
#4430 = VECTOR('',#4431,1.);
#4431 = DIRECTION('',(0.,0.915644030191,0.401990062035));
#4432 = PCURVE('',#1036,#4433);
#4433 = DEFINITIONAL_REPRESENTATION('',(#4434),#4438);
#4434 = LINE('',#4435,#4436);
#4435 = CARTESIAN_POINT('',(0.,-6.));
#4436 = VECTOR('',#4437,1.);
#4437 = DIRECTION('',(1.,0.));
#4438 = ( GEOMETRIC_REPRESENTATION_CONTEXT(2) 
PARAMETRIC_REPRESENTATION_CONTEXT() REPRESENTATION_CONTEXT('2D SPACE',''
  ) );
#4439 = PCURVE('',#1062,#4440);
#4440 = DEFINITIONAL_REPRESENTATION('',(#4441),#4445);
#4441 = LINE('',#4442,#4443);
#4442 = CARTESIAN_POINT('',(-6.27784670569,8.47215329431));
#4443 = VECTOR('',#4444,1.);
#4444 = DIRECTION('',(0.401990062035,-0.915644030191));
#4445 = ( GEOMETRIC_REPRESENTATION_CONTEXT(2) 
PARAMETRIC_REPRESENTATION_CONTEXT() REPRESENTATION_CONTEXT('2D SPACE',''
  ) );
#4446 = ORIENTED_EDGE('',*,*,#4447,.F.);
#4447 = EDGE_CURVE('',#4304,#4425,#4448,.T.);
#4448 = SURFACE_CURVE('',#4449,(#4453,#4460),.PCURVE_S1.);
#4449 = LINE('',#4450,#4451);
#4450 = CARTESIAN_POINT('',(20.,38.5,16.));
#4451 = VECTOR('',#4452,1.);
#4452 = DIRECTION('',(1.,0.,0.));
#4453 = PCURVE('',#1036,#4454);
#4454 = DEFINITIONAL_REPRESENTATION('',(#4455),#4459);
#4455 = LINE('',#4456,#4457);
#4456 = CARTESIAN_POINT('',(22.388613177238,0.));
#4457 = VECTOR('',#4458,1.);
#4458 = DIRECTION('',(0.,-1.));
#4459 = ( GEOMETRIC_REPRESENTATION_CONTEXT(2) 
PARAMETRIC_REPRESENTATION_CONTEXT() REPRESENTATION_CONTEXT('2D SPACE',''
  ) );
#4460 = PCURVE('',#3288,#4461);
#4461 = DEFINITIONAL_REPRESENTATION('',(#4462),#4466);
#4462 = LINE('',#4463,#4464);
#4463 = CARTESIAN_POINT('',(0.,1.5));
#4464 = VECTOR('',#4465,1.);
#4465 = DIRECTION('',(0.,1.));
#4466 = ( GEOMETRIC_REPRESENTATION_CONTEXT(2) 
PARAMETRIC_REPRESENTATION_CONTEXT() REPRESENTATION_CONTEXT('2D SPACE',''
  ) );
#4467 = ADVANCED_FACE('',(#4468),#1062,.T.);
#4468 = FACE_BOUND('',#4469,.T.);
#4469 = EDGE_LOOP('',(#4470,#4471,#4472,#4493));
#4470 = ORIENTED_EDGE('',*,*,#1047,.T.);
#4471 = ORIENTED_EDGE('',*,*,#4424,.T.);
#4472 = ORIENTED_EDGE('',*,*,#4473,.T.);
#4473 = EDGE_CURVE('',#4425,#4375,#4474,.T.);
#4474 = SURFACE_CURVE('',#4475,(#4479,#4486),.PCURVE_S1.);
#4475 = LINE('',#4476,#4477);
#4476 = CARTESIAN_POINT('',(26.,38.5,16.));
#4477 = VECTOR('',#4478,1.);
#4478 = DIRECTION('',(0.,-1.,0.));
#4479 = PCURVE('',#1062,#4480);
#4480 = DEFINITIONAL_REPRESENTATION('',(#4481),#4485);
#4481 = LINE('',#4482,#4483);
#4482 = CARTESIAN_POINT('',(2.72215329431,-12.02784670569));
#4483 = VECTOR('',#4484,1.);
#4484 = DIRECTION('',(0.,1.));
#4485 = ( GEOMETRIC_REPRESENTATION_CONTEXT(2) 
PARAMETRIC_REPRESENTATION_CONTEXT() REPRESENTATION_CONTEXT('2D SPACE',''
  ) );
#4486 = PCURVE('',#3260,#4487);
#4487 = DEFINITIONAL_REPRESENTATION('',(#4488),#4492);
#4488 = LINE('',#4489,#4490);
#4489 = CARTESIAN_POINT('',(7.5,23.5));
#4490 = VECTOR('',#4491,1.);
#4491 = DIRECTION('',(0.,-1.));
#4492 = ( GEOMETRIC_REPRESENTATION_CONTEXT(2) 
PARAMETRIC_REPRESENTATION_CONTEXT() REPRESENTATION_CONTEXT('2D SPACE',''
  ) );
#4493 = ORIENTED_EDGE('',*,*,#4397,.T.);
#4494 = ADVANCED_FACE('',(#4495),#1345,.F.);
#4495 = FACE_BOUND('',#4496,.F.);
#4496 = EDGE_LOOP('',(#4497,#4498,#4518,#4545));
#4497 = ORIENTED_EDGE('',*,*,#1328,.T.);
#4498 = ORIENTED_EDGE('',*,*,#4499,.T.);
#4499 = EDGE_CURVE('',#1329,#4500,#4502,.T.);
#4500 = VERTEX_POINT('',#4501);
#4501 = CARTESIAN_POINT('',(-10.9,-13.,0.5));
#4502 = SEAM_CURVE('',#4503,(#4506,#4512),.PCURVE_S1.);
#4503 = B_SPLINE_CURVE_WITH_KNOTS('',1,(#4504,#4505),.UNSPECIFIED.,.F.,
  .F.,(2,2),(0.,1.),.PIECEWISE_BEZIER_KNOTS.);
#4504 = CARTESIAN_POINT('',(-10.65,-13.,0.));
#4505 = CARTESIAN_POINT('',(-10.9,-13.,0.5));
#4506 = PCURVE('',#1345,#4507);
#4507 = DEFINITIONAL_REPRESENTATION('',(#4508),#4511);
#4508 = B_SPLINE_CURVE_WITH_KNOTS('',1,(#4509,#4510),.UNSPECIFIED.,.F.,
  .F.,(2,2),(0.,1.),.PIECEWISE_BEZIER_KNOTS.);
#4509 = CARTESIAN_POINT('',(-6.28318530718,0.));
#4510 = CARTESIAN_POINT('',(-6.28318530718,-0.5));
#4511 = ( GEOMETRIC_REPRESENTATION_CONTEXT(2) 
PARAMETRIC_REPRESENTATION_CONTEXT() REPRESENTATION_CONTEXT('2D SPACE',''
  ) );
#4512 = PCURVE('',#1345,#4513);
#4513 = DEFINITIONAL_REPRESENTATION('',(#4514),#4517);
#4514 = B_SPLINE_CURVE_WITH_KNOTS('',1,(#4515,#4516),.UNSPECIFIED.,.F.,
  .F.,(2,2),(0.,1.),.PIECEWISE_BEZIER_KNOTS.);
#4515 = CARTESIAN_POINT('',(0.,0.));
#4516 = CARTESIAN_POINT('',(0.,-0.5));
#4517 = ( GEOMETRIC_REPRESENTATION_CONTEXT(2) 
PARAMETRIC_REPRESENTATION_CONTEXT() REPRESENTATION_CONTEXT('2D SPACE',''
  ) );
#4518 = ORIENTED_EDGE('',*,*,#4519,.F.);
#4519 = EDGE_CURVE('',#4500,#4500,#4520,.T.);
#4520 = SURFACE_CURVE('',#4521,(#4526,#4533),.PCURVE_S1.);
#4521 = CIRCLE('',#4522,2.1);
#4522 = AXIS2_PLACEMENT_3D('',#4523,#4524,#4525);
#4523 = CARTESIAN_POINT('',(-13.,-13.,0.5));
#4524 = DIRECTION('',(0.,0.,1.));
#4525 = DIRECTION('',(1.,0.,0.));
#4526 = PCURVE('',#1345,#4527);
#4527 = DEFINITIONAL_REPRESENTATION('',(#4528),#4532);
#4528 = LINE('',#4529,#4530);
#4529 = CARTESIAN_POINT('',(-0.,-0.5));
#4530 = VECTOR('',#4531,1.);
#4531 = DIRECTION('',(-1.,-0.));
#4532 = ( GEOMETRIC_REPRESENTATION_CONTEXT(2) 
PARAMETRIC_REPRESENTATION_CONTEXT() REPRESENTATION_CONTEXT('2D SPACE',''
  ) );
#4533 = PCURVE('',#4534,#4539);
#4534 = CYLINDRICAL_SURFACE('',#4535,2.1);
#4535 = AXIS2_PLACEMENT_3D('',#4536,#4537,#4538);
#4536 = CARTESIAN_POINT('',(-13.,-13.,0.));
#4537 = DIRECTION('',(-0.,-0.,-1.));
#4538 = DIRECTION('',(1.,0.,0.));
#4539 = DEFINITIONAL_REPRESENTATION('',(#4540),#4544);
#4540 = LINE('',#4541,#4542);
#4541 = CARTESIAN_POINT('',(-0.,-0.5));
#4542 = VECTOR('',#4543,1.);
#4543 = DIRECTION('',(-1.,0.));
#4544 = ( GEOMETRIC_REPRESENTATION_CONTEXT(2) 
PARAMETRIC_REPRESENTATION_CONTEXT() REPRESENTATION_CONTEXT('2D SPACE',''
  ) );
#4545 = ORIENTED_EDGE('',*,*,#4499,.F.);
#4546 = ADVANCED_FACE('',(#4547),#1376,.F.);
#4547 = FACE_BOUND('',#4548,.F.);
#4548 = EDGE_LOOP('',(#4549,#4550,#4570,#4597));
#4549 = ORIENTED_EDGE('',*,*,#1359,.T.);
#4550 = ORIENTED_EDGE('',*,*,#4551,.T.);
#4551 = EDGE_CURVE('',#1360,#4552,#4554,.T.);
#4552 = VERTEX_POINT('',#4553);
#4553 = CARTESIAN_POINT('',(15.1,-13.,0.5));
#4554 = SEAM_CURVE('',#4555,(#4558,#4564),.PCURVE_S1.);
#4555 = B_SPLINE_CURVE_WITH_KNOTS('',1,(#4556,#4557),.UNSPECIFIED.,.F.,
  .F.,(2,2),(0.,1.),.PIECEWISE_BEZIER_KNOTS.);
#4556 = CARTESIAN_POINT('',(15.35,-13.,0.));
#4557 = CARTESIAN_POINT('',(15.1,-13.,0.5));
#4558 = PCURVE('',#1376,#4559);
#4559 = DEFINITIONAL_REPRESENTATION('',(#4560),#4563);
#4560 = B_SPLINE_CURVE_WITH_KNOTS('',1,(#4561,#4562),.UNSPECIFIED.,.F.,
  .F.,(2,2),(0.,1.),.PIECEWISE_BEZIER_KNOTS.);
#4561 = CARTESIAN_POINT('',(-6.28318530718,0.));
#4562 = CARTESIAN_POINT('',(-6.28318530718,-0.5));
#4563 = ( GEOMETRIC_REPRESENTATION_CONTEXT(2) 
PARAMETRIC_REPRESENTATION_CONTEXT() REPRESENTATION_CONTEXT('2D SPACE',''
  ) );
#4564 = PCURVE('',#1376,#4565);
#4565 = DEFINITIONAL_REPRESENTATION('',(#4566),#4569);
#4566 = B_SPLINE_CURVE_WITH_KNOTS('',1,(#4567,#4568),.UNSPECIFIED.,.F.,
  .F.,(2,2),(0.,1.),.PIECEWISE_BEZIER_KNOTS.);
#4567 = CARTESIAN_POINT('',(0.,0.));
#4568 = CARTESIAN_POINT('',(0.,-0.5));
#4569 = ( GEOMETRIC_REPRESENTATION_CONTEXT(2) 
PARAMETRIC_REPRESENTATION_CONTEXT() REPRESENTATION_CONTEXT('2D SPACE',''
  ) );
#4570 = ORIENTED_EDGE('',*,*,#4571,.F.);
#4571 = EDGE_CURVE('',#4552,#4552,#4572,.T.);
#4572 = SURFACE_CURVE('',#4573,(#4578,#4585),.PCURVE_S1.);
#4573 = CIRCLE('',#4574,2.1);
#4574 = AXIS2_PLACEMENT_3D('',#4575,#4576,#4577);
#4575 = CARTESIAN_POINT('',(13.,-13.,0.5));
#4576 = DIRECTION('',(0.,0.,1.));
#4577 = DIRECTION('',(1.,0.,0.));
#4578 = PCURVE('',#1376,#4579);
#4579 = DEFINITIONAL_REPRESENTATION('',(#4580),#4584);
#4580 = LINE('',#4581,#4582);
#4581 = CARTESIAN_POINT('',(-0.,-0.5));
#4582 = VECTOR('',#4583,1.);
#4583 = DIRECTION('',(-1.,-0.));
#4584 = ( GEOMETRIC_REPRESENTATION_CONTEXT(2) 
PARAMETRIC_REPRESENTATION_CONTEXT() REPRESENTATION_CONTEXT('2D SPACE',''
  ) );
#4585 = PCURVE('',#4586,#4591);
#4586 = CYLINDRICAL_SURFACE('',#4587,2.1);
#4587 = AXIS2_PLACEMENT_3D('',#4588,#4589,#4590);
#4588 = CARTESIAN_POINT('',(13.,-13.,0.));
#4589 = DIRECTION('',(-0.,-0.,-1.));
#4590 = DIRECTION('',(1.,0.,0.));
#4591 = DEFINITIONAL_REPRESENTATION('',(#4592),#4596);
#4592 = LINE('',#4593,#4594);
#4593 = CARTESIAN_POINT('',(-0.,-0.5));
#4594 = VECTOR('',#4595,1.);
#4595 = DIRECTION('',(-1.,0.));
#4596 = ( GEOMETRIC_REPRESENTATION_CONTEXT(2) 
PARAMETRIC_REPRESENTATION_CONTEXT() REPRESENTATION_CONTEXT('2D SPACE',''
  ) );
#4597 = ORIENTED_EDGE('',*,*,#4551,.F.);
#4598 = ADVANCED_FACE('',(#4599),#1407,.F.);
#4599 = FACE_BOUND('',#4600,.F.);
#4600 = EDGE_LOOP('',(#4601,#4602,#4622,#4649));
#4601 = ORIENTED_EDGE('',*,*,#1390,.T.);
#4602 = ORIENTED_EDGE('',*,*,#4603,.T.);
#4603 = EDGE_CURVE('',#1391,#4604,#4606,.T.);
#4604 = VERTEX_POINT('',#4605);
#4605 = CARTESIAN_POINT('',(-10.9,13.,0.5));
#4606 = SEAM_CURVE('',#4607,(#4610,#4616),.PCURVE_S1.);
#4607 = B_SPLINE_CURVE_WITH_KNOTS('',1,(#4608,#4609),.UNSPECIFIED.,.F.,
  .F.,(2,2),(0.,1.),.PIECEWISE_BEZIER_KNOTS.);
#4608 = CARTESIAN_POINT('',(-10.65,13.,0.));
#4609 = CARTESIAN_POINT('',(-10.9,13.,0.5));
#4610 = PCURVE('',#1407,#4611);
#4611 = DEFINITIONAL_REPRESENTATION('',(#4612),#4615);
#4612 = B_SPLINE_CURVE_WITH_KNOTS('',1,(#4613,#4614),.UNSPECIFIED.,.F.,
  .F.,(2,2),(0.,1.),.PIECEWISE_BEZIER_KNOTS.);
#4613 = CARTESIAN_POINT('',(-6.28318530718,0.));
#4614 = CARTESIAN_POINT('',(-6.28318530718,-0.5));
#4615 = ( GEOMETRIC_REPRESENTATION_CONTEXT(2) 
PARAMETRIC_REPRESENTATION_CONTEXT() REPRESENTATION_CONTEXT('2D SPACE',''
  ) );
#4616 = PCURVE('',#1407,#4617);
#4617 = DEFINITIONAL_REPRESENTATION('',(#4618),#4621);
#4618 = B_SPLINE_CURVE_WITH_KNOTS('',1,(#4619,#4620),.UNSPECIFIED.,.F.,
  .F.,(2,2),(0.,1.),.PIECEWISE_BEZIER_KNOTS.);
#4619 = CARTESIAN_POINT('',(0.,0.));
#4620 = CARTESIAN_POINT('',(0.,-0.5));
#4621 = ( GEOMETRIC_REPRESENTATION_CONTEXT(2) 
PARAMETRIC_REPRESENTATION_CONTEXT() REPRESENTATION_CONTEXT('2D SPACE',''
  ) );
#4622 = ORIENTED_EDGE('',*,*,#4623,.F.);
#4623 = EDGE_CURVE('',#4604,#4604,#4624,.T.);
#4624 = SURFACE_CURVE('',#4625,(#4630,#4637),.PCURVE_S1.);
#4625 = CIRCLE('',#4626,2.1);
#4626 = AXIS2_PLACEMENT_3D('',#4627,#4628,#4629);
#4627 = CARTESIAN_POINT('',(-13.,13.,0.5));
#4628 = DIRECTION('',(0.,0.,1.));
#4629 = DIRECTION('',(1.,0.,0.));
#4630 = PCURVE('',#1407,#4631);
#4631 = DEFINITIONAL_REPRESENTATION('',(#4632),#4636);
#4632 = LINE('',#4633,#4634);
#4633 = CARTESIAN_POINT('',(-0.,-0.5));
#4634 = VECTOR('',#4635,1.);
#4635 = DIRECTION('',(-1.,-0.));
#4636 = ( GEOMETRIC_REPRESENTATION_CONTEXT(2) 
PARAMETRIC_REPRESENTATION_CONTEXT() REPRESENTATION_CONTEXT('2D SPACE',''
  ) );
#4637 = PCURVE('',#4638,#4643);
#4638 = CYLINDRICAL_SURFACE('',#4639,2.1);
#4639 = AXIS2_PLACEMENT_3D('',#4640,#4641,#4642);
#4640 = CARTESIAN_POINT('',(-13.,13.,0.));
#4641 = DIRECTION('',(-0.,-0.,-1.));
#4642 = DIRECTION('',(1.,0.,0.));
#4643 = DEFINITIONAL_REPRESENTATION('',(#4644),#4648);
#4644 = LINE('',#4645,#4646);
#4645 = CARTESIAN_POINT('',(-0.,-0.5));
#4646 = VECTOR('',#4647,1.);
#4647 = DIRECTION('',(-1.,0.));
#4648 = ( GEOMETRIC_REPRESENTATION_CONTEXT(2) 
PARAMETRIC_REPRESENTATION_CONTEXT() REPRESENTATION_CONTEXT('2D SPACE',''
  ) );
#4649 = ORIENTED_EDGE('',*,*,#4603,.F.);
#4650 = ADVANCED_FACE('',(#4651),#1438,.F.);
#4651 = FACE_BOUND('',#4652,.F.);
#4652 = EDGE_LOOP('',(#4653,#4654,#4674,#4701));
#4653 = ORIENTED_EDGE('',*,*,#1421,.T.);
#4654 = ORIENTED_EDGE('',*,*,#4655,.T.);
#4655 = EDGE_CURVE('',#1422,#4656,#4658,.T.);
#4656 = VERTEX_POINT('',#4657);
#4657 = CARTESIAN_POINT('',(15.1,13.,0.5));
#4658 = SEAM_CURVE('',#4659,(#4662,#4668),.PCURVE_S1.);
#4659 = B_SPLINE_CURVE_WITH_KNOTS('',1,(#4660,#4661),.UNSPECIFIED.,.F.,
  .F.,(2,2),(0.,1.),.PIECEWISE_BEZIER_KNOTS.);
#4660 = CARTESIAN_POINT('',(15.35,13.,0.));
#4661 = CARTESIAN_POINT('',(15.1,13.,0.5));
#4662 = PCURVE('',#1438,#4663);
#4663 = DEFINITIONAL_REPRESENTATION('',(#4664),#4667);
#4664 = B_SPLINE_CURVE_WITH_KNOTS('',1,(#4665,#4666),.UNSPECIFIED.,.F.,
  .F.,(2,2),(0.,1.),.PIECEWISE_BEZIER_KNOTS.);
#4665 = CARTESIAN_POINT('',(-6.28318530718,0.));
#4666 = CARTESIAN_POINT('',(-6.28318530718,-0.5));
#4667 = ( GEOMETRIC_REPRESENTATION_CONTEXT(2) 
PARAMETRIC_REPRESENTATION_CONTEXT() REPRESENTATION_CONTEXT('2D SPACE',''
  ) );
#4668 = PCURVE('',#1438,#4669);
#4669 = DEFINITIONAL_REPRESENTATION('',(#4670),#4673);
#4670 = B_SPLINE_CURVE_WITH_KNOTS('',1,(#4671,#4672),.UNSPECIFIED.,.F.,
  .F.,(2,2),(0.,1.),.PIECEWISE_BEZIER_KNOTS.);
#4671 = CARTESIAN_POINT('',(0.,0.));
#4672 = CARTESIAN_POINT('',(0.,-0.5));
#4673 = ( GEOMETRIC_REPRESENTATION_CONTEXT(2) 
PARAMETRIC_REPRESENTATION_CONTEXT() REPRESENTATION_CONTEXT('2D SPACE',''
  ) );
#4674 = ORIENTED_EDGE('',*,*,#4675,.F.);
#4675 = EDGE_CURVE('',#4656,#4656,#4676,.T.);
#4676 = SURFACE_CURVE('',#4677,(#4682,#4689),.PCURVE_S1.);
#4677 = CIRCLE('',#4678,2.1);
#4678 = AXIS2_PLACEMENT_3D('',#4679,#4680,#4681);
#4679 = CARTESIAN_POINT('',(13.,13.,0.5));
#4680 = DIRECTION('',(0.,0.,1.));
#4681 = DIRECTION('',(1.,0.,0.));
#4682 = PCURVE('',#1438,#4683);
#4683 = DEFINITIONAL_REPRESENTATION('',(#4684),#4688);
#4684 = LINE('',#4685,#4686);
#4685 = CARTESIAN_POINT('',(-0.,-0.5));
#4686 = VECTOR('',#4687,1.);
#4687 = DIRECTION('',(-1.,-0.));
#4688 = ( GEOMETRIC_REPRESENTATION_CONTEXT(2) 
PARAMETRIC_REPRESENTATION_CONTEXT() REPRESENTATION_CONTEXT('2D SPACE',''
  ) );
#4689 = PCURVE('',#4690,#4695);
#4690 = CYLINDRICAL_SURFACE('',#4691,2.1);
#4691 = AXIS2_PLACEMENT_3D('',#4692,#4693,#4694);
#4692 = CARTESIAN_POINT('',(13.,13.,0.));
#4693 = DIRECTION('',(-0.,-0.,-1.));
#4694 = DIRECTION('',(1.,0.,0.));
#4695 = DEFINITIONAL_REPRESENTATION('',(#4696),#4700);
#4696 = LINE('',#4697,#4698);
#4697 = CARTESIAN_POINT('',(-0.,-0.5));
#4698 = VECTOR('',#4699,1.);
#4699 = DIRECTION('',(-1.,0.));
#4700 = ( GEOMETRIC_REPRESENTATION_CONTEXT(2) 
PARAMETRIC_REPRESENTATION_CONTEXT() REPRESENTATION_CONTEXT('2D SPACE',''
  ) );
#4701 = ORIENTED_EDGE('',*,*,#4655,.F.);
#4702 = ADVANCED_FACE('',(#4703,#4904,#4939),#1472,.F.);
#4703 = FACE_BOUND('',#4704,.F.);
#4704 = EDGE_LOOP('',(#4705,#4706,#4707,#4730,#4753,#4774,#4775,#4776,
    #4799,#4827,#4855,#4883));
#4705 = ORIENTED_EDGE('',*,*,#1660,.F.);
#4706 = ORIENTED_EDGE('',*,*,#1456,.T.);
#4707 = ORIENTED_EDGE('',*,*,#4708,.F.);
#4708 = EDGE_CURVE('',#4709,#1457,#4711,.T.);
#4709 = VERTEX_POINT('',#4710);
#4710 = CARTESIAN_POINT('',(-3.,58.,8.));
#4711 = SURFACE_CURVE('',#4712,(#4716,#4723),.PCURVE_S1.);
#4712 = LINE('',#4713,#4714);
#4713 = CARTESIAN_POINT('',(-3.,58.,8.));
#4714 = VECTOR('',#4715,1.);
#4715 = DIRECTION('',(0.,-1.,0.));
#4716 = PCURVE('',#1472,#4717);
#4717 = DEFINITIONAL_REPRESENTATION('',(#4718),#4722);
#4718 = LINE('',#4719,#4720);
#4719 = CARTESIAN_POINT('',(5.,42.));
#4720 = VECTOR('',#4721,1.);
#4721 = DIRECTION('',(0.,-1.));
#4722 = ( GEOMETRIC_REPRESENTATION_CONTEXT(2) 
PARAMETRIC_REPRESENTATION_CONTEXT() REPRESENTATION_CONTEXT('2D SPACE',''
  ) );
#4723 = PCURVE('',#1499,#4724);
#4724 = DEFINITIONAL_REPRESENTATION('',(#4725),#4729);
#4725 = LINE('',#4726,#4727);
#4726 = CARTESIAN_POINT('',(2.198039027186,-21.80196097281));
#4727 = VECTOR('',#4728,1.);
#4728 = DIRECTION('',(0.,1.));
#4729 = ( GEOMETRIC_REPRESENTATION_CONTEXT(2) 
PARAMETRIC_REPRESENTATION_CONTEXT() REPRESENTATION_CONTEXT('2D SPACE',''
  ) );
#4730 = ORIENTED_EDGE('',*,*,#4731,.T.);
#4731 = EDGE_CURVE('',#4709,#4732,#4734,.T.);
#4732 = VERTEX_POINT('',#4733);
#4733 = CARTESIAN_POINT('',(3.,58.,8.));
#4734 = SURFACE_CURVE('',#4735,(#4739,#4746),.PCURVE_S1.);
#4735 = LINE('',#4736,#4737);
#4736 = CARTESIAN_POINT('',(-3.,58.,8.));
#4737 = VECTOR('',#4738,1.);
#4738 = DIRECTION('',(1.,0.,0.));
#4739 = PCURVE('',#1472,#4740);
#4740 = DEFINITIONAL_REPRESENTATION('',(#4741),#4745);
#4741 = LINE('',#4742,#4743);
#4742 = CARTESIAN_POINT('',(5.,42.));
#4743 = VECTOR('',#4744,1.);
#4744 = DIRECTION('',(1.,0.));
#4745 = ( GEOMETRIC_REPRESENTATION_CONTEXT(2) 
PARAMETRIC_REPRESENTATION_CONTEXT() REPRESENTATION_CONTEXT('2D SPACE',''
  ) );
#4746 = PCURVE('',#1525,#4747);
#4747 = DEFINITIONAL_REPRESENTATION('',(#4748),#4752);
#4748 = LINE('',#4749,#4750);
#4749 = CARTESIAN_POINT('',(40.792156108742,0.));
#4750 = VECTOR('',#4751,1.);
#4751 = DIRECTION('',(0.,-1.));
#4752 = ( GEOMETRIC_REPRESENTATION_CONTEXT(2) 
PARAMETRIC_REPRESENTATION_CONTEXT() REPRESENTATION_CONTEXT('2D SPACE',''
  ) );
#4753 = ORIENTED_EDGE('',*,*,#4754,.T.);
#4754 = EDGE_CURVE('',#4732,#1537,#4755,.T.);
#4755 = SURFACE_CURVE('',#4756,(#4760,#4767),.PCURVE_S1.);
#4756 = LINE('',#4757,#4758);
#4757 = CARTESIAN_POINT('',(3.,58.,8.));
#4758 = VECTOR('',#4759,1.);
#4759 = DIRECTION('',(0.,-1.,0.));
#4760 = PCURVE('',#1472,#4761);
#4761 = DEFINITIONAL_REPRESENTATION('',(#4762),#4766);
#4762 = LINE('',#4763,#4764);
#4763 = CARTESIAN_POINT('',(11.,42.));
#4764 = VECTOR('',#4765,1.);
#4765 = DIRECTION('',(0.,-1.));
#4766 = ( GEOMETRIC_REPRESENTATION_CONTEXT(2) 
PARAMETRIC_REPRESENTATION_CONTEXT() REPRESENTATION_CONTEXT('2D SPACE',''
  ) );
#4767 = PCURVE('',#1551,#4768);
#4768 = DEFINITIONAL_REPRESENTATION('',(#4769),#4773);
#4769 = LINE('',#4770,#4771);
#4770 = CARTESIAN_POINT('',(2.198039027186,-21.80196097281));
#4771 = VECTOR('',#4772,1.);
#4772 = DIRECTION('',(0.,1.));
#4773 = ( GEOMETRIC_REPRESENTATION_CONTEXT(2) 
PARAMETRIC_REPRESENTATION_CONTEXT() REPRESENTATION_CONTEXT('2D SPACE',''
  ) );
#4774 = ORIENTED_EDGE('',*,*,#1562,.T.);
#4775 = ORIENTED_EDGE('',*,*,#1784,.T.);
#4776 = ORIENTED_EDGE('',*,*,#4777,.T.);
#4777 = EDGE_CURVE('',#1785,#4778,#4780,.T.);
#4778 = VERTEX_POINT('',#4779);
#4779 = CARTESIAN_POINT('',(28.5,61.,8.));
#4780 = SURFACE_CURVE('',#4781,(#4785,#4792),.PCURVE_S1.);
#4781 = LINE('',#4782,#4783);
#4782 = CARTESIAN_POINT('',(-28.5,61.,8.));
#4783 = VECTOR('',#4784,1.);
#4784 = DIRECTION('',(1.,0.,0.));
#4785 = PCURVE('',#1472,#4786);
#4786 = DEFINITIONAL_REPRESENTATION('',(#4787),#4791);
#4787 = LINE('',#4788,#4789);
#4788 = CARTESIAN_POINT('',(-20.5,45.));
#4789 = VECTOR('',#4790,1.);
#4790 = DIRECTION('',(1.,0.));
#4791 = ( GEOMETRIC_REPRESENTATION_CONTEXT(2) 
PARAMETRIC_REPRESENTATION_CONTEXT() REPRESENTATION_CONTEXT('2D SPACE',''
  ) );
#4792 = PCURVE('',#1820,#4793);
#4793 = DEFINITIONAL_REPRESENTATION('',(#4794),#4798);
#4794 = LINE('',#4795,#4796);
#4795 = CARTESIAN_POINT('',(0.,0.));
#4796 = VECTOR('',#4797,1.);
#4797 = DIRECTION('',(0.,1.));
#4798 = ( GEOMETRIC_REPRESENTATION_CONTEXT(2) 
PARAMETRIC_REPRESENTATION_CONTEXT() REPRESENTATION_CONTEXT('2D SPACE',''
  ) );
#4799 = ORIENTED_EDGE('',*,*,#4800,.T.);
#4800 = EDGE_CURVE('',#4778,#4801,#4803,.T.);
#4801 = VERTEX_POINT('',#4802);
#4802 = CARTESIAN_POINT('',(28.5,79.,8.));
#4803 = SURFACE_CURVE('',#4804,(#4808,#4815),.PCURVE_S1.);
#4804 = LINE('',#4805,#4806);
#4805 = CARTESIAN_POINT('',(28.5,61.,8.));
#4806 = VECTOR('',#4807,1.);
#4807 = DIRECTION('',(0.,1.,0.));
#4808 = PCURVE('',#1472,#4809);
#4809 = DEFINITIONAL_REPRESENTATION('',(#4810),#4814);
#4810 = LINE('',#4811,#4812);
#4811 = CARTESIAN_POINT('',(36.5,45.));
#4812 = VECTOR('',#4813,1.);
#4813 = DIRECTION('',(0.,1.));
#4814 = ( GEOMETRIC_REPRESENTATION_CONTEXT(2) 
PARAMETRIC_REPRESENTATION_CONTEXT() REPRESENTATION_CONTEXT('2D SPACE',''
  ) );
#4815 = PCURVE('',#4816,#4821);
#4816 = PLANE('',#4817);
#4817 = AXIS2_PLACEMENT_3D('',#4818,#4819,#4820);
#4818 = CARTESIAN_POINT('',(28.5,61.,8.));
#4819 = DIRECTION('',(1.,0.,0.));
#4820 = DIRECTION('',(0.,0.,1.));
#4821 = DEFINITIONAL_REPRESENTATION('',(#4822),#4826);
#4822 = LINE('',#4823,#4824);
#4823 = CARTESIAN_POINT('',(0.,0.));
#4824 = VECTOR('',#4825,1.);
#4825 = DIRECTION('',(0.,-1.));
#4826 = ( GEOMETRIC_REPRESENTATION_CONTEXT(2) 
PARAMETRIC_REPRESENTATION_CONTEXT() REPRESENTATION_CONTEXT('2D SPACE',''
  ) );
#4827 = ORIENTED_EDGE('',*,*,#4828,.F.);
#4828 = EDGE_CURVE('',#4829,#4801,#4831,.T.);
#4829 = VERTEX_POINT('',#4830);
#4830 = CARTESIAN_POINT('',(-28.5,79.,8.));
#4831 = SURFACE_CURVE('',#4832,(#4836,#4843),.PCURVE_S1.);
#4832 = LINE('',#4833,#4834);
#4833 = CARTESIAN_POINT('',(-28.5,79.,8.));
#4834 = VECTOR('',#4835,1.);
#4835 = DIRECTION('',(1.,0.,0.));
#4836 = PCURVE('',#1472,#4837);
#4837 = DEFINITIONAL_REPRESENTATION('',(#4838),#4842);
#4838 = LINE('',#4839,#4840);
#4839 = CARTESIAN_POINT('',(-20.5,63.));
#4840 = VECTOR('',#4841,1.);
#4841 = DIRECTION('',(1.,0.));
#4842 = ( GEOMETRIC_REPRESENTATION_CONTEXT(2) 
PARAMETRIC_REPRESENTATION_CONTEXT() REPRESENTATION_CONTEXT('2D SPACE',''
  ) );
#4843 = PCURVE('',#4844,#4849);
#4844 = PLANE('',#4845);
#4845 = AXIS2_PLACEMENT_3D('',#4846,#4847,#4848);
#4846 = CARTESIAN_POINT('',(-28.5,79.,8.));
#4847 = DIRECTION('',(0.,1.,0.));
#4848 = DIRECTION('',(0.,0.,1.));
#4849 = DEFINITIONAL_REPRESENTATION('',(#4850),#4854);
#4850 = LINE('',#4851,#4852);
#4851 = CARTESIAN_POINT('',(0.,0.));
#4852 = VECTOR('',#4853,1.);
#4853 = DIRECTION('',(0.,1.));
#4854 = ( GEOMETRIC_REPRESENTATION_CONTEXT(2) 
PARAMETRIC_REPRESENTATION_CONTEXT() REPRESENTATION_CONTEXT('2D SPACE',''
  ) );
#4855 = ORIENTED_EDGE('',*,*,#4856,.F.);
#4856 = EDGE_CURVE('',#4857,#4829,#4859,.T.);
#4857 = VERTEX_POINT('',#4858);
#4858 = CARTESIAN_POINT('',(-28.5,61.,8.));
#4859 = SURFACE_CURVE('',#4860,(#4864,#4871),.PCURVE_S1.);
#4860 = LINE('',#4861,#4862);
#4861 = CARTESIAN_POINT('',(-28.5,61.,8.));
#4862 = VECTOR('',#4863,1.);
#4863 = DIRECTION('',(0.,1.,0.));
#4864 = PCURVE('',#1472,#4865);
#4865 = DEFINITIONAL_REPRESENTATION('',(#4866),#4870);
#4866 = LINE('',#4867,#4868);
#4867 = CARTESIAN_POINT('',(-20.5,45.));
#4868 = VECTOR('',#4869,1.);
#4869 = DIRECTION('',(0.,1.));
#4870 = ( GEOMETRIC_REPRESENTATION_CONTEXT(2) 
PARAMETRIC_REPRESENTATION_CONTEXT() REPRESENTATION_CONTEXT('2D SPACE',''
  ) );
#4871 = PCURVE('',#4872,#4877);
#4872 = PLANE('',#4873);
#4873 = AXIS2_PLACEMENT_3D('',#4874,#4875,#4876);
#4874 = CARTESIAN_POINT('',(-28.5,61.,8.));
#4875 = DIRECTION('',(1.,0.,0.));
#4876 = DIRECTION('',(0.,0.,1.));
#4877 = DEFINITIONAL_REPRESENTATION('',(#4878),#4882);
#4878 = LINE('',#4879,#4880);
#4879 = CARTESIAN_POINT('',(0.,0.));
#4880 = VECTOR('',#4881,1.);
#4881 = DIRECTION('',(0.,-1.));
#4882 = ( GEOMETRIC_REPRESENTATION_CONTEXT(2) 
PARAMETRIC_REPRESENTATION_CONTEXT() REPRESENTATION_CONTEXT('2D SPACE',''
  ) );
#4883 = ORIENTED_EDGE('',*,*,#4884,.T.);
#4884 = EDGE_CURVE('',#4857,#1661,#4885,.T.);
#4885 = SURFACE_CURVE('',#4886,(#4890,#4897),.PCURVE_S1.);
#4886 = LINE('',#4887,#4888);
#4887 = CARTESIAN_POINT('',(-28.5,61.,8.));
#4888 = VECTOR('',#4889,1.);
#4889 = DIRECTION('',(1.,0.,0.));
#4890 = PCURVE('',#1472,#4891);
#4891 = DEFINITIONAL_REPRESENTATION('',(#4892),#4896);
#4892 = LINE('',#4893,#4894);
#4893 = CARTESIAN_POINT('',(-20.5,45.));
#4894 = VECTOR('',#4895,1.);
#4895 = DIRECTION('',(1.,0.));
#4896 = ( GEOMETRIC_REPRESENTATION_CONTEXT(2) 
PARAMETRIC_REPRESENTATION_CONTEXT() REPRESENTATION_CONTEXT('2D SPACE',''
  ) );
#4897 = PCURVE('',#1696,#4898);
#4898 = DEFINITIONAL_REPRESENTATION('',(#4899),#4903);
#4899 = LINE('',#4900,#4901);
#4900 = CARTESIAN_POINT('',(0.,0.));
#4901 = VECTOR('',#4902,1.);
#4902 = DIRECTION('',(0.,1.));
#4903 = ( GEOMETRIC_REPRESENTATION_CONTEXT(2) 
PARAMETRIC_REPRESENTATION_CONTEXT() REPRESENTATION_CONTEXT('2D SPACE',''
  ) );
#4904 = FACE_BOUND('',#4905,.F.);
#4905 = EDGE_LOOP('',(#4906));
#4906 = ORIENTED_EDGE('',*,*,#4907,.T.);
#4907 = EDGE_CURVE('',#4908,#4908,#4910,.T.);
#4908 = VERTEX_POINT('',#4909);
#4909 = CARTESIAN_POINT('',(-20.9,70.,8.));
#4910 = SURFACE_CURVE('',#4911,(#4916,#4927),.PCURVE_S1.);
#4911 = CIRCLE('',#4912,1.6);
#4912 = AXIS2_PLACEMENT_3D('',#4913,#4914,#4915);
#4913 = CARTESIAN_POINT('',(-22.5,70.,8.));
#4914 = DIRECTION('',(0.,0.,-1.));
#4915 = DIRECTION('',(1.,0.,0.));
#4916 = PCURVE('',#1472,#4917);
#4917 = DEFINITIONAL_REPRESENTATION('',(#4918),#4926);
#4918 = ( BOUNDED_CURVE() B_SPLINE_CURVE(2,(#4919,#4920,#4921,#4922,
#4923,#4924,#4925),.UNSPECIFIED.,.T.,.F.) B_SPLINE_CURVE_WITH_KNOTS((1,2
    ,2,2,2,1),(-2.094395102393,0.,2.094395102393,4.188790204786,
6.28318530718,8.377580409573),.UNSPECIFIED.) CURVE() 
GEOMETRIC_REPRESENTATION_ITEM() RATIONAL_B_SPLINE_CURVE((1.,0.5,1.,0.5,
1.,0.5,1.)) REPRESENTATION_ITEM('') );
#4919 = CARTESIAN_POINT('',(-12.9,54.));
#4920 = CARTESIAN_POINT('',(-12.9,51.22871870789));
#4921 = CARTESIAN_POINT('',(-15.3,52.614359353945));
#4922 = CARTESIAN_POINT('',(-17.7,54.));
#4923 = CARTESIAN_POINT('',(-15.3,55.385640646055));
#4924 = CARTESIAN_POINT('',(-12.9,56.77128129211));
#4925 = CARTESIAN_POINT('',(-12.9,54.));
#4926 = ( GEOMETRIC_REPRESENTATION_CONTEXT(2) 
PARAMETRIC_REPRESENTATION_CONTEXT() REPRESENTATION_CONTEXT('2D SPACE',''
  ) );
#4927 = PCURVE('',#4928,#4933);
#4928 = CYLINDRICAL_SURFACE('',#4929,1.6);
#4929 = AXIS2_PLACEMENT_3D('',#4930,#4931,#4932);
#4930 = CARTESIAN_POINT('',(-22.5,70.,7.));
#4931 = DIRECTION('',(-0.,-0.,-1.));
#4932 = DIRECTION('',(1.,0.,0.));
#4933 = DEFINITIONAL_REPRESENTATION('',(#4934),#4938);
#4934 = LINE('',#4935,#4936);
#4935 = CARTESIAN_POINT('',(-6.28318530718,-1.));
#4936 = VECTOR('',#4937,1.);
#4937 = DIRECTION('',(1.,-0.));
#4938 = ( GEOMETRIC_REPRESENTATION_CONTEXT(2) 
PARAMETRIC_REPRESENTATION_CONTEXT() REPRESENTATION_CONTEXT('2D SPACE',''
  ) );
#4939 = FACE_BOUND('',#4940,.F.);
#4940 = EDGE_LOOP('',(#4941));
#4941 = ORIENTED_EDGE('',*,*,#4942,.T.);
#4942 = EDGE_CURVE('',#4943,#4943,#4945,.T.);
#4943 = VERTEX_POINT('',#4944);
#4944 = CARTESIAN_POINT('',(24.1,70.,8.));
#4945 = SURFACE_CURVE('',#4946,(#4951,#4962),.PCURVE_S1.);
#4946 = CIRCLE('',#4947,1.6);
#4947 = AXIS2_PLACEMENT_3D('',#4948,#4949,#4950);
#4948 = CARTESIAN_POINT('',(22.5,70.,8.));
#4949 = DIRECTION('',(0.,0.,-1.));
#4950 = DIRECTION('',(1.,0.,0.));
#4951 = PCURVE('',#1472,#4952);
#4952 = DEFINITIONAL_REPRESENTATION('',(#4953),#4961);
#4953 = ( BOUNDED_CURVE() B_SPLINE_CURVE(2,(#4954,#4955,#4956,#4957,
#4958,#4959,#4960),.UNSPECIFIED.,.T.,.F.) B_SPLINE_CURVE_WITH_KNOTS((1,2
    ,2,2,2,1),(-2.094395102393,0.,2.094395102393,4.188790204786,
6.28318530718,8.377580409573),.UNSPECIFIED.) CURVE() 
GEOMETRIC_REPRESENTATION_ITEM() RATIONAL_B_SPLINE_CURVE((1.,0.5,1.,0.5,
1.,0.5,1.)) REPRESENTATION_ITEM('') );
#4954 = CARTESIAN_POINT('',(32.1,54.));
#4955 = CARTESIAN_POINT('',(32.1,51.22871870789));
#4956 = CARTESIAN_POINT('',(29.7,52.614359353945));
#4957 = CARTESIAN_POINT('',(27.3,54.));
#4958 = CARTESIAN_POINT('',(29.7,55.385640646055));
#4959 = CARTESIAN_POINT('',(32.1,56.77128129211));
#4960 = CARTESIAN_POINT('',(32.1,54.));
#4961 = ( GEOMETRIC_REPRESENTATION_CONTEXT(2) 
PARAMETRIC_REPRESENTATION_CONTEXT() REPRESENTATION_CONTEXT('2D SPACE',''
  ) );
#4962 = PCURVE('',#4963,#4968);
#4963 = CYLINDRICAL_SURFACE('',#4964,1.6);
#4964 = AXIS2_PLACEMENT_3D('',#4965,#4966,#4967);
#4965 = CARTESIAN_POINT('',(22.5,70.,7.));
#4966 = DIRECTION('',(-0.,-0.,-1.));
#4967 = DIRECTION('',(1.,0.,0.));
#4968 = DEFINITIONAL_REPRESENTATION('',(#4969),#4973);
#4969 = LINE('',#4970,#4971);
#4970 = CARTESIAN_POINT('',(-6.28318530718,-1.));
#4971 = VECTOR('',#4972,1.);
#4972 = DIRECTION('',(1.,-0.));
#4973 = ( GEOMETRIC_REPRESENTATION_CONTEXT(2) 
PARAMETRIC_REPRESENTATION_CONTEXT() REPRESENTATION_CONTEXT('2D SPACE',''
  ) );
#4974 = ADVANCED_FACE('',(#4975),#1551,.T.);
#4975 = FACE_BOUND('',#4976,.T.);
#4976 = EDGE_LOOP('',(#4977,#4978,#4999));
#4977 = ORIENTED_EDGE('',*,*,#1536,.T.);
#4978 = ORIENTED_EDGE('',*,*,#4979,.T.);
#4979 = EDGE_CURVE('',#1511,#4732,#4980,.T.);
#4980 = SURFACE_CURVE('',#4981,(#4985,#4992),.PCURVE_S1.);
#4981 = LINE('',#4982,#4983);
#4982 = CARTESIAN_POINT('',(3.,18.,0.));
#4983 = VECTOR('',#4984,1.);
#4984 = DIRECTION('',(0.,0.980580675691,0.196116135138));
#4985 = PCURVE('',#1551,#4986);
#4986 = DEFINITIONAL_REPRESENTATION('',(#4987),#4991);
#4987 = LINE('',#4988,#4989);
#4988 = CARTESIAN_POINT('',(-5.801960972814,18.198039027186));
#4989 = VECTOR('',#4990,1.);
#4990 = DIRECTION('',(0.196116135138,-0.980580675691));
#4991 = ( GEOMETRIC_REPRESENTATION_CONTEXT(2) 
PARAMETRIC_REPRESENTATION_CONTEXT() REPRESENTATION_CONTEXT('2D SPACE',''
  ) );
#4992 = PCURVE('',#1525,#4993);
#4993 = DEFINITIONAL_REPRESENTATION('',(#4994),#4998);
#4994 = LINE('',#4995,#4996);
#4995 = CARTESIAN_POINT('',(0.,-6.));
#4996 = VECTOR('',#4997,1.);
#4997 = DIRECTION('',(1.,0.));
#4998 = ( GEOMETRIC_REPRESENTATION_CONTEXT(2) 
PARAMETRIC_REPRESENTATION_CONTEXT() REPRESENTATION_CONTEXT('2D SPACE',''
  ) );
#4999 = ORIENTED_EDGE('',*,*,#4754,.T.);
#5000 = ADVANCED_FACE('',(#5001),#1525,.F.);
#5001 = FACE_BOUND('',#5002,.F.);
#5002 = EDGE_LOOP('',(#5003,#5024,#5025,#5026));
#5003 = ORIENTED_EDGE('',*,*,#5004,.F.);
#5004 = EDGE_CURVE('',#1485,#4709,#5005,.T.);
#5005 = SURFACE_CURVE('',#5006,(#5010,#5017),.PCURVE_S1.);
#5006 = LINE('',#5007,#5008);
#5007 = CARTESIAN_POINT('',(-3.,18.,0.));
#5008 = VECTOR('',#5009,1.);
#5009 = DIRECTION('',(0.,0.980580675691,0.196116135138));
#5010 = PCURVE('',#1525,#5011);
#5011 = DEFINITIONAL_REPRESENTATION('',(#5012),#5016);
#5012 = LINE('',#5013,#5014);
#5013 = CARTESIAN_POINT('',(0.,0.));
#5014 = VECTOR('',#5015,1.);
#5015 = DIRECTION('',(1.,0.));
#5016 = ( GEOMETRIC_REPRESENTATION_CONTEXT(2) 
PARAMETRIC_REPRESENTATION_CONTEXT() REPRESENTATION_CONTEXT('2D SPACE',''
  ) );
#5017 = PCURVE('',#1499,#5018);
#5018 = DEFINITIONAL_REPRESENTATION('',(#5019),#5023);
#5019 = LINE('',#5020,#5021);
#5020 = CARTESIAN_POINT('',(-5.801960972814,18.198039027186));
#5021 = VECTOR('',#5022,1.);
#5022 = DIRECTION('',(0.196116135138,-0.980580675691));
#5023 = ( GEOMETRIC_REPRESENTATION_CONTEXT(2) 
PARAMETRIC_REPRESENTATION_CONTEXT() REPRESENTATION_CONTEXT('2D SPACE',''
  ) );
#5024 = ORIENTED_EDGE('',*,*,#1510,.T.);
#5025 = ORIENTED_EDGE('',*,*,#4979,.T.);
#5026 = ORIENTED_EDGE('',*,*,#4731,.F.);
#5027 = ADVANCED_FACE('',(#5028),#1499,.F.);
#5028 = FACE_BOUND('',#5029,.F.);
#5029 = EDGE_LOOP('',(#5030,#5031,#5032));
#5030 = ORIENTED_EDGE('',*,*,#1484,.T.);
#5031 = ORIENTED_EDGE('',*,*,#5004,.T.);
#5032 = ORIENTED_EDGE('',*,*,#4708,.T.);
#5033 = ADVANCED_FACE('',(#5034,#5152,#5182),#1626,.T.);
#5034 = FACE_BOUND('',#5035,.T.);
#5035 = EDGE_LOOP('',(#5036,#5037,#5038,#5039,#5062,#5085,#5108,#5131));
#5036 = ORIENTED_EDGE('',*,*,#1608,.F.);
#5037 = ORIENTED_EDGE('',*,*,#1712,.T.);
#5038 = ORIENTED_EDGE('',*,*,#1759,.T.);
#5039 = ORIENTED_EDGE('',*,*,#5040,.T.);
#5040 = EDGE_CURVE('',#1760,#5041,#5043,.T.);
#5041 = VERTEX_POINT('',#5042);
#5042 = CARTESIAN_POINT('',(28.5,61.,14.));
#5043 = SURFACE_CURVE('',#5044,(#5048,#5055),.PCURVE_S1.);
#5044 = LINE('',#5045,#5046);
#5045 = CARTESIAN_POINT('',(-28.5,61.,14.));
#5046 = VECTOR('',#5047,1.);
#5047 = DIRECTION('',(1.,0.,0.));
#5048 = PCURVE('',#1626,#5049);
#5049 = DEFINITIONAL_REPRESENTATION('',(#5050),#5054);
#5050 = LINE('',#5051,#5052);
#5051 = CARTESIAN_POINT('',(-20.5,45.));
#5052 = VECTOR('',#5053,1.);
#5053 = DIRECTION('',(1.,0.));
#5054 = ( GEOMETRIC_REPRESENTATION_CONTEXT(2) 
PARAMETRIC_REPRESENTATION_CONTEXT() REPRESENTATION_CONTEXT('2D SPACE',''
  ) );
#5055 = PCURVE('',#1820,#5056);
#5056 = DEFINITIONAL_REPRESENTATION('',(#5057),#5061);
#5057 = LINE('',#5058,#5059);
#5058 = CARTESIAN_POINT('',(6.,0.));
#5059 = VECTOR('',#5060,1.);
#5060 = DIRECTION('',(0.,1.));
#5061 = ( GEOMETRIC_REPRESENTATION_CONTEXT(2) 
PARAMETRIC_REPRESENTATION_CONTEXT() REPRESENTATION_CONTEXT('2D SPACE',''
  ) );
#5062 = ORIENTED_EDGE('',*,*,#5063,.T.);
#5063 = EDGE_CURVE('',#5041,#5064,#5066,.T.);
#5064 = VERTEX_POINT('',#5065);
#5065 = CARTESIAN_POINT('',(28.5,79.,14.));
#5066 = SURFACE_CURVE('',#5067,(#5071,#5078),.PCURVE_S1.);
#5067 = LINE('',#5068,#5069);
#5068 = CARTESIAN_POINT('',(28.5,61.,14.));
#5069 = VECTOR('',#5070,1.);
#5070 = DIRECTION('',(0.,1.,0.));
#5071 = PCURVE('',#1626,#5072);
#5072 = DEFINITIONAL_REPRESENTATION('',(#5073),#5077);
#5073 = LINE('',#5074,#5075);
#5074 = CARTESIAN_POINT('',(36.5,45.));
#5075 = VECTOR('',#5076,1.);
#5076 = DIRECTION('',(0.,1.));
#5077 = ( GEOMETRIC_REPRESENTATION_CONTEXT(2) 
PARAMETRIC_REPRESENTATION_CONTEXT() REPRESENTATION_CONTEXT('2D SPACE',''
  ) );
#5078 = PCURVE('',#4816,#5079);
#5079 = DEFINITIONAL_REPRESENTATION('',(#5080),#5084);
#5080 = LINE('',#5081,#5082);
#5081 = CARTESIAN_POINT('',(6.,0.));
#5082 = VECTOR('',#5083,1.);
#5083 = DIRECTION('',(0.,-1.));
#5084 = ( GEOMETRIC_REPRESENTATION_CONTEXT(2) 
PARAMETRIC_REPRESENTATION_CONTEXT() REPRESENTATION_CONTEXT('2D SPACE',''
  ) );
#5085 = ORIENTED_EDGE('',*,*,#5086,.F.);
#5086 = EDGE_CURVE('',#5087,#5064,#5089,.T.);
#5087 = VERTEX_POINT('',#5088);
#5088 = CARTESIAN_POINT('',(-28.5,79.,14.));
#5089 = SURFACE_CURVE('',#5090,(#5094,#5101),.PCURVE_S1.);
#5090 = LINE('',#5091,#5092);
#5091 = CARTESIAN_POINT('',(-28.5,79.,14.));
#5092 = VECTOR('',#5093,1.);
#5093 = DIRECTION('',(1.,0.,0.));
#5094 = PCURVE('',#1626,#5095);
#5095 = DEFINITIONAL_REPRESENTATION('',(#5096),#5100);
#5096 = LINE('',#5097,#5098);
#5097 = CARTESIAN_POINT('',(-20.5,63.));
#5098 = VECTOR('',#5099,1.);
#5099 = DIRECTION('',(1.,0.));
#5100 = ( GEOMETRIC_REPRESENTATION_CONTEXT(2) 
PARAMETRIC_REPRESENTATION_CONTEXT() REPRESENTATION_CONTEXT('2D SPACE',''
  ) );
#5101 = PCURVE('',#4844,#5102);
#5102 = DEFINITIONAL_REPRESENTATION('',(#5103),#5107);
#5103 = LINE('',#5104,#5105);
#5104 = CARTESIAN_POINT('',(6.,0.));
#5105 = VECTOR('',#5106,1.);
#5106 = DIRECTION('',(0.,1.));
#5107 = ( GEOMETRIC_REPRESENTATION_CONTEXT(2) 
PARAMETRIC_REPRESENTATION_CONTEXT() REPRESENTATION_CONTEXT('2D SPACE',''
  ) );
#5108 = ORIENTED_EDGE('',*,*,#5109,.F.);
#5109 = EDGE_CURVE('',#5110,#5087,#5112,.T.);
#5110 = VERTEX_POINT('',#5111);
#5111 = CARTESIAN_POINT('',(-28.5,61.,14.));
#5112 = SURFACE_CURVE('',#5113,(#5117,#5124),.PCURVE_S1.);
#5113 = LINE('',#5114,#5115);
#5114 = CARTESIAN_POINT('',(-28.5,61.,14.));
#5115 = VECTOR('',#5116,1.);
#5116 = DIRECTION('',(0.,1.,0.));
#5117 = PCURVE('',#1626,#5118);
#5118 = DEFINITIONAL_REPRESENTATION('',(#5119),#5123);
#5119 = LINE('',#5120,#5121);
#5120 = CARTESIAN_POINT('',(-20.5,45.));
#5121 = VECTOR('',#5122,1.);
#5122 = DIRECTION('',(0.,1.));
#5123 = ( GEOMETRIC_REPRESENTATION_CONTEXT(2) 
PARAMETRIC_REPRESENTATION_CONTEXT() REPRESENTATION_CONTEXT('2D SPACE',''
  ) );
#5124 = PCURVE('',#4872,#5125);
#5125 = DEFINITIONAL_REPRESENTATION('',(#5126),#5130);
#5126 = LINE('',#5127,#5128);
#5127 = CARTESIAN_POINT('',(6.,0.));
#5128 = VECTOR('',#5129,1.);
#5129 = DIRECTION('',(0.,-1.));
#5130 = ( GEOMETRIC_REPRESENTATION_CONTEXT(2) 
PARAMETRIC_REPRESENTATION_CONTEXT() REPRESENTATION_CONTEXT('2D SPACE',''
  ) );
#5131 = ORIENTED_EDGE('',*,*,#5132,.T.);
#5132 = EDGE_CURVE('',#5110,#1611,#5133,.T.);
#5133 = SURFACE_CURVE('',#5134,(#5138,#5145),.PCURVE_S1.);
#5134 = LINE('',#5135,#5136);
#5135 = CARTESIAN_POINT('',(-28.5,61.,14.));
#5136 = VECTOR('',#5137,1.);
#5137 = DIRECTION('',(1.,0.,0.));
#5138 = PCURVE('',#1626,#5139);
#5139 = DEFINITIONAL_REPRESENTATION('',(#5140),#5144);
#5140 = LINE('',#5141,#5142);
#5141 = CARTESIAN_POINT('',(-20.5,45.));
#5142 = VECTOR('',#5143,1.);
#5143 = DIRECTION('',(1.,0.));
#5144 = ( GEOMETRIC_REPRESENTATION_CONTEXT(2) 
PARAMETRIC_REPRESENTATION_CONTEXT() REPRESENTATION_CONTEXT('2D SPACE',''
  ) );
#5145 = PCURVE('',#1696,#5146);
#5146 = DEFINITIONAL_REPRESENTATION('',(#5147),#5151);
#5147 = LINE('',#5148,#5149);
#5148 = CARTESIAN_POINT('',(6.,0.));
#5149 = VECTOR('',#5150,1.);
#5150 = DIRECTION('',(0.,1.));
#5151 = ( GEOMETRIC_REPRESENTATION_CONTEXT(2) 
PARAMETRIC_REPRESENTATION_CONTEXT() REPRESENTATION_CONTEXT('2D SPACE',''
  ) );
#5152 = FACE_BOUND('',#5153,.T.);
#5153 = EDGE_LOOP('',(#5154));
#5154 = ORIENTED_EDGE('',*,*,#5155,.T.);
#5155 = EDGE_CURVE('',#5156,#5156,#5158,.T.);
#5156 = VERTEX_POINT('',#5157);
#5157 = CARTESIAN_POINT('',(-20.9,70.,14.));
#5158 = SURFACE_CURVE('',#5159,(#5164,#5175),.PCURVE_S1.);
#5159 = CIRCLE('',#5160,1.6);
#5160 = AXIS2_PLACEMENT_3D('',#5161,#5162,#5163);
#5161 = CARTESIAN_POINT('',(-22.5,70.,14.));
#5162 = DIRECTION('',(0.,0.,-1.));
#5163 = DIRECTION('',(1.,0.,0.));
#5164 = PCURVE('',#1626,#5165);
#5165 = DEFINITIONAL_REPRESENTATION('',(#5166),#5174);
#5166 = ( BOUNDED_CURVE() B_SPLINE_CURVE(2,(#5167,#5168,#5169,#5170,
#5171,#5172,#5173),.UNSPECIFIED.,.T.,.F.) B_SPLINE_CURVE_WITH_KNOTS((1,2
    ,2,2,2,1),(-2.094395102393,0.,2.094395102393,4.188790204786,
6.28318530718,8.377580409573),.UNSPECIFIED.) CURVE() 
GEOMETRIC_REPRESENTATION_ITEM() RATIONAL_B_SPLINE_CURVE((1.,0.5,1.,0.5,
1.,0.5,1.)) REPRESENTATION_ITEM('') );
#5167 = CARTESIAN_POINT('',(-12.9,54.));
#5168 = CARTESIAN_POINT('',(-12.9,51.22871870789));
#5169 = CARTESIAN_POINT('',(-15.3,52.614359353945));
#5170 = CARTESIAN_POINT('',(-17.7,54.));
#5171 = CARTESIAN_POINT('',(-15.3,55.385640646055));
#5172 = CARTESIAN_POINT('',(-12.9,56.77128129211));
#5173 = CARTESIAN_POINT('',(-12.9,54.));
#5174 = ( GEOMETRIC_REPRESENTATION_CONTEXT(2) 
PARAMETRIC_REPRESENTATION_CONTEXT() REPRESENTATION_CONTEXT('2D SPACE',''
  ) );
#5175 = PCURVE('',#4928,#5176);
#5176 = DEFINITIONAL_REPRESENTATION('',(#5177),#5181);
#5177 = LINE('',#5178,#5179);
#5178 = CARTESIAN_POINT('',(-6.28318530718,-7.));
#5179 = VECTOR('',#5180,1.);
#5180 = DIRECTION('',(1.,-0.));
#5181 = ( GEOMETRIC_REPRESENTATION_CONTEXT(2) 
PARAMETRIC_REPRESENTATION_CONTEXT() REPRESENTATION_CONTEXT('2D SPACE',''
  ) );
#5182 = FACE_BOUND('',#5183,.T.);
#5183 = EDGE_LOOP('',(#5184));
#5184 = ORIENTED_EDGE('',*,*,#5185,.T.);
#5185 = EDGE_CURVE('',#5186,#5186,#5188,.T.);
#5186 = VERTEX_POINT('',#5187);
#5187 = CARTESIAN_POINT('',(24.1,70.,14.));
#5188 = SURFACE_CURVE('',#5189,(#5194,#5205),.PCURVE_S1.);
#5189 = CIRCLE('',#5190,1.6);
#5190 = AXIS2_PLACEMENT_3D('',#5191,#5192,#5193);
#5191 = CARTESIAN_POINT('',(22.5,70.,14.));
#5192 = DIRECTION('',(0.,0.,-1.));
#5193 = DIRECTION('',(1.,0.,0.));
#5194 = PCURVE('',#1626,#5195);
#5195 = DEFINITIONAL_REPRESENTATION('',(#5196),#5204);
#5196 = ( BOUNDED_CURVE() B_SPLINE_CURVE(2,(#5197,#5198,#5199,#5200,
#5201,#5202,#5203),.UNSPECIFIED.,.T.,.F.) B_SPLINE_CURVE_WITH_KNOTS((1,2
    ,2,2,2,1),(-2.094395102393,0.,2.094395102393,4.188790204786,
6.28318530718,8.377580409573),.UNSPECIFIED.) CURVE() 
GEOMETRIC_REPRESENTATION_ITEM() RATIONAL_B_SPLINE_CURVE((1.,0.5,1.,0.5,
1.,0.5,1.)) REPRESENTATION_ITEM('') );
#5197 = CARTESIAN_POINT('',(32.1,54.));
#5198 = CARTESIAN_POINT('',(32.1,51.22871870789));
#5199 = CARTESIAN_POINT('',(29.7,52.614359353945));
#5200 = CARTESIAN_POINT('',(27.3,54.));
#5201 = CARTESIAN_POINT('',(29.7,55.385640646055));
#5202 = CARTESIAN_POINT('',(32.1,56.77128129211));
#5203 = CARTESIAN_POINT('',(32.1,54.));
#5204 = ( GEOMETRIC_REPRESENTATION_CONTEXT(2) 
PARAMETRIC_REPRESENTATION_CONTEXT() REPRESENTATION_CONTEXT('2D SPACE',''
  ) );
#5205 = PCURVE('',#4963,#5206);
#5206 = DEFINITIONAL_REPRESENTATION('',(#5207),#5211);
#5207 = LINE('',#5208,#5209);
#5208 = CARTESIAN_POINT('',(-6.28318530718,-7.));
#5209 = VECTOR('',#5210,1.);
#5210 = DIRECTION('',(1.,-0.));
#5211 = ( GEOMETRIC_REPRESENTATION_CONTEXT(2) 
PARAMETRIC_REPRESENTATION_CONTEXT() REPRESENTATION_CONTEXT('2D SPACE',''
  ) );
#5212 = ADVANCED_FACE('',(#5213),#1696,.F.);
#5213 = FACE_BOUND('',#5214,.F.);
#5214 = EDGE_LOOP('',(#5215,#5216,#5237,#5238));
#5215 = ORIENTED_EDGE('',*,*,#4884,.F.);
#5216 = ORIENTED_EDGE('',*,*,#5217,.T.);
#5217 = EDGE_CURVE('',#4857,#5110,#5218,.T.);
#5218 = SURFACE_CURVE('',#5219,(#5223,#5230),.PCURVE_S1.);
#5219 = LINE('',#5220,#5221);
#5220 = CARTESIAN_POINT('',(-28.5,61.,8.));
#5221 = VECTOR('',#5222,1.);
#5222 = DIRECTION('',(0.,0.,1.));
#5223 = PCURVE('',#1696,#5224);
#5224 = DEFINITIONAL_REPRESENTATION('',(#5225),#5229);
#5225 = LINE('',#5226,#5227);
#5226 = CARTESIAN_POINT('',(0.,0.));
#5227 = VECTOR('',#5228,1.);
#5228 = DIRECTION('',(1.,0.));
#5229 = ( GEOMETRIC_REPRESENTATION_CONTEXT(2) 
PARAMETRIC_REPRESENTATION_CONTEXT() REPRESENTATION_CONTEXT('2D SPACE',''
  ) );
#5230 = PCURVE('',#4872,#5231);
#5231 = DEFINITIONAL_REPRESENTATION('',(#5232),#5236);
#5232 = LINE('',#5233,#5234);
#5233 = CARTESIAN_POINT('',(0.,0.));
#5234 = VECTOR('',#5235,1.);
#5235 = DIRECTION('',(1.,0.));
#5236 = ( GEOMETRIC_REPRESENTATION_CONTEXT(2) 
PARAMETRIC_REPRESENTATION_CONTEXT() REPRESENTATION_CONTEXT('2D SPACE',''
  ) );
#5237 = ORIENTED_EDGE('',*,*,#5132,.T.);
#5238 = ORIENTED_EDGE('',*,*,#1683,.F.);
#5239 = ADVANCED_FACE('',(#5240),#1820,.F.);
#5240 = FACE_BOUND('',#5241,.F.);
#5241 = EDGE_LOOP('',(#5242,#5243,#5244,#5245));
#5242 = ORIENTED_EDGE('',*,*,#4777,.F.);
#5243 = ORIENTED_EDGE('',*,*,#1807,.T.);
#5244 = ORIENTED_EDGE('',*,*,#5040,.T.);
#5245 = ORIENTED_EDGE('',*,*,#5246,.F.);
#5246 = EDGE_CURVE('',#4778,#5041,#5247,.T.);
#5247 = SURFACE_CURVE('',#5248,(#5252,#5259),.PCURVE_S1.);
#5248 = LINE('',#5249,#5250);
#5249 = CARTESIAN_POINT('',(28.5,61.,8.));
#5250 = VECTOR('',#5251,1.);
#5251 = DIRECTION('',(0.,0.,1.));
#5252 = PCURVE('',#1820,#5253);
#5253 = DEFINITIONAL_REPRESENTATION('',(#5254),#5258);
#5254 = LINE('',#5255,#5256);
#5255 = CARTESIAN_POINT('',(0.,57.));
#5256 = VECTOR('',#5257,1.);
#5257 = DIRECTION('',(1.,0.));
#5258 = ( GEOMETRIC_REPRESENTATION_CONTEXT(2) 
PARAMETRIC_REPRESENTATION_CONTEXT() REPRESENTATION_CONTEXT('2D SPACE',''
  ) );
#5259 = PCURVE('',#4816,#5260);
#5260 = DEFINITIONAL_REPRESENTATION('',(#5261),#5265);
#5261 = LINE('',#5262,#5263);
#5262 = CARTESIAN_POINT('',(0.,0.));
#5263 = VECTOR('',#5264,1.);
#5264 = DIRECTION('',(1.,0.));
#5265 = ( GEOMETRIC_REPRESENTATION_CONTEXT(2) 
PARAMETRIC_REPRESENTATION_CONTEXT() REPRESENTATION_CONTEXT('2D SPACE',''
  ) );
#5266 = ADVANCED_FACE('',(#5267),#1961,.F.);
#5267 = FACE_BOUND('',#5268,.F.);
#5268 = EDGE_LOOP('',(#5269,#5270,#5291,#5292,#5293,#5294,#5315,#5316));
#5269 = ORIENTED_EDGE('',*,*,#2513,.F.);
#5270 = ORIENTED_EDGE('',*,*,#5271,.T.);
#5271 = EDGE_CURVE('',#2491,#2049,#5272,.T.);
#5272 = SURFACE_CURVE('',#5273,(#5277,#5284),.PCURVE_S1.);
#5273 = LINE('',#5274,#5275);
#5274 = CARTESIAN_POINT('',(-27.5,-38.5,16.));
#5275 = VECTOR('',#5276,1.);
#5276 = DIRECTION('',(1.,0.,0.));
#5277 = PCURVE('',#1961,#5278);
#5278 = DEFINITIONAL_REPRESENTATION('',(#5279),#5283);
#5279 = LINE('',#5280,#5281);
#5280 = CARTESIAN_POINT('',(0.,0.));
#5281 = VECTOR('',#5282,1.);
#5282 = DIRECTION('',(1.,0.));
#5283 = ( GEOMETRIC_REPRESENTATION_CONTEXT(2) 
PARAMETRIC_REPRESENTATION_CONTEXT() REPRESENTATION_CONTEXT('2D SPACE',''
  ) );
#5284 = PCURVE('',#2113,#5285);
#5285 = DEFINITIONAL_REPRESENTATION('',(#5286),#5290);
#5286 = LINE('',#5287,#5288);
#5287 = CARTESIAN_POINT('',(0.,0.));
#5288 = VECTOR('',#5289,1.);
#5289 = DIRECTION('',(0.,1.));
#5290 = ( GEOMETRIC_REPRESENTATION_CONTEXT(2) 
PARAMETRIC_REPRESENTATION_CONTEXT() REPRESENTATION_CONTEXT('2D SPACE',''
  ) );
#5291 = ORIENTED_EDGE('',*,*,#2071,.T.);
#5292 = ORIENTED_EDGE('',*,*,#1945,.T.);
#5293 = ORIENTED_EDGE('',*,*,#2022,.F.);
#5294 = ORIENTED_EDGE('',*,*,#5295,.T.);
#5295 = EDGE_CURVE('',#2000,#2967,#5296,.T.);
#5296 = SURFACE_CURVE('',#5297,(#5301,#5308),.PCURVE_S1.);
#5297 = LINE('',#5298,#5299);
#5298 = CARTESIAN_POINT('',(-27.5,-38.5,16.));
#5299 = VECTOR('',#5300,1.);
#5300 = DIRECTION('',(1.,0.,0.));
#5301 = PCURVE('',#1961,#5302);
#5302 = DEFINITIONAL_REPRESENTATION('',(#5303),#5307);
#5303 = LINE('',#5304,#5305);
#5304 = CARTESIAN_POINT('',(0.,0.));
#5305 = VECTOR('',#5306,1.);
#5306 = DIRECTION('',(1.,0.));
#5307 = ( GEOMETRIC_REPRESENTATION_CONTEXT(2) 
PARAMETRIC_REPRESENTATION_CONTEXT() REPRESENTATION_CONTEXT('2D SPACE',''
  ) );
#5308 = PCURVE('',#2113,#5309);
#5309 = DEFINITIONAL_REPRESENTATION('',(#5310),#5314);
#5310 = LINE('',#5311,#5312);
#5311 = CARTESIAN_POINT('',(0.,0.));
#5312 = VECTOR('',#5313,1.);
#5313 = DIRECTION('',(0.,1.));
#5314 = ( GEOMETRIC_REPRESENTATION_CONTEXT(2) 
PARAMETRIC_REPRESENTATION_CONTEXT() REPRESENTATION_CONTEXT('2D SPACE',''
  ) );
#5315 = ORIENTED_EDGE('',*,*,#2989,.T.);
#5316 = ORIENTED_EDGE('',*,*,#2632,.F.);
#5317 = ADVANCED_FACE('',(#5318),#2113,.F.);
#5318 = FACE_BOUND('',#5319,.F.);
#5319 = EDGE_LOOP('',(#5320,#5321,#5322,#5343,#5344,#5345));
#5320 = ORIENTED_EDGE('',*,*,#5271,.F.);
#5321 = ORIENTED_EDGE('',*,*,#2490,.T.);
#5322 = ORIENTED_EDGE('',*,*,#5323,.T.);
#5323 = EDGE_CURVE('',#2463,#2944,#5324,.T.);
#5324 = SURFACE_CURVE('',#5325,(#5329,#5336),.PCURVE_S1.);
#5325 = LINE('',#5326,#5327);
#5326 = CARTESIAN_POINT('',(-27.5,-38.5,26.));
#5327 = VECTOR('',#5328,1.);
#5328 = DIRECTION('',(1.,0.,0.));
#5329 = PCURVE('',#2113,#5330);
#5330 = DEFINITIONAL_REPRESENTATION('',(#5331),#5335);
#5331 = LINE('',#5332,#5333);
#5332 = CARTESIAN_POINT('',(10.,0.));
#5333 = VECTOR('',#5334,1.);
#5334 = DIRECTION('',(0.,1.));
#5335 = ( GEOMETRIC_REPRESENTATION_CONTEXT(2) 
PARAMETRIC_REPRESENTATION_CONTEXT() REPRESENTATION_CONTEXT('2D SPACE',''
  ) );
#5336 = PCURVE('',#2478,#5337);
#5337 = DEFINITIONAL_REPRESENTATION('',(#5338),#5342);
#5338 = LINE('',#5339,#5340);
#5339 = CARTESIAN_POINT('',(22.5,11.5));
#5340 = VECTOR('',#5341,1.);
#5341 = DIRECTION('',(1.,0.));
#5342 = ( GEOMETRIC_REPRESENTATION_CONTEXT(2) 
PARAMETRIC_REPRESENTATION_CONTEXT() REPRESENTATION_CONTEXT('2D SPACE',''
  ) );
#5343 = ORIENTED_EDGE('',*,*,#2966,.F.);
#5344 = ORIENTED_EDGE('',*,*,#5295,.F.);
#5345 = ORIENTED_EDGE('',*,*,#2099,.F.);
#5346 = ADVANCED_FACE('',(#5347,#5379),#2478,.T.);
#5347 = FACE_BOUND('',#5348,.T.);
#5348 = EDGE_LOOP('',(#5349,#5350,#5351,#5352));
#5349 = ORIENTED_EDGE('',*,*,#2462,.F.);
#5350 = ORIENTED_EDGE('',*,*,#5323,.T.);
#5351 = ORIENTED_EDGE('',*,*,#2943,.T.);
#5352 = ORIENTED_EDGE('',*,*,#5353,.T.);
#5353 = EDGE_CURVE('',#2726,#2237,#5354,.T.);
#5354 = SURFACE_CURVE('',#5355,(#5361,#5370),.PCURVE_S1.);
#5355 = B_SPLINE_CURVE_WITH_KNOTS('',4,(#5356,#5357,#5358,#5359,#5360),
  .UNSPECIFIED.,.F.,.F.,(5,5),(0.,1.),.PIECEWISE_BEZIER_KNOTS.);
#5356 = CARTESIAN_POINT('',(-18.5,-13.28684210526,26.));
#5357 = CARTESIAN_POINT('',(-20.75,-13.28684210526,26.));
#5358 = CARTESIAN_POINT('',(-23.,-13.28684210526,26.));
#5359 = CARTESIAN_POINT('',(-25.25,-13.28684210526,26.));
#5360 = CARTESIAN_POINT('',(-27.5,-13.28684210526,26.));
#5361 = PCURVE('',#2478,#5362);
#5362 = DEFINITIONAL_REPRESENTATION('',(#5363),#5369);
#5363 = B_SPLINE_CURVE_WITH_KNOTS('',4,(#5364,#5365,#5366,#5367,#5368),
  .UNSPECIFIED.,.F.,.F.,(5,5),(0.,1.),.PIECEWISE_BEZIER_KNOTS.);
#5364 = CARTESIAN_POINT('',(31.5,36.713157894737));
#5365 = CARTESIAN_POINT('',(29.25,36.713157894737));
#5366 = CARTESIAN_POINT('',(27.,36.713157894737));
#5367 = CARTESIAN_POINT('',(24.75,36.713157894737));
#5368 = CARTESIAN_POINT('',(22.5,36.713157894737));
#5369 = ( GEOMETRIC_REPRESENTATION_CONTEXT(2) 
PARAMETRIC_REPRESENTATION_CONTEXT() REPRESENTATION_CONTEXT('2D SPACE',''
  ) );
#5370 = PCURVE('',#2382,#5371);
#5371 = DEFINITIONAL_REPRESENTATION('',(#5372),#5378);
#5372 = B_SPLINE_CURVE_WITH_KNOTS('',4,(#5373,#5374,#5375,#5376,#5377),
  .UNSPECIFIED.,.F.,.F.,(5,5),(0.,1.),.PIECEWISE_BEZIER_KNOTS.);
#5373 = CARTESIAN_POINT('',(1.570796326795,-10.));
#5374 = CARTESIAN_POINT('',(1.570796326795,-7.75));
#5375 = CARTESIAN_POINT('',(1.570796326795,-5.5));
#5376 = CARTESIAN_POINT('',(1.570796326795,-3.25));
#5377 = CARTESIAN_POINT('',(1.570796326795,-1.));
#5378 = ( GEOMETRIC_REPRESENTATION_CONTEXT(2) 
PARAMETRIC_REPRESENTATION_CONTEXT() REPRESENTATION_CONTEXT('2D SPACE',''
  ) );
#5379 = FACE_BOUND('',#5380,.T.);
#5380 = EDGE_LOOP('',(#5381));
#5381 = ORIENTED_EDGE('',*,*,#5382,.F.);
#5382 = EDGE_CURVE('',#5383,#5383,#5385,.T.);
#5383 = VERTEX_POINT('',#5384);
#5384 = CARTESIAN_POINT('',(-20.9,-32.,26.));
#5385 = SURFACE_CURVE('',#5386,(#5391,#5398),.PCURVE_S1.);
#5386 = CIRCLE('',#5387,2.1);
#5387 = AXIS2_PLACEMENT_3D('',#5388,#5389,#5390);
#5388 = CARTESIAN_POINT('',(-23.,-32.,26.));
#5389 = DIRECTION('',(0.,0.,1.));
#5390 = DIRECTION('',(1.,0.,0.));
#5391 = PCURVE('',#2478,#5392);
#5392 = DEFINITIONAL_REPRESENTATION('',(#5393),#5397);
#5393 = CIRCLE('',#5394,2.1);
#5394 = AXIS2_PLACEMENT_2D('',#5395,#5396);
#5395 = CARTESIAN_POINT('',(27.,18.));
#5396 = DIRECTION('',(1.,0.));
#5397 = ( GEOMETRIC_REPRESENTATION_CONTEXT(2) 
PARAMETRIC_REPRESENTATION_CONTEXT() REPRESENTATION_CONTEXT('2D SPACE',''
  ) );
#5398 = PCURVE('',#5399,#5404);
#5399 = CYLINDRICAL_SURFACE('',#5400,2.1);
#5400 = AXIS2_PLACEMENT_3D('',#5401,#5402,#5403);
#5401 = CARTESIAN_POINT('',(-23.,-32.,20.5));
#5402 = DIRECTION('',(-0.,-0.,-1.));
#5403 = DIRECTION('',(1.,0.,0.));
#5404 = DEFINITIONAL_REPRESENTATION('',(#5405),#5409);
#5405 = LINE('',#5406,#5407);
#5406 = CARTESIAN_POINT('',(-0.,-5.5));
#5407 = VECTOR('',#5408,1.);
#5408 = DIRECTION('',(-1.,0.));
#5409 = ( GEOMETRIC_REPRESENTATION_CONTEXT(2) 
PARAMETRIC_REPRESENTATION_CONTEXT() REPRESENTATION_CONTEXT('2D SPACE',''
  ) );
#5410 = ADVANCED_FACE('',(#5411),#2382,.T.);
#5411 = FACE_BOUND('',#5412,.T.);
#5412 = EDGE_LOOP('',(#5413,#5440,#5441,#5442));
#5413 = ORIENTED_EDGE('',*,*,#5414,.T.);
#5414 = EDGE_CURVE('',#2703,#2209,#5415,.T.);
#5415 = SURFACE_CURVE('',#5416,(#5422,#5431),.PCURVE_S1.);
#5416 = B_SPLINE_CURVE_WITH_KNOTS('',4,(#5417,#5418,#5419,#5420,#5421),
  .UNSPECIFIED.,.F.,.F.,(5,5),(0.,1.),.PIECEWISE_BEZIER_KNOTS.);
#5417 = CARTESIAN_POINT('',(-18.5,13.286842105263,26.));
#5418 = CARTESIAN_POINT('',(-20.75,13.286842105263,26.));
#5419 = CARTESIAN_POINT('',(-23.,13.286842105263,26.));
#5420 = CARTESIAN_POINT('',(-25.25,13.286842105263,26.));
#5421 = CARTESIAN_POINT('',(-27.5,13.286842105263,26.));
#5422 = PCURVE('',#2382,#5423);
#5423 = DEFINITIONAL_REPRESENTATION('',(#5424),#5430);
#5424 = B_SPLINE_CURVE_WITH_KNOTS('',4,(#5425,#5426,#5427,#5428,#5429),
  .UNSPECIFIED.,.F.,.F.,(5,5),(0.,1.),.PIECEWISE_BEZIER_KNOTS.);
#5425 = CARTESIAN_POINT('',(4.712388980385,-10.));
#5426 = CARTESIAN_POINT('',(4.712388980385,-7.75));
#5427 = CARTESIAN_POINT('',(4.712388980385,-5.5));
#5428 = CARTESIAN_POINT('',(4.712388980385,-3.25));
#5429 = CARTESIAN_POINT('',(4.712388980385,-1.));
#5430 = ( GEOMETRIC_REPRESENTATION_CONTEXT(2) 
PARAMETRIC_REPRESENTATION_CONTEXT() REPRESENTATION_CONTEXT('2D SPACE',''
  ) );
#5431 = PCURVE('',#2224,#5432);
#5432 = DEFINITIONAL_REPRESENTATION('',(#5433),#5439);
#5433 = B_SPLINE_CURVE_WITH_KNOTS('',4,(#5434,#5435,#5436,#5437,#5438),
  .UNSPECIFIED.,.F.,.F.,(5,5),(0.,1.),.PIECEWISE_BEZIER_KNOTS.);
#5434 = CARTESIAN_POINT('',(31.5,63.286842105263));
#5435 = CARTESIAN_POINT('',(29.25,63.286842105263));
#5436 = CARTESIAN_POINT('',(27.,63.286842105263));
#5437 = CARTESIAN_POINT('',(24.75,63.286842105263));
#5438 = CARTESIAN_POINT('',(22.5,63.286842105263));
#5439 = ( GEOMETRIC_REPRESENTATION_CONTEXT(2) 
PARAMETRIC_REPRESENTATION_CONTEXT() REPRESENTATION_CONTEXT('2D SPACE',''
  ) );
#5440 = ORIENTED_EDGE('',*,*,#2236,.T.);
#5441 = ORIENTED_EDGE('',*,*,#5353,.F.);
#5442 = ORIENTED_EDGE('',*,*,#2725,.F.);
#5443 = ADVANCED_FACE('',(#5444,#5470),#2224,.T.);
#5444 = FACE_BOUND('',#5445,.T.);
#5445 = EDGE_LOOP('',(#5446,#5447,#5448,#5449));
#5446 = ORIENTED_EDGE('',*,*,#2208,.F.);
#5447 = ORIENTED_EDGE('',*,*,#5414,.F.);
#5448 = ORIENTED_EDGE('',*,*,#2702,.T.);
#5449 = ORIENTED_EDGE('',*,*,#5450,.F.);
#5450 = EDGE_CURVE('',#2181,#2680,#5451,.T.);
#5451 = SURFACE_CURVE('',#5452,(#5456,#5463),.PCURVE_S1.);
#5452 = LINE('',#5453,#5454);
#5453 = CARTESIAN_POINT('',(-27.5,38.5,26.));
#5454 = VECTOR('',#5455,1.);
#5455 = DIRECTION('',(1.,0.,0.));
#5456 = PCURVE('',#2224,#5457);
#5457 = DEFINITIONAL_REPRESENTATION('',(#5458),#5462);
#5458 = LINE('',#5459,#5460);
#5459 = CARTESIAN_POINT('',(22.5,88.5));
#5460 = VECTOR('',#5461,1.);
#5461 = DIRECTION('',(1.,0.));
#5462 = ( GEOMETRIC_REPRESENTATION_CONTEXT(2) 
PARAMETRIC_REPRESENTATION_CONTEXT() REPRESENTATION_CONTEXT('2D SPACE',''
  ) );
#5463 = PCURVE('',#2196,#5464);
#5464 = DEFINITIONAL_REPRESENTATION('',(#5465),#5469);
#5465 = LINE('',#5466,#5467);
#5466 = CARTESIAN_POINT('',(10.,0.));
#5467 = VECTOR('',#5468,1.);
#5468 = DIRECTION('',(0.,1.));
#5469 = ( GEOMETRIC_REPRESENTATION_CONTEXT(2) 
PARAMETRIC_REPRESENTATION_CONTEXT() REPRESENTATION_CONTEXT('2D SPACE',''
  ) );
#5470 = FACE_BOUND('',#5471,.T.);
#5471 = EDGE_LOOP('',(#5472));
#5472 = ORIENTED_EDGE('',*,*,#5473,.F.);
#5473 = EDGE_CURVE('',#5474,#5474,#5476,.T.);
#5474 = VERTEX_POINT('',#5475);
#5475 = CARTESIAN_POINT('',(-20.9,32.,26.));
#5476 = SURFACE_CURVE('',#5477,(#5482,#5489),.PCURVE_S1.);
#5477 = CIRCLE('',#5478,2.1);
#5478 = AXIS2_PLACEMENT_3D('',#5479,#5480,#5481);
#5479 = CARTESIAN_POINT('',(-23.,32.,26.));
#5480 = DIRECTION('',(0.,0.,1.));
#5481 = DIRECTION('',(1.,0.,0.));
#5482 = PCURVE('',#2224,#5483);
#5483 = DEFINITIONAL_REPRESENTATION('',(#5484),#5488);
#5484 = CIRCLE('',#5485,2.1);
#5485 = AXIS2_PLACEMENT_2D('',#5486,#5487);
#5486 = CARTESIAN_POINT('',(27.,82.));
#5487 = DIRECTION('',(1.,0.));
#5488 = ( GEOMETRIC_REPRESENTATION_CONTEXT(2) 
PARAMETRIC_REPRESENTATION_CONTEXT() REPRESENTATION_CONTEXT('2D SPACE',''
  ) );
#5489 = PCURVE('',#5490,#5495);
#5490 = CYLINDRICAL_SURFACE('',#5491,2.1);
#5491 = AXIS2_PLACEMENT_3D('',#5492,#5493,#5494);
#5492 = CARTESIAN_POINT('',(-23.,32.,20.5));
#5493 = DIRECTION('',(-0.,-0.,-1.));
#5494 = DIRECTION('',(1.,0.,0.));
#5495 = DEFINITIONAL_REPRESENTATION('',(#5496),#5500);
#5496 = LINE('',#5497,#5498);
#5497 = CARTESIAN_POINT('',(-0.,-5.5));
#5498 = VECTOR('',#5499,1.);
#5499 = DIRECTION('',(-1.,0.));
#5500 = ( GEOMETRIC_REPRESENTATION_CONTEXT(2) 
PARAMETRIC_REPRESENTATION_CONTEXT() REPRESENTATION_CONTEXT('2D SPACE',''
  ) );
#5501 = ADVANCED_FACE('',(#5502),#2196,.T.);
#5502 = FACE_BOUND('',#5503,.T.);
#5503 = EDGE_LOOP('',(#5504,#5525,#5526,#5527,#5528,#5549));
#5504 = ORIENTED_EDGE('',*,*,#5505,.F.);
#5505 = EDGE_CURVE('',#2153,#4108,#5506,.T.);
#5506 = SURFACE_CURVE('',#5507,(#5511,#5518),.PCURVE_S1.);
#5507 = LINE('',#5508,#5509);
#5508 = CARTESIAN_POINT('',(-27.5,38.5,16.));
#5509 = VECTOR('',#5510,1.);
#5510 = DIRECTION('',(1.,0.,0.));
#5511 = PCURVE('',#2196,#5512);
#5512 = DEFINITIONAL_REPRESENTATION('',(#5513),#5517);
#5513 = LINE('',#5514,#5515);
#5514 = CARTESIAN_POINT('',(0.,0.));
#5515 = VECTOR('',#5516,1.);
#5516 = DIRECTION('',(0.,1.));
#5517 = ( GEOMETRIC_REPRESENTATION_CONTEXT(2) 
PARAMETRIC_REPRESENTATION_CONTEXT() REPRESENTATION_CONTEXT('2D SPACE',''
  ) );
#5518 = PCURVE('',#2168,#5519);
#5519 = DEFINITIONAL_REPRESENTATION('',(#5520),#5524);
#5520 = LINE('',#5521,#5522);
#5521 = CARTESIAN_POINT('',(0.,23.5));
#5522 = VECTOR('',#5523,1.);
#5523 = DIRECTION('',(1.,0.));
#5524 = ( GEOMETRIC_REPRESENTATION_CONTEXT(2) 
PARAMETRIC_REPRESENTATION_CONTEXT() REPRESENTATION_CONTEXT('2D SPACE',''
  ) );
#5525 = ORIENTED_EDGE('',*,*,#2180,.T.);
#5526 = ORIENTED_EDGE('',*,*,#5450,.T.);
#5527 = ORIENTED_EDGE('',*,*,#2679,.F.);
#5528 = ORIENTED_EDGE('',*,*,#5529,.F.);
#5529 = EDGE_CURVE('',#4229,#2657,#5530,.T.);
#5530 = SURFACE_CURVE('',#5531,(#5535,#5542),.PCURVE_S1.);
#5531 = LINE('',#5532,#5533);
#5532 = CARTESIAN_POINT('',(-27.5,38.5,16.));
#5533 = VECTOR('',#5534,1.);
#5534 = DIRECTION('',(1.,0.,0.));
#5535 = PCURVE('',#2196,#5536);
#5536 = DEFINITIONAL_REPRESENTATION('',(#5537),#5541);
#5537 = LINE('',#5538,#5539);
#5538 = CARTESIAN_POINT('',(0.,0.));
#5539 = VECTOR('',#5540,1.);
#5540 = DIRECTION('',(0.,1.));
#5541 = ( GEOMETRIC_REPRESENTATION_CONTEXT(2) 
PARAMETRIC_REPRESENTATION_CONTEXT() REPRESENTATION_CONTEXT('2D SPACE',''
  ) );
#5542 = PCURVE('',#2168,#5543);
#5543 = DEFINITIONAL_REPRESENTATION('',(#5544),#5548);
#5544 = LINE('',#5545,#5546);
#5545 = CARTESIAN_POINT('',(0.,23.5));
#5546 = VECTOR('',#5547,1.);
#5547 = DIRECTION('',(1.,0.));
#5548 = ( GEOMETRIC_REPRESENTATION_CONTEXT(2) 
PARAMETRIC_REPRESENTATION_CONTEXT() REPRESENTATION_CONTEXT('2D SPACE',''
  ) );
#5549 = ORIENTED_EDGE('',*,*,#4251,.F.);
#5550 = ADVANCED_FACE('',(#5551),#2168,.F.);
#5551 = FACE_BOUND('',#5552,.F.);
#5552 = EDGE_LOOP('',(#5553,#5554,#5555,#5556,#5557,#5558,#5559,#5560));
#5553 = ORIENTED_EDGE('',*,*,#2152,.F.);
#5554 = ORIENTED_EDGE('',*,*,#2585,.T.);
#5555 = ORIENTED_EDGE('',*,*,#2656,.T.);
#5556 = ORIENTED_EDGE('',*,*,#5529,.F.);
#5557 = ORIENTED_EDGE('',*,*,#4277,.T.);
#5558 = ORIENTED_EDGE('',*,*,#4178,.F.);
#5559 = ORIENTED_EDGE('',*,*,#4130,.F.);
#5560 = ORIENTED_EDGE('',*,*,#5505,.F.);
#5561 = ADVANCED_FACE('',(#5562),#3053,.F.);
#5562 = FACE_BOUND('',#5563,.F.);
#5563 = EDGE_LOOP('',(#5564,#5565,#5586,#5587,#5588,#5589,#5610,#5611));
#5564 = ORIENTED_EDGE('',*,*,#3605,.F.);
#5565 = ORIENTED_EDGE('',*,*,#5566,.T.);
#5566 = EDGE_CURVE('',#3583,#3141,#5567,.T.);
#5567 = SURFACE_CURVE('',#5568,(#5572,#5579),.PCURVE_S1.);
#5568 = LINE('',#5569,#5570);
#5569 = CARTESIAN_POINT('',(18.5,-38.5,16.));
#5570 = VECTOR('',#5571,1.);
#5571 = DIRECTION('',(1.,0.,0.));
#5572 = PCURVE('',#3053,#5573);
#5573 = DEFINITIONAL_REPRESENTATION('',(#5574),#5578);
#5574 = LINE('',#5575,#5576);
#5575 = CARTESIAN_POINT('',(0.,0.));
#5576 = VECTOR('',#5577,1.);
#5577 = DIRECTION('',(1.,0.));
#5578 = ( GEOMETRIC_REPRESENTATION_CONTEXT(2) 
PARAMETRIC_REPRESENTATION_CONTEXT() REPRESENTATION_CONTEXT('2D SPACE',''
  ) );
#5579 = PCURVE('',#3205,#5580);
#5580 = DEFINITIONAL_REPRESENTATION('',(#5581),#5585);
#5581 = LINE('',#5582,#5583);
#5582 = CARTESIAN_POINT('',(0.,0.));
#5583 = VECTOR('',#5584,1.);
#5584 = DIRECTION('',(0.,1.));
#5585 = ( GEOMETRIC_REPRESENTATION_CONTEXT(2) 
PARAMETRIC_REPRESENTATION_CONTEXT() REPRESENTATION_CONTEXT('2D SPACE',''
  ) );
#5586 = ORIENTED_EDGE('',*,*,#3163,.T.);
#5587 = ORIENTED_EDGE('',*,*,#3037,.T.);
#5588 = ORIENTED_EDGE('',*,*,#3114,.F.);
#5589 = ORIENTED_EDGE('',*,*,#5590,.T.);
#5590 = EDGE_CURVE('',#3092,#4059,#5591,.T.);
#5591 = SURFACE_CURVE('',#5592,(#5596,#5603),.PCURVE_S1.);
#5592 = LINE('',#5593,#5594);
#5593 = CARTESIAN_POINT('',(18.5,-38.5,16.));
#5594 = VECTOR('',#5595,1.);
#5595 = DIRECTION('',(1.,0.,0.));
#5596 = PCURVE('',#3053,#5597);
#5597 = DEFINITIONAL_REPRESENTATION('',(#5598),#5602);
#5598 = LINE('',#5599,#5600);
#5599 = CARTESIAN_POINT('',(0.,0.));
#5600 = VECTOR('',#5601,1.);
#5601 = DIRECTION('',(1.,0.));
#5602 = ( GEOMETRIC_REPRESENTATION_CONTEXT(2) 
PARAMETRIC_REPRESENTATION_CONTEXT() REPRESENTATION_CONTEXT('2D SPACE',''
  ) );
#5603 = PCURVE('',#3205,#5604);
#5604 = DEFINITIONAL_REPRESENTATION('',(#5605),#5609);
#5605 = LINE('',#5606,#5607);
#5606 = CARTESIAN_POINT('',(0.,0.));
#5607 = VECTOR('',#5608,1.);
#5608 = DIRECTION('',(0.,1.));
#5609 = ( GEOMETRIC_REPRESENTATION_CONTEXT(2) 
PARAMETRIC_REPRESENTATION_CONTEXT() REPRESENTATION_CONTEXT('2D SPACE',''
  ) );
#5610 = ORIENTED_EDGE('',*,*,#4081,.T.);
#5611 = ORIENTED_EDGE('',*,*,#3724,.F.);
#5612 = ADVANCED_FACE('',(#5613),#3205,.F.);
#5613 = FACE_BOUND('',#5614,.F.);
#5614 = EDGE_LOOP('',(#5615,#5616,#5617,#5638,#5639,#5640));
#5615 = ORIENTED_EDGE('',*,*,#5566,.F.);
#5616 = ORIENTED_EDGE('',*,*,#3582,.T.);
#5617 = ORIENTED_EDGE('',*,*,#5618,.T.);
#5618 = EDGE_CURVE('',#3555,#4036,#5619,.T.);
#5619 = SURFACE_CURVE('',#5620,(#5624,#5631),.PCURVE_S1.);
#5620 = LINE('',#5621,#5622);
#5621 = CARTESIAN_POINT('',(18.5,-38.5,26.));
#5622 = VECTOR('',#5623,1.);
#5623 = DIRECTION('',(1.,0.,0.));
#5624 = PCURVE('',#3205,#5625);
#5625 = DEFINITIONAL_REPRESENTATION('',(#5626),#5630);
#5626 = LINE('',#5627,#5628);
#5627 = CARTESIAN_POINT('',(10.,0.));
#5628 = VECTOR('',#5629,1.);
#5629 = DIRECTION('',(0.,1.));
#5630 = ( GEOMETRIC_REPRESENTATION_CONTEXT(2) 
PARAMETRIC_REPRESENTATION_CONTEXT() REPRESENTATION_CONTEXT('2D SPACE',''
  ) );
#5631 = PCURVE('',#3570,#5632);
#5632 = DEFINITIONAL_REPRESENTATION('',(#5633),#5637);
#5633 = LINE('',#5634,#5635);
#5634 = CARTESIAN_POINT('',(68.5,11.5));
#5635 = VECTOR('',#5636,1.);
#5636 = DIRECTION('',(1.,0.));
#5637 = ( GEOMETRIC_REPRESENTATION_CONTEXT(2) 
PARAMETRIC_REPRESENTATION_CONTEXT() REPRESENTATION_CONTEXT('2D SPACE',''
  ) );
#5638 = ORIENTED_EDGE('',*,*,#4058,.F.);
#5639 = ORIENTED_EDGE('',*,*,#5590,.F.);
#5640 = ORIENTED_EDGE('',*,*,#3191,.F.);
#5641 = ADVANCED_FACE('',(#5642,#5674),#3570,.T.);
#5642 = FACE_BOUND('',#5643,.T.);
#5643 = EDGE_LOOP('',(#5644,#5645,#5646,#5647));
#5644 = ORIENTED_EDGE('',*,*,#3554,.F.);
#5645 = ORIENTED_EDGE('',*,*,#5618,.T.);
#5646 = ORIENTED_EDGE('',*,*,#4035,.T.);
#5647 = ORIENTED_EDGE('',*,*,#5648,.T.);
#5648 = EDGE_CURVE('',#3818,#3329,#5649,.T.);
#5649 = SURFACE_CURVE('',#5650,(#5656,#5665),.PCURVE_S1.);
#5650 = B_SPLINE_CURVE_WITH_KNOTS('',4,(#5651,#5652,#5653,#5654,#5655),
  .UNSPECIFIED.,.F.,.F.,(5,5),(0.,1.),.PIECEWISE_BEZIER_KNOTS.);
#5651 = CARTESIAN_POINT('',(27.5,-12.68157894736,26.));
#5652 = CARTESIAN_POINT('',(25.25,-12.68157894736,26.));
#5653 = CARTESIAN_POINT('',(23.,-12.68157894736,26.));
#5654 = CARTESIAN_POINT('',(20.75,-12.68157894736,26.));
#5655 = CARTESIAN_POINT('',(18.5,-12.68157894736,26.));
#5656 = PCURVE('',#3570,#5657);
#5657 = DEFINITIONAL_REPRESENTATION('',(#5658),#5664);
#5658 = B_SPLINE_CURVE_WITH_KNOTS('',4,(#5659,#5660,#5661,#5662,#5663),
  .UNSPECIFIED.,.F.,.F.,(5,5),(0.,1.),.PIECEWISE_BEZIER_KNOTS.);
#5659 = CARTESIAN_POINT('',(77.5,37.318421052632));
#5660 = CARTESIAN_POINT('',(75.25,37.318421052632));
#5661 = CARTESIAN_POINT('',(73.,37.318421052632));
#5662 = CARTESIAN_POINT('',(70.75,37.318421052632));
#5663 = CARTESIAN_POINT('',(68.5,37.318421052632));
#5664 = ( GEOMETRIC_REPRESENTATION_CONTEXT(2) 
PARAMETRIC_REPRESENTATION_CONTEXT() REPRESENTATION_CONTEXT('2D SPACE',''
  ) );
#5665 = PCURVE('',#3474,#5666);
#5666 = DEFINITIONAL_REPRESENTATION('',(#5667),#5673);
#5667 = B_SPLINE_CURVE_WITH_KNOTS('',4,(#5668,#5669,#5670,#5671,#5672),
  .UNSPECIFIED.,.F.,.F.,(5,5),(0.,1.),.PIECEWISE_BEZIER_KNOTS.);
#5668 = CARTESIAN_POINT('',(1.570796326795,-10.));
#5669 = CARTESIAN_POINT('',(1.570796326795,-7.75));
#5670 = CARTESIAN_POINT('',(1.570796326795,-5.5));
#5671 = CARTESIAN_POINT('',(1.570796326795,-3.25));
#5672 = CARTESIAN_POINT('',(1.570796326795,-1.));
#5673 = ( GEOMETRIC_REPRESENTATION_CONTEXT(2) 
PARAMETRIC_REPRESENTATION_CONTEXT() REPRESENTATION_CONTEXT('2D SPACE',''
  ) );
#5674 = FACE_BOUND('',#5675,.T.);
#5675 = EDGE_LOOP('',(#5676));
#5676 = ORIENTED_EDGE('',*,*,#5677,.F.);
#5677 = EDGE_CURVE('',#5678,#5678,#5680,.T.);
#5678 = VERTEX_POINT('',#5679);
#5679 = CARTESIAN_POINT('',(25.1,-32.,26.));
#5680 = SURFACE_CURVE('',#5681,(#5686,#5693),.PCURVE_S1.);
#5681 = CIRCLE('',#5682,2.1);
#5682 = AXIS2_PLACEMENT_3D('',#5683,#5684,#5685);
#5683 = CARTESIAN_POINT('',(23.,-32.,26.));
#5684 = DIRECTION('',(0.,0.,1.));
#5685 = DIRECTION('',(1.,0.,0.));
#5686 = PCURVE('',#3570,#5687);
#5687 = DEFINITIONAL_REPRESENTATION('',(#5688),#5692);
#5688 = CIRCLE('',#5689,2.1);
#5689 = AXIS2_PLACEMENT_2D('',#5690,#5691);
#5690 = CARTESIAN_POINT('',(73.,18.));
#5691 = DIRECTION('',(1.,0.));
#5692 = ( GEOMETRIC_REPRESENTATION_CONTEXT(2) 
PARAMETRIC_REPRESENTATION_CONTEXT() REPRESENTATION_CONTEXT('2D SPACE',''
  ) );
#5693 = PCURVE('',#5694,#5699);
#5694 = CYLINDRICAL_SURFACE('',#5695,2.1);
#5695 = AXIS2_PLACEMENT_3D('',#5696,#5697,#5698);
#5696 = CARTESIAN_POINT('',(23.,-32.,20.5));
#5697 = DIRECTION('',(-0.,-0.,-1.));
#5698 = DIRECTION('',(1.,0.,0.));
#5699 = DEFINITIONAL_REPRESENTATION('',(#5700),#5704);
#5700 = LINE('',#5701,#5702);
#5701 = CARTESIAN_POINT('',(-0.,-5.5));
#5702 = VECTOR('',#5703,1.);
#5703 = DIRECTION('',(-1.,0.));
#5704 = ( GEOMETRIC_REPRESENTATION_CONTEXT(2) 
PARAMETRIC_REPRESENTATION_CONTEXT() REPRESENTATION_CONTEXT('2D SPACE',''
  ) );
#5705 = ADVANCED_FACE('',(#5706),#3474,.T.);
#5706 = FACE_BOUND('',#5707,.T.);
#5707 = EDGE_LOOP('',(#5708,#5735,#5736,#5737));
#5708 = ORIENTED_EDGE('',*,*,#5709,.T.);
#5709 = EDGE_CURVE('',#3795,#3301,#5710,.T.);
#5710 = SURFACE_CURVE('',#5711,(#5717,#5726),.PCURVE_S1.);
#5711 = B_SPLINE_CURVE_WITH_KNOTS('',4,(#5712,#5713,#5714,#5715,#5716),
  .UNSPECIFIED.,.F.,.F.,(5,5),(0.,1.),.PIECEWISE_BEZIER_KNOTS.);
#5712 = CARTESIAN_POINT('',(27.5,12.681578947368,26.));
#5713 = CARTESIAN_POINT('',(25.25,12.681578947368,26.));
#5714 = CARTESIAN_POINT('',(23.,12.681578947368,26.));
#5715 = CARTESIAN_POINT('',(20.75,12.681578947368,26.));
#5716 = CARTESIAN_POINT('',(18.5,12.681578947368,26.));
#5717 = PCURVE('',#3474,#5718);
#5718 = DEFINITIONAL_REPRESENTATION('',(#5719),#5725);
#5719 = B_SPLINE_CURVE_WITH_KNOTS('',4,(#5720,#5721,#5722,#5723,#5724),
  .UNSPECIFIED.,.F.,.F.,(5,5),(0.,1.),.PIECEWISE_BEZIER_KNOTS.);
#5720 = CARTESIAN_POINT('',(4.712388980385,-10.));
#5721 = CARTESIAN_POINT('',(4.712388980385,-7.75));
#5722 = CARTESIAN_POINT('',(4.712388980385,-5.5));
#5723 = CARTESIAN_POINT('',(4.712388980385,-3.25));
#5724 = CARTESIAN_POINT('',(4.712388980385,-1.));
#5725 = ( GEOMETRIC_REPRESENTATION_CONTEXT(2) 
PARAMETRIC_REPRESENTATION_CONTEXT() REPRESENTATION_CONTEXT('2D SPACE',''
  ) );
#5726 = PCURVE('',#3316,#5727);
#5727 = DEFINITIONAL_REPRESENTATION('',(#5728),#5734);
#5728 = B_SPLINE_CURVE_WITH_KNOTS('',4,(#5729,#5730,#5731,#5732,#5733),
  .UNSPECIFIED.,.F.,.F.,(5,5),(0.,1.),.PIECEWISE_BEZIER_KNOTS.);
#5729 = CARTESIAN_POINT('',(77.5,62.681578947368));
#5730 = CARTESIAN_POINT('',(75.25,62.681578947368));
#5731 = CARTESIAN_POINT('',(73.,62.681578947368));
#5732 = CARTESIAN_POINT('',(70.75,62.681578947368));
#5733 = CARTESIAN_POINT('',(68.5,62.681578947368));
#5734 = ( GEOMETRIC_REPRESENTATION_CONTEXT(2) 
PARAMETRIC_REPRESENTATION_CONTEXT() REPRESENTATION_CONTEXT('2D SPACE',''
  ) );
#5735 = ORIENTED_EDGE('',*,*,#3328,.T.);
#5736 = ORIENTED_EDGE('',*,*,#5648,.F.);
#5737 = ORIENTED_EDGE('',*,*,#3817,.F.);
#5738 = ADVANCED_FACE('',(#5739,#5765),#3316,.T.);
#5739 = FACE_BOUND('',#5740,.T.);
#5740 = EDGE_LOOP('',(#5741,#5742,#5743,#5744));
#5741 = ORIENTED_EDGE('',*,*,#3300,.F.);
#5742 = ORIENTED_EDGE('',*,*,#5709,.F.);
#5743 = ORIENTED_EDGE('',*,*,#3794,.T.);
#5744 = ORIENTED_EDGE('',*,*,#5745,.F.);
#5745 = EDGE_CURVE('',#3273,#3772,#5746,.T.);
#5746 = SURFACE_CURVE('',#5747,(#5751,#5758),.PCURVE_S1.);
#5747 = LINE('',#5748,#5749);
#5748 = CARTESIAN_POINT('',(18.5,38.5,26.));
#5749 = VECTOR('',#5750,1.);
#5750 = DIRECTION('',(1.,0.,0.));
#5751 = PCURVE('',#3316,#5752);
#5752 = DEFINITIONAL_REPRESENTATION('',(#5753),#5757);
#5753 = LINE('',#5754,#5755);
#5754 = CARTESIAN_POINT('',(68.5,88.5));
#5755 = VECTOR('',#5756,1.);
#5756 = DIRECTION('',(1.,0.));
#5757 = ( GEOMETRIC_REPRESENTATION_CONTEXT(2) 
PARAMETRIC_REPRESENTATION_CONTEXT() REPRESENTATION_CONTEXT('2D SPACE',''
  ) );
#5758 = PCURVE('',#3288,#5759);
#5759 = DEFINITIONAL_REPRESENTATION('',(#5760),#5764);
#5760 = LINE('',#5761,#5762);
#5761 = CARTESIAN_POINT('',(10.,0.));
#5762 = VECTOR('',#5763,1.);
#5763 = DIRECTION('',(0.,1.));
#5764 = ( GEOMETRIC_REPRESENTATION_CONTEXT(2) 
PARAMETRIC_REPRESENTATION_CONTEXT() REPRESENTATION_CONTEXT('2D SPACE',''
  ) );
#5765 = FACE_BOUND('',#5766,.T.);
#5766 = EDGE_LOOP('',(#5767));
#5767 = ORIENTED_EDGE('',*,*,#5768,.F.);
#5768 = EDGE_CURVE('',#5769,#5769,#5771,.T.);
#5769 = VERTEX_POINT('',#5770);
#5770 = CARTESIAN_POINT('',(25.1,32.,26.));
#5771 = SURFACE_CURVE('',#5772,(#5777,#5784),.PCURVE_S1.);
#5772 = CIRCLE('',#5773,2.1);
#5773 = AXIS2_PLACEMENT_3D('',#5774,#5775,#5776);
#5774 = CARTESIAN_POINT('',(23.,32.,26.));
#5775 = DIRECTION('',(0.,0.,1.));
#5776 = DIRECTION('',(1.,0.,0.));
#5777 = PCURVE('',#3316,#5778);
#5778 = DEFINITIONAL_REPRESENTATION('',(#5779),#5783);
#5779 = CIRCLE('',#5780,2.1);
#5780 = AXIS2_PLACEMENT_2D('',#5781,#5782);
#5781 = CARTESIAN_POINT('',(73.,82.));
#5782 = DIRECTION('',(1.,0.));
#5783 = ( GEOMETRIC_REPRESENTATION_CONTEXT(2) 
PARAMETRIC_REPRESENTATION_CONTEXT() REPRESENTATION_CONTEXT('2D SPACE',''
  ) );
#5784 = PCURVE('',#5785,#5790);
#5785 = CYLINDRICAL_SURFACE('',#5786,2.1);
#5786 = AXIS2_PLACEMENT_3D('',#5787,#5788,#5789);
#5787 = CARTESIAN_POINT('',(23.,32.,20.5));
#5788 = DIRECTION('',(-0.,-0.,-1.));
#5789 = DIRECTION('',(1.,0.,0.));
#5790 = DEFINITIONAL_REPRESENTATION('',(#5791),#5795);
#5791 = LINE('',#5792,#5793);
#5792 = CARTESIAN_POINT('',(-0.,-5.5));
#5793 = VECTOR('',#5794,1.);
#5794 = DIRECTION('',(-1.,0.));
#5795 = ( GEOMETRIC_REPRESENTATION_CONTEXT(2) 
PARAMETRIC_REPRESENTATION_CONTEXT() REPRESENTATION_CONTEXT('2D SPACE',''
  ) );
#5796 = ADVANCED_FACE('',(#5797),#3288,.T.);
#5797 = FACE_BOUND('',#5798,.T.);
#5798 = EDGE_LOOP('',(#5799,#5820,#5821,#5822,#5823,#5844));
#5799 = ORIENTED_EDGE('',*,*,#5800,.F.);
#5800 = EDGE_CURVE('',#3245,#4304,#5801,.T.);
#5801 = SURFACE_CURVE('',#5802,(#5806,#5813),.PCURVE_S1.);
#5802 = LINE('',#5803,#5804);
#5803 = CARTESIAN_POINT('',(18.5,38.5,16.));
#5804 = VECTOR('',#5805,1.);
#5805 = DIRECTION('',(1.,0.,0.));
#5806 = PCURVE('',#3288,#5807);
#5807 = DEFINITIONAL_REPRESENTATION('',(#5808),#5812);
#5808 = LINE('',#5809,#5810);
#5809 = CARTESIAN_POINT('',(0.,0.));
#5810 = VECTOR('',#5811,1.);
#5811 = DIRECTION('',(0.,1.));
#5812 = ( GEOMETRIC_REPRESENTATION_CONTEXT(2) 
PARAMETRIC_REPRESENTATION_CONTEXT() REPRESENTATION_CONTEXT('2D SPACE',''
  ) );
#5813 = PCURVE('',#3260,#5814);
#5814 = DEFINITIONAL_REPRESENTATION('',(#5815),#5819);
#5815 = LINE('',#5816,#5817);
#5816 = CARTESIAN_POINT('',(0.,23.5));
#5817 = VECTOR('',#5818,1.);
#5818 = DIRECTION('',(1.,0.));
#5819 = ( GEOMETRIC_REPRESENTATION_CONTEXT(2) 
PARAMETRIC_REPRESENTATION_CONTEXT() REPRESENTATION_CONTEXT('2D SPACE',''
  ) );
#5820 = ORIENTED_EDGE('',*,*,#3272,.T.);
#5821 = ORIENTED_EDGE('',*,*,#5745,.T.);
#5822 = ORIENTED_EDGE('',*,*,#3771,.F.);
#5823 = ORIENTED_EDGE('',*,*,#5824,.F.);
#5824 = EDGE_CURVE('',#4425,#3749,#5825,.T.);
#5825 = SURFACE_CURVE('',#5826,(#5830,#5837),.PCURVE_S1.);
#5826 = LINE('',#5827,#5828);
#5827 = CARTESIAN_POINT('',(18.5,38.5,16.));
#5828 = VECTOR('',#5829,1.);
#5829 = DIRECTION('',(1.,0.,0.));
#5830 = PCURVE('',#3288,#5831);
#5831 = DEFINITIONAL_REPRESENTATION('',(#5832),#5836);
#5832 = LINE('',#5833,#5834);
#5833 = CARTESIAN_POINT('',(0.,0.));
#5834 = VECTOR('',#5835,1.);
#5835 = DIRECTION('',(0.,1.));
#5836 = ( GEOMETRIC_REPRESENTATION_CONTEXT(2) 
PARAMETRIC_REPRESENTATION_CONTEXT() REPRESENTATION_CONTEXT('2D SPACE',''
  ) );
#5837 = PCURVE('',#3260,#5838);
#5838 = DEFINITIONAL_REPRESENTATION('',(#5839),#5843);
#5839 = LINE('',#5840,#5841);
#5840 = CARTESIAN_POINT('',(0.,23.5));
#5841 = VECTOR('',#5842,1.);
#5842 = DIRECTION('',(1.,0.));
#5843 = ( GEOMETRIC_REPRESENTATION_CONTEXT(2) 
PARAMETRIC_REPRESENTATION_CONTEXT() REPRESENTATION_CONTEXT('2D SPACE',''
  ) );
#5844 = ORIENTED_EDGE('',*,*,#4447,.F.);
#5845 = ADVANCED_FACE('',(#5846),#3260,.F.);
#5846 = FACE_BOUND('',#5847,.F.);
#5847 = EDGE_LOOP('',(#5848,#5849,#5850,#5851,#5852,#5853,#5854,#5855));
#5848 = ORIENTED_EDGE('',*,*,#3244,.F.);
#5849 = ORIENTED_EDGE('',*,*,#3677,.T.);
#5850 = ORIENTED_EDGE('',*,*,#3748,.T.);
#5851 = ORIENTED_EDGE('',*,*,#5824,.F.);
#5852 = ORIENTED_EDGE('',*,*,#4473,.T.);
#5853 = ORIENTED_EDGE('',*,*,#4374,.F.);
#5854 = ORIENTED_EDGE('',*,*,#4326,.F.);
#5855 = ORIENTED_EDGE('',*,*,#5800,.F.);
#5856 = ADVANCED_FACE('',(#5857),#4534,.F.);
#5857 = FACE_BOUND('',#5858,.T.);
#5858 = EDGE_LOOP('',(#5859,#5860,#5883,#5910));
#5859 = ORIENTED_EDGE('',*,*,#4519,.F.);
#5860 = ORIENTED_EDGE('',*,*,#5861,.T.);
#5861 = EDGE_CURVE('',#4500,#5862,#5864,.T.);
#5862 = VERTEX_POINT('',#5863);
#5863 = CARTESIAN_POINT('',(-10.9,-13.,5.5));
#5864 = SEAM_CURVE('',#5865,(#5869,#5876),.PCURVE_S1.);
#5865 = LINE('',#5866,#5867);
#5866 = CARTESIAN_POINT('',(-10.9,-13.,0.));
#5867 = VECTOR('',#5868,1.);
#5868 = DIRECTION('',(0.,0.,1.));
#5869 = PCURVE('',#4534,#5870);
#5870 = DEFINITIONAL_REPRESENTATION('',(#5871),#5875);
#5871 = LINE('',#5872,#5873);
#5872 = CARTESIAN_POINT('',(-6.28318530718,0.));
#5873 = VECTOR('',#5874,1.);
#5874 = DIRECTION('',(-0.,-1.));
#5875 = ( GEOMETRIC_REPRESENTATION_CONTEXT(2) 
PARAMETRIC_REPRESENTATION_CONTEXT() REPRESENTATION_CONTEXT('2D SPACE',''
  ) );
#5876 = PCURVE('',#4534,#5877);
#5877 = DEFINITIONAL_REPRESENTATION('',(#5878),#5882);
#5878 = LINE('',#5879,#5880);
#5879 = CARTESIAN_POINT('',(-0.,0.));
#5880 = VECTOR('',#5881,1.);
#5881 = DIRECTION('',(-0.,-1.));
#5882 = ( GEOMETRIC_REPRESENTATION_CONTEXT(2) 
PARAMETRIC_REPRESENTATION_CONTEXT() REPRESENTATION_CONTEXT('2D SPACE',''
  ) );
#5883 = ORIENTED_EDGE('',*,*,#5884,.T.);
#5884 = EDGE_CURVE('',#5862,#5862,#5885,.T.);
#5885 = SURFACE_CURVE('',#5886,(#5891,#5898),.PCURVE_S1.);
#5886 = CIRCLE('',#5887,2.1);
#5887 = AXIS2_PLACEMENT_3D('',#5888,#5889,#5890);
#5888 = CARTESIAN_POINT('',(-13.,-13.,5.5));
#5889 = DIRECTION('',(0.,0.,1.));
#5890 = DIRECTION('',(1.,0.,0.));
#5891 = PCURVE('',#4534,#5892);
#5892 = DEFINITIONAL_REPRESENTATION('',(#5893),#5897);
#5893 = LINE('',#5894,#5895);
#5894 = CARTESIAN_POINT('',(-0.,-5.5));
#5895 = VECTOR('',#5896,1.);
#5896 = DIRECTION('',(-1.,0.));
#5897 = ( GEOMETRIC_REPRESENTATION_CONTEXT(2) 
PARAMETRIC_REPRESENTATION_CONTEXT() REPRESENTATION_CONTEXT('2D SPACE',''
  ) );
#5898 = PCURVE('',#5899,#5904);
#5899 = PLANE('',#5900);
#5900 = AXIS2_PLACEMENT_3D('',#5901,#5902,#5903);
#5901 = CARTESIAN_POINT('',(-13.,-13.,5.5));
#5902 = DIRECTION('',(0.,0.,1.));
#5903 = DIRECTION('',(1.,0.,-0.));
#5904 = DEFINITIONAL_REPRESENTATION('',(#5905),#5909);
#5905 = CIRCLE('',#5906,2.1);
#5906 = AXIS2_PLACEMENT_2D('',#5907,#5908);
#5907 = CARTESIAN_POINT('',(0.,0.));
#5908 = DIRECTION('',(1.,0.));
#5909 = ( GEOMETRIC_REPRESENTATION_CONTEXT(2) 
PARAMETRIC_REPRESENTATION_CONTEXT() REPRESENTATION_CONTEXT('2D SPACE',''
  ) );
#5910 = ORIENTED_EDGE('',*,*,#5861,.F.);
#5911 = ADVANCED_FACE('',(#5912),#4586,.F.);
#5912 = FACE_BOUND('',#5913,.T.);
#5913 = EDGE_LOOP('',(#5914,#5915,#5938,#5965));
#5914 = ORIENTED_EDGE('',*,*,#4571,.F.);
#5915 = ORIENTED_EDGE('',*,*,#5916,.T.);
#5916 = EDGE_CURVE('',#4552,#5917,#5919,.T.);
#5917 = VERTEX_POINT('',#5918);
#5918 = CARTESIAN_POINT('',(15.1,-13.,5.5));
#5919 = SEAM_CURVE('',#5920,(#5924,#5931),.PCURVE_S1.);
#5920 = LINE('',#5921,#5922);
#5921 = CARTESIAN_POINT('',(15.1,-13.,0.));
#5922 = VECTOR('',#5923,1.);
#5923 = DIRECTION('',(0.,0.,1.));
#5924 = PCURVE('',#4586,#5925);
#5925 = DEFINITIONAL_REPRESENTATION('',(#5926),#5930);
#5926 = LINE('',#5927,#5928);
#5927 = CARTESIAN_POINT('',(-6.28318530718,0.));
#5928 = VECTOR('',#5929,1.);
#5929 = DIRECTION('',(-0.,-1.));
#5930 = ( GEOMETRIC_REPRESENTATION_CONTEXT(2) 
PARAMETRIC_REPRESENTATION_CONTEXT() REPRESENTATION_CONTEXT('2D SPACE',''
  ) );
#5931 = PCURVE('',#4586,#5932);
#5932 = DEFINITIONAL_REPRESENTATION('',(#5933),#5937);
#5933 = LINE('',#5934,#5935);
#5934 = CARTESIAN_POINT('',(-0.,0.));
#5935 = VECTOR('',#5936,1.);
#5936 = DIRECTION('',(-0.,-1.));
#5937 = ( GEOMETRIC_REPRESENTATION_CONTEXT(2) 
PARAMETRIC_REPRESENTATION_CONTEXT() REPRESENTATION_CONTEXT('2D SPACE',''
  ) );
#5938 = ORIENTED_EDGE('',*,*,#5939,.T.);
#5939 = EDGE_CURVE('',#5917,#5917,#5940,.T.);
#5940 = SURFACE_CURVE('',#5941,(#5946,#5953),.PCURVE_S1.);
#5941 = CIRCLE('',#5942,2.1);
#5942 = AXIS2_PLACEMENT_3D('',#5943,#5944,#5945);
#5943 = CARTESIAN_POINT('',(13.,-13.,5.5));
#5944 = DIRECTION('',(0.,0.,1.));
#5945 = DIRECTION('',(1.,0.,0.));
#5946 = PCURVE('',#4586,#5947);
#5947 = DEFINITIONAL_REPRESENTATION('',(#5948),#5952);
#5948 = LINE('',#5949,#5950);
#5949 = CARTESIAN_POINT('',(-0.,-5.5));
#5950 = VECTOR('',#5951,1.);
#5951 = DIRECTION('',(-1.,0.));
#5952 = ( GEOMETRIC_REPRESENTATION_CONTEXT(2) 
PARAMETRIC_REPRESENTATION_CONTEXT() REPRESENTATION_CONTEXT('2D SPACE',''
  ) );
#5953 = PCURVE('',#5954,#5959);
#5954 = PLANE('',#5955);
#5955 = AXIS2_PLACEMENT_3D('',#5956,#5957,#5958);
#5956 = CARTESIAN_POINT('',(13.,-13.,5.5));
#5957 = DIRECTION('',(0.,0.,1.));
#5958 = DIRECTION('',(1.,0.,-0.));
#5959 = DEFINITIONAL_REPRESENTATION('',(#5960),#5964);
#5960 = CIRCLE('',#5961,2.1);
#5961 = AXIS2_PLACEMENT_2D('',#5962,#5963);
#5962 = CARTESIAN_POINT('',(0.,0.));
#5963 = DIRECTION('',(1.,0.));
#5964 = ( GEOMETRIC_REPRESENTATION_CONTEXT(2) 
PARAMETRIC_REPRESENTATION_CONTEXT() REPRESENTATION_CONTEXT('2D SPACE',''
  ) );
#5965 = ORIENTED_EDGE('',*,*,#5916,.F.);
#5966 = ADVANCED_FACE('',(#5967),#4638,.F.);
#5967 = FACE_BOUND('',#5968,.T.);
#5968 = EDGE_LOOP('',(#5969,#5970,#5993,#6020));
#5969 = ORIENTED_EDGE('',*,*,#4623,.F.);
#5970 = ORIENTED_EDGE('',*,*,#5971,.T.);
#5971 = EDGE_CURVE('',#4604,#5972,#5974,.T.);
#5972 = VERTEX_POINT('',#5973);
#5973 = CARTESIAN_POINT('',(-10.9,13.,5.5));
#5974 = SEAM_CURVE('',#5975,(#5979,#5986),.PCURVE_S1.);
#5975 = LINE('',#5976,#5977);
#5976 = CARTESIAN_POINT('',(-10.9,13.,0.));
#5977 = VECTOR('',#5978,1.);
#5978 = DIRECTION('',(0.,0.,1.));
#5979 = PCURVE('',#4638,#5980);
#5980 = DEFINITIONAL_REPRESENTATION('',(#5981),#5985);
#5981 = LINE('',#5982,#5983);
#5982 = CARTESIAN_POINT('',(-6.28318530718,0.));
#5983 = VECTOR('',#5984,1.);
#5984 = DIRECTION('',(-0.,-1.));
#5985 = ( GEOMETRIC_REPRESENTATION_CONTEXT(2) 
PARAMETRIC_REPRESENTATION_CONTEXT() REPRESENTATION_CONTEXT('2D SPACE',''
  ) );
#5986 = PCURVE('',#4638,#5987);
#5987 = DEFINITIONAL_REPRESENTATION('',(#5988),#5992);
#5988 = LINE('',#5989,#5990);
#5989 = CARTESIAN_POINT('',(-0.,0.));
#5990 = VECTOR('',#5991,1.);
#5991 = DIRECTION('',(-0.,-1.));
#5992 = ( GEOMETRIC_REPRESENTATION_CONTEXT(2) 
PARAMETRIC_REPRESENTATION_CONTEXT() REPRESENTATION_CONTEXT('2D SPACE',''
  ) );
#5993 = ORIENTED_EDGE('',*,*,#5994,.T.);
#5994 = EDGE_CURVE('',#5972,#5972,#5995,.T.);
#5995 = SURFACE_CURVE('',#5996,(#6001,#6008),.PCURVE_S1.);
#5996 = CIRCLE('',#5997,2.1);
#5997 = AXIS2_PLACEMENT_3D('',#5998,#5999,#6000);
#5998 = CARTESIAN_POINT('',(-13.,13.,5.5));
#5999 = DIRECTION('',(0.,0.,1.));
#6000 = DIRECTION('',(1.,0.,0.));
#6001 = PCURVE('',#4638,#6002);
#6002 = DEFINITIONAL_REPRESENTATION('',(#6003),#6007);
#6003 = LINE('',#6004,#6005);
#6004 = CARTESIAN_POINT('',(-0.,-5.5));
#6005 = VECTOR('',#6006,1.);
#6006 = DIRECTION('',(-1.,0.));
#6007 = ( GEOMETRIC_REPRESENTATION_CONTEXT(2) 
PARAMETRIC_REPRESENTATION_CONTEXT() REPRESENTATION_CONTEXT('2D SPACE',''
  ) );
#6008 = PCURVE('',#6009,#6014);
#6009 = PLANE('',#6010);
#6010 = AXIS2_PLACEMENT_3D('',#6011,#6012,#6013);
#6011 = CARTESIAN_POINT('',(-13.,13.,5.5));
#6012 = DIRECTION('',(0.,0.,1.));
#6013 = DIRECTION('',(1.,0.,-0.));
#6014 = DEFINITIONAL_REPRESENTATION('',(#6015),#6019);
#6015 = CIRCLE('',#6016,2.1);
#6016 = AXIS2_PLACEMENT_2D('',#6017,#6018);
#6017 = CARTESIAN_POINT('',(0.,0.));
#6018 = DIRECTION('',(1.,0.));
#6019 = ( GEOMETRIC_REPRESENTATION_CONTEXT(2) 
PARAMETRIC_REPRESENTATION_CONTEXT() REPRESENTATION_CONTEXT('2D SPACE',''
  ) );
#6020 = ORIENTED_EDGE('',*,*,#5971,.F.);
#6021 = ADVANCED_FACE('',(#6022),#4690,.F.);
#6022 = FACE_BOUND('',#6023,.T.);
#6023 = EDGE_LOOP('',(#6024,#6025,#6048,#6075));
#6024 = ORIENTED_EDGE('',*,*,#4675,.F.);
#6025 = ORIENTED_EDGE('',*,*,#6026,.T.);
#6026 = EDGE_CURVE('',#4656,#6027,#6029,.T.);
#6027 = VERTEX_POINT('',#6028);
#6028 = CARTESIAN_POINT('',(15.1,13.,5.5));
#6029 = SEAM_CURVE('',#6030,(#6034,#6041),.PCURVE_S1.);
#6030 = LINE('',#6031,#6032);
#6031 = CARTESIAN_POINT('',(15.1,13.,0.));
#6032 = VECTOR('',#6033,1.);
#6033 = DIRECTION('',(0.,0.,1.));
#6034 = PCURVE('',#4690,#6035);
#6035 = DEFINITIONAL_REPRESENTATION('',(#6036),#6040);
#6036 = LINE('',#6037,#6038);
#6037 = CARTESIAN_POINT('',(-6.28318530718,0.));
#6038 = VECTOR('',#6039,1.);
#6039 = DIRECTION('',(-0.,-1.));
#6040 = ( GEOMETRIC_REPRESENTATION_CONTEXT(2) 
PARAMETRIC_REPRESENTATION_CONTEXT() REPRESENTATION_CONTEXT('2D SPACE',''
  ) );
#6041 = PCURVE('',#4690,#6042);
#6042 = DEFINITIONAL_REPRESENTATION('',(#6043),#6047);
#6043 = LINE('',#6044,#6045);
#6044 = CARTESIAN_POINT('',(-0.,0.));
#6045 = VECTOR('',#6046,1.);
#6046 = DIRECTION('',(-0.,-1.));
#6047 = ( GEOMETRIC_REPRESENTATION_CONTEXT(2) 
PARAMETRIC_REPRESENTATION_CONTEXT() REPRESENTATION_CONTEXT('2D SPACE',''
  ) );
#6048 = ORIENTED_EDGE('',*,*,#6049,.T.);
#6049 = EDGE_CURVE('',#6027,#6027,#6050,.T.);
#6050 = SURFACE_CURVE('',#6051,(#6056,#6063),.PCURVE_S1.);
#6051 = CIRCLE('',#6052,2.1);
#6052 = AXIS2_PLACEMENT_3D('',#6053,#6054,#6055);
#6053 = CARTESIAN_POINT('',(13.,13.,5.5));
#6054 = DIRECTION('',(0.,0.,1.));
#6055 = DIRECTION('',(1.,0.,0.));
#6056 = PCURVE('',#4690,#6057);
#6057 = DEFINITIONAL_REPRESENTATION('',(#6058),#6062);
#6058 = LINE('',#6059,#6060);
#6059 = CARTESIAN_POINT('',(-0.,-5.5));
#6060 = VECTOR('',#6061,1.);
#6061 = DIRECTION('',(-1.,0.));
#6062 = ( GEOMETRIC_REPRESENTATION_CONTEXT(2) 
PARAMETRIC_REPRESENTATION_CONTEXT() REPRESENTATION_CONTEXT('2D SPACE',''
  ) );
#6063 = PCURVE('',#6064,#6069);
#6064 = PLANE('',#6065);
#6065 = AXIS2_PLACEMENT_3D('',#6066,#6067,#6068);
#6066 = CARTESIAN_POINT('',(13.,13.,5.5));
#6067 = DIRECTION('',(0.,0.,1.));
#6068 = DIRECTION('',(1.,0.,-0.));
#6069 = DEFINITIONAL_REPRESENTATION('',(#6070),#6074);
#6070 = CIRCLE('',#6071,2.1);
#6071 = AXIS2_PLACEMENT_2D('',#6072,#6073);
#6072 = CARTESIAN_POINT('',(0.,0.));
#6073 = DIRECTION('',(1.,0.));
#6074 = ( GEOMETRIC_REPRESENTATION_CONTEXT(2) 
PARAMETRIC_REPRESENTATION_CONTEXT() REPRESENTATION_CONTEXT('2D SPACE',''
  ) );
#6075 = ORIENTED_EDGE('',*,*,#6026,.F.);
#6076 = ADVANCED_FACE('',(#6077),#4872,.F.);
#6077 = FACE_BOUND('',#6078,.F.);
#6078 = EDGE_LOOP('',(#6079,#6080,#6081,#6102));
#6079 = ORIENTED_EDGE('',*,*,#5217,.F.);
#6080 = ORIENTED_EDGE('',*,*,#4856,.T.);
#6081 = ORIENTED_EDGE('',*,*,#6082,.T.);
#6082 = EDGE_CURVE('',#4829,#5087,#6083,.T.);
#6083 = SURFACE_CURVE('',#6084,(#6088,#6095),.PCURVE_S1.);
#6084 = LINE('',#6085,#6086);
#6085 = CARTESIAN_POINT('',(-28.5,79.,8.));
#6086 = VECTOR('',#6087,1.);
#6087 = DIRECTION('',(0.,0.,1.));
#6088 = PCURVE('',#4872,#6089);
#6089 = DEFINITIONAL_REPRESENTATION('',(#6090),#6094);
#6090 = LINE('',#6091,#6092);
#6091 = CARTESIAN_POINT('',(0.,-18.));
#6092 = VECTOR('',#6093,1.);
#6093 = DIRECTION('',(1.,0.));
#6094 = ( GEOMETRIC_REPRESENTATION_CONTEXT(2) 
PARAMETRIC_REPRESENTATION_CONTEXT() REPRESENTATION_CONTEXT('2D SPACE',''
  ) );
#6095 = PCURVE('',#4844,#6096);
#6096 = DEFINITIONAL_REPRESENTATION('',(#6097),#6101);
#6097 = LINE('',#6098,#6099);
#6098 = CARTESIAN_POINT('',(0.,0.));
#6099 = VECTOR('',#6100,1.);
#6100 = DIRECTION('',(1.,0.));
#6101 = ( GEOMETRIC_REPRESENTATION_CONTEXT(2) 
PARAMETRIC_REPRESENTATION_CONTEXT() REPRESENTATION_CONTEXT('2D SPACE',''
  ) );
#6102 = ORIENTED_EDGE('',*,*,#5109,.F.);
#6103 = ADVANCED_FACE('',(#6104),#4844,.T.);
#6104 = FACE_BOUND('',#6105,.T.);
#6105 = EDGE_LOOP('',(#6106,#6107,#6108,#6109));
#6106 = ORIENTED_EDGE('',*,*,#4828,.F.);
#6107 = ORIENTED_EDGE('',*,*,#6082,.T.);
#6108 = ORIENTED_EDGE('',*,*,#5086,.T.);
#6109 = ORIENTED_EDGE('',*,*,#6110,.F.);
#6110 = EDGE_CURVE('',#4801,#5064,#6111,.T.);
#6111 = SURFACE_CURVE('',#6112,(#6116,#6123),.PCURVE_S1.);
#6112 = LINE('',#6113,#6114);
#6113 = CARTESIAN_POINT('',(28.5,79.,8.));
#6114 = VECTOR('',#6115,1.);
#6115 = DIRECTION('',(0.,0.,1.));
#6116 = PCURVE('',#4844,#6117);
#6117 = DEFINITIONAL_REPRESENTATION('',(#6118),#6122);
#6118 = LINE('',#6119,#6120);
#6119 = CARTESIAN_POINT('',(0.,57.));
#6120 = VECTOR('',#6121,1.);
#6121 = DIRECTION('',(1.,0.));
#6122 = ( GEOMETRIC_REPRESENTATION_CONTEXT(2) 
PARAMETRIC_REPRESENTATION_CONTEXT() REPRESENTATION_CONTEXT('2D SPACE',''
  ) );
#6123 = PCURVE('',#4816,#6124);
#6124 = DEFINITIONAL_REPRESENTATION('',(#6125),#6129);
#6125 = LINE('',#6126,#6127);
#6126 = CARTESIAN_POINT('',(0.,-18.));
#6127 = VECTOR('',#6128,1.);
#6128 = DIRECTION('',(1.,0.));
#6129 = ( GEOMETRIC_REPRESENTATION_CONTEXT(2) 
PARAMETRIC_REPRESENTATION_CONTEXT() REPRESENTATION_CONTEXT('2D SPACE',''
  ) );
#6130 = ADVANCED_FACE('',(#6131),#4816,.T.);
#6131 = FACE_BOUND('',#6132,.T.);
#6132 = EDGE_LOOP('',(#6133,#6134,#6135,#6136));
#6133 = ORIENTED_EDGE('',*,*,#5246,.F.);
#6134 = ORIENTED_EDGE('',*,*,#4800,.T.);
#6135 = ORIENTED_EDGE('',*,*,#6110,.T.);
#6136 = ORIENTED_EDGE('',*,*,#5063,.F.);
#6137 = ADVANCED_FACE('',(#6138),#4928,.F.);
#6138 = FACE_BOUND('',#6139,.T.);
#6139 = EDGE_LOOP('',(#6140,#6141,#6162,#6163));
#6140 = ORIENTED_EDGE('',*,*,#4907,.T.);
#6141 = ORIENTED_EDGE('',*,*,#6142,.T.);
#6142 = EDGE_CURVE('',#4908,#5156,#6143,.T.);
#6143 = SEAM_CURVE('',#6144,(#6148,#6155),.PCURVE_S1.);
#6144 = LINE('',#6145,#6146);
#6145 = CARTESIAN_POINT('',(-20.9,70.,7.));
#6146 = VECTOR('',#6147,1.);
#6147 = DIRECTION('',(0.,0.,1.));
#6148 = PCURVE('',#4928,#6149);
#6149 = DEFINITIONAL_REPRESENTATION('',(#6150),#6154);
#6150 = LINE('',#6151,#6152);
#6151 = CARTESIAN_POINT('',(-6.28318530718,0.));
#6152 = VECTOR('',#6153,1.);
#6153 = DIRECTION('',(-0.,-1.));
#6154 = ( GEOMETRIC_REPRESENTATION_CONTEXT(2) 
PARAMETRIC_REPRESENTATION_CONTEXT() REPRESENTATION_CONTEXT('2D SPACE',''
  ) );
#6155 = PCURVE('',#4928,#6156);
#6156 = DEFINITIONAL_REPRESENTATION('',(#6157),#6161);
#6157 = LINE('',#6158,#6159);
#6158 = CARTESIAN_POINT('',(-0.,0.));
#6159 = VECTOR('',#6160,1.);
#6160 = DIRECTION('',(-0.,-1.));
#6161 = ( GEOMETRIC_REPRESENTATION_CONTEXT(2) 
PARAMETRIC_REPRESENTATION_CONTEXT() REPRESENTATION_CONTEXT('2D SPACE',''
  ) );
#6162 = ORIENTED_EDGE('',*,*,#5155,.F.);
#6163 = ORIENTED_EDGE('',*,*,#6142,.F.);
#6164 = ADVANCED_FACE('',(#6165),#4963,.F.);
#6165 = FACE_BOUND('',#6166,.T.);
#6166 = EDGE_LOOP('',(#6167,#6168,#6189,#6190));
#6167 = ORIENTED_EDGE('',*,*,#4942,.T.);
#6168 = ORIENTED_EDGE('',*,*,#6169,.T.);
#6169 = EDGE_CURVE('',#4943,#5186,#6170,.T.);
#6170 = SEAM_CURVE('',#6171,(#6175,#6182),.PCURVE_S1.);
#6171 = LINE('',#6172,#6173);
#6172 = CARTESIAN_POINT('',(24.1,70.,7.));
#6173 = VECTOR('',#6174,1.);
#6174 = DIRECTION('',(0.,0.,1.));
#6175 = PCURVE('',#4963,#6176);
#6176 = DEFINITIONAL_REPRESENTATION('',(#6177),#6181);
#6177 = LINE('',#6178,#6179);
#6178 = CARTESIAN_POINT('',(-6.28318530718,0.));
#6179 = VECTOR('',#6180,1.);
#6180 = DIRECTION('',(-0.,-1.));
#6181 = ( GEOMETRIC_REPRESENTATION_CONTEXT(2) 
PARAMETRIC_REPRESENTATION_CONTEXT() REPRESENTATION_CONTEXT('2D SPACE',''
  ) );
#6182 = PCURVE('',#4963,#6183);
#6183 = DEFINITIONAL_REPRESENTATION('',(#6184),#6188);
#6184 = LINE('',#6185,#6186);
#6185 = CARTESIAN_POINT('',(-0.,0.));
#6186 = VECTOR('',#6187,1.);
#6187 = DIRECTION('',(-0.,-1.));
#6188 = ( GEOMETRIC_REPRESENTATION_CONTEXT(2) 
PARAMETRIC_REPRESENTATION_CONTEXT() REPRESENTATION_CONTEXT('2D SPACE',''
  ) );
#6189 = ORIENTED_EDGE('',*,*,#5185,.F.);
#6190 = ORIENTED_EDGE('',*,*,#6169,.F.);
#6191 = ADVANCED_FACE('',(#6192),#5399,.F.);
#6192 = FACE_BOUND('',#6193,.T.);
#6193 = EDGE_LOOP('',(#6194,#6217,#6218,#6219));
#6194 = ORIENTED_EDGE('',*,*,#6195,.T.);
#6195 = EDGE_CURVE('',#6196,#5383,#6198,.T.);
#6196 = VERTEX_POINT('',#6197);
#6197 = CARTESIAN_POINT('',(-20.9,-32.,20.5));
#6198 = SEAM_CURVE('',#6199,(#6203,#6210),.PCURVE_S1.);
#6199 = LINE('',#6200,#6201);
#6200 = CARTESIAN_POINT('',(-20.9,-32.,20.5));
#6201 = VECTOR('',#6202,1.);
#6202 = DIRECTION('',(0.,0.,1.));
#6203 = PCURVE('',#5399,#6204);
#6204 = DEFINITIONAL_REPRESENTATION('',(#6205),#6209);
#6205 = LINE('',#6206,#6207);
#6206 = CARTESIAN_POINT('',(-0.,0.));
#6207 = VECTOR('',#6208,1.);
#6208 = DIRECTION('',(-0.,-1.));
#6209 = ( GEOMETRIC_REPRESENTATION_CONTEXT(2) 
PARAMETRIC_REPRESENTATION_CONTEXT() REPRESENTATION_CONTEXT('2D SPACE',''
  ) );
#6210 = PCURVE('',#5399,#6211);
#6211 = DEFINITIONAL_REPRESENTATION('',(#6212),#6216);
#6212 = LINE('',#6213,#6214);
#6213 = CARTESIAN_POINT('',(-6.28318530718,0.));
#6214 = VECTOR('',#6215,1.);
#6215 = DIRECTION('',(-0.,-1.));
#6216 = ( GEOMETRIC_REPRESENTATION_CONTEXT(2) 
PARAMETRIC_REPRESENTATION_CONTEXT() REPRESENTATION_CONTEXT('2D SPACE',''
  ) );
#6217 = ORIENTED_EDGE('',*,*,#5382,.T.);
#6218 = ORIENTED_EDGE('',*,*,#6195,.F.);
#6219 = ORIENTED_EDGE('',*,*,#6220,.F.);
#6220 = EDGE_CURVE('',#6196,#6196,#6221,.T.);
#6221 = SURFACE_CURVE('',#6222,(#6227,#6234),.PCURVE_S1.);
#6222 = CIRCLE('',#6223,2.1);
#6223 = AXIS2_PLACEMENT_3D('',#6224,#6225,#6226);
#6224 = CARTESIAN_POINT('',(-23.,-32.,20.5));
#6225 = DIRECTION('',(0.,0.,1.));
#6226 = DIRECTION('',(1.,0.,0.));
#6227 = PCURVE('',#5399,#6228);
#6228 = DEFINITIONAL_REPRESENTATION('',(#6229),#6233);
#6229 = LINE('',#6230,#6231);
#6230 = CARTESIAN_POINT('',(-0.,0.));
#6231 = VECTOR('',#6232,1.);
#6232 = DIRECTION('',(-1.,0.));
#6233 = ( GEOMETRIC_REPRESENTATION_CONTEXT(2) 
PARAMETRIC_REPRESENTATION_CONTEXT() REPRESENTATION_CONTEXT('2D SPACE',''
  ) );
#6234 = PCURVE('',#6235,#6240);
#6235 = PLANE('',#6236);
#6236 = AXIS2_PLACEMENT_3D('',#6237,#6238,#6239);
#6237 = CARTESIAN_POINT('',(-23.,-32.,20.5));
#6238 = DIRECTION('',(0.,0.,1.));
#6239 = DIRECTION('',(1.,0.,-0.));
#6240 = DEFINITIONAL_REPRESENTATION('',(#6241),#6245);
#6241 = CIRCLE('',#6242,2.1);
#6242 = AXIS2_PLACEMENT_2D('',#6243,#6244);
#6243 = CARTESIAN_POINT('',(0.,0.));
#6244 = DIRECTION('',(1.,0.));
#6245 = ( GEOMETRIC_REPRESENTATION_CONTEXT(2) 
PARAMETRIC_REPRESENTATION_CONTEXT() REPRESENTATION_CONTEXT('2D SPACE',''
  ) );
#6246 = ADVANCED_FACE('',(#6247),#5490,.F.);
#6247 = FACE_BOUND('',#6248,.T.);
#6248 = EDGE_LOOP('',(#6249,#6272,#6273,#6274));
#6249 = ORIENTED_EDGE('',*,*,#6250,.T.);
#6250 = EDGE_CURVE('',#6251,#5474,#6253,.T.);
#6251 = VERTEX_POINT('',#6252);
#6252 = CARTESIAN_POINT('',(-20.9,32.,20.5));
#6253 = SEAM_CURVE('',#6254,(#6258,#6265),.PCURVE_S1.);
#6254 = LINE('',#6255,#6256);
#6255 = CARTESIAN_POINT('',(-20.9,32.,20.5));
#6256 = VECTOR('',#6257,1.);
#6257 = DIRECTION('',(0.,0.,1.));
#6258 = PCURVE('',#5490,#6259);
#6259 = DEFINITIONAL_REPRESENTATION('',(#6260),#6264);
#6260 = LINE('',#6261,#6262);
#6261 = CARTESIAN_POINT('',(-0.,0.));
#6262 = VECTOR('',#6263,1.);
#6263 = DIRECTION('',(-0.,-1.));
#6264 = ( GEOMETRIC_REPRESENTATION_CONTEXT(2) 
PARAMETRIC_REPRESENTATION_CONTEXT() REPRESENTATION_CONTEXT('2D SPACE',''
  ) );
#6265 = PCURVE('',#5490,#6266);
#6266 = DEFINITIONAL_REPRESENTATION('',(#6267),#6271);
#6267 = LINE('',#6268,#6269);
#6268 = CARTESIAN_POINT('',(-6.28318530718,0.));
#6269 = VECTOR('',#6270,1.);
#6270 = DIRECTION('',(-0.,-1.));
#6271 = ( GEOMETRIC_REPRESENTATION_CONTEXT(2) 
PARAMETRIC_REPRESENTATION_CONTEXT() REPRESENTATION_CONTEXT('2D SPACE',''
  ) );
#6272 = ORIENTED_EDGE('',*,*,#5473,.T.);
#6273 = ORIENTED_EDGE('',*,*,#6250,.F.);
#6274 = ORIENTED_EDGE('',*,*,#6275,.F.);
#6275 = EDGE_CURVE('',#6251,#6251,#6276,.T.);
#6276 = SURFACE_CURVE('',#6277,(#6282,#6289),.PCURVE_S1.);
#6277 = CIRCLE('',#6278,2.1);
#6278 = AXIS2_PLACEMENT_3D('',#6279,#6280,#6281);
#6279 = CARTESIAN_POINT('',(-23.,32.,20.5));
#6280 = DIRECTION('',(0.,0.,1.));
#6281 = DIRECTION('',(1.,0.,0.));
#6282 = PCURVE('',#5490,#6283);
#6283 = DEFINITIONAL_REPRESENTATION('',(#6284),#6288);
#6284 = LINE('',#6285,#6286);
#6285 = CARTESIAN_POINT('',(-0.,0.));
#6286 = VECTOR('',#6287,1.);
#6287 = DIRECTION('',(-1.,0.));
#6288 = ( GEOMETRIC_REPRESENTATION_CONTEXT(2) 
PARAMETRIC_REPRESENTATION_CONTEXT() REPRESENTATION_CONTEXT('2D SPACE',''
  ) );
#6289 = PCURVE('',#6290,#6295);
#6290 = PLANE('',#6291);
#6291 = AXIS2_PLACEMENT_3D('',#6292,#6293,#6294);
#6292 = CARTESIAN_POINT('',(-23.,32.,20.5));
#6293 = DIRECTION('',(0.,0.,1.));
#6294 = DIRECTION('',(1.,0.,-0.));
#6295 = DEFINITIONAL_REPRESENTATION('',(#6296),#6300);
#6296 = CIRCLE('',#6297,2.1);
#6297 = AXIS2_PLACEMENT_2D('',#6298,#6299);
#6298 = CARTESIAN_POINT('',(0.,0.));
#6299 = DIRECTION('',(1.,0.));
#6300 = ( GEOMETRIC_REPRESENTATION_CONTEXT(2) 
PARAMETRIC_REPRESENTATION_CONTEXT() REPRESENTATION_CONTEXT('2D SPACE',''
  ) );
#6301 = ADVANCED_FACE('',(#6302),#5694,.F.);
#6302 = FACE_BOUND('',#6303,.T.);
#6303 = EDGE_LOOP('',(#6304,#6327,#6328,#6329));
#6304 = ORIENTED_EDGE('',*,*,#6305,.T.);
#6305 = EDGE_CURVE('',#6306,#5678,#6308,.T.);
#6306 = VERTEX_POINT('',#6307);
#6307 = CARTESIAN_POINT('',(25.1,-32.,20.5));
#6308 = SEAM_CURVE('',#6309,(#6313,#6320),.PCURVE_S1.);
#6309 = LINE('',#6310,#6311);
#6310 = CARTESIAN_POINT('',(25.1,-32.,20.5));
#6311 = VECTOR('',#6312,1.);
#6312 = DIRECTION('',(0.,0.,1.));
#6313 = PCURVE('',#5694,#6314);
#6314 = DEFINITIONAL_REPRESENTATION('',(#6315),#6319);
#6315 = LINE('',#6316,#6317);
#6316 = CARTESIAN_POINT('',(-0.,0.));
#6317 = VECTOR('',#6318,1.);
#6318 = DIRECTION('',(-0.,-1.));
#6319 = ( GEOMETRIC_REPRESENTATION_CONTEXT(2) 
PARAMETRIC_REPRESENTATION_CONTEXT() REPRESENTATION_CONTEXT('2D SPACE',''
  ) );
#6320 = PCURVE('',#5694,#6321);
#6321 = DEFINITIONAL_REPRESENTATION('',(#6322),#6326);
#6322 = LINE('',#6323,#6324);
#6323 = CARTESIAN_POINT('',(-6.28318530718,0.));
#6324 = VECTOR('',#6325,1.);
#6325 = DIRECTION('',(-0.,-1.));
#6326 = ( GEOMETRIC_REPRESENTATION_CONTEXT(2) 
PARAMETRIC_REPRESENTATION_CONTEXT() REPRESENTATION_CONTEXT('2D SPACE',''
  ) );
#6327 = ORIENTED_EDGE('',*,*,#5677,.T.);
#6328 = ORIENTED_EDGE('',*,*,#6305,.F.);
#6329 = ORIENTED_EDGE('',*,*,#6330,.F.);
#6330 = EDGE_CURVE('',#6306,#6306,#6331,.T.);
#6331 = SURFACE_CURVE('',#6332,(#6337,#6344),.PCURVE_S1.);
#6332 = CIRCLE('',#6333,2.1);
#6333 = AXIS2_PLACEMENT_3D('',#6334,#6335,#6336);
#6334 = CARTESIAN_POINT('',(23.,-32.,20.5));
#6335 = DIRECTION('',(0.,0.,1.));
#6336 = DIRECTION('',(1.,0.,0.));
#6337 = PCURVE('',#5694,#6338);
#6338 = DEFINITIONAL_REPRESENTATION('',(#6339),#6343);
#6339 = LINE('',#6340,#6341);
#6340 = CARTESIAN_POINT('',(-0.,0.));
#6341 = VECTOR('',#6342,1.);
#6342 = DIRECTION('',(-1.,0.));
#6343 = ( GEOMETRIC_REPRESENTATION_CONTEXT(2) 
PARAMETRIC_REPRESENTATION_CONTEXT() REPRESENTATION_CONTEXT('2D SPACE',''
  ) );
#6344 = PCURVE('',#6345,#6350);
#6345 = PLANE('',#6346);
#6346 = AXIS2_PLACEMENT_3D('',#6347,#6348,#6349);
#6347 = CARTESIAN_POINT('',(23.,-32.,20.5));
#6348 = DIRECTION('',(0.,0.,1.));
#6349 = DIRECTION('',(1.,0.,-0.));
#6350 = DEFINITIONAL_REPRESENTATION('',(#6351),#6355);
#6351 = CIRCLE('',#6352,2.1);
#6352 = AXIS2_PLACEMENT_2D('',#6353,#6354);
#6353 = CARTESIAN_POINT('',(0.,0.));
#6354 = DIRECTION('',(1.,0.));
#6355 = ( GEOMETRIC_REPRESENTATION_CONTEXT(2) 
PARAMETRIC_REPRESENTATION_CONTEXT() REPRESENTATION_CONTEXT('2D SPACE',''
  ) );
#6356 = ADVANCED_FACE('',(#6357),#5785,.F.);
#6357 = FACE_BOUND('',#6358,.T.);
#6358 = EDGE_LOOP('',(#6359,#6382,#6383,#6384));
#6359 = ORIENTED_EDGE('',*,*,#6360,.T.);
#6360 = EDGE_CURVE('',#6361,#5769,#6363,.T.);
#6361 = VERTEX_POINT('',#6362);
#6362 = CARTESIAN_POINT('',(25.1,32.,20.5));
#6363 = SEAM_CURVE('',#6364,(#6368,#6375),.PCURVE_S1.);
#6364 = LINE('',#6365,#6366);
#6365 = CARTESIAN_POINT('',(25.1,32.,20.5));
#6366 = VECTOR('',#6367,1.);
#6367 = DIRECTION('',(0.,0.,1.));
#6368 = PCURVE('',#5785,#6369);
#6369 = DEFINITIONAL_REPRESENTATION('',(#6370),#6374);
#6370 = LINE('',#6371,#6372);
#6371 = CARTESIAN_POINT('',(-0.,0.));
#6372 = VECTOR('',#6373,1.);
#6373 = DIRECTION('',(-0.,-1.));
#6374 = ( GEOMETRIC_REPRESENTATION_CONTEXT(2) 
PARAMETRIC_REPRESENTATION_CONTEXT() REPRESENTATION_CONTEXT('2D SPACE',''
  ) );
#6375 = PCURVE('',#5785,#6376);
#6376 = DEFINITIONAL_REPRESENTATION('',(#6377),#6381);
#6377 = LINE('',#6378,#6379);
#6378 = CARTESIAN_POINT('',(-6.28318530718,0.));
#6379 = VECTOR('',#6380,1.);
#6380 = DIRECTION('',(-0.,-1.));
#6381 = ( GEOMETRIC_REPRESENTATION_CONTEXT(2) 
PARAMETRIC_REPRESENTATION_CONTEXT() REPRESENTATION_CONTEXT('2D SPACE',''
  ) );
#6382 = ORIENTED_EDGE('',*,*,#5768,.T.);
#6383 = ORIENTED_EDGE('',*,*,#6360,.F.);
#6384 = ORIENTED_EDGE('',*,*,#6385,.F.);
#6385 = EDGE_CURVE('',#6361,#6361,#6386,.T.);
#6386 = SURFACE_CURVE('',#6387,(#6392,#6399),.PCURVE_S1.);
#6387 = CIRCLE('',#6388,2.1);
#6388 = AXIS2_PLACEMENT_3D('',#6389,#6390,#6391);
#6389 = CARTESIAN_POINT('',(23.,32.,20.5));
#6390 = DIRECTION('',(0.,0.,1.));
#6391 = DIRECTION('',(1.,0.,0.));
#6392 = PCURVE('',#5785,#6393);
#6393 = DEFINITIONAL_REPRESENTATION('',(#6394),#6398);
#6394 = LINE('',#6395,#6396);
#6395 = CARTESIAN_POINT('',(-0.,0.));
#6396 = VECTOR('',#6397,1.);
#6397 = DIRECTION('',(-1.,0.));
#6398 = ( GEOMETRIC_REPRESENTATION_CONTEXT(2) 
PARAMETRIC_REPRESENTATION_CONTEXT() REPRESENTATION_CONTEXT('2D SPACE',''
  ) );
#6399 = PCURVE('',#6400,#6405);
#6400 = PLANE('',#6401);
#6401 = AXIS2_PLACEMENT_3D('',#6402,#6403,#6404);
#6402 = CARTESIAN_POINT('',(23.,32.,20.5));
#6403 = DIRECTION('',(0.,0.,1.));
#6404 = DIRECTION('',(1.,0.,-0.));
#6405 = DEFINITIONAL_REPRESENTATION('',(#6406),#6410);
#6406 = CIRCLE('',#6407,2.1);
#6407 = AXIS2_PLACEMENT_2D('',#6408,#6409);
#6408 = CARTESIAN_POINT('',(0.,0.));
#6409 = DIRECTION('',(1.,0.));
#6410 = ( GEOMETRIC_REPRESENTATION_CONTEXT(2) 
PARAMETRIC_REPRESENTATION_CONTEXT() REPRESENTATION_CONTEXT('2D SPACE',''
  ) );
#6411 = ADVANCED_FACE('',(#6412),#5899,.F.);
#6412 = FACE_BOUND('',#6413,.F.);
#6413 = EDGE_LOOP('',(#6414));
#6414 = ORIENTED_EDGE('',*,*,#5884,.T.);
#6415 = ADVANCED_FACE('',(#6416),#5954,.F.);
#6416 = FACE_BOUND('',#6417,.F.);
#6417 = EDGE_LOOP('',(#6418));
#6418 = ORIENTED_EDGE('',*,*,#5939,.T.);
#6419 = ADVANCED_FACE('',(#6420),#6009,.F.);
#6420 = FACE_BOUND('',#6421,.F.);
#6421 = EDGE_LOOP('',(#6422));
#6422 = ORIENTED_EDGE('',*,*,#5994,.T.);
#6423 = ADVANCED_FACE('',(#6424),#6064,.F.);
#6424 = FACE_BOUND('',#6425,.F.);
#6425 = EDGE_LOOP('',(#6426));
#6426 = ORIENTED_EDGE('',*,*,#6049,.T.);
#6427 = ADVANCED_FACE('',(#6428),#6235,.T.);
#6428 = FACE_BOUND('',#6429,.T.);
#6429 = EDGE_LOOP('',(#6430));
#6430 = ORIENTED_EDGE('',*,*,#6220,.T.);
#6431 = ADVANCED_FACE('',(#6432),#6290,.T.);
#6432 = FACE_BOUND('',#6433,.T.);
#6433 = EDGE_LOOP('',(#6434));
#6434 = ORIENTED_EDGE('',*,*,#6275,.T.);
#6435 = ADVANCED_FACE('',(#6436),#6345,.T.);
#6436 = FACE_BOUND('',#6437,.T.);
#6437 = EDGE_LOOP('',(#6438));
#6438 = ORIENTED_EDGE('',*,*,#6330,.T.);
#6439 = ADVANCED_FACE('',(#6440),#6400,.T.);
#6440 = FACE_BOUND('',#6441,.T.);
#6441 = EDGE_LOOP('',(#6442));
#6442 = ORIENTED_EDGE('',*,*,#6385,.T.);
#6443 = ( GEOMETRIC_REPRESENTATION_CONTEXT(3) 
GLOBAL_UNCERTAINTY_ASSIGNED_CONTEXT((#6447)) 
GLOBAL_UNIT_ASSIGNED_CONTEXT((#6444,#6445,#6446)) REPRESENTATION_CONTEXT
('Context #1','3D Context with UNIT and UNCERTAINTY') );
#6444 = ( LENGTH_UNIT() NAMED_UNIT(*) SI_UNIT(.MILLI.,.METRE.) );
#6445 = ( NAMED_UNIT(*) PLANE_ANGLE_UNIT() SI_UNIT($,.RADIAN.) );
#6446 = ( NAMED_UNIT(*) SI_UNIT($,.STERADIAN.) SOLID_ANGLE_UNIT() );
#6447 = UNCERTAINTY_MEASURE_WITH_UNIT(LENGTH_MEASURE(5.E-07),#6444,
  'distance_accuracy_value','confusion accuracy');
#6448 = PRODUCT_RELATED_PRODUCT_CATEGORY('part',$,(#7));
ENDSEC;
END-ISO-10303-21;
