ISO-10303-21;
HEADER;
FILE_DESCRIPTION(('Open CASCADE Model'),'2;1');
FILE_NAME('Open CASCADE Shape Model','2026-09-24T11:22:09',('Author'),(
    'Open CASCADE'),'Open CASCADE STEP processor 7.9','Open CASCADE 7.9'
  ,'Unknown');
FILE_SCHEMA(('AUTOMOTIVE_DESIGN { 1 0 10303 214 1 1 1 1 }'));
ENDSEC;
DATA;
#1 = APPLICATION_PROTOCOL_DEFINITION('international standard',
  'automotive_design',2000,#2);
#2 = APPLICATION_CONTEXT(
  'core data for automotive mechanical design processes');
#3 = SHAPE_DEFINITION_REPRESENTATION(#4,#10);
#4 = PRODUCT_DEFINITION_SHAPE('','',#5);
#5 = PRODUCT_DEFINITION('design','',#6,#9);
#6 = PRODUCT_DEFINITION_FORMATION('','',#7);
#7 = PRODUCT('Open CASCADE STEP translator 7.9 5',
  'Open CASCADE STEP translator 7.9 5','',(#8));
#8 = PRODUCT_CONTEXT('',#2,'mechanical');
#9 = PRODUCT_DEFINITION_CONTEXT('part definition',#2,'design');
#10 = SHAPE_REPRESENTATION('',(#11,#15,#19,#23),#27);
#11 = AXIS2_PLACEMENT_3D('',#12,#13,#14);
#12 = CARTESIAN_POINT('',(0.,0.,0.));
#13 = DIRECTION('',(0.,0.,1.));
#14 = DIRECTION('',(1.,0.,-0.));
#15 = AXIS2_PLACEMENT_3D('',#16,#17,#18);
#16 = CARTESIAN_POINT('',(0.,0.,0.));
#17 = DIRECTION('',(0.,0.,1.));
#18 = DIRECTION('',(1.,0.,-0.));
#19 = AXIS2_PLACEMENT_3D('',#20,#21,#22);
#20 = CARTESIAN_POINT('',(0.,0.,0.));
#21 = DIRECTION('',(0.,0.,1.));
#22 = DIRECTION('',(1.,0.,-0.));
#23 = AXIS2_PLACEMENT_3D('',#24,#25,#26);
#24 = CARTESIAN_POINT('',(0.,0.,0.));
#25 = DIRECTION('',(0.,0.,1.));
#26 = DIRECTION('',(1.,0.,-0.));
#27 = ( GEOMETRIC_REPRESENTATION_CONTEXT(3) 
GLOBAL_UNCERTAINTY_ASSIGNED_CONTEXT((#31)) GLOBAL_UNIT_ASSIGNED_CONTEXT(
(#28,#29,#30)) REPRESENTATION_CONTEXT('Context #1',
  '3D Context with UNIT and UNCERTAINTY') );
#28 = ( LENGTH_UNIT() NAMED_UNIT(*) SI_UNIT(.MILLI.,.METRE.) );
#29 = ( NAMED_UNIT(*) PLANE_ANGLE_UNIT() SI_UNIT($,.RADIAN.) );
#30 = ( NAMED_UNIT(*) SI_UNIT($,.STERADIAN.) SOLID_ANGLE_UNIT() );
#31 = UNCERTAINTY_MEASURE_WITH_UNIT(LENGTH_MEASURE(5.E-07),#28,
  'distance_accuracy_value','confusion accuracy');
#32 = PRODUCT_RELATED_PRODUCT_CATEGORY('part',$,(#7));
#33 = SHAPE_DEFINITION_REPRESENTATION(#34,#40);
#34 = PRODUCT_DEFINITION_SHAPE('','',#35);
#35 = PRODUCT_DEFINITION('design','',#36,#39);
#36 = PRODUCT_DEFINITION_FORMATION('','',#37);
#37 = PRODUCT('Open CASCADE STEP translator 7.9 5.1',
  'Open CASCADE STEP translator 7.9 5.1','',(#38));
#38 = PRODUCT_CONTEXT('',#2,'mechanical');
#39 = PRODUCT_DEFINITION_CONTEXT('part definition',#2,'design');
#40 = ADVANCED_BREP_SHAPE_REPRESENTATION('',(#11,#41),#6469);
#41 = MANIFOLD_SOLID_BREP('',#42);
#42 = CLOSED_SHELL('',(#43,#163,#1122,#1172,#1226,#1475,#1630,#1732,
    #1781,#1856,#1883,#1910,#1937,#1944,#2020,#2069,#2118,#2150,#2582,
    #2629,#2676,#3036,#3112,#3161,#3210,#3242,#3674,#3721,#3768,#4128,
    #4199,#4248,#4297,#4324,#4395,#4444,#4493,#4520,#4572,#4624,#4676,
    #4728,#5000,#5026,#5053,#5059,#5238,#5265,#5292,#5343,#5372,#5436,
    #5469,#5527,#5576,#5587,#5638,#5667,#5731,#5764,#5822,#5871,#5882,
    #5937,#5992,#6047,#6102,#6129,#6156,#6163,#6190,#6217,#6272,#6327,
    #6382,#6437,#6441,#6445,#6449,#6453,#6457,#6461,#6465));
#43 = ADVANCED_FACE('',(#44),#58,.F.);
#44 = FACE_BOUND('',#45,.F.);
#45 = EDGE_LOOP('',(#46,#81,#109,#137));
#46 = ORIENTED_EDGE('',*,*,#47,.F.);
#47 = EDGE_CURVE('',#48,#50,#52,.T.);
#48 = VERTEX_POINT('',#49);
#49 = CARTESIAN_POINT('',(-34.,-20.,8.));
#50 = VERTEX_POINT('',#51);
#51 = CARTESIAN_POINT('',(-34.,20.,8.));
#52 = SURFACE_CURVE('',#53,(#57,#69),.PCURVE_S1.);
#53 = LINE('',#54,#55);
#54 = CARTESIAN_POINT('',(-34.,-23.,8.));
#55 = VECTOR('',#56,1.);
#56 = DIRECTION('',(0.,1.,0.));
#57 = PCURVE('',#58,#63);
#58 = PLANE('',#59);
#59 = AXIS2_PLACEMENT_3D('',#60,#61,#62);
#60 = CARTESIAN_POINT('',(-34.,-23.,0.));
#61 = DIRECTION('',(1.,0.,0.));
#62 = DIRECTION('',(0.,0.,1.));
#63 = DEFINITIONAL_REPRESENTATION('',(#64),#68);
#64 = LINE('',#65,#66);
#65 = CARTESIAN_POINT('',(8.,0.));
#66 = VECTOR('',#67,1.);
#67 = DIRECTION('',(0.,-1.));
#68 = ( GEOMETRIC_REPRESENTATION_CONTEXT(2) 
PARAMETRIC_REPRESENTATION_CONTEXT() REPRESENTATION_CONTEXT('2D SPACE',''
  ) );
#69 = PCURVE('',#70,#75);
#70 = PLANE('',#71);
#71 = AXIS2_PLACEMENT_3D('',#72,#73,#74);
#72 = CARTESIAN_POINT('',(-34.,-23.,8.));
#73 = DIRECTION('',(0.,0.,1.));
#74 = DIRECTION('',(1.,0.,0.));
#75 = DEFINITIONAL_REPRESENTATION('',(#76),#80);
#76 = LINE('',#77,#78);
#77 = CARTESIAN_POINT('',(0.,0.));
#78 = VECTOR('',#79,1.);
#79 = DIRECTION('',(0.,1.));
#80 = ( GEOMETRIC_REPRESENTATION_CONTEXT(2) 
PARAMETRIC_REPRESENTATION_CONTEXT() REPRESENTATION_CONTEXT('2D SPACE',''
  ) );
#81 = ORIENTED_EDGE('',*,*,#82,.F.);
#82 = EDGE_CURVE('',#83,#48,#85,.T.);
#83 = VERTEX_POINT('',#84);
#84 = CARTESIAN_POINT('',(-34.,-20.,0.));
#85 = SURFACE_CURVE('',#86,(#90,#97),.PCURVE_S1.);
#86 = LINE('',#87,#88);
#87 = CARTESIAN_POINT('',(-34.,-20.,0.));
#88 = VECTOR('',#89,1.);
#89 = DIRECTION('',(0.,0.,1.));
#90 = PCURVE('',#58,#91);
#91 = DEFINITIONAL_REPRESENTATION('',(#92),#96);
#92 = LINE('',#93,#94);
#93 = CARTESIAN_POINT('',(0.,-3.));
#94 = VECTOR('',#95,1.);
#95 = DIRECTION('',(1.,0.));
#96 = ( GEOMETRIC_REPRESENTATION_CONTEXT(2) 
PARAMETRIC_REPRESENTATION_CONTEXT() REPRESENTATION_CONTEXT('2D SPACE',''
  ) );
#97 = PCURVE('',#98,#103);
#98 = CYLINDRICAL_SURFACE('',#99,3.);
#99 = AXIS2_PLACEMENT_3D('',#100,#101,#102);
#100 = CARTESIAN_POINT('',(-31.,-20.,0.));
#101 = DIRECTION('',(0.,0.,1.));
#102 = DIRECTION('',(-1.,-0.,0.));
#103 = DEFINITIONAL_REPRESENTATION('',(#104),#108);
#104 = LINE('',#105,#106);
#105 = CARTESIAN_POINT('',(0.,0.));
#106 = VECTOR('',#107,1.);
#107 = DIRECTION('',(0.,1.));
#108 = ( GEOMETRIC_REPRESENTATION_CONTEXT(2) 
PARAMETRIC_REPRESENTATION_CONTEXT() REPRESENTATION_CONTEXT('2D SPACE',''
  ) );
#109 = ORIENTED_EDGE('',*,*,#110,.T.);
#110 = EDGE_CURVE('',#83,#111,#113,.T.);
#111 = VERTEX_POINT('',#112);
#112 = CARTESIAN_POINT('',(-34.,20.,0.));
#113 = SURFACE_CURVE('',#114,(#118,#125),.PCURVE_S1.);
#114 = LINE('',#115,#116);
#115 = CARTESIAN_POINT('',(-34.,-23.,0.));
#116 = VECTOR('',#117,1.);
#117 = DIRECTION('',(0.,1.,0.));
#118 = PCURVE('',#58,#119);
#119 = DEFINITIONAL_REPRESENTATION('',(#120),#124);
#120 = LINE('',#121,#122);
#121 = CARTESIAN_POINT('',(0.,0.));
#122 = VECTOR('',#123,1.);
#123 = DIRECTION('',(0.,-1.));
#124 = ( GEOMETRIC_REPRESENTATION_CONTEXT(2) 
PARAMETRIC_REPRESENTATION_CONTEXT() REPRESENTATION_CONTEXT('2D SPACE',''
  ) );
#125 = PCURVE('',#126,#131);
#126 = PLANE('',#127);
#127 = AXIS2_PLACEMENT_3D('',#128,#129,#130);
#128 = CARTESIAN_POINT('',(-34.,-23.,0.));
#129 = DIRECTION('',(0.,0.,1.));
#130 = DIRECTION('',(1.,0.,0.));
#131 = DEFINITIONAL_REPRESENTATION('',(#132),#136);
#132 = LINE('',#133,#134);
#133 = CARTESIAN_POINT('',(0.,0.));
#134 = VECTOR('',#135,1.);
#135 = DIRECTION('',(0.,1.));
#136 = ( GEOMETRIC_REPRESENTATION_CONTEXT(2) 
PARAMETRIC_REPRESENTATION_CONTEXT() REPRESENTATION_CONTEXT('2D SPACE',''
  ) );
#137 = ORIENTED_EDGE('',*,*,#138,.T.);
#138 = EDGE_CURVE('',#111,#50,#139,.T.);
#139 = SURFACE_CURVE('',#140,(#144,#151),.PCURVE_S1.);
#140 = LINE('',#141,#142);
#141 = CARTESIAN_POINT('',(-34.,20.,0.));
#142 = VECTOR('',#143,1.);
#143 = DIRECTION('',(0.,0.,1.));
#144 = PCURVE('',#58,#145);
#145 = DEFINITIONAL_REPRESENTATION('',(#146),#150);
#146 = LINE('',#147,#148);
#147 = CARTESIAN_POINT('',(0.,-43.));
#148 = VECTOR('',#149,1.);
#149 = DIRECTION('',(1.,0.));
#150 = ( GEOMETRIC_REPRESENTATION_CONTEXT(2) 
PARAMETRIC_REPRESENTATION_CONTEXT() REPRESENTATION_CONTEXT('2D SPACE',''
  ) );
#151 = PCURVE('',#152,#157);
#152 = CYLINDRICAL_SURFACE('',#153,3.);
#153 = AXIS2_PLACEMENT_3D('',#154,#155,#156);
#154 = CARTESIAN_POINT('',(-31.,20.,0.));
#155 = DIRECTION('',(0.,0.,1.));
#156 = DIRECTION('',(-1.,-0.,0.));
#157 = DEFINITIONAL_REPRESENTATION('',(#158),#162);
#158 = LINE('',#159,#160);
#159 = CARTESIAN_POINT('',(-0.,0.));
#160 = VECTOR('',#161,1.);
#161 = DIRECTION('',(-0.,1.));
#162 = ( GEOMETRIC_REPRESENTATION_CONTEXT(2) 
PARAMETRIC_REPRESENTATION_CONTEXT() REPRESENTATION_CONTEXT('2D SPACE',''
  ) );
#163 = ADVANCED_FACE('',(#164,#470,#576,#690,#796,#910,#1016),#70,.T.);
#164 = FACE_BOUND('',#165,.T.);
#165 = EDGE_LOOP('',(#166,#167,#191,#219,#252,#280,#309,#337,#365,#393,
    #421,#444));
#166 = ORIENTED_EDGE('',*,*,#47,.F.);
#167 = ORIENTED_EDGE('',*,*,#168,.T.);
#168 = EDGE_CURVE('',#48,#169,#171,.T.);
#169 = VERTEX_POINT('',#170);
#170 = CARTESIAN_POINT('',(-31.,-23.,8.));
#171 = SURFACE_CURVE('',#172,(#177,#184),.PCURVE_S1.);
#172 = CIRCLE('',#173,3.);
#173 = AXIS2_PLACEMENT_3D('',#174,#175,#176);
#174 = CARTESIAN_POINT('',(-31.,-20.,8.));
#175 = DIRECTION('',(0.,0.,1.));
#176 = DIRECTION('',(0.,-1.,0.));
#177 = PCURVE('',#70,#178);
#178 = DEFINITIONAL_REPRESENTATION('',(#179),#183);
#179 = CIRCLE('',#180,3.);
#180 = AXIS2_PLACEMENT_2D('',#181,#182);
#181 = CARTESIAN_POINT('',(3.,3.));
#182 = DIRECTION('',(0.,-1.));
#183 = ( GEOMETRIC_REPRESENTATION_CONTEXT(2) 
PARAMETRIC_REPRESENTATION_CONTEXT() REPRESENTATION_CONTEXT('2D SPACE',''
  ) );
#184 = PCURVE('',#98,#185);
#185 = DEFINITIONAL_REPRESENTATION('',(#186),#190);
#186 = LINE('',#187,#188);
#187 = CARTESIAN_POINT('',(-4.712388980385,8.));
#188 = VECTOR('',#189,1.);
#189 = DIRECTION('',(1.,0.));
#190 = ( GEOMETRIC_REPRESENTATION_CONTEXT(2) 
PARAMETRIC_REPRESENTATION_CONTEXT() REPRESENTATION_CONTEXT('2D SPACE',''
  ) );
#191 = ORIENTED_EDGE('',*,*,#192,.T.);
#192 = EDGE_CURVE('',#169,#193,#195,.T.);
#193 = VERTEX_POINT('',#194);
#194 = CARTESIAN_POINT('',(31.,-23.,8.));
#195 = SURFACE_CURVE('',#196,(#200,#207),.PCURVE_S1.);
#196 = LINE('',#197,#198);
#197 = CARTESIAN_POINT('',(-34.,-23.,8.));
#198 = VECTOR('',#199,1.);
#199 = DIRECTION('',(1.,0.,0.));
#200 = PCURVE('',#70,#201);
#201 = DEFINITIONAL_REPRESENTATION('',(#202),#206);
#202 = LINE('',#203,#204);
#203 = CARTESIAN_POINT('',(0.,0.));
#204 = VECTOR('',#205,1.);
#205 = DIRECTION('',(1.,0.));
#206 = ( GEOMETRIC_REPRESENTATION_CONTEXT(2) 
PARAMETRIC_REPRESENTATION_CONTEXT() REPRESENTATION_CONTEXT('2D SPACE',''
  ) );
#207 = PCURVE('',#208,#213);
#208 = PLANE('',#209);
#209 = AXIS2_PLACEMENT_3D('',#210,#211,#212);
#210 = CARTESIAN_POINT('',(-34.,-23.,0.));
#211 = DIRECTION('',(0.,1.,0.));
#212 = DIRECTION('',(0.,0.,1.));
#213 = DEFINITIONAL_REPRESENTATION('',(#214),#218);
#214 = LINE('',#215,#216);
#215 = CARTESIAN_POINT('',(8.,0.));
#216 = VECTOR('',#217,1.);
#217 = DIRECTION('',(0.,1.));
#218 = ( GEOMETRIC_REPRESENTATION_CONTEXT(2) 
PARAMETRIC_REPRESENTATION_CONTEXT() REPRESENTATION_CONTEXT('2D SPACE',''
  ) );
#219 = ORIENTED_EDGE('',*,*,#220,.F.);
#220 = EDGE_CURVE('',#221,#193,#223,.T.);
#221 = VERTEX_POINT('',#222);
#222 = CARTESIAN_POINT('',(34.,-20.,8.));
#223 = SURFACE_CURVE('',#224,(#229,#240),.PCURVE_S1.);
#224 = CIRCLE('',#225,3.);
#225 = AXIS2_PLACEMENT_3D('',#226,#227,#228);
#226 = CARTESIAN_POINT('',(31.,-20.,8.));
#227 = DIRECTION('',(-0.,-0.,-1.));
#228 = DIRECTION('',(0.,-1.,0.));
#229 = PCURVE('',#70,#230);
#230 = DEFINITIONAL_REPRESENTATION('',(#231),#239);
#231 = ( BOUNDED_CURVE() B_SPLINE_CURVE(2,(#232,#233,#234,#235,#236,#237
,#238),.UNSPECIFIED.,.T.,.F.) B_SPLINE_CURVE_WITH_KNOTS((1,2,2,2,2,1),(
    -2.094395102393,0.,2.094395102393,4.188790204786,6.28318530718,
8.377580409573),.UNSPECIFIED.) CURVE() GEOMETRIC_REPRESENTATION_ITEM() 
RATIONAL_B_SPLINE_CURVE((1.,0.5,1.,0.5,1.,0.5,1.)) REPRESENTATION_ITEM(
  '') );
#232 = CARTESIAN_POINT('',(65.,0.));
#233 = CARTESIAN_POINT('',(59.803847577293,0.));
#234 = CARTESIAN_POINT('',(62.401923788647,4.5));
#235 = CARTESIAN_POINT('',(65.,9.));
#236 = CARTESIAN_POINT('',(67.598076211353,4.5));
#237 = CARTESIAN_POINT('',(70.196152422707,4.440892098501E-15));
#238 = CARTESIAN_POINT('',(65.,0.));
#239 = ( GEOMETRIC_REPRESENTATION_CONTEXT(2) 
PARAMETRIC_REPRESENTATION_CONTEXT() REPRESENTATION_CONTEXT('2D SPACE',''
  ) );
#240 = PCURVE('',#241,#246);
#241 = CYLINDRICAL_SURFACE('',#242,3.);
#242 = AXIS2_PLACEMENT_3D('',#243,#244,#245);
#243 = CARTESIAN_POINT('',(31.,-20.,0.));
#244 = DIRECTION('',(0.,0.,1.));
#245 = DIRECTION('',(1.,0.,-0.));
#246 = DEFINITIONAL_REPRESENTATION('',(#247),#251);
#247 = LINE('',#248,#249);
#248 = CARTESIAN_POINT('',(4.712388980385,8.));
#249 = VECTOR('',#250,1.);
#250 = DIRECTION('',(-1.,0.));
#251 = ( GEOMETRIC_REPRESENTATION_CONTEXT(2) 
PARAMETRIC_REPRESENTATION_CONTEXT() REPRESENTATION_CONTEXT('2D SPACE',''
  ) );
#252 = ORIENTED_EDGE('',*,*,#253,.T.);
#253 = EDGE_CURVE('',#221,#254,#256,.T.);
#254 = VERTEX_POINT('',#255);
#255 = CARTESIAN_POINT('',(34.,20.,8.));
#256 = SURFACE_CURVE('',#257,(#261,#268),.PCURVE_S1.);
#257 = LINE('',#258,#259);
#258 = CARTESIAN_POINT('',(34.,-23.,8.));
#259 = VECTOR('',#260,1.);
#260 = DIRECTION('',(0.,1.,0.));
#261 = PCURVE('',#70,#262);
#262 = DEFINITIONAL_REPRESENTATION('',(#263),#267);
#263 = LINE('',#264,#265);
#264 = CARTESIAN_POINT('',(68.,0.));
#265 = VECTOR('',#266,1.);
#266 = DIRECTION('',(0.,1.));
#267 = ( GEOMETRIC_REPRESENTATION_CONTEXT(2) 
PARAMETRIC_REPRESENTATION_CONTEXT() REPRESENTATION_CONTEXT('2D SPACE',''
  ) );
#268 = PCURVE('',#269,#274);
#269 = PLANE('',#270);
#270 = AXIS2_PLACEMENT_3D('',#271,#272,#273);
#271 = CARTESIAN_POINT('',(34.,-23.,0.));
#272 = DIRECTION('',(1.,0.,0.));
#273 = DIRECTION('',(0.,0.,1.));
#274 = DEFINITIONAL_REPRESENTATION('',(#275),#279);
#275 = LINE('',#276,#277);
#276 = CARTESIAN_POINT('',(8.,0.));
#277 = VECTOR('',#278,1.);
#278 = DIRECTION('',(0.,-1.));
#279 = ( GEOMETRIC_REPRESENTATION_CONTEXT(2) 
PARAMETRIC_REPRESENTATION_CONTEXT() REPRESENTATION_CONTEXT('2D SPACE',''
  ) );
#280 = ORIENTED_EDGE('',*,*,#281,.T.);
#281 = EDGE_CURVE('',#254,#282,#284,.T.);
#282 = VERTEX_POINT('',#283);
#283 = CARTESIAN_POINT('',(31.,23.,8.));
#284 = SURFACE_CURVE('',#285,(#290,#297),.PCURVE_S1.);
#285 = CIRCLE('',#286,3.);
#286 = AXIS2_PLACEMENT_3D('',#287,#288,#289);
#287 = CARTESIAN_POINT('',(31.,20.,8.));
#288 = DIRECTION('',(0.,0.,1.));
#289 = DIRECTION('',(0.,-1.,0.));
#290 = PCURVE('',#70,#291);
#291 = DEFINITIONAL_REPRESENTATION('',(#292),#296);
#292 = CIRCLE('',#293,3.);
#293 = AXIS2_PLACEMENT_2D('',#294,#295);
#294 = CARTESIAN_POINT('',(65.,43.));
#295 = DIRECTION('',(0.,-1.));
#296 = ( GEOMETRIC_REPRESENTATION_CONTEXT(2) 
PARAMETRIC_REPRESENTATION_CONTEXT() REPRESENTATION_CONTEXT('2D SPACE',''
  ) );
#297 = PCURVE('',#298,#303);
#298 = CYLINDRICAL_SURFACE('',#299,3.);
#299 = AXIS2_PLACEMENT_3D('',#300,#301,#302);
#300 = CARTESIAN_POINT('',(31.,20.,0.));
#301 = DIRECTION('',(0.,0.,1.));
#302 = DIRECTION('',(1.,0.,-0.));
#303 = DEFINITIONAL_REPRESENTATION('',(#304),#308);
#304 = LINE('',#305,#306);
#305 = CARTESIAN_POINT('',(-1.570796326795,8.));
#306 = VECTOR('',#307,1.);
#307 = DIRECTION('',(1.,0.));
#308 = ( GEOMETRIC_REPRESENTATION_CONTEXT(2) 
PARAMETRIC_REPRESENTATION_CONTEXT() REPRESENTATION_CONTEXT('2D SPACE',''
  ) );
#309 = ORIENTED_EDGE('',*,*,#310,.F.);
#310 = EDGE_CURVE('',#311,#282,#313,.T.);
#311 = VERTEX_POINT('',#312);
#312 = CARTESIAN_POINT('',(8.,23.,8.));
#313 = SURFACE_CURVE('',#314,(#318,#325),.PCURVE_S1.);
#314 = LINE('',#315,#316);
#315 = CARTESIAN_POINT('',(-34.,23.,8.));
#316 = VECTOR('',#317,1.);
#317 = DIRECTION('',(1.,0.,0.));
#318 = PCURVE('',#70,#319);
#319 = DEFINITIONAL_REPRESENTATION('',(#320),#324);
#320 = LINE('',#321,#322);
#321 = CARTESIAN_POINT('',(0.,46.));
#322 = VECTOR('',#323,1.);
#323 = DIRECTION('',(1.,0.));
#324 = ( GEOMETRIC_REPRESENTATION_CONTEXT(2) 
PARAMETRIC_REPRESENTATION_CONTEXT() REPRESENTATION_CONTEXT('2D SPACE',''
  ) );
#325 = PCURVE('',#326,#331);
#326 = PLANE('',#327);
#327 = AXIS2_PLACEMENT_3D('',#328,#329,#330);
#328 = CARTESIAN_POINT('',(-34.,23.,0.));
#329 = DIRECTION('',(0.,1.,0.));
#330 = DIRECTION('',(0.,0.,1.));
#331 = DEFINITIONAL_REPRESENTATION('',(#332),#336);
#332 = LINE('',#333,#334);
#333 = CARTESIAN_POINT('',(8.,0.));
#334 = VECTOR('',#335,1.);
#335 = DIRECTION('',(0.,1.));
#336 = ( GEOMETRIC_REPRESENTATION_CONTEXT(2) 
PARAMETRIC_REPRESENTATION_CONTEXT() REPRESENTATION_CONTEXT('2D SPACE',''
  ) );
#337 = ORIENTED_EDGE('',*,*,#338,.F.);
#338 = EDGE_CURVE('',#339,#311,#341,.T.);
#339 = VERTEX_POINT('',#340);
#340 = CARTESIAN_POINT('',(8.,16.,8.));
#341 = SURFACE_CURVE('',#342,(#346,#353),.PCURVE_S1.);
#342 = LINE('',#343,#344);
#343 = CARTESIAN_POINT('',(8.,16.,8.));
#344 = VECTOR('',#345,1.);
#345 = DIRECTION('',(0.,1.,0.));
#346 = PCURVE('',#70,#347);
#347 = DEFINITIONAL_REPRESENTATION('',(#348),#352);
#348 = LINE('',#349,#350);
#349 = CARTESIAN_POINT('',(42.,39.));
#350 = VECTOR('',#351,1.);
#351 = DIRECTION('',(0.,1.));
#352 = ( GEOMETRIC_REPRESENTATION_CONTEXT(2) 
PARAMETRIC_REPRESENTATION_CONTEXT() REPRESENTATION_CONTEXT('2D SPACE',''
  ) );
#353 = PCURVE('',#354,#359);
#354 = PLANE('',#355);
#355 = AXIS2_PLACEMENT_3D('',#356,#357,#358);
#356 = CARTESIAN_POINT('',(8.,16.,8.));
#357 = DIRECTION('',(1.,0.,0.));
#358 = DIRECTION('',(0.,0.,1.));
#359 = DEFINITIONAL_REPRESENTATION('',(#360),#364);
#360 = LINE('',#361,#362);
#361 = CARTESIAN_POINT('',(0.,0.));
#362 = VECTOR('',#363,1.);
#363 = DIRECTION('',(0.,-1.));
#364 = ( GEOMETRIC_REPRESENTATION_CONTEXT(2) 
PARAMETRIC_REPRESENTATION_CONTEXT() REPRESENTATION_CONTEXT('2D SPACE',''
  ) );
#365 = ORIENTED_EDGE('',*,*,#366,.F.);
#366 = EDGE_CURVE('',#367,#339,#369,.T.);
#367 = VERTEX_POINT('',#368);
#368 = CARTESIAN_POINT('',(-8.,16.,8.));
#369 = SURFACE_CURVE('',#370,(#374,#381),.PCURVE_S1.);
#370 = LINE('',#371,#372);
#371 = CARTESIAN_POINT('',(-8.,16.,8.));
#372 = VECTOR('',#373,1.);
#373 = DIRECTION('',(1.,0.,0.));
#374 = PCURVE('',#70,#375);
#375 = DEFINITIONAL_REPRESENTATION('',(#376),#380);
#376 = LINE('',#377,#378);
#377 = CARTESIAN_POINT('',(26.,39.));
#378 = VECTOR('',#379,1.);
#379 = DIRECTION('',(1.,0.));
#380 = ( GEOMETRIC_REPRESENTATION_CONTEXT(2) 
PARAMETRIC_REPRESENTATION_CONTEXT() REPRESENTATION_CONTEXT('2D SPACE',''
  ) );
#381 = PCURVE('',#382,#387);
#382 = PLANE('',#383);
#383 = AXIS2_PLACEMENT_3D('',#384,#385,#386);
#384 = CARTESIAN_POINT('',(-8.,16.,8.));
#385 = DIRECTION('',(0.,1.,0.));
#386 = DIRECTION('',(0.,0.,1.));
#387 = DEFINITIONAL_REPRESENTATION('',(#388),#392);
#388 = LINE('',#389,#390);
#389 = CARTESIAN_POINT('',(0.,0.));
#390 = VECTOR('',#391,1.);
#391 = DIRECTION('',(0.,1.));
#392 = ( GEOMETRIC_REPRESENTATION_CONTEXT(2) 
PARAMETRIC_REPRESENTATION_CONTEXT() REPRESENTATION_CONTEXT('2D SPACE',''
  ) );
#393 = ORIENTED_EDGE('',*,*,#394,.T.);
#394 = EDGE_CURVE('',#367,#395,#397,.T.);
#395 = VERTEX_POINT('',#396);
#396 = CARTESIAN_POINT('',(-8.,23.,8.));
#397 = SURFACE_CURVE('',#398,(#402,#409),.PCURVE_S1.);
#398 = LINE('',#399,#400);
#399 = CARTESIAN_POINT('',(-8.,16.,8.));
#400 = VECTOR('',#401,1.);
#401 = DIRECTION('',(0.,1.,0.));
#402 = PCURVE('',#70,#403);
#403 = DEFINITIONAL_REPRESENTATION('',(#404),#408);
#404 = LINE('',#405,#406);
#405 = CARTESIAN_POINT('',(26.,39.));
#406 = VECTOR('',#407,1.);
#407 = DIRECTION('',(0.,1.));
#408 = ( GEOMETRIC_REPRESENTATION_CONTEXT(2) 
PARAMETRIC_REPRESENTATION_CONTEXT() REPRESENTATION_CONTEXT('2D SPACE',''
  ) );
#409 = PCURVE('',#410,#415);
#410 = PLANE('',#411);
#411 = AXIS2_PLACEMENT_3D('',#412,#413,#414);
#412 = CARTESIAN_POINT('',(-8.,16.,8.));
#413 = DIRECTION('',(1.,0.,0.));
#414 = DIRECTION('',(0.,0.,1.));
#415 = DEFINITIONAL_REPRESENTATION('',(#416),#420);
#416 = LINE('',#417,#418);
#417 = CARTESIAN_POINT('',(0.,0.));
#418 = VECTOR('',#419,1.);
#419 = DIRECTION('',(0.,-1.));
#420 = ( GEOMETRIC_REPRESENTATION_CONTEXT(2) 
PARAMETRIC_REPRESENTATION_CONTEXT() REPRESENTATION_CONTEXT('2D SPACE',''
  ) );
#421 = ORIENTED_EDGE('',*,*,#422,.F.);
#422 = EDGE_CURVE('',#423,#395,#425,.T.);
#423 = VERTEX_POINT('',#424);
#424 = CARTESIAN_POINT('',(-31.,23.,8.));
#425 = SURFACE_CURVE('',#426,(#430,#437),.PCURVE_S1.);
#426 = LINE('',#427,#428);
#427 = CARTESIAN_POINT('',(-34.,23.,8.));
#428 = VECTOR('',#429,1.);
#429 = DIRECTION('',(1.,0.,0.));
#430 = PCURVE('',#70,#431);
#431 = DEFINITIONAL_REPRESENTATION('',(#432),#436);
#432 = LINE('',#433,#434);
#433 = CARTESIAN_POINT('',(0.,46.));
#434 = VECTOR('',#435,1.);
#435 = DIRECTION('',(1.,0.));
#436 = ( GEOMETRIC_REPRESENTATION_CONTEXT(2) 
PARAMETRIC_REPRESENTATION_CONTEXT() REPRESENTATION_CONTEXT('2D SPACE',''
  ) );
#437 = PCURVE('',#326,#438);
#438 = DEFINITIONAL_REPRESENTATION('',(#439),#443);
#439 = LINE('',#440,#441);
#440 = CARTESIAN_POINT('',(8.,0.));
#441 = VECTOR('',#442,1.);
#442 = DIRECTION('',(0.,1.));
#443 = ( GEOMETRIC_REPRESENTATION_CONTEXT(2) 
PARAMETRIC_REPRESENTATION_CONTEXT() REPRESENTATION_CONTEXT('2D SPACE',''
  ) );
#444 = ORIENTED_EDGE('',*,*,#445,.F.);
#445 = EDGE_CURVE('',#50,#423,#446,.T.);
#446 = SURFACE_CURVE('',#447,(#452,#463),.PCURVE_S1.);
#447 = CIRCLE('',#448,3.);
#448 = AXIS2_PLACEMENT_3D('',#449,#450,#451);
#449 = CARTESIAN_POINT('',(-31.,20.,8.));
#450 = DIRECTION('',(-0.,-0.,-1.));
#451 = DIRECTION('',(0.,-1.,0.));
#452 = PCURVE('',#70,#453);
#453 = DEFINITIONAL_REPRESENTATION('',(#454),#462);
#454 = ( BOUNDED_CURVE() B_SPLINE_CURVE(2,(#455,#456,#457,#458,#459,#460
,#461),.UNSPECIFIED.,.T.,.F.) B_SPLINE_CURVE_WITH_KNOTS((1,2,2,2,2,1),(
    -2.094395102393,0.,2.094395102393,4.188790204786,6.28318530718,
8.377580409573),.UNSPECIFIED.) CURVE() GEOMETRIC_REPRESENTATION_ITEM() 
RATIONAL_B_SPLINE_CURVE((1.,0.5,1.,0.5,1.,0.5,1.)) REPRESENTATION_ITEM(
  '') );
#455 = CARTESIAN_POINT('',(3.,40.));
#456 = CARTESIAN_POINT('',(-2.196152422707,40.));
#457 = CARTESIAN_POINT('',(0.401923788647,44.5));
#458 = CARTESIAN_POINT('',(3.,49.));
#459 = CARTESIAN_POINT('',(5.598076211353,44.5));
#460 = CARTESIAN_POINT('',(8.196152422707,40.));
#461 = CARTESIAN_POINT('',(3.,40.));
#462 = ( GEOMETRIC_REPRESENTATION_CONTEXT(2) 
PARAMETRIC_REPRESENTATION_CONTEXT() REPRESENTATION_CONTEXT('2D SPACE',''
  ) );
#463 = PCURVE('',#152,#464);
#464 = DEFINITIONAL_REPRESENTATION('',(#465),#469);
#465 = LINE('',#466,#467);
#466 = CARTESIAN_POINT('',(1.570796326795,8.));
#467 = VECTOR('',#468,1.);
#468 = DIRECTION('',(-1.,0.));
#469 = ( GEOMETRIC_REPRESENTATION_CONTEXT(2) 
PARAMETRIC_REPRESENTATION_CONTEXT() REPRESENTATION_CONTEXT('2D SPACE',''
  ) );
#470 = FACE_BOUND('',#471,.T.);
#471 = EDGE_LOOP('',(#472,#500,#526,#552));
#472 = ORIENTED_EDGE('',*,*,#473,.F.);
#473 = EDGE_CURVE('',#474,#476,#478,.T.);
#474 = VERTEX_POINT('',#475);
#475 = CARTESIAN_POINT('',(-20.,-18.,8.));
#476 = VERTEX_POINT('',#477);
#477 = CARTESIAN_POINT('',(-26.,-18.,8.));
#478 = SURFACE_CURVE('',#479,(#483,#489),.PCURVE_S1.);
#479 = LINE('',#480,#481);
#480 = CARTESIAN_POINT('',(-30.,-18.,8.));
#481 = VECTOR('',#482,1.);
#482 = DIRECTION('',(-1.,-0.,0.));
#483 = PCURVE('',#70,#484);
#484 = DEFINITIONAL_REPRESENTATION('',(#485),#488);
#485 = B_SPLINE_CURVE_WITH_KNOTS('',1,(#486,#487),.UNSPECIFIED.,.F.,.F.,
  (2,2),(-10.,-4.),.PIECEWISE_BEZIER_KNOTS.);
#486 = CARTESIAN_POINT('',(14.,5.));
#487 = CARTESIAN_POINT('',(8.,5.));
#488 = ( GEOMETRIC_REPRESENTATION_CONTEXT(2) 
PARAMETRIC_REPRESENTATION_CONTEXT() REPRESENTATION_CONTEXT('2D SPACE',''
  ) );
#489 = PCURVE('',#490,#495);
#490 = PLANE('',#491);
#491 = AXIS2_PLACEMENT_3D('',#492,#493,#494);
#492 = CARTESIAN_POINT('',(-26.,-18.,16.));
#493 = DIRECTION('',(-0.,1.,0.));
#494 = DIRECTION('',(0.,0.,-1.));
#495 = DEFINITIONAL_REPRESENTATION('',(#496),#499);
#496 = B_SPLINE_CURVE_WITH_KNOTS('',1,(#497,#498),.UNSPECIFIED.,.F.,.F.,
  (2,2),(-10.,-4.),.PIECEWISE_BEZIER_KNOTS.);
#497 = CARTESIAN_POINT('',(8.,-6.));
#498 = CARTESIAN_POINT('',(8.,0.));
#499 = ( GEOMETRIC_REPRESENTATION_CONTEXT(2) 
PARAMETRIC_REPRESENTATION_CONTEXT() REPRESENTATION_CONTEXT('2D SPACE',''
  ) );
#500 = ORIENTED_EDGE('',*,*,#501,.T.);
#501 = EDGE_CURVE('',#474,#502,#504,.T.);
#502 = VERTEX_POINT('',#503);
#503 = CARTESIAN_POINT('',(-20.,-20.27777777777,8.));
#504 = SURFACE_CURVE('',#505,(#509,#515),.PCURVE_S1.);
#505 = LINE('',#506,#507);
#506 = CARTESIAN_POINT('',(-20.,-24.73607664715,8.));
#507 = VECTOR('',#508,1.);
#508 = DIRECTION('',(0.,-1.,0.));
#509 = PCURVE('',#70,#510);
#510 = DEFINITIONAL_REPRESENTATION('',(#511),#514);
#511 = B_SPLINE_CURVE_WITH_KNOTS('',1,(#512,#513),.UNSPECIFIED.,.F.,.F.,
  (2,2),(-6.736076647155,-1.736076647155),.PIECEWISE_BEZIER_KNOTS.);
#512 = CARTESIAN_POINT('',(14.,5.));
#513 = CARTESIAN_POINT('',(14.,0.));
#514 = ( GEOMETRIC_REPRESENTATION_CONTEXT(2) 
PARAMETRIC_REPRESENTATION_CONTEXT() REPRESENTATION_CONTEXT('2D SPACE',''
  ) );
#515 = PCURVE('',#516,#521);
#516 = PLANE('',#517);
#517 = AXIS2_PLACEMENT_3D('',#518,#519,#520);
#518 = CARTESIAN_POINT('',(-20.,-26.47215329431,13.27784670569));
#519 = DIRECTION('',(-1.,-0.,-0.));
#520 = DIRECTION('',(0.,0.,-1.));
#521 = DEFINITIONAL_REPRESENTATION('',(#522),#525);
#522 = B_SPLINE_CURVE_WITH_KNOTS('',1,(#523,#524),.UNSPECIFIED.,.F.,.F.,
  (2,2),(-6.736076647155,-1.736076647155),.PIECEWISE_BEZIER_KNOTS.);
#523 = CARTESIAN_POINT('',(5.27784670569,-8.47215329431));
#524 = CARTESIAN_POINT('',(5.27784670569,-3.47215329431));
#525 = ( GEOMETRIC_REPRESENTATION_CONTEXT(2) 
PARAMETRIC_REPRESENTATION_CONTEXT() REPRESENTATION_CONTEXT('2D SPACE',''
  ) );
#526 = ORIENTED_EDGE('',*,*,#527,.F.);
#527 = EDGE_CURVE('',#528,#502,#530,.T.);
#528 = VERTEX_POINT('',#529);
#529 = CARTESIAN_POINT('',(-26.,-20.27777777777,8.));
#530 = SURFACE_CURVE('',#531,(#535,#541),.PCURVE_S1.);
#531 = LINE('',#532,#533);
#532 = CARTESIAN_POINT('',(-30.,-20.27777777777,8.));
#533 = VECTOR('',#534,1.);
#534 = DIRECTION('',(1.,0.,-0.));
#535 = PCURVE('',#70,#536);
#536 = DEFINITIONAL_REPRESENTATION('',(#537),#540);
#537 = B_SPLINE_CURVE_WITH_KNOTS('',1,(#538,#539),.UNSPECIFIED.,.F.,.F.,
  (2,2),(4.,10.),.PIECEWISE_BEZIER_KNOTS.);
#538 = CARTESIAN_POINT('',(8.,2.722222222222));
#539 = CARTESIAN_POINT('',(14.,2.722222222222));
#540 = ( GEOMETRIC_REPRESENTATION_CONTEXT(2) 
PARAMETRIC_REPRESENTATION_CONTEXT() REPRESENTATION_CONTEXT('2D SPACE',''
  ) );
#541 = PCURVE('',#542,#547);
#542 = PLANE('',#543);
#543 = AXIS2_PLACEMENT_3D('',#544,#545,#546);
#544 = CARTESIAN_POINT('',(-26.,-18.,7.));
#545 = DIRECTION('',(0.,-0.401990062035,-0.915644030191));
#546 = DIRECTION('',(0.,-0.915644030191,0.401990062035));
#547 = DEFINITIONAL_REPRESENTATION('',(#548),#551);
#548 = B_SPLINE_CURVE_WITH_KNOTS('',1,(#549,#550),.UNSPECIFIED.,.F.,.F.,
  (2,2),(4.,10.),.PIECEWISE_BEZIER_KNOTS.);
#549 = CARTESIAN_POINT('',(2.48762368636,0.));
#550 = CARTESIAN_POINT('',(2.48762368636,-6.));
#551 = ( GEOMETRIC_REPRESENTATION_CONTEXT(2) 
PARAMETRIC_REPRESENTATION_CONTEXT() REPRESENTATION_CONTEXT('2D SPACE',''
  ) );
#552 = ORIENTED_EDGE('',*,*,#553,.F.);
#553 = EDGE_CURVE('',#476,#528,#554,.T.);
#554 = SURFACE_CURVE('',#555,(#559,#565),.PCURVE_S1.);
#555 = LINE('',#556,#557);
#556 = CARTESIAN_POINT('',(-26.,-24.73607664715,8.));
#557 = VECTOR('',#558,1.);
#558 = DIRECTION('',(0.,-1.,0.));
#559 = PCURVE('',#70,#560);
#560 = DEFINITIONAL_REPRESENTATION('',(#561),#564);
#561 = B_SPLINE_CURVE_WITH_KNOTS('',1,(#562,#563),.UNSPECIFIED.,.F.,.F.,
  (2,2),(-6.736076647155,-1.736076647155),.PIECEWISE_BEZIER_KNOTS.);
#562 = CARTESIAN_POINT('',(8.,5.));
#563 = CARTESIAN_POINT('',(8.,0.));
#564 = ( GEOMETRIC_REPRESENTATION_CONTEXT(2) 
PARAMETRIC_REPRESENTATION_CONTEXT() REPRESENTATION_CONTEXT('2D SPACE',''
  ) );
#565 = PCURVE('',#566,#571);
#566 = PLANE('',#567);
#567 = AXIS2_PLACEMENT_3D('',#568,#569,#570);
#568 = CARTESIAN_POINT('',(-26.,-26.47215329431,13.27784670569));
#569 = DIRECTION('',(-1.,-0.,-0.));
#570 = DIRECTION('',(0.,0.,-1.));
#571 = DEFINITIONAL_REPRESENTATION('',(#572),#575);
#572 = B_SPLINE_CURVE_WITH_KNOTS('',1,(#573,#574),.UNSPECIFIED.,.F.,.F.,
  (2,2),(-6.736076647155,-1.736076647155),.PIECEWISE_BEZIER_KNOTS.);
#573 = CARTESIAN_POINT('',(5.27784670569,-8.47215329431));
#574 = CARTESIAN_POINT('',(5.27784670569,-3.47215329431));
#575 = ( GEOMETRIC_REPRESENTATION_CONTEXT(2) 
PARAMETRIC_REPRESENTATION_CONTEXT() REPRESENTATION_CONTEXT('2D SPACE',''
  ) );
#576 = FACE_BOUND('',#577,.T.);
#577 = EDGE_LOOP('',(#578,#608,#636,#664));
#578 = ORIENTED_EDGE('',*,*,#579,.F.);
#579 = EDGE_CURVE('',#580,#582,#584,.T.);
#580 = VERTEX_POINT('',#581);
#581 = CARTESIAN_POINT('',(-27.5,17.286842105263,8.));
#582 = VERTEX_POINT('',#583);
#583 = CARTESIAN_POINT('',(-27.5,-17.28684210526,8.));
#584 = SURFACE_CURVE('',#585,(#589,#596),.PCURVE_S1.);
#585 = LINE('',#586,#587);
#586 = CARTESIAN_POINT('',(-27.5,17.286842105263,8.));
#587 = VECTOR('',#588,1.);
#588 = DIRECTION('',(0.,-1.,0.));
#589 = PCURVE('',#70,#590);
#590 = DEFINITIONAL_REPRESENTATION('',(#591),#595);
#591 = LINE('',#592,#593);
#592 = CARTESIAN_POINT('',(6.5,40.286842105263));
#593 = VECTOR('',#594,1.);
#594 = DIRECTION('',(0.,-1.));
#595 = ( GEOMETRIC_REPRESENTATION_CONTEXT(2) 
PARAMETRIC_REPRESENTATION_CONTEXT() REPRESENTATION_CONTEXT('2D SPACE',''
  ) );
#596 = PCURVE('',#597,#602);
#597 = PLANE('',#598);
#598 = AXIS2_PLACEMENT_3D('',#599,#600,#601);
#599 = CARTESIAN_POINT('',(-27.5,-1.746000824833E-16,26.122357823109));
#600 = DIRECTION('',(1.,0.,0.));
#601 = DIRECTION('',(-0.,0.,1.));
#602 = DEFINITIONAL_REPRESENTATION('',(#603),#607);
#603 = LINE('',#604,#605);
#604 = CARTESIAN_POINT('',(-18.1223578231,-17.28684210526));
#605 = VECTOR('',#606,1.);
#606 = DIRECTION('',(0.,1.));
#607 = ( GEOMETRIC_REPRESENTATION_CONTEXT(2) 
PARAMETRIC_REPRESENTATION_CONTEXT() REPRESENTATION_CONTEXT('2D SPACE',''
  ) );
#608 = ORIENTED_EDGE('',*,*,#609,.T.);
#609 = EDGE_CURVE('',#580,#610,#612,.T.);
#610 = VERTEX_POINT('',#611);
#611 = CARTESIAN_POINT('',(-18.5,17.286842105263,8.));
#612 = SURFACE_CURVE('',#613,(#617,#624),.PCURVE_S1.);
#613 = LINE('',#614,#615);
#614 = CARTESIAN_POINT('',(-27.5,17.286842105263,8.));
#615 = VECTOR('',#616,1.);
#616 = DIRECTION('',(1.,0.,0.));
#617 = PCURVE('',#70,#618);
#618 = DEFINITIONAL_REPRESENTATION('',(#619),#623);
#619 = LINE('',#620,#621);
#620 = CARTESIAN_POINT('',(6.5,40.286842105263));
#621 = VECTOR('',#622,1.);
#622 = DIRECTION('',(1.,0.));
#623 = ( GEOMETRIC_REPRESENTATION_CONTEXT(2) 
PARAMETRIC_REPRESENTATION_CONTEXT() REPRESENTATION_CONTEXT('2D SPACE',''
  ) );
#624 = PCURVE('',#625,#630);
#625 = PLANE('',#626);
#626 = AXIS2_PLACEMENT_3D('',#627,#628,#629);
#627 = CARTESIAN_POINT('',(-27.5,17.286842105263,8.));
#628 = DIRECTION('',(0.,1.,0.));
#629 = DIRECTION('',(0.,0.,1.));
#630 = DEFINITIONAL_REPRESENTATION('',(#631),#635);
#631 = LINE('',#632,#633);
#632 = CARTESIAN_POINT('',(0.,0.));
#633 = VECTOR('',#634,1.);
#634 = DIRECTION('',(0.,1.));
#635 = ( GEOMETRIC_REPRESENTATION_CONTEXT(2) 
PARAMETRIC_REPRESENTATION_CONTEXT() REPRESENTATION_CONTEXT('2D SPACE',''
  ) );
#636 = ORIENTED_EDGE('',*,*,#637,.T.);
#637 = EDGE_CURVE('',#610,#638,#640,.T.);
#638 = VERTEX_POINT('',#639);
#639 = CARTESIAN_POINT('',(-18.5,-17.28684210526,8.));
#640 = SURFACE_CURVE('',#641,(#645,#652),.PCURVE_S1.);
#641 = LINE('',#642,#643);
#642 = CARTESIAN_POINT('',(-18.5,17.286842105263,8.));
#643 = VECTOR('',#644,1.);
#644 = DIRECTION('',(0.,-1.,0.));
#645 = PCURVE('',#70,#646);
#646 = DEFINITIONAL_REPRESENTATION('',(#647),#651);
#647 = LINE('',#648,#649);
#648 = CARTESIAN_POINT('',(15.5,40.286842105263));
#649 = VECTOR('',#650,1.);
#650 = DIRECTION('',(0.,-1.));
#651 = ( GEOMETRIC_REPRESENTATION_CONTEXT(2) 
PARAMETRIC_REPRESENTATION_CONTEXT() REPRESENTATION_CONTEXT('2D SPACE',''
  ) );
#652 = PCURVE('',#653,#658);
#653 = PLANE('',#654);
#654 = AXIS2_PLACEMENT_3D('',#655,#656,#657);
#655 = CARTESIAN_POINT('',(-18.5,-1.746000824833E-16,26.122357823109));
#656 = DIRECTION('',(1.,0.,0.));
#657 = DIRECTION('',(-0.,0.,1.));
#658 = DEFINITIONAL_REPRESENTATION('',(#659),#663);
#659 = LINE('',#660,#661);
#660 = CARTESIAN_POINT('',(-18.1223578231,-17.28684210526));
#661 = VECTOR('',#662,1.);
#662 = DIRECTION('',(0.,1.));
#663 = ( GEOMETRIC_REPRESENTATION_CONTEXT(2) 
PARAMETRIC_REPRESENTATION_CONTEXT() REPRESENTATION_CONTEXT('2D SPACE',''
  ) );
#664 = ORIENTED_EDGE('',*,*,#665,.F.);
#665 = EDGE_CURVE('',#582,#638,#666,.T.);
#666 = SURFACE_CURVE('',#667,(#671,#678),.PCURVE_S1.);
#667 = LINE('',#668,#669);
#668 = CARTESIAN_POINT('',(-27.5,-17.28684210526,8.));
#669 = VECTOR('',#670,1.);
#670 = DIRECTION('',(1.,0.,0.));
#671 = PCURVE('',#70,#672);
#672 = DEFINITIONAL_REPRESENTATION('',(#673),#677);
#673 = LINE('',#674,#675);
#674 = CARTESIAN_POINT('',(6.5,5.713157894737));
#675 = VECTOR('',#676,1.);
#676 = DIRECTION('',(1.,0.));
#677 = ( GEOMETRIC_REPRESENTATION_CONTEXT(2) 
PARAMETRIC_REPRESENTATION_CONTEXT() REPRESENTATION_CONTEXT('2D SPACE',''
  ) );
#678 = PCURVE('',#679,#684);
#679 = PLANE('',#680);
#680 = AXIS2_PLACEMENT_3D('',#681,#682,#683);
#681 = CARTESIAN_POINT('',(-27.5,-17.28684210526,8.));
#682 = DIRECTION('',(0.,1.,0.));
#683 = DIRECTION('',(0.,0.,1.));
#684 = DEFINITIONAL_REPRESENTATION('',(#685),#689);
#685 = LINE('',#686,#687);
#686 = CARTESIAN_POINT('',(0.,0.));
#687 = VECTOR('',#688,1.);
#688 = DIRECTION('',(0.,1.));
#689 = ( GEOMETRIC_REPRESENTATION_CONTEXT(2) 
PARAMETRIC_REPRESENTATION_CONTEXT() REPRESENTATION_CONTEXT('2D SPACE',''
  ) );
#690 = FACE_BOUND('',#691,.T.);
#691 = EDGE_LOOP('',(#692,#720,#746,#772));
#692 = ORIENTED_EDGE('',*,*,#693,.F.);
#693 = EDGE_CURVE('',#694,#696,#698,.T.);
#694 = VERTEX_POINT('',#695);
#695 = CARTESIAN_POINT('',(26.,-18.,8.));
#696 = VERTEX_POINT('',#697);
#697 = CARTESIAN_POINT('',(20.,-18.,8.));
#698 = SURFACE_CURVE('',#699,(#703,#709),.PCURVE_S1.);
#699 = LINE('',#700,#701);
#700 = CARTESIAN_POINT('',(-7.,-18.,8.));
#701 = VECTOR('',#702,1.);
#702 = DIRECTION('',(-1.,-0.,0.));
#703 = PCURVE('',#70,#704);
#704 = DEFINITIONAL_REPRESENTATION('',(#705),#708);
#705 = B_SPLINE_CURVE_WITH_KNOTS('',1,(#706,#707),.UNSPECIFIED.,.F.,.F.,
  (2,2),(-33.,-27.),.PIECEWISE_BEZIER_KNOTS.);
#706 = CARTESIAN_POINT('',(60.,5.));
#707 = CARTESIAN_POINT('',(54.,5.));
#708 = ( GEOMETRIC_REPRESENTATION_CONTEXT(2) 
PARAMETRIC_REPRESENTATION_CONTEXT() REPRESENTATION_CONTEXT('2D SPACE',''
  ) );
#709 = PCURVE('',#710,#715);
#710 = PLANE('',#711);
#711 = AXIS2_PLACEMENT_3D('',#712,#713,#714);
#712 = CARTESIAN_POINT('',(20.,-18.,16.));
#713 = DIRECTION('',(-0.,1.,0.));
#714 = DIRECTION('',(0.,0.,-1.));
#715 = DEFINITIONAL_REPRESENTATION('',(#716),#719);
#716 = B_SPLINE_CURVE_WITH_KNOTS('',1,(#717,#718),.UNSPECIFIED.,.F.,.F.,
  (2,2),(-33.,-27.),.PIECEWISE_BEZIER_KNOTS.);
#717 = CARTESIAN_POINT('',(8.,-6.));
#718 = CARTESIAN_POINT('',(8.,0.));
#719 = ( GEOMETRIC_REPRESENTATION_CONTEXT(2) 
PARAMETRIC_REPRESENTATION_CONTEXT() REPRESENTATION_CONTEXT('2D SPACE',''
  ) );
#720 = ORIENTED_EDGE('',*,*,#721,.T.);
#721 = EDGE_CURVE('',#694,#722,#724,.T.);
#722 = VERTEX_POINT('',#723);
#723 = CARTESIAN_POINT('',(26.,-20.27777777777,8.));
#724 = SURFACE_CURVE('',#725,(#729,#735),.PCURVE_S1.);
#725 = LINE('',#726,#727);
#726 = CARTESIAN_POINT('',(26.,-24.73607664715,8.));
#727 = VECTOR('',#728,1.);
#728 = DIRECTION('',(0.,-1.,0.));
#729 = PCURVE('',#70,#730);
#730 = DEFINITIONAL_REPRESENTATION('',(#731),#734);
#731 = B_SPLINE_CURVE_WITH_KNOTS('',1,(#732,#733),.UNSPECIFIED.,.F.,.F.,
  (2,2),(-6.736076647155,-1.736076647155),.PIECEWISE_BEZIER_KNOTS.);
#732 = CARTESIAN_POINT('',(60.,5.));
#733 = CARTESIAN_POINT('',(60.,0.));
#734 = ( GEOMETRIC_REPRESENTATION_CONTEXT(2) 
PARAMETRIC_REPRESENTATION_CONTEXT() REPRESENTATION_CONTEXT('2D SPACE',''
  ) );
#735 = PCURVE('',#736,#741);
#736 = PLANE('',#737);
#737 = AXIS2_PLACEMENT_3D('',#738,#739,#740);
#738 = CARTESIAN_POINT('',(26.,-26.47215329431,13.27784670569));
#739 = DIRECTION('',(-1.,-0.,-0.));
#740 = DIRECTION('',(0.,0.,-1.));
#741 = DEFINITIONAL_REPRESENTATION('',(#742),#745);
#742 = B_SPLINE_CURVE_WITH_KNOTS('',1,(#743,#744),.UNSPECIFIED.,.F.,.F.,
  (2,2),(-6.736076647155,-1.736076647155),.PIECEWISE_BEZIER_KNOTS.);
#743 = CARTESIAN_POINT('',(5.27784670569,-8.47215329431));
#744 = CARTESIAN_POINT('',(5.27784670569,-3.47215329431));
#745 = ( GEOMETRIC_REPRESENTATION_CONTEXT(2) 
PARAMETRIC_REPRESENTATION_CONTEXT() REPRESENTATION_CONTEXT('2D SPACE',''
  ) );
#746 = ORIENTED_EDGE('',*,*,#747,.F.);
#747 = EDGE_CURVE('',#748,#722,#750,.T.);
#748 = VERTEX_POINT('',#749);
#749 = CARTESIAN_POINT('',(20.,-20.27777777777,8.));
#750 = SURFACE_CURVE('',#751,(#755,#761),.PCURVE_S1.);
#751 = LINE('',#752,#753);
#752 = CARTESIAN_POINT('',(-7.,-20.27777777777,8.));
#753 = VECTOR('',#754,1.);
#754 = DIRECTION('',(1.,0.,-0.));
#755 = PCURVE('',#70,#756);
#756 = DEFINITIONAL_REPRESENTATION('',(#757),#760);
#757 = B_SPLINE_CURVE_WITH_KNOTS('',1,(#758,#759),.UNSPECIFIED.,.F.,.F.,
  (2,2),(27.,33.),.PIECEWISE_BEZIER_KNOTS.);
#758 = CARTESIAN_POINT('',(54.,2.722222222222));
#759 = CARTESIAN_POINT('',(60.,2.722222222222));
#760 = ( GEOMETRIC_REPRESENTATION_CONTEXT(2) 
PARAMETRIC_REPRESENTATION_CONTEXT() REPRESENTATION_CONTEXT('2D SPACE',''
  ) );
#761 = PCURVE('',#762,#767);
#762 = PLANE('',#763);
#763 = AXIS2_PLACEMENT_3D('',#764,#765,#766);
#764 = CARTESIAN_POINT('',(20.,-18.,7.));
#765 = DIRECTION('',(0.,-0.401990062035,-0.915644030191));
#766 = DIRECTION('',(0.,-0.915644030191,0.401990062035));
#767 = DEFINITIONAL_REPRESENTATION('',(#768),#771);
#768 = B_SPLINE_CURVE_WITH_KNOTS('',1,(#769,#770),.UNSPECIFIED.,.F.,.F.,
  (2,2),(27.,33.),.PIECEWISE_BEZIER_KNOTS.);
#769 = CARTESIAN_POINT('',(2.48762368636,0.));
#770 = CARTESIAN_POINT('',(2.48762368636,-6.));
#771 = ( GEOMETRIC_REPRESENTATION_CONTEXT(2) 
PARAMETRIC_REPRESENTATION_CONTEXT() REPRESENTATION_CONTEXT('2D SPACE',''
  ) );
#772 = ORIENTED_EDGE('',*,*,#773,.F.);
#773 = EDGE_CURVE('',#696,#748,#774,.T.);
#774 = SURFACE_CURVE('',#775,(#779,#785),.PCURVE_S1.);
#775 = LINE('',#776,#777);
#776 = CARTESIAN_POINT('',(20.,-24.73607664715,8.));
#777 = VECTOR('',#778,1.);
#778 = DIRECTION('',(0.,-1.,0.));
#779 = PCURVE('',#70,#780);
#780 = DEFINITIONAL_REPRESENTATION('',(#781),#784);
#781 = B_SPLINE_CURVE_WITH_KNOTS('',1,(#782,#783),.UNSPECIFIED.,.F.,.F.,
  (2,2),(-6.736076647155,-1.736076647155),.PIECEWISE_BEZIER_KNOTS.);
#782 = CARTESIAN_POINT('',(54.,5.));
#783 = CARTESIAN_POINT('',(54.,0.));
#784 = ( GEOMETRIC_REPRESENTATION_CONTEXT(2) 
PARAMETRIC_REPRESENTATION_CONTEXT() REPRESENTATION_CONTEXT('2D SPACE',''
  ) );
#785 = PCURVE('',#786,#791);
#786 = PLANE('',#787);
#787 = AXIS2_PLACEMENT_3D('',#788,#789,#790);
#788 = CARTESIAN_POINT('',(20.,-26.47215329431,13.27784670569));
#789 = DIRECTION('',(-1.,-0.,-0.));
#790 = DIRECTION('',(0.,0.,-1.));
#791 = DEFINITIONAL_REPRESENTATION('',(#792),#795);
#792 = B_SPLINE_CURVE_WITH_KNOTS('',1,(#793,#794),.UNSPECIFIED.,.F.,.F.,
  (2,2),(-6.736076647155,-1.736076647155),.PIECEWISE_BEZIER_KNOTS.);
#793 = CARTESIAN_POINT('',(5.27784670569,-8.47215329431));
#794 = CARTESIAN_POINT('',(5.27784670569,-3.47215329431));
#795 = ( GEOMETRIC_REPRESENTATION_CONTEXT(2) 
PARAMETRIC_REPRESENTATION_CONTEXT() REPRESENTATION_CONTEXT('2D SPACE',''
  ) );
#796 = FACE_BOUND('',#797,.T.);
#797 = EDGE_LOOP('',(#798,#828,#856,#884));
#798 = ORIENTED_EDGE('',*,*,#799,.T.);
#799 = EDGE_CURVE('',#800,#802,#804,.T.);
#800 = VERTEX_POINT('',#801);
#801 = CARTESIAN_POINT('',(18.5,-16.68157894736,8.));
#802 = VERTEX_POINT('',#803);
#803 = CARTESIAN_POINT('',(18.5,16.681578947368,8.));
#804 = SURFACE_CURVE('',#805,(#809,#816),.PCURVE_S1.);
#805 = LINE('',#806,#807);
#806 = CARTESIAN_POINT('',(18.5,-16.68157894736,8.));
#807 = VECTOR('',#808,1.);
#808 = DIRECTION('',(0.,1.,0.));
#809 = PCURVE('',#70,#810);
#810 = DEFINITIONAL_REPRESENTATION('',(#811),#815);
#811 = LINE('',#812,#813);
#812 = CARTESIAN_POINT('',(52.5,6.318421052632));
#813 = VECTOR('',#814,1.);
#814 = DIRECTION('',(0.,1.));
#815 = ( GEOMETRIC_REPRESENTATION_CONTEXT(2) 
PARAMETRIC_REPRESENTATION_CONTEXT() REPRESENTATION_CONTEXT('2D SPACE',''
  ) );
#816 = PCURVE('',#817,#822);
#817 = PLANE('',#818);
#818 = AXIS2_PLACEMENT_3D('',#819,#820,#821);
#819 = CARTESIAN_POINT('',(18.5,-2.625415892908E-16,26.106401974852));
#820 = DIRECTION('',(1.,0.,0.));
#821 = DIRECTION('',(-0.,0.,1.));
#822 = DEFINITIONAL_REPRESENTATION('',(#823),#827);
#823 = LINE('',#824,#825);
#824 = CARTESIAN_POINT('',(-18.10640197485,16.681578947368));
#825 = VECTOR('',#826,1.);
#826 = DIRECTION('',(0.,-1.));
#827 = ( GEOMETRIC_REPRESENTATION_CONTEXT(2) 
PARAMETRIC_REPRESENTATION_CONTEXT() REPRESENTATION_CONTEXT('2D SPACE',''
  ) );
#828 = ORIENTED_EDGE('',*,*,#829,.T.);
#829 = EDGE_CURVE('',#802,#830,#832,.T.);
#830 = VERTEX_POINT('',#831);
#831 = CARTESIAN_POINT('',(27.5,16.681578947368,8.));
#832 = SURFACE_CURVE('',#833,(#837,#844),.PCURVE_S1.);
#833 = LINE('',#834,#835);
#834 = CARTESIAN_POINT('',(18.5,16.681578947368,8.));
#835 = VECTOR('',#836,1.);
#836 = DIRECTION('',(1.,0.,0.));
#837 = PCURVE('',#70,#838);
#838 = DEFINITIONAL_REPRESENTATION('',(#839),#843);
#839 = LINE('',#840,#841);
#840 = CARTESIAN_POINT('',(52.5,39.681578947368));
#841 = VECTOR('',#842,1.);
#842 = DIRECTION('',(1.,0.));
#843 = ( GEOMETRIC_REPRESENTATION_CONTEXT(2) 
PARAMETRIC_REPRESENTATION_CONTEXT() REPRESENTATION_CONTEXT('2D SPACE',''
  ) );
#844 = PCURVE('',#845,#850);
#845 = PLANE('',#846);
#846 = AXIS2_PLACEMENT_3D('',#847,#848,#849);
#847 = CARTESIAN_POINT('',(18.5,16.681578947368,8.));
#848 = DIRECTION('',(0.,1.,0.));
#849 = DIRECTION('',(0.,0.,1.));
#850 = DEFINITIONAL_REPRESENTATION('',(#851),#855);
#851 = LINE('',#852,#853);
#852 = CARTESIAN_POINT('',(0.,0.));
#853 = VECTOR('',#854,1.);
#854 = DIRECTION('',(0.,1.));
#855 = ( GEOMETRIC_REPRESENTATION_CONTEXT(2) 
PARAMETRIC_REPRESENTATION_CONTEXT() REPRESENTATION_CONTEXT('2D SPACE',''
  ) );
#856 = ORIENTED_EDGE('',*,*,#857,.F.);
#857 = EDGE_CURVE('',#858,#830,#860,.T.);
#858 = VERTEX_POINT('',#859);
#859 = CARTESIAN_POINT('',(27.5,-16.68157894736,8.));
#860 = SURFACE_CURVE('',#861,(#865,#872),.PCURVE_S1.);
#861 = LINE('',#862,#863);
#862 = CARTESIAN_POINT('',(27.5,-16.68157894736,8.));
#863 = VECTOR('',#864,1.);
#864 = DIRECTION('',(0.,1.,0.));
#865 = PCURVE('',#70,#866);
#866 = DEFINITIONAL_REPRESENTATION('',(#867),#871);
#867 = LINE('',#868,#869);
#868 = CARTESIAN_POINT('',(61.5,6.318421052632));
#869 = VECTOR('',#870,1.);
#870 = DIRECTION('',(0.,1.));
#871 = ( GEOMETRIC_REPRESENTATION_CONTEXT(2) 
PARAMETRIC_REPRESENTATION_CONTEXT() REPRESENTATION_CONTEXT('2D SPACE',''
  ) );
#872 = PCURVE('',#873,#878);
#873 = PLANE('',#874);
#874 = AXIS2_PLACEMENT_3D('',#875,#876,#877);
#875 = CARTESIAN_POINT('',(27.5,-2.625415892908E-16,26.106401974852));
#876 = DIRECTION('',(1.,0.,0.));
#877 = DIRECTION('',(-0.,0.,1.));
#878 = DEFINITIONAL_REPRESENTATION('',(#879),#883);
#879 = LINE('',#880,#881);
#880 = CARTESIAN_POINT('',(-18.10640197485,16.681578947368));
#881 = VECTOR('',#882,1.);
#882 = DIRECTION('',(0.,-1.));
#883 = ( GEOMETRIC_REPRESENTATION_CONTEXT(2) 
PARAMETRIC_REPRESENTATION_CONTEXT() REPRESENTATION_CONTEXT('2D SPACE',''
  ) );
#884 = ORIENTED_EDGE('',*,*,#885,.F.);
#885 = EDGE_CURVE('',#800,#858,#886,.T.);
#886 = SURFACE_CURVE('',#887,(#891,#898),.PCURVE_S1.);
#887 = LINE('',#888,#889);
#888 = CARTESIAN_POINT('',(18.5,-16.68157894736,8.));
#889 = VECTOR('',#890,1.);
#890 = DIRECTION('',(1.,0.,0.));
#891 = PCURVE('',#70,#892);
#892 = DEFINITIONAL_REPRESENTATION('',(#893),#897);
#893 = LINE('',#894,#895);
#894 = CARTESIAN_POINT('',(52.5,6.318421052632));
#895 = VECTOR('',#896,1.);
#896 = DIRECTION('',(1.,0.));
#897 = ( GEOMETRIC_REPRESENTATION_CONTEXT(2) 
PARAMETRIC_REPRESENTATION_CONTEXT() REPRESENTATION_CONTEXT('2D SPACE',''
  ) );
#898 = PCURVE('',#899,#904);
#899 = PLANE('',#900);
#900 = AXIS2_PLACEMENT_3D('',#901,#902,#903);
#901 = CARTESIAN_POINT('',(18.5,-16.68157894736,8.));
#902 = DIRECTION('',(0.,1.,0.));
#903 = DIRECTION('',(0.,0.,1.));
#904 = DEFINITIONAL_REPRESENTATION('',(#905),#909);
#905 = LINE('',#906,#907);
#906 = CARTESIAN_POINT('',(0.,0.));
#907 = VECTOR('',#908,1.);
#908 = DIRECTION('',(0.,1.));
#909 = ( GEOMETRIC_REPRESENTATION_CONTEXT(2) 
PARAMETRIC_REPRESENTATION_CONTEXT() REPRESENTATION_CONTEXT('2D SPACE',''
  ) );
#910 = FACE_BOUND('',#911,.T.);
#911 = EDGE_LOOP('',(#912,#940,#966,#992));
#912 = ORIENTED_EDGE('',*,*,#913,.T.);
#913 = EDGE_CURVE('',#914,#916,#918,.T.);
#914 = VERTEX_POINT('',#915);
#915 = CARTESIAN_POINT('',(-26.,18.,8.));
#916 = VERTEX_POINT('',#917);
#917 = CARTESIAN_POINT('',(-26.,20.277777777778,8.));
#918 = SURFACE_CURVE('',#919,(#923,#929),.PCURVE_S1.);
#919 = LINE('',#920,#921);
#920 = CARTESIAN_POINT('',(-26.,1.736076647155,8.));
#921 = VECTOR('',#922,1.);
#922 = DIRECTION('',(0.,1.,0.));
#923 = PCURVE('',#70,#924);
#924 = DEFINITIONAL_REPRESENTATION('',(#925),#928);
#925 = B_SPLINE_CURVE_WITH_KNOTS('',1,(#926,#927),.UNSPECIFIED.,.F.,.F.,
  (2,2),(16.263923352845,21.263923352845),.PIECEWISE_BEZIER_KNOTS.);
#926 = CARTESIAN_POINT('',(8.,41.));
#927 = CARTESIAN_POINT('',(8.,46.));
#928 = ( GEOMETRIC_REPRESENTATION_CONTEXT(2) 
PARAMETRIC_REPRESENTATION_CONTEXT() REPRESENTATION_CONTEXT('2D SPACE',''
  ) );
#929 = PCURVE('',#930,#935);
#930 = PLANE('',#931);
#931 = AXIS2_PLACEMENT_3D('',#932,#933,#934);
#932 = CARTESIAN_POINT('',(-26.,26.47215329431,13.27784670569));
#933 = DIRECTION('',(1.,0.,0.));
#934 = DIRECTION('',(-0.,0.,1.));
#935 = DEFINITIONAL_REPRESENTATION('',(#936),#939);
#936 = B_SPLINE_CURVE_WITH_KNOTS('',1,(#937,#938),.UNSPECIFIED.,.F.,.F.,
  (2,2),(16.263923352845,21.263923352845),.PIECEWISE_BEZIER_KNOTS.);
#937 = CARTESIAN_POINT('',(-5.27784670569,8.47215329431));
#938 = CARTESIAN_POINT('',(-5.27784670569,3.47215329431));
#939 = ( GEOMETRIC_REPRESENTATION_CONTEXT(2) 
PARAMETRIC_REPRESENTATION_CONTEXT() REPRESENTATION_CONTEXT('2D SPACE',''
  ) );
#940 = ORIENTED_EDGE('',*,*,#941,.T.);
#941 = EDGE_CURVE('',#916,#942,#944,.T.);
#942 = VERTEX_POINT('',#943);
#943 = CARTESIAN_POINT('',(-20.,20.277777777778,8.));
#944 = SURFACE_CURVE('',#945,(#949,#955),.PCURVE_S1.);
#945 = LINE('',#946,#947);
#946 = CARTESIAN_POINT('',(-30.,20.277777777778,8.));
#947 = VECTOR('',#948,1.);
#948 = DIRECTION('',(1.,0.,-0.));
#949 = PCURVE('',#70,#950);
#950 = DEFINITIONAL_REPRESENTATION('',(#951),#954);
#951 = B_SPLINE_CURVE_WITH_KNOTS('',1,(#952,#953),.UNSPECIFIED.,.F.,.F.,
  (2,2),(4.,10.),.PIECEWISE_BEZIER_KNOTS.);
#952 = CARTESIAN_POINT('',(8.,43.277777777778));
#953 = CARTESIAN_POINT('',(14.,43.277777777778));
#954 = ( GEOMETRIC_REPRESENTATION_CONTEXT(2) 
PARAMETRIC_REPRESENTATION_CONTEXT() REPRESENTATION_CONTEXT('2D SPACE',''
  ) );
#955 = PCURVE('',#956,#961);
#956 = PLANE('',#957);
#957 = AXIS2_PLACEMENT_3D('',#958,#959,#960);
#958 = CARTESIAN_POINT('',(-26.,18.,7.));
#959 = DIRECTION('',(0.,-0.401990062035,0.915644030191));
#960 = DIRECTION('',(0.,0.915644030191,0.401990062035));
#961 = DEFINITIONAL_REPRESENTATION('',(#962),#965);
#962 = B_SPLINE_CURVE_WITH_KNOTS('',1,(#963,#964),.UNSPECIFIED.,.F.,.F.,
  (2,2),(4.,10.),.PIECEWISE_BEZIER_KNOTS.);
#963 = CARTESIAN_POINT('',(2.48762368636,0.));
#964 = CARTESIAN_POINT('',(2.48762368636,-6.));
#965 = ( GEOMETRIC_REPRESENTATION_CONTEXT(2) 
PARAMETRIC_REPRESENTATION_CONTEXT() REPRESENTATION_CONTEXT('2D SPACE',''
  ) );
#966 = ORIENTED_EDGE('',*,*,#967,.F.);
#967 = EDGE_CURVE('',#968,#942,#970,.T.);
#968 = VERTEX_POINT('',#969);
#969 = CARTESIAN_POINT('',(-20.,18.,8.));
#970 = SURFACE_CURVE('',#971,(#975,#981),.PCURVE_S1.);
#971 = LINE('',#972,#973);
#972 = CARTESIAN_POINT('',(-20.,1.736076647155,8.));
#973 = VECTOR('',#974,1.);
#974 = DIRECTION('',(0.,1.,0.));
#975 = PCURVE('',#70,#976);
#976 = DEFINITIONAL_REPRESENTATION('',(#977),#980);
#977 = B_SPLINE_CURVE_WITH_KNOTS('',1,(#978,#979),.UNSPECIFIED.,.F.,.F.,
  (2,2),(16.263923352845,21.263923352845),.PIECEWISE_BEZIER_KNOTS.);
#978 = CARTESIAN_POINT('',(14.,41.));
#979 = CARTESIAN_POINT('',(14.,46.));
#980 = ( GEOMETRIC_REPRESENTATION_CONTEXT(2) 
PARAMETRIC_REPRESENTATION_CONTEXT() REPRESENTATION_CONTEXT('2D SPACE',''
  ) );
#981 = PCURVE('',#982,#987);
#982 = PLANE('',#983);
#983 = AXIS2_PLACEMENT_3D('',#984,#985,#986);
#984 = CARTESIAN_POINT('',(-20.,26.47215329431,13.27784670569));
#985 = DIRECTION('',(1.,0.,0.));
#986 = DIRECTION('',(-0.,0.,1.));
#987 = DEFINITIONAL_REPRESENTATION('',(#988),#991);
#988 = B_SPLINE_CURVE_WITH_KNOTS('',1,(#989,#990),.UNSPECIFIED.,.F.,.F.,
  (2,2),(16.263923352845,21.263923352845),.PIECEWISE_BEZIER_KNOTS.);
#989 = CARTESIAN_POINT('',(-5.27784670569,8.47215329431));
#990 = CARTESIAN_POINT('',(-5.27784670569,3.47215329431));
#991 = ( GEOMETRIC_REPRESENTATION_CONTEXT(2) 
PARAMETRIC_REPRESENTATION_CONTEXT() REPRESENTATION_CONTEXT('2D SPACE',''
  ) );
#992 = ORIENTED_EDGE('',*,*,#993,.T.);
#993 = EDGE_CURVE('',#968,#914,#994,.T.);
#994 = SURFACE_CURVE('',#995,(#999,#1005),.PCURVE_S1.);
#995 = LINE('',#996,#997);
#996 = CARTESIAN_POINT('',(-30.,18.,8.));
#997 = VECTOR('',#998,1.);
#998 = DIRECTION('',(-1.,-0.,0.));
#999 = PCURVE('',#70,#1000);
#1000 = DEFINITIONAL_REPRESENTATION('',(#1001),#1004);
#1001 = B_SPLINE_CURVE_WITH_KNOTS('',1,(#1002,#1003),.UNSPECIFIED.,.F.,
  .F.,(2,2),(-10.,-4.),.PIECEWISE_BEZIER_KNOTS.);
#1002 = CARTESIAN_POINT('',(14.,41.));
#1003 = CARTESIAN_POINT('',(8.,41.));
#1004 = ( GEOMETRIC_REPRESENTATION_CONTEXT(2) 
PARAMETRIC_REPRESENTATION_CONTEXT() REPRESENTATION_CONTEXT('2D SPACE',''
  ) );
#1005 = PCURVE('',#1006,#1011);
#1006 = PLANE('',#1007);
#1007 = AXIS2_PLACEMENT_3D('',#1008,#1009,#1010);
#1008 = CARTESIAN_POINT('',(-26.,18.,16.));
#1009 = DIRECTION('',(-0.,1.,0.));
#1010 = DIRECTION('',(0.,0.,-1.));
#1011 = DEFINITIONAL_REPRESENTATION('',(#1012),#1015);
#1012 = B_SPLINE_CURVE_WITH_KNOTS('',1,(#1013,#1014),.UNSPECIFIED.,.F.,
  .F.,(2,2),(-10.,-4.),.PIECEWISE_BEZIER_KNOTS.);
#1013 = CARTESIAN_POINT('',(8.,-6.));
#1014 = CARTESIAN_POINT('',(8.,0.));
#1015 = ( GEOMETRIC_REPRESENTATION_CONTEXT(2) 
PARAMETRIC_REPRESENTATION_CONTEXT() REPRESENTATION_CONTEXT('2D SPACE',''
  ) );
#1016 = FACE_BOUND('',#1017,.T.);
#1017 = EDGE_LOOP('',(#1018,#1046,#1072,#1098));
#1018 = ORIENTED_EDGE('',*,*,#1019,.T.);
#1019 = EDGE_CURVE('',#1020,#1022,#1024,.T.);
#1020 = VERTEX_POINT('',#1021);
#1021 = CARTESIAN_POINT('',(20.,18.,8.));
#1022 = VERTEX_POINT('',#1023);
#1023 = CARTESIAN_POINT('',(20.,20.277777777778,8.));
#1024 = SURFACE_CURVE('',#1025,(#1029,#1035),.PCURVE_S1.);
#1025 = LINE('',#1026,#1027);
#1026 = CARTESIAN_POINT('',(20.,1.736076647155,8.));
#1027 = VECTOR('',#1028,1.);
#1028 = DIRECTION('',(0.,1.,0.));
#1029 = PCURVE('',#70,#1030);
#1030 = DEFINITIONAL_REPRESENTATION('',(#1031),#1034);
#1031 = B_SPLINE_CURVE_WITH_KNOTS('',1,(#1032,#1033),.UNSPECIFIED.,.F.,
  .F.,(2,2),(16.263923352845,21.263923352845),.PIECEWISE_BEZIER_KNOTS.);
#1032 = CARTESIAN_POINT('',(54.,41.));
#1033 = CARTESIAN_POINT('',(54.,46.));
#1034 = ( GEOMETRIC_REPRESENTATION_CONTEXT(2) 
PARAMETRIC_REPRESENTATION_CONTEXT() REPRESENTATION_CONTEXT('2D SPACE',''
  ) );
#1035 = PCURVE('',#1036,#1041);
#1036 = PLANE('',#1037);
#1037 = AXIS2_PLACEMENT_3D('',#1038,#1039,#1040);
#1038 = CARTESIAN_POINT('',(20.,26.47215329431,13.27784670569));
#1039 = DIRECTION('',(1.,0.,0.));
#1040 = DIRECTION('',(-0.,0.,1.));
#1041 = DEFINITIONAL_REPRESENTATION('',(#1042),#1045);
#1042 = B_SPLINE_CURVE_WITH_KNOTS('',1,(#1043,#1044),.UNSPECIFIED.,.F.,
  .F.,(2,2),(16.263923352845,21.263923352845),.PIECEWISE_BEZIER_KNOTS.);
#1043 = CARTESIAN_POINT('',(-5.27784670569,8.47215329431));
#1044 = CARTESIAN_POINT('',(-5.27784670569,3.47215329431));
#1045 = ( GEOMETRIC_REPRESENTATION_CONTEXT(2) 
PARAMETRIC_REPRESENTATION_CONTEXT() REPRESENTATION_CONTEXT('2D SPACE',''
  ) );
#1046 = ORIENTED_EDGE('',*,*,#1047,.T.);
#1047 = EDGE_CURVE('',#1022,#1048,#1050,.T.);
#1048 = VERTEX_POINT('',#1049);
#1049 = CARTESIAN_POINT('',(26.,20.277777777778,8.));
#1050 = SURFACE_CURVE('',#1051,(#1055,#1061),.PCURVE_S1.);
#1051 = LINE('',#1052,#1053);
#1052 = CARTESIAN_POINT('',(-7.,20.277777777778,8.));
#1053 = VECTOR('',#1054,1.);
#1054 = DIRECTION('',(1.,0.,-0.));
#1055 = PCURVE('',#70,#1056);
#1056 = DEFINITIONAL_REPRESENTATION('',(#1057),#1060);
#1057 = B_SPLINE_CURVE_WITH_KNOTS('',1,(#1058,#1059),.UNSPECIFIED.,.F.,
  .F.,(2,2),(27.,33.),.PIECEWISE_BEZIER_KNOTS.);
#1058 = CARTESIAN_POINT('',(54.,43.277777777778));
#1059 = CARTESIAN_POINT('',(60.,43.277777777778));
#1060 = ( GEOMETRIC_REPRESENTATION_CONTEXT(2) 
PARAMETRIC_REPRESENTATION_CONTEXT() REPRESENTATION_CONTEXT('2D SPACE',''
  ) );
#1061 = PCURVE('',#1062,#1067);
#1062 = PLANE('',#1063);
#1063 = AXIS2_PLACEMENT_3D('',#1064,#1065,#1066);
#1064 = CARTESIAN_POINT('',(20.,18.,7.));
#1065 = DIRECTION('',(0.,-0.401990062035,0.915644030191));
#1066 = DIRECTION('',(0.,0.915644030191,0.401990062035));
#1067 = DEFINITIONAL_REPRESENTATION('',(#1068),#1071);
#1068 = B_SPLINE_CURVE_WITH_KNOTS('',1,(#1069,#1070),.UNSPECIFIED.,.F.,
  .F.,(2,2),(27.,33.),.PIECEWISE_BEZIER_KNOTS.);
#1069 = CARTESIAN_POINT('',(2.48762368636,0.));
#1070 = CARTESIAN_POINT('',(2.48762368636,-6.));
#1071 = ( GEOMETRIC_REPRESENTATION_CONTEXT(2) 
PARAMETRIC_REPRESENTATION_CONTEXT() REPRESENTATION_CONTEXT('2D SPACE',''
  ) );
#1072 = ORIENTED_EDGE('',*,*,#1073,.F.);
#1073 = EDGE_CURVE('',#1074,#1048,#1076,.T.);
#1074 = VERTEX_POINT('',#1075);
#1075 = CARTESIAN_POINT('',(26.,18.,8.));
#1076 = SURFACE_CURVE('',#1077,(#1081,#1087),.PCURVE_S1.);
#1077 = LINE('',#1078,#1079);
#1078 = CARTESIAN_POINT('',(26.,1.736076647155,8.));
#1079 = VECTOR('',#1080,1.);
#1080 = DIRECTION('',(0.,1.,0.));
#1081 = PCURVE('',#70,#1082);
#1082 = DEFINITIONAL_REPRESENTATION('',(#1083),#1086);
#1083 = B_SPLINE_CURVE_WITH_KNOTS('',1,(#1084,#1085),.UNSPECIFIED.,.F.,
  .F.,(2,2),(16.263923352845,21.263923352845),.PIECEWISE_BEZIER_KNOTS.);
#1084 = CARTESIAN_POINT('',(60.,41.));
#1085 = CARTESIAN_POINT('',(60.,46.));
#1086 = ( GEOMETRIC_REPRESENTATION_CONTEXT(2) 
PARAMETRIC_REPRESENTATION_CONTEXT() REPRESENTATION_CONTEXT('2D SPACE',''
  ) );
#1087 = PCURVE('',#1088,#1093);
#1088 = PLANE('',#1089);
#1089 = AXIS2_PLACEMENT_3D('',#1090,#1091,#1092);
#1090 = CARTESIAN_POINT('',(26.,26.47215329431,13.27784670569));
#1091 = DIRECTION('',(1.,0.,0.));
#1092 = DIRECTION('',(-0.,0.,1.));
#1093 = DEFINITIONAL_REPRESENTATION('',(#1094),#1097);
#1094 = B_SPLINE_CURVE_WITH_KNOTS('',1,(#1095,#1096),.UNSPECIFIED.,.F.,
  .F.,(2,2),(16.263923352845,21.263923352845),.PIECEWISE_BEZIER_KNOTS.);
#1095 = CARTESIAN_POINT('',(-5.27784670569,8.47215329431));
#1096 = CARTESIAN_POINT('',(-5.27784670569,3.47215329431));
#1097 = ( GEOMETRIC_REPRESENTATION_CONTEXT(2) 
PARAMETRIC_REPRESENTATION_CONTEXT() REPRESENTATION_CONTEXT('2D SPACE',''
  ) );
#1098 = ORIENTED_EDGE('',*,*,#1099,.T.);
#1099 = EDGE_CURVE('',#1074,#1020,#1100,.T.);
#1100 = SURFACE_CURVE('',#1101,(#1105,#1111),.PCURVE_S1.);
#1101 = LINE('',#1102,#1103);
#1102 = CARTESIAN_POINT('',(-7.,18.,8.));
#1103 = VECTOR('',#1104,1.);
#1104 = DIRECTION('',(-1.,-0.,0.));
#1105 = PCURVE('',#70,#1106);
#1106 = DEFINITIONAL_REPRESENTATION('',(#1107),#1110);
#1107 = B_SPLINE_CURVE_WITH_KNOTS('',1,(#1108,#1109),.UNSPECIFIED.,.F.,
  .F.,(2,2),(-33.,-27.),.PIECEWISE_BEZIER_KNOTS.);
#1108 = CARTESIAN_POINT('',(60.,41.));
#1109 = CARTESIAN_POINT('',(54.,41.));
#1110 = ( GEOMETRIC_REPRESENTATION_CONTEXT(2) 
PARAMETRIC_REPRESENTATION_CONTEXT() REPRESENTATION_CONTEXT('2D SPACE',''
  ) );
#1111 = PCURVE('',#1112,#1117);
#1112 = PLANE('',#1113);
#1113 = AXIS2_PLACEMENT_3D('',#1114,#1115,#1116);
#1114 = CARTESIAN_POINT('',(20.,18.,16.));
#1115 = DIRECTION('',(-0.,1.,0.));
#1116 = DIRECTION('',(0.,0.,-1.));
#1117 = DEFINITIONAL_REPRESENTATION('',(#1118),#1121);
#1118 = B_SPLINE_CURVE_WITH_KNOTS('',1,(#1119,#1120),.UNSPECIFIED.,.F.,
  .F.,(2,2),(-33.,-27.),.PIECEWISE_BEZIER_KNOTS.);
#1119 = CARTESIAN_POINT('',(8.,-6.));
#1120 = CARTESIAN_POINT('',(8.,0.));
#1121 = ( GEOMETRIC_REPRESENTATION_CONTEXT(2) 
PARAMETRIC_REPRESENTATION_CONTEXT() REPRESENTATION_CONTEXT('2D SPACE',''
  ) );
#1122 = ADVANCED_FACE('',(#1123),#98,.T.);
#1123 = FACE_BOUND('',#1124,.T.);
#1124 = EDGE_LOOP('',(#1125,#1149,#1170,#1171));
#1125 = ORIENTED_EDGE('',*,*,#1126,.T.);
#1126 = EDGE_CURVE('',#83,#1127,#1129,.T.);
#1127 = VERTEX_POINT('',#1128);
#1128 = CARTESIAN_POINT('',(-31.,-23.,0.));
#1129 = SURFACE_CURVE('',#1130,(#1135,#1142),.PCURVE_S1.);
#1130 = CIRCLE('',#1131,3.);
#1131 = AXIS2_PLACEMENT_3D('',#1132,#1133,#1134);
#1132 = CARTESIAN_POINT('',(-31.,-20.,0.));
#1133 = DIRECTION('',(0.,0.,1.));
#1134 = DIRECTION('',(0.,-1.,0.));
#1135 = PCURVE('',#98,#1136);
#1136 = DEFINITIONAL_REPRESENTATION('',(#1137),#1141);
#1137 = LINE('',#1138,#1139);
#1138 = CARTESIAN_POINT('',(-4.712388980385,0.));
#1139 = VECTOR('',#1140,1.);
#1140 = DIRECTION('',(1.,0.));
#1141 = ( GEOMETRIC_REPRESENTATION_CONTEXT(2) 
PARAMETRIC_REPRESENTATION_CONTEXT() REPRESENTATION_CONTEXT('2D SPACE',''
  ) );
#1142 = PCURVE('',#126,#1143);
#1143 = DEFINITIONAL_REPRESENTATION('',(#1144),#1148);
#1144 = CIRCLE('',#1145,3.);
#1145 = AXIS2_PLACEMENT_2D('',#1146,#1147);
#1146 = CARTESIAN_POINT('',(3.,3.));
#1147 = DIRECTION('',(0.,-1.));
#1148 = ( GEOMETRIC_REPRESENTATION_CONTEXT(2) 
PARAMETRIC_REPRESENTATION_CONTEXT() REPRESENTATION_CONTEXT('2D SPACE',''
  ) );
#1149 = ORIENTED_EDGE('',*,*,#1150,.T.);
#1150 = EDGE_CURVE('',#1127,#169,#1151,.T.);
#1151 = SURFACE_CURVE('',#1152,(#1156,#1163),.PCURVE_S1.);
#1152 = LINE('',#1153,#1154);
#1153 = CARTESIAN_POINT('',(-31.,-23.,0.));
#1154 = VECTOR('',#1155,1.);
#1155 = DIRECTION('',(0.,0.,1.));
#1156 = PCURVE('',#98,#1157);
#1157 = DEFINITIONAL_REPRESENTATION('',(#1158),#1162);
#1158 = LINE('',#1159,#1160);
#1159 = CARTESIAN_POINT('',(1.570796326795,0.));
#1160 = VECTOR('',#1161,1.);
#1161 = DIRECTION('',(0.,1.));
#1162 = ( GEOMETRIC_REPRESENTATION_CONTEXT(2) 
PARAMETRIC_REPRESENTATION_CONTEXT() REPRESENTATION_CONTEXT('2D SPACE',''
  ) );
#1163 = PCURVE('',#208,#1164);
#1164 = DEFINITIONAL_REPRESENTATION('',(#1165),#1169);
#1165 = LINE('',#1166,#1167);
#1166 = CARTESIAN_POINT('',(0.,3.));
#1167 = VECTOR('',#1168,1.);
#1168 = DIRECTION('',(1.,0.));
#1169 = ( GEOMETRIC_REPRESENTATION_CONTEXT(2) 
PARAMETRIC_REPRESENTATION_CONTEXT() REPRESENTATION_CONTEXT('2D SPACE',''
  ) );
#1170 = ORIENTED_EDGE('',*,*,#168,.F.);
#1171 = ORIENTED_EDGE('',*,*,#82,.F.);
#1172 = ADVANCED_FACE('',(#1173),#152,.T.);
#1173 = FACE_BOUND('',#1174,.F.);
#1174 = EDGE_LOOP('',(#1175,#1203,#1224,#1225));
#1175 = ORIENTED_EDGE('',*,*,#1176,.T.);
#1176 = EDGE_CURVE('',#111,#1177,#1179,.T.);
#1177 = VERTEX_POINT('',#1178);
#1178 = CARTESIAN_POINT('',(-31.,23.,0.));
#1179 = SURFACE_CURVE('',#1180,(#1185,#1192),.PCURVE_S1.);
#1180 = CIRCLE('',#1181,3.);
#1181 = AXIS2_PLACEMENT_3D('',#1182,#1183,#1184);
#1182 = CARTESIAN_POINT('',(-31.,20.,0.));
#1183 = DIRECTION('',(-0.,-0.,-1.));
#1184 = DIRECTION('',(0.,-1.,0.));
#1185 = PCURVE('',#152,#1186);
#1186 = DEFINITIONAL_REPRESENTATION('',(#1187),#1191);
#1187 = LINE('',#1188,#1189);
#1188 = CARTESIAN_POINT('',(1.570796326795,-0.));
#1189 = VECTOR('',#1190,1.);
#1190 = DIRECTION('',(-1.,0.));
#1191 = ( GEOMETRIC_REPRESENTATION_CONTEXT(2) 
PARAMETRIC_REPRESENTATION_CONTEXT() REPRESENTATION_CONTEXT('2D SPACE',''
  ) );
#1192 = PCURVE('',#126,#1193);
#1193 = DEFINITIONAL_REPRESENTATION('',(#1194),#1202);
#1194 = ( BOUNDED_CURVE() B_SPLINE_CURVE(2,(#1195,#1196,#1197,#1198,
#1199,#1200,#1201),.UNSPECIFIED.,.T.,.F.) B_SPLINE_CURVE_WITH_KNOTS((1,2
    ,2,2,2,1),(-2.094395102393,0.,2.094395102393,4.188790204786,
6.28318530718,8.377580409573),.UNSPECIFIED.) CURVE() 
GEOMETRIC_REPRESENTATION_ITEM() RATIONAL_B_SPLINE_CURVE((1.,0.5,1.,0.5,
1.,0.5,1.)) REPRESENTATION_ITEM('') );
#1195 = CARTESIAN_POINT('',(3.,40.));
#1196 = CARTESIAN_POINT('',(-2.196152422707,40.));
#1197 = CARTESIAN_POINT('',(0.401923788647,44.5));
#1198 = CARTESIAN_POINT('',(3.,49.));
#1199 = CARTESIAN_POINT('',(5.598076211353,44.5));
#1200 = CARTESIAN_POINT('',(8.196152422707,40.));
#1201 = CARTESIAN_POINT('',(3.,40.));
#1202 = ( GEOMETRIC_REPRESENTATION_CONTEXT(2) 
PARAMETRIC_REPRESENTATION_CONTEXT() REPRESENTATION_CONTEXT('2D SPACE',''
  ) );
#1203 = ORIENTED_EDGE('',*,*,#1204,.T.);
#1204 = EDGE_CURVE('',#1177,#423,#1205,.T.);
#1205 = SURFACE_CURVE('',#1206,(#1210,#1217),.PCURVE_S1.);
#1206 = LINE('',#1207,#1208);
#1207 = CARTESIAN_POINT('',(-31.,23.,0.));
#1208 = VECTOR('',#1209,1.);
#1209 = DIRECTION('',(0.,0.,1.));
#1210 = PCURVE('',#152,#1211);
#1211 = DEFINITIONAL_REPRESENTATION('',(#1212),#1216);
#1212 = LINE('',#1213,#1214);
#1213 = CARTESIAN_POINT('',(-1.570796326795,0.));
#1214 = VECTOR('',#1215,1.);
#1215 = DIRECTION('',(-0.,1.));
#1216 = ( GEOMETRIC_REPRESENTATION_CONTEXT(2) 
PARAMETRIC_REPRESENTATION_CONTEXT() REPRESENTATION_CONTEXT('2D SPACE',''
  ) );
#1217 = PCURVE('',#326,#1218);
#1218 = DEFINITIONAL_REPRESENTATION('',(#1219),#1223);
#1219 = LINE('',#1220,#1221);
#1220 = CARTESIAN_POINT('',(0.,3.));
#1221 = VECTOR('',#1222,1.);
#1222 = DIRECTION('',(1.,0.));
#1223 = ( GEOMETRIC_REPRESENTATION_CONTEXT(2) 
PARAMETRIC_REPRESENTATION_CONTEXT() REPRESENTATION_CONTEXT('2D SPACE',''
  ) );
#1224 = ORIENTED_EDGE('',*,*,#445,.F.);
#1225 = ORIENTED_EDGE('',*,*,#138,.F.);
#1226 = ADVANCED_FACE('',(#1227,#1351,#1382,#1413,#1444),#126,.F.);
#1227 = FACE_BOUND('',#1228,.F.);
#1228 = EDGE_LOOP('',(#1229,#1230,#1231,#1254,#1282,#1305,#1329,#1350));
#1229 = ORIENTED_EDGE('',*,*,#110,.F.);
#1230 = ORIENTED_EDGE('',*,*,#1126,.T.);
#1231 = ORIENTED_EDGE('',*,*,#1232,.T.);
#1232 = EDGE_CURVE('',#1127,#1233,#1235,.T.);
#1233 = VERTEX_POINT('',#1234);
#1234 = CARTESIAN_POINT('',(31.,-23.,0.));
#1235 = SURFACE_CURVE('',#1236,(#1240,#1247),.PCURVE_S1.);
#1236 = LINE('',#1237,#1238);
#1237 = CARTESIAN_POINT('',(-34.,-23.,0.));
#1238 = VECTOR('',#1239,1.);
#1239 = DIRECTION('',(1.,0.,0.));
#1240 = PCURVE('',#126,#1241);
#1241 = DEFINITIONAL_REPRESENTATION('',(#1242),#1246);
#1242 = LINE('',#1243,#1244);
#1243 = CARTESIAN_POINT('',(0.,0.));
#1244 = VECTOR('',#1245,1.);
#1245 = DIRECTION('',(1.,0.));
#1246 = ( GEOMETRIC_REPRESENTATION_CONTEXT(2) 
PARAMETRIC_REPRESENTATION_CONTEXT() REPRESENTATION_CONTEXT('2D SPACE',''
  ) );
#1247 = PCURVE('',#208,#1248);
#1248 = DEFINITIONAL_REPRESENTATION('',(#1249),#1253);
#1249 = LINE('',#1250,#1251);
#1250 = CARTESIAN_POINT('',(0.,0.));
#1251 = VECTOR('',#1252,1.);
#1252 = DIRECTION('',(0.,1.));
#1253 = ( GEOMETRIC_REPRESENTATION_CONTEXT(2) 
PARAMETRIC_REPRESENTATION_CONTEXT() REPRESENTATION_CONTEXT('2D SPACE',''
  ) );
#1254 = ORIENTED_EDGE('',*,*,#1255,.F.);
#1255 = EDGE_CURVE('',#1256,#1233,#1258,.T.);
#1256 = VERTEX_POINT('',#1257);
#1257 = CARTESIAN_POINT('',(34.,-20.,0.));
#1258 = SURFACE_CURVE('',#1259,(#1264,#1275),.PCURVE_S1.);
#1259 = CIRCLE('',#1260,3.);
#1260 = AXIS2_PLACEMENT_3D('',#1261,#1262,#1263);
#1261 = CARTESIAN_POINT('',(31.,-20.,0.));
#1262 = DIRECTION('',(-0.,-0.,-1.));
#1263 = DIRECTION('',(0.,-1.,0.));
#1264 = PCURVE('',#126,#1265);
#1265 = DEFINITIONAL_REPRESENTATION('',(#1266),#1274);
#1266 = ( BOUNDED_CURVE() B_SPLINE_CURVE(2,(#1267,#1268,#1269,#1270,
#1271,#1272,#1273),.UNSPECIFIED.,.T.,.F.) B_SPLINE_CURVE_WITH_KNOTS((1,2
    ,2,2,2,1),(-2.094395102393,0.,2.094395102393,4.188790204786,
6.28318530718,8.377580409573),.UNSPECIFIED.) CURVE() 
GEOMETRIC_REPRESENTATION_ITEM() RATIONAL_B_SPLINE_CURVE((1.,0.5,1.,0.5,
1.,0.5,1.)) REPRESENTATION_ITEM('') );
#1267 = CARTESIAN_POINT('',(65.,0.));
#1268 = CARTESIAN_POINT('',(59.803847577293,0.));
#1269 = CARTESIAN_POINT('',(62.401923788647,4.5));
#1270 = CARTESIAN_POINT('',(65.,9.));
#1271 = CARTESIAN_POINT('',(67.598076211353,4.5));
#1272 = CARTESIAN_POINT('',(70.196152422707,4.440892098501E-15));
#1273 = CARTESIAN_POINT('',(65.,0.));
#1274 = ( GEOMETRIC_REPRESENTATION_CONTEXT(2) 
PARAMETRIC_REPRESENTATION_CONTEXT() REPRESENTATION_CONTEXT('2D SPACE',''
  ) );
#1275 = PCURVE('',#241,#1276);
#1276 = DEFINITIONAL_REPRESENTATION('',(#1277),#1281);
#1277 = LINE('',#1278,#1279);
#1278 = CARTESIAN_POINT('',(4.712388980385,-0.));
#1279 = VECTOR('',#1280,1.);
#1280 = DIRECTION('',(-1.,0.));
#1281 = ( GEOMETRIC_REPRESENTATION_CONTEXT(2) 
PARAMETRIC_REPRESENTATION_CONTEXT() REPRESENTATION_CONTEXT('2D SPACE',''
  ) );
#1282 = ORIENTED_EDGE('',*,*,#1283,.T.);
#1283 = EDGE_CURVE('',#1256,#1284,#1286,.T.);
#1284 = VERTEX_POINT('',#1285);
#1285 = CARTESIAN_POINT('',(34.,20.,0.));
#1286 = SURFACE_CURVE('',#1287,(#1291,#1298),.PCURVE_S1.);
#1287 = LINE('',#1288,#1289);
#1288 = CARTESIAN_POINT('',(34.,-23.,0.));
#1289 = VECTOR('',#1290,1.);
#1290 = DIRECTION('',(0.,1.,0.));
#1291 = PCURVE('',#126,#1292);
#1292 = DEFINITIONAL_REPRESENTATION('',(#1293),#1297);
#1293 = LINE('',#1294,#1295);
#1294 = CARTESIAN_POINT('',(68.,0.));
#1295 = VECTOR('',#1296,1.);
#1296 = DIRECTION('',(0.,1.));
#1297 = ( GEOMETRIC_REPRESENTATION_CONTEXT(2) 
PARAMETRIC_REPRESENTATION_CONTEXT() REPRESENTATION_CONTEXT('2D SPACE',''
  ) );
#1298 = PCURVE('',#269,#1299);
#1299 = DEFINITIONAL_REPRESENTATION('',(#1300),#1304);
#1300 = LINE('',#1301,#1302);
#1301 = CARTESIAN_POINT('',(0.,0.));
#1302 = VECTOR('',#1303,1.);
#1303 = DIRECTION('',(0.,-1.));
#1304 = ( GEOMETRIC_REPRESENTATION_CONTEXT(2) 
PARAMETRIC_REPRESENTATION_CONTEXT() REPRESENTATION_CONTEXT('2D SPACE',''
  ) );
#1305 = ORIENTED_EDGE('',*,*,#1306,.T.);
#1306 = EDGE_CURVE('',#1284,#1307,#1309,.T.);
#1307 = VERTEX_POINT('',#1308);
#1308 = CARTESIAN_POINT('',(31.,23.,0.));
#1309 = SURFACE_CURVE('',#1310,(#1315,#1322),.PCURVE_S1.);
#1310 = CIRCLE('',#1311,3.);
#1311 = AXIS2_PLACEMENT_3D('',#1312,#1313,#1314);
#1312 = CARTESIAN_POINT('',(31.,20.,0.));
#1313 = DIRECTION('',(0.,0.,1.));
#1314 = DIRECTION('',(0.,-1.,0.));
#1315 = PCURVE('',#126,#1316);
#1316 = DEFINITIONAL_REPRESENTATION('',(#1317),#1321);
#1317 = CIRCLE('',#1318,3.);
#1318 = AXIS2_PLACEMENT_2D('',#1319,#1320);
#1319 = CARTESIAN_POINT('',(65.,43.));
#1320 = DIRECTION('',(0.,-1.));
#1321 = ( GEOMETRIC_REPRESENTATION_CONTEXT(2) 
PARAMETRIC_REPRESENTATION_CONTEXT() REPRESENTATION_CONTEXT('2D SPACE',''
  ) );
#1322 = PCURVE('',#298,#1323);
#1323 = DEFINITIONAL_REPRESENTATION('',(#1324),#1328);
#1324 = LINE('',#1325,#1326);
#1325 = CARTESIAN_POINT('',(-1.570796326795,0.));
#1326 = VECTOR('',#1327,1.);
#1327 = DIRECTION('',(1.,0.));
#1328 = ( GEOMETRIC_REPRESENTATION_CONTEXT(2) 
PARAMETRIC_REPRESENTATION_CONTEXT() REPRESENTATION_CONTEXT('2D SPACE',''
  ) );
#1329 = ORIENTED_EDGE('',*,*,#1330,.F.);
#1330 = EDGE_CURVE('',#1177,#1307,#1331,.T.);
#1331 = SURFACE_CURVE('',#1332,(#1336,#1343),.PCURVE_S1.);
#1332 = LINE('',#1333,#1334);
#1333 = CARTESIAN_POINT('',(-34.,23.,0.));
#1334 = VECTOR('',#1335,1.);
#1335 = DIRECTION('',(1.,0.,0.));
#1336 = PCURVE('',#126,#1337);
#1337 = DEFINITIONAL_REPRESENTATION('',(#1338),#1342);
#1338 = LINE('',#1339,#1340);
#1339 = CARTESIAN_POINT('',(0.,46.));
#1340 = VECTOR('',#1341,1.);
#1341 = DIRECTION('',(1.,0.));
#1342 = ( GEOMETRIC_REPRESENTATION_CONTEXT(2) 
PARAMETRIC_REPRESENTATION_CONTEXT() REPRESENTATION_CONTEXT('2D SPACE',''
  ) );
#1343 = PCURVE('',#326,#1344);
#1344 = DEFINITIONAL_REPRESENTATION('',(#1345),#1349);
#1345 = LINE('',#1346,#1347);
#1346 = CARTESIAN_POINT('',(0.,0.));
#1347 = VECTOR('',#1348,1.);
#1348 = DIRECTION('',(0.,1.));
#1349 = ( GEOMETRIC_REPRESENTATION_CONTEXT(2) 
PARAMETRIC_REPRESENTATION_CONTEXT() REPRESENTATION_CONTEXT('2D SPACE',''
  ) );
#1350 = ORIENTED_EDGE('',*,*,#1176,.F.);
#1351 = FACE_BOUND('',#1352,.F.);
#1352 = EDGE_LOOP('',(#1353));
#1353 = ORIENTED_EDGE('',*,*,#1354,.F.);
#1354 = EDGE_CURVE('',#1355,#1355,#1357,.T.);
#1355 = VERTEX_POINT('',#1356);
#1356 = CARTESIAN_POINT('',(-10.65,-13.,0.));
#1357 = SURFACE_CURVE('',#1358,(#1363,#1370),.PCURVE_S1.);
#1358 = CIRCLE('',#1359,2.35);
#1359 = AXIS2_PLACEMENT_3D('',#1360,#1361,#1362);
#1360 = CARTESIAN_POINT('',(-13.,-13.,0.));
#1361 = DIRECTION('',(0.,0.,1.));
#1362 = DIRECTION('',(1.,0.,0.));
#1363 = PCURVE('',#126,#1364);
#1364 = DEFINITIONAL_REPRESENTATION('',(#1365),#1369);
#1365 = CIRCLE('',#1366,2.35);
#1366 = AXIS2_PLACEMENT_2D('',#1367,#1368);
#1367 = CARTESIAN_POINT('',(21.,10.));
#1368 = DIRECTION('',(1.,0.));
#1369 = ( GEOMETRIC_REPRESENTATION_CONTEXT(2) 
PARAMETRIC_REPRESENTATION_CONTEXT() REPRESENTATION_CONTEXT('2D SPACE',''
  ) );
#1370 = PCURVE('',#1371,#1376);
#1371 = CONICAL_SURFACE('',#1372,2.35,0.463647609001);
#1372 = AXIS2_PLACEMENT_3D('',#1373,#1374,#1375);
#1373 = CARTESIAN_POINT('',(-13.,-13.,0.));
#1374 = DIRECTION('',(-0.,-0.,-1.));
#1375 = DIRECTION('',(1.,0.,0.));
#1376 = DEFINITIONAL_REPRESENTATION('',(#1377),#1381);
#1377 = LINE('',#1378,#1379);
#1378 = CARTESIAN_POINT('',(-0.,-0.));
#1379 = VECTOR('',#1380,1.);
#1380 = DIRECTION('',(-1.,-0.));
#1381 = ( GEOMETRIC_REPRESENTATION_CONTEXT(2) 
PARAMETRIC_REPRESENTATION_CONTEXT() REPRESENTATION_CONTEXT('2D SPACE',''
  ) );
#1382 = FACE_BOUND('',#1383,.F.);
#1383 = EDGE_LOOP('',(#1384));
#1384 = ORIENTED_EDGE('',*,*,#1385,.F.);
#1385 = EDGE_CURVE('',#1386,#1386,#1388,.T.);
#1386 = VERTEX_POINT('',#1387);
#1387 = CARTESIAN_POINT('',(15.35,-13.,0.));
#1388 = SURFACE_CURVE('',#1389,(#1394,#1401),.PCURVE_S1.);
#1389 = CIRCLE('',#1390,2.35);
#1390 = AXIS2_PLACEMENT_3D('',#1391,#1392,#1393);
#1391 = CARTESIAN_POINT('',(13.,-13.,0.));
#1392 = DIRECTION('',(0.,0.,1.));
#1393 = DIRECTION('',(1.,0.,0.));
#1394 = PCURVE('',#126,#1395);
#1395 = DEFINITIONAL_REPRESENTATION('',(#1396),#1400);
#1396 = CIRCLE('',#1397,2.35);
#1397 = AXIS2_PLACEMENT_2D('',#1398,#1399);
#1398 = CARTESIAN_POINT('',(47.,10.));
#1399 = DIRECTION('',(1.,0.));
#1400 = ( GEOMETRIC_REPRESENTATION_CONTEXT(2) 
PARAMETRIC_REPRESENTATION_CONTEXT() REPRESENTATION_CONTEXT('2D SPACE',''
  ) );
#1401 = PCURVE('',#1402,#1407);
#1402 = CONICAL_SURFACE('',#1403,2.35,0.463647609001);
#1403 = AXIS2_PLACEMENT_3D('',#1404,#1405,#1406);
#1404 = CARTESIAN_POINT('',(13.,-13.,0.));
#1405 = DIRECTION('',(-0.,-0.,-1.));
#1406 = DIRECTION('',(1.,0.,0.));
#1407 = DEFINITIONAL_REPRESENTATION('',(#1408),#1412);
#1408 = LINE('',#1409,#1410);
#1409 = CARTESIAN_POINT('',(-0.,-0.));
#1410 = VECTOR('',#1411,1.);
#1411 = DIRECTION('',(-1.,-0.));
#1412 = ( GEOMETRIC_REPRESENTATION_CONTEXT(2) 
PARAMETRIC_REPRESENTATION_CONTEXT() REPRESENTATION_CONTEXT('2D SPACE',''
  ) );
#1413 = FACE_BOUND('',#1414,.F.);
#1414 = EDGE_LOOP('',(#1415));
#1415 = ORIENTED_EDGE('',*,*,#1416,.F.);
#1416 = EDGE_CURVE('',#1417,#1417,#1419,.T.);
#1417 = VERTEX_POINT('',#1418);
#1418 = CARTESIAN_POINT('',(-10.65,13.,0.));
#1419 = SURFACE_CURVE('',#1420,(#1425,#1432),.PCURVE_S1.);
#1420 = CIRCLE('',#1421,2.35);
#1421 = AXIS2_PLACEMENT_3D('',#1422,#1423,#1424);
#1422 = CARTESIAN_POINT('',(-13.,13.,0.));
#1423 = DIRECTION('',(0.,0.,1.));
#1424 = DIRECTION('',(1.,0.,0.));
#1425 = PCURVE('',#126,#1426);
#1426 = DEFINITIONAL_REPRESENTATION('',(#1427),#1431);
#1427 = CIRCLE('',#1428,2.35);
#1428 = AXIS2_PLACEMENT_2D('',#1429,#1430);
#1429 = CARTESIAN_POINT('',(21.,36.));
#1430 = DIRECTION('',(1.,0.));
#1431 = ( GEOMETRIC_REPRESENTATION_CONTEXT(2) 
PARAMETRIC_REPRESENTATION_CONTEXT() REPRESENTATION_CONTEXT('2D SPACE',''
  ) );
#1432 = PCURVE('',#1433,#1438);
#1433 = CONICAL_SURFACE('',#1434,2.35,0.463647609001);
#1434 = AXIS2_PLACEMENT_3D('',#1435,#1436,#1437);
#1435 = CARTESIAN_POINT('',(-13.,13.,0.));
#1436 = DIRECTION('',(-0.,-0.,-1.));
#1437 = DIRECTION('',(1.,0.,0.));
#1438 = DEFINITIONAL_REPRESENTATION('',(#1439),#1443);
#1439 = LINE('',#1440,#1441);
#1440 = CARTESIAN_POINT('',(-0.,-0.));
#1441 = VECTOR('',#1442,1.);
#1442 = DIRECTION('',(-1.,-0.));
#1443 = ( GEOMETRIC_REPRESENTATION_CONTEXT(2) 
PARAMETRIC_REPRESENTATION_CONTEXT() REPRESENTATION_CONTEXT('2D SPACE',''
  ) );
#1444 = FACE_BOUND('',#1445,.F.);
#1445 = EDGE_LOOP('',(#1446));
#1446 = ORIENTED_EDGE('',*,*,#1447,.F.);
#1447 = EDGE_CURVE('',#1448,#1448,#1450,.T.);
#1448 = VERTEX_POINT('',#1449);
#1449 = CARTESIAN_POINT('',(15.35,13.,0.));
#1450 = SURFACE_CURVE('',#1451,(#1456,#1463),.PCURVE_S1.);
#1451 = CIRCLE('',#1452,2.35);
#1452 = AXIS2_PLACEMENT_3D('',#1453,#1454,#1455);
#1453 = CARTESIAN_POINT('',(13.,13.,0.));
#1454 = DIRECTION('',(0.,0.,1.));
#1455 = DIRECTION('',(1.,0.,0.));
#1456 = PCURVE('',#126,#1457);
#1457 = DEFINITIONAL_REPRESENTATION('',(#1458),#1462);
#1458 = CIRCLE('',#1459,2.35);
#1459 = AXIS2_PLACEMENT_2D('',#1460,#1461);
#1460 = CARTESIAN_POINT('',(47.,36.));
#1461 = DIRECTION('',(1.,0.));
#1462 = ( GEOMETRIC_REPRESENTATION_CONTEXT(2) 
PARAMETRIC_REPRESENTATION_CONTEXT() REPRESENTATION_CONTEXT('2D SPACE',''
  ) );
#1463 = PCURVE('',#1464,#1469);
#1464 = CONICAL_SURFACE('',#1465,2.35,0.463647609001);
#1465 = AXIS2_PLACEMENT_3D('',#1466,#1467,#1468);
#1466 = CARTESIAN_POINT('',(13.,13.,0.));
#1467 = DIRECTION('',(-0.,-0.,-1.));
#1468 = DIRECTION('',(1.,0.,0.));
#1469 = DEFINITIONAL_REPRESENTATION('',(#1470),#1474);
#1470 = LINE('',#1471,#1472);
#1471 = CARTESIAN_POINT('',(-0.,-0.));
#1472 = VECTOR('',#1473,1.);
#1473 = DIRECTION('',(-1.,-0.));
#1474 = ( GEOMETRIC_REPRESENTATION_CONTEXT(2) 
PARAMETRIC_REPRESENTATION_CONTEXT() REPRESENTATION_CONTEXT('2D SPACE',''
  ) );
#1475 = ADVANCED_FACE('',(#1476),#326,.T.);
#1476 = FACE_BOUND('',#1477,.T.);
#1477 = EDGE_LOOP('',(#1478,#1479,#1480,#1481,#1509,#1535,#1561,#1587,
    #1608,#1609));
#1478 = ORIENTED_EDGE('',*,*,#1330,.F.);
#1479 = ORIENTED_EDGE('',*,*,#1204,.T.);
#1480 = ORIENTED_EDGE('',*,*,#422,.T.);
#1481 = ORIENTED_EDGE('',*,*,#1482,.T.);
#1482 = EDGE_CURVE('',#395,#1483,#1485,.T.);
#1483 = VERTEX_POINT('',#1484);
#1484 = CARTESIAN_POINT('',(-3.,23.,8.));
#1485 = SURFACE_CURVE('',#1486,(#1490,#1497),.PCURVE_S1.);
#1486 = LINE('',#1487,#1488);
#1487 = CARTESIAN_POINT('',(-34.,23.,8.));
#1488 = VECTOR('',#1489,1.);
#1489 = DIRECTION('',(1.,0.,0.));
#1490 = PCURVE('',#326,#1491);
#1491 = DEFINITIONAL_REPRESENTATION('',(#1492),#1496);
#1492 = LINE('',#1493,#1494);
#1493 = CARTESIAN_POINT('',(8.,0.));
#1494 = VECTOR('',#1495,1.);
#1495 = DIRECTION('',(0.,1.));
#1496 = ( GEOMETRIC_REPRESENTATION_CONTEXT(2) 
PARAMETRIC_REPRESENTATION_CONTEXT() REPRESENTATION_CONTEXT('2D SPACE',''
  ) );
#1497 = PCURVE('',#1498,#1503);
#1498 = PLANE('',#1499);
#1499 = AXIS2_PLACEMENT_3D('',#1500,#1501,#1502);
#1500 = CARTESIAN_POINT('',(-8.,16.,8.));
#1501 = DIRECTION('',(0.,0.,1.));
#1502 = DIRECTION('',(1.,0.,0.));
#1503 = DEFINITIONAL_REPRESENTATION('',(#1504),#1508);
#1504 = LINE('',#1505,#1506);
#1505 = CARTESIAN_POINT('',(-26.,7.));
#1506 = VECTOR('',#1507,1.);
#1507 = DIRECTION('',(1.,0.));
#1508 = ( GEOMETRIC_REPRESENTATION_CONTEXT(2) 
PARAMETRIC_REPRESENTATION_CONTEXT() REPRESENTATION_CONTEXT('2D SPACE',''
  ) );
#1509 = ORIENTED_EDGE('',*,*,#1510,.T.);
#1510 = EDGE_CURVE('',#1483,#1511,#1513,.T.);
#1511 = VERTEX_POINT('',#1512);
#1512 = CARTESIAN_POINT('',(-3.,23.,1.));
#1513 = SURFACE_CURVE('',#1514,(#1518,#1524),.PCURVE_S1.);
#1514 = LINE('',#1515,#1516);
#1515 = CARTESIAN_POINT('',(-3.,23.,2.900980486407));
#1516 = VECTOR('',#1517,1.);
#1517 = DIRECTION('',(0.,0.,-1.));
#1518 = PCURVE('',#326,#1519);
#1519 = DEFINITIONAL_REPRESENTATION('',(#1520),#1523);
#1520 = B_SPLINE_CURVE_WITH_KNOTS('',1,(#1521,#1522),.UNSPECIFIED.,.F.,
  .F.,(2,2),(-5.099019513593,2.900980486407),.PIECEWISE_BEZIER_KNOTS.);
#1521 = CARTESIAN_POINT('',(8.,31.));
#1522 = CARTESIAN_POINT('',(0.,31.));
#1523 = ( GEOMETRIC_REPRESENTATION_CONTEXT(2) 
PARAMETRIC_REPRESENTATION_CONTEXT() REPRESENTATION_CONTEXT('2D SPACE',''
  ) );
#1524 = PCURVE('',#1525,#1530);
#1525 = PLANE('',#1526);
#1526 = AXIS2_PLACEMENT_3D('',#1527,#1528,#1529);
#1527 = CARTESIAN_POINT('',(-3.,36.198039027186,5.801960972814));
#1528 = DIRECTION('',(1.,0.,0.));
#1529 = DIRECTION('',(-0.,0.,1.));
#1530 = DEFINITIONAL_REPRESENTATION('',(#1531),#1534);
#1531 = B_SPLINE_CURVE_WITH_KNOTS('',1,(#1532,#1533),.UNSPECIFIED.,.F.,
  .F.,(2,2),(-5.099019513593,2.900980486407),.PIECEWISE_BEZIER_KNOTS.);
#1532 = CARTESIAN_POINT('',(2.198039027186,13.198039027186));
#1533 = CARTESIAN_POINT('',(-5.801960972814,13.198039027186));
#1534 = ( GEOMETRIC_REPRESENTATION_CONTEXT(2) 
PARAMETRIC_REPRESENTATION_CONTEXT() REPRESENTATION_CONTEXT('2D SPACE',''
  ) );
#1535 = ORIENTED_EDGE('',*,*,#1536,.T.);
#1536 = EDGE_CURVE('',#1511,#1537,#1539,.T.);
#1537 = VERTEX_POINT('',#1538);
#1538 = CARTESIAN_POINT('',(3.,23.,1.));
#1539 = SURFACE_CURVE('',#1540,(#1544,#1550),.PCURVE_S1.);
#1540 = LINE('',#1541,#1542);
#1541 = CARTESIAN_POINT('',(-18.5,23.,1.));
#1542 = VECTOR('',#1543,1.);
#1543 = DIRECTION('',(1.,0.,-0.));
#1544 = PCURVE('',#326,#1545);
#1545 = DEFINITIONAL_REPRESENTATION('',(#1546),#1549);
#1546 = B_SPLINE_CURVE_WITH_KNOTS('',1,(#1547,#1548),.UNSPECIFIED.,.F.,
  .F.,(2,2),(15.5,21.5),.PIECEWISE_BEZIER_KNOTS.);
#1547 = CARTESIAN_POINT('',(1.,31.));
#1548 = CARTESIAN_POINT('',(1.,37.));
#1549 = ( GEOMETRIC_REPRESENTATION_CONTEXT(2) 
PARAMETRIC_REPRESENTATION_CONTEXT() REPRESENTATION_CONTEXT('2D SPACE',''
  ) );
#1550 = PCURVE('',#1551,#1556);
#1551 = PLANE('',#1552);
#1552 = AXIS2_PLACEMENT_3D('',#1553,#1554,#1555);
#1553 = CARTESIAN_POINT('',(-3.,18.,0.));
#1554 = DIRECTION('',(0.,-0.196116135138,0.980580675691));
#1555 = DIRECTION('',(0.,0.980580675691,0.196116135138));
#1556 = DEFINITIONAL_REPRESENTATION('',(#1557),#1560);
#1557 = B_SPLINE_CURVE_WITH_KNOTS('',1,(#1558,#1559),.UNSPECIFIED.,.F.,
  .F.,(2,2),(15.5,21.5),.PIECEWISE_BEZIER_KNOTS.);
#1558 = CARTESIAN_POINT('',(5.099019513593,0.));
#1559 = CARTESIAN_POINT('',(5.099019513593,-6.));
#1560 = ( GEOMETRIC_REPRESENTATION_CONTEXT(2) 
PARAMETRIC_REPRESENTATION_CONTEXT() REPRESENTATION_CONTEXT('2D SPACE',''
  ) );
#1561 = ORIENTED_EDGE('',*,*,#1562,.F.);
#1562 = EDGE_CURVE('',#1563,#1537,#1565,.T.);
#1563 = VERTEX_POINT('',#1564);
#1564 = CARTESIAN_POINT('',(3.,23.,8.));
#1565 = SURFACE_CURVE('',#1566,(#1570,#1576),.PCURVE_S1.);
#1566 = LINE('',#1567,#1568);
#1567 = CARTESIAN_POINT('',(3.,23.,2.900980486407));
#1568 = VECTOR('',#1569,1.);
#1569 = DIRECTION('',(0.,0.,-1.));
#1570 = PCURVE('',#326,#1571);
#1571 = DEFINITIONAL_REPRESENTATION('',(#1572),#1575);
#1572 = B_SPLINE_CURVE_WITH_KNOTS('',1,(#1573,#1574),.UNSPECIFIED.,.F.,
  .F.,(2,2),(-5.099019513593,2.900980486407),.PIECEWISE_BEZIER_KNOTS.);
#1573 = CARTESIAN_POINT('',(8.,37.));
#1574 = CARTESIAN_POINT('',(0.,37.));
#1575 = ( GEOMETRIC_REPRESENTATION_CONTEXT(2) 
PARAMETRIC_REPRESENTATION_CONTEXT() REPRESENTATION_CONTEXT('2D SPACE',''
  ) );
#1576 = PCURVE('',#1577,#1582);
#1577 = PLANE('',#1578);
#1578 = AXIS2_PLACEMENT_3D('',#1579,#1580,#1581);
#1579 = CARTESIAN_POINT('',(3.,36.198039027186,5.801960972814));
#1580 = DIRECTION('',(1.,0.,0.));
#1581 = DIRECTION('',(-0.,0.,1.));
#1582 = DEFINITIONAL_REPRESENTATION('',(#1583),#1586);
#1583 = B_SPLINE_CURVE_WITH_KNOTS('',1,(#1584,#1585),.UNSPECIFIED.,.F.,
  .F.,(2,2),(-5.099019513593,2.900980486407),.PIECEWISE_BEZIER_KNOTS.);
#1584 = CARTESIAN_POINT('',(2.198039027186,13.198039027186));
#1585 = CARTESIAN_POINT('',(-5.801960972814,13.198039027186));
#1586 = ( GEOMETRIC_REPRESENTATION_CONTEXT(2) 
PARAMETRIC_REPRESENTATION_CONTEXT() REPRESENTATION_CONTEXT('2D SPACE',''
  ) );
#1587 = ORIENTED_EDGE('',*,*,#1588,.T.);
#1588 = EDGE_CURVE('',#1563,#311,#1589,.T.);
#1589 = SURFACE_CURVE('',#1590,(#1594,#1601),.PCURVE_S1.);
#1590 = LINE('',#1591,#1592);
#1591 = CARTESIAN_POINT('',(-34.,23.,8.));
#1592 = VECTOR('',#1593,1.);
#1593 = DIRECTION('',(1.,0.,0.));
#1594 = PCURVE('',#326,#1595);
#1595 = DEFINITIONAL_REPRESENTATION('',(#1596),#1600);
#1596 = LINE('',#1597,#1598);
#1597 = CARTESIAN_POINT('',(8.,0.));
#1598 = VECTOR('',#1599,1.);
#1599 = DIRECTION('',(0.,1.));
#1600 = ( GEOMETRIC_REPRESENTATION_CONTEXT(2) 
PARAMETRIC_REPRESENTATION_CONTEXT() REPRESENTATION_CONTEXT('2D SPACE',''
  ) );
#1601 = PCURVE('',#1498,#1602);
#1602 = DEFINITIONAL_REPRESENTATION('',(#1603),#1607);
#1603 = LINE('',#1604,#1605);
#1604 = CARTESIAN_POINT('',(-26.,7.));
#1605 = VECTOR('',#1606,1.);
#1606 = DIRECTION('',(1.,0.));
#1607 = ( GEOMETRIC_REPRESENTATION_CONTEXT(2) 
PARAMETRIC_REPRESENTATION_CONTEXT() REPRESENTATION_CONTEXT('2D SPACE',''
  ) );
#1608 = ORIENTED_EDGE('',*,*,#310,.T.);
#1609 = ORIENTED_EDGE('',*,*,#1610,.F.);
#1610 = EDGE_CURVE('',#1307,#282,#1611,.T.);
#1611 = SURFACE_CURVE('',#1612,(#1616,#1623),.PCURVE_S1.);
#1612 = LINE('',#1613,#1614);
#1613 = CARTESIAN_POINT('',(31.,23.,0.));
#1614 = VECTOR('',#1615,1.);
#1615 = DIRECTION('',(0.,0.,1.));
#1616 = PCURVE('',#326,#1617);
#1617 = DEFINITIONAL_REPRESENTATION('',(#1618),#1622);
#1618 = LINE('',#1619,#1620);
#1619 = CARTESIAN_POINT('',(0.,65.));
#1620 = VECTOR('',#1621,1.);
#1621 = DIRECTION('',(1.,0.));
#1622 = ( GEOMETRIC_REPRESENTATION_CONTEXT(2) 
PARAMETRIC_REPRESENTATION_CONTEXT() REPRESENTATION_CONTEXT('2D SPACE',''
  ) );
#1623 = PCURVE('',#298,#1624);
#1624 = DEFINITIONAL_REPRESENTATION('',(#1625),#1629);
#1625 = LINE('',#1626,#1627);
#1626 = CARTESIAN_POINT('',(1.570796326795,0.));
#1627 = VECTOR('',#1628,1.);
#1628 = DIRECTION('',(0.,1.));
#1629 = ( GEOMETRIC_REPRESENTATION_CONTEXT(2) 
PARAMETRIC_REPRESENTATION_CONTEXT() REPRESENTATION_CONTEXT('2D SPACE',''
  ) );
#1630 = ADVANCED_FACE('',(#1631),#410,.F.);
#1631 = FACE_BOUND('',#1632,.F.);
#1632 = EDGE_LOOP('',(#1633,#1663,#1684,#1685,#1708));
#1633 = ORIENTED_EDGE('',*,*,#1634,.F.);
#1634 = EDGE_CURVE('',#1635,#1637,#1639,.T.);
#1635 = VERTEX_POINT('',#1636);
#1636 = CARTESIAN_POINT('',(-8.,16.,14.));
#1637 = VERTEX_POINT('',#1638);
#1638 = CARTESIAN_POINT('',(-8.,61.,14.));
#1639 = SURFACE_CURVE('',#1640,(#1644,#1651),.PCURVE_S1.);
#1640 = LINE('',#1641,#1642);
#1641 = CARTESIAN_POINT('',(-8.,16.,14.));
#1642 = VECTOR('',#1643,1.);
#1643 = DIRECTION('',(0.,1.,0.));
#1644 = PCURVE('',#410,#1645);
#1645 = DEFINITIONAL_REPRESENTATION('',(#1646),#1650);
#1646 = LINE('',#1647,#1648);
#1647 = CARTESIAN_POINT('',(6.,0.));
#1648 = VECTOR('',#1649,1.);
#1649 = DIRECTION('',(0.,-1.));
#1650 = ( GEOMETRIC_REPRESENTATION_CONTEXT(2) 
PARAMETRIC_REPRESENTATION_CONTEXT() REPRESENTATION_CONTEXT('2D SPACE',''
  ) );
#1651 = PCURVE('',#1652,#1657);
#1652 = PLANE('',#1653);
#1653 = AXIS2_PLACEMENT_3D('',#1654,#1655,#1656);
#1654 = CARTESIAN_POINT('',(-8.,16.,14.));
#1655 = DIRECTION('',(0.,0.,1.));
#1656 = DIRECTION('',(1.,0.,0.));
#1657 = DEFINITIONAL_REPRESENTATION('',(#1658),#1662);
#1658 = LINE('',#1659,#1660);
#1659 = CARTESIAN_POINT('',(0.,0.));
#1660 = VECTOR('',#1661,1.);
#1661 = DIRECTION('',(0.,1.));
#1662 = ( GEOMETRIC_REPRESENTATION_CONTEXT(2) 
PARAMETRIC_REPRESENTATION_CONTEXT() REPRESENTATION_CONTEXT('2D SPACE',''
  ) );
#1663 = ORIENTED_EDGE('',*,*,#1664,.F.);
#1664 = EDGE_CURVE('',#367,#1635,#1665,.T.);
#1665 = SURFACE_CURVE('',#1666,(#1670,#1677),.PCURVE_S1.);
#1666 = LINE('',#1667,#1668);
#1667 = CARTESIAN_POINT('',(-8.,16.,8.));
#1668 = VECTOR('',#1669,1.);
#1669 = DIRECTION('',(0.,0.,1.));
#1670 = PCURVE('',#410,#1671);
#1671 = DEFINITIONAL_REPRESENTATION('',(#1672),#1676);
#1672 = LINE('',#1673,#1674);
#1673 = CARTESIAN_POINT('',(0.,0.));
#1674 = VECTOR('',#1675,1.);
#1675 = DIRECTION('',(1.,0.));
#1676 = ( GEOMETRIC_REPRESENTATION_CONTEXT(2) 
PARAMETRIC_REPRESENTATION_CONTEXT() REPRESENTATION_CONTEXT('2D SPACE',''
  ) );
#1677 = PCURVE('',#382,#1678);
#1678 = DEFINITIONAL_REPRESENTATION('',(#1679),#1683);
#1679 = LINE('',#1680,#1681);
#1680 = CARTESIAN_POINT('',(0.,0.));
#1681 = VECTOR('',#1682,1.);
#1682 = DIRECTION('',(1.,0.));
#1683 = ( GEOMETRIC_REPRESENTATION_CONTEXT(2) 
PARAMETRIC_REPRESENTATION_CONTEXT() REPRESENTATION_CONTEXT('2D SPACE',''
  ) );
#1684 = ORIENTED_EDGE('',*,*,#394,.T.);
#1685 = ORIENTED_EDGE('',*,*,#1686,.T.);
#1686 = EDGE_CURVE('',#395,#1687,#1689,.T.);
#1687 = VERTEX_POINT('',#1688);
#1688 = CARTESIAN_POINT('',(-8.,61.,8.));
#1689 = SURFACE_CURVE('',#1690,(#1694,#1701),.PCURVE_S1.);
#1690 = LINE('',#1691,#1692);
#1691 = CARTESIAN_POINT('',(-8.,16.,8.));
#1692 = VECTOR('',#1693,1.);
#1693 = DIRECTION('',(0.,1.,0.));
#1694 = PCURVE('',#410,#1695);
#1695 = DEFINITIONAL_REPRESENTATION('',(#1696),#1700);
#1696 = LINE('',#1697,#1698);
#1697 = CARTESIAN_POINT('',(0.,0.));
#1698 = VECTOR('',#1699,1.);
#1699 = DIRECTION('',(0.,-1.));
#1700 = ( GEOMETRIC_REPRESENTATION_CONTEXT(2) 
PARAMETRIC_REPRESENTATION_CONTEXT() REPRESENTATION_CONTEXT('2D SPACE',''
  ) );
#1701 = PCURVE('',#1498,#1702);
#1702 = DEFINITIONAL_REPRESENTATION('',(#1703),#1707);
#1703 = LINE('',#1704,#1705);
#1704 = CARTESIAN_POINT('',(0.,0.));
#1705 = VECTOR('',#1706,1.);
#1706 = DIRECTION('',(0.,1.));
#1707 = ( GEOMETRIC_REPRESENTATION_CONTEXT(2) 
PARAMETRIC_REPRESENTATION_CONTEXT() REPRESENTATION_CONTEXT('2D SPACE',''
  ) );
#1708 = ORIENTED_EDGE('',*,*,#1709,.T.);
#1709 = EDGE_CURVE('',#1687,#1637,#1710,.T.);
#1710 = SURFACE_CURVE('',#1711,(#1715,#1721),.PCURVE_S1.);
#1711 = LINE('',#1712,#1713);
#1712 = CARTESIAN_POINT('',(-8.,61.,8.));
#1713 = VECTOR('',#1714,1.);
#1714 = DIRECTION('',(0.,0.,1.));
#1715 = PCURVE('',#410,#1716);
#1716 = DEFINITIONAL_REPRESENTATION('',(#1717),#1720);
#1717 = B_SPLINE_CURVE_WITH_KNOTS('',1,(#1718,#1719),.UNSPECIFIED.,.F.,
  .F.,(2,2),(0.,6.),.PIECEWISE_BEZIER_KNOTS.);
#1718 = CARTESIAN_POINT('',(0.,-45.));
#1719 = CARTESIAN_POINT('',(6.,-45.));
#1720 = ( GEOMETRIC_REPRESENTATION_CONTEXT(2) 
PARAMETRIC_REPRESENTATION_CONTEXT() REPRESENTATION_CONTEXT('2D SPACE',''
  ) );
#1721 = PCURVE('',#1722,#1727);
#1722 = PLANE('',#1723);
#1723 = AXIS2_PLACEMENT_3D('',#1724,#1725,#1726);
#1724 = CARTESIAN_POINT('',(-28.5,61.,8.));
#1725 = DIRECTION('',(0.,1.,0.));
#1726 = DIRECTION('',(0.,0.,1.));
#1727 = DEFINITIONAL_REPRESENTATION('',(#1728),#1731);
#1728 = B_SPLINE_CURVE_WITH_KNOTS('',1,(#1729,#1730),.UNSPECIFIED.,.F.,
  .F.,(2,2),(0.,6.),.PIECEWISE_BEZIER_KNOTS.);
#1729 = CARTESIAN_POINT('',(0.,20.5));
#1730 = CARTESIAN_POINT('',(6.,20.5));
#1731 = ( GEOMETRIC_REPRESENTATION_CONTEXT(2) 
PARAMETRIC_REPRESENTATION_CONTEXT() REPRESENTATION_CONTEXT('2D SPACE',''
  ) );
#1732 = ADVANCED_FACE('',(#1733),#382,.F.);
#1733 = FACE_BOUND('',#1734,.F.);
#1734 = EDGE_LOOP('',(#1735,#1736,#1737,#1760));
#1735 = ORIENTED_EDGE('',*,*,#366,.F.);
#1736 = ORIENTED_EDGE('',*,*,#1664,.T.);
#1737 = ORIENTED_EDGE('',*,*,#1738,.T.);
#1738 = EDGE_CURVE('',#1635,#1739,#1741,.T.);
#1739 = VERTEX_POINT('',#1740);
#1740 = CARTESIAN_POINT('',(8.,16.,14.));
#1741 = SURFACE_CURVE('',#1742,(#1746,#1753),.PCURVE_S1.);
#1742 = LINE('',#1743,#1744);
#1743 = CARTESIAN_POINT('',(-8.,16.,14.));
#1744 = VECTOR('',#1745,1.);
#1745 = DIRECTION('',(1.,0.,0.));
#1746 = PCURVE('',#382,#1747);
#1747 = DEFINITIONAL_REPRESENTATION('',(#1748),#1752);
#1748 = LINE('',#1749,#1750);
#1749 = CARTESIAN_POINT('',(6.,0.));
#1750 = VECTOR('',#1751,1.);
#1751 = DIRECTION('',(0.,1.));
#1752 = ( GEOMETRIC_REPRESENTATION_CONTEXT(2) 
PARAMETRIC_REPRESENTATION_CONTEXT() REPRESENTATION_CONTEXT('2D SPACE',''
  ) );
#1753 = PCURVE('',#1652,#1754);
#1754 = DEFINITIONAL_REPRESENTATION('',(#1755),#1759);
#1755 = LINE('',#1756,#1757);
#1756 = CARTESIAN_POINT('',(0.,0.));
#1757 = VECTOR('',#1758,1.);
#1758 = DIRECTION('',(1.,0.));
#1759 = ( GEOMETRIC_REPRESENTATION_CONTEXT(2) 
PARAMETRIC_REPRESENTATION_CONTEXT() REPRESENTATION_CONTEXT('2D SPACE',''
  ) );
#1760 = ORIENTED_EDGE('',*,*,#1761,.F.);
#1761 = EDGE_CURVE('',#339,#1739,#1762,.T.);
#1762 = SURFACE_CURVE('',#1763,(#1767,#1774),.PCURVE_S1.);
#1763 = LINE('',#1764,#1765);
#1764 = CARTESIAN_POINT('',(8.,16.,8.));
#1765 = VECTOR('',#1766,1.);
#1766 = DIRECTION('',(0.,0.,1.));
#1767 = PCURVE('',#382,#1768);
#1768 = DEFINITIONAL_REPRESENTATION('',(#1769),#1773);
#1769 = LINE('',#1770,#1771);
#1770 = CARTESIAN_POINT('',(0.,16.));
#1771 = VECTOR('',#1772,1.);
#1772 = DIRECTION('',(1.,0.));
#1773 = ( GEOMETRIC_REPRESENTATION_CONTEXT(2) 
PARAMETRIC_REPRESENTATION_CONTEXT() REPRESENTATION_CONTEXT('2D SPACE',''
  ) );
#1774 = PCURVE('',#354,#1775);
#1775 = DEFINITIONAL_REPRESENTATION('',(#1776),#1780);
#1776 = LINE('',#1777,#1778);
#1777 = CARTESIAN_POINT('',(0.,0.));
#1778 = VECTOR('',#1779,1.);
#1779 = DIRECTION('',(1.,0.));
#1780 = ( GEOMETRIC_REPRESENTATION_CONTEXT(2) 
PARAMETRIC_REPRESENTATION_CONTEXT() REPRESENTATION_CONTEXT('2D SPACE',''
  ) );
#1781 = ADVANCED_FACE('',(#1782),#354,.T.);
#1782 = FACE_BOUND('',#1783,.T.);
#1783 = EDGE_LOOP('',(#1784,#1807,#1808,#1809,#1832));
#1784 = ORIENTED_EDGE('',*,*,#1785,.F.);
#1785 = EDGE_CURVE('',#1739,#1786,#1788,.T.);
#1786 = VERTEX_POINT('',#1787);
#1787 = CARTESIAN_POINT('',(8.,61.,14.));
#1788 = SURFACE_CURVE('',#1789,(#1793,#1800),.PCURVE_S1.);
#1789 = LINE('',#1790,#1791);
#1790 = CARTESIAN_POINT('',(8.,16.,14.));
#1791 = VECTOR('',#1792,1.);
#1792 = DIRECTION('',(0.,1.,0.));
#1793 = PCURVE('',#354,#1794);
#1794 = DEFINITIONAL_REPRESENTATION('',(#1795),#1799);
#1795 = LINE('',#1796,#1797);
#1796 = CARTESIAN_POINT('',(6.,0.));
#1797 = VECTOR('',#1798,1.);
#1798 = DIRECTION('',(0.,-1.));
#1799 = ( GEOMETRIC_REPRESENTATION_CONTEXT(2) 
PARAMETRIC_REPRESENTATION_CONTEXT() REPRESENTATION_CONTEXT('2D SPACE',''
  ) );
#1800 = PCURVE('',#1652,#1801);
#1801 = DEFINITIONAL_REPRESENTATION('',(#1802),#1806);
#1802 = LINE('',#1803,#1804);
#1803 = CARTESIAN_POINT('',(16.,0.));
#1804 = VECTOR('',#1805,1.);
#1805 = DIRECTION('',(0.,1.));
#1806 = ( GEOMETRIC_REPRESENTATION_CONTEXT(2) 
PARAMETRIC_REPRESENTATION_CONTEXT() REPRESENTATION_CONTEXT('2D SPACE',''
  ) );
#1807 = ORIENTED_EDGE('',*,*,#1761,.F.);
#1808 = ORIENTED_EDGE('',*,*,#338,.T.);
#1809 = ORIENTED_EDGE('',*,*,#1810,.T.);
#1810 = EDGE_CURVE('',#311,#1811,#1813,.T.);
#1811 = VERTEX_POINT('',#1812);
#1812 = CARTESIAN_POINT('',(8.,61.,8.));
#1813 = SURFACE_CURVE('',#1814,(#1818,#1825),.PCURVE_S1.);
#1814 = LINE('',#1815,#1816);
#1815 = CARTESIAN_POINT('',(8.,16.,8.));
#1816 = VECTOR('',#1817,1.);
#1817 = DIRECTION('',(0.,1.,0.));
#1818 = PCURVE('',#354,#1819);
#1819 = DEFINITIONAL_REPRESENTATION('',(#1820),#1824);
#1820 = LINE('',#1821,#1822);
#1821 = CARTESIAN_POINT('',(0.,0.));
#1822 = VECTOR('',#1823,1.);
#1823 = DIRECTION('',(0.,-1.));
#1824 = ( GEOMETRIC_REPRESENTATION_CONTEXT(2) 
PARAMETRIC_REPRESENTATION_CONTEXT() REPRESENTATION_CONTEXT('2D SPACE',''
  ) );
#1825 = PCURVE('',#1498,#1826);
#1826 = DEFINITIONAL_REPRESENTATION('',(#1827),#1831);
#1827 = LINE('',#1828,#1829);
#1828 = CARTESIAN_POINT('',(16.,0.));
#1829 = VECTOR('',#1830,1.);
#1830 = DIRECTION('',(0.,1.));
#1831 = ( GEOMETRIC_REPRESENTATION_CONTEXT(2) 
PARAMETRIC_REPRESENTATION_CONTEXT() REPRESENTATION_CONTEXT('2D SPACE',''
  ) );
#1832 = ORIENTED_EDGE('',*,*,#1833,.T.);
#1833 = EDGE_CURVE('',#1811,#1786,#1834,.T.);
#1834 = SURFACE_CURVE('',#1835,(#1839,#1845),.PCURVE_S1.);
#1835 = LINE('',#1836,#1837);
#1836 = CARTESIAN_POINT('',(8.,61.,8.));
#1837 = VECTOR('',#1838,1.);
#1838 = DIRECTION('',(0.,0.,1.));
#1839 = PCURVE('',#354,#1840);
#1840 = DEFINITIONAL_REPRESENTATION('',(#1841),#1844);
#1841 = B_SPLINE_CURVE_WITH_KNOTS('',1,(#1842,#1843),.UNSPECIFIED.,.F.,
  .F.,(2,2),(0.,6.),.PIECEWISE_BEZIER_KNOTS.);
#1842 = CARTESIAN_POINT('',(0.,-45.));
#1843 = CARTESIAN_POINT('',(6.,-45.));
#1844 = ( GEOMETRIC_REPRESENTATION_CONTEXT(2) 
PARAMETRIC_REPRESENTATION_CONTEXT() REPRESENTATION_CONTEXT('2D SPACE',''
  ) );
#1845 = PCURVE('',#1846,#1851);
#1846 = PLANE('',#1847);
#1847 = AXIS2_PLACEMENT_3D('',#1848,#1849,#1850);
#1848 = CARTESIAN_POINT('',(-28.5,61.,8.));
#1849 = DIRECTION('',(0.,1.,0.));
#1850 = DIRECTION('',(0.,0.,1.));
#1851 = DEFINITIONAL_REPRESENTATION('',(#1852),#1855);
#1852 = B_SPLINE_CURVE_WITH_KNOTS('',1,(#1853,#1854),.UNSPECIFIED.,.F.,
  .F.,(2,2),(0.,6.),.PIECEWISE_BEZIER_KNOTS.);
#1853 = CARTESIAN_POINT('',(0.,36.5));
#1854 = CARTESIAN_POINT('',(6.,36.5));
#1855 = ( GEOMETRIC_REPRESENTATION_CONTEXT(2) 
PARAMETRIC_REPRESENTATION_CONTEXT() REPRESENTATION_CONTEXT('2D SPACE',''
  ) );
#1856 = ADVANCED_FACE('',(#1857),#298,.T.);
#1857 = FACE_BOUND('',#1858,.T.);
#1858 = EDGE_LOOP('',(#1859,#1860,#1861,#1862));
#1859 = ORIENTED_EDGE('',*,*,#1306,.T.);
#1860 = ORIENTED_EDGE('',*,*,#1610,.T.);
#1861 = ORIENTED_EDGE('',*,*,#281,.F.);
#1862 = ORIENTED_EDGE('',*,*,#1863,.F.);
#1863 = EDGE_CURVE('',#1284,#254,#1864,.T.);
#1864 = SURFACE_CURVE('',#1865,(#1869,#1876),.PCURVE_S1.);
#1865 = LINE('',#1866,#1867);
#1866 = CARTESIAN_POINT('',(34.,20.,0.));
#1867 = VECTOR('',#1868,1.);
#1868 = DIRECTION('',(0.,0.,1.));
#1869 = PCURVE('',#298,#1870);
#1870 = DEFINITIONAL_REPRESENTATION('',(#1871),#1875);
#1871 = LINE('',#1872,#1873);
#1872 = CARTESIAN_POINT('',(0.,0.));
#1873 = VECTOR('',#1874,1.);
#1874 = DIRECTION('',(0.,1.));
#1875 = ( GEOMETRIC_REPRESENTATION_CONTEXT(2) 
PARAMETRIC_REPRESENTATION_CONTEXT() REPRESENTATION_CONTEXT('2D SPACE',''
  ) );
#1876 = PCURVE('',#269,#1877);
#1877 = DEFINITIONAL_REPRESENTATION('',(#1878),#1882);
#1878 = LINE('',#1879,#1880);
#1879 = CARTESIAN_POINT('',(0.,-43.));
#1880 = VECTOR('',#1881,1.);
#1881 = DIRECTION('',(1.,0.));
#1882 = ( GEOMETRIC_REPRESENTATION_CONTEXT(2) 
PARAMETRIC_REPRESENTATION_CONTEXT() REPRESENTATION_CONTEXT('2D SPACE',''
  ) );
#1883 = ADVANCED_FACE('',(#1884),#269,.T.);
#1884 = FACE_BOUND('',#1885,.T.);
#1885 = EDGE_LOOP('',(#1886,#1887,#1908,#1909));
#1886 = ORIENTED_EDGE('',*,*,#253,.F.);
#1887 = ORIENTED_EDGE('',*,*,#1888,.F.);
#1888 = EDGE_CURVE('',#1256,#221,#1889,.T.);
#1889 = SURFACE_CURVE('',#1890,(#1894,#1901),.PCURVE_S1.);
#1890 = LINE('',#1891,#1892);
#1891 = CARTESIAN_POINT('',(34.,-20.,0.));
#1892 = VECTOR('',#1893,1.);
#1893 = DIRECTION('',(0.,0.,1.));
#1894 = PCURVE('',#269,#1895);
#1895 = DEFINITIONAL_REPRESENTATION('',(#1896),#1900);
#1896 = LINE('',#1897,#1898);
#1897 = CARTESIAN_POINT('',(0.,-3.));
#1898 = VECTOR('',#1899,1.);
#1899 = DIRECTION('',(1.,0.));
#1900 = ( GEOMETRIC_REPRESENTATION_CONTEXT(2) 
PARAMETRIC_REPRESENTATION_CONTEXT() REPRESENTATION_CONTEXT('2D SPACE',''
  ) );
#1901 = PCURVE('',#241,#1902);
#1902 = DEFINITIONAL_REPRESENTATION('',(#1903),#1907);
#1903 = LINE('',#1904,#1905);
#1904 = CARTESIAN_POINT('',(-0.,0.));
#1905 = VECTOR('',#1906,1.);
#1906 = DIRECTION('',(-0.,1.));
#1907 = ( GEOMETRIC_REPRESENTATION_CONTEXT(2) 
PARAMETRIC_REPRESENTATION_CONTEXT() REPRESENTATION_CONTEXT('2D SPACE',''
  ) );
#1908 = ORIENTED_EDGE('',*,*,#1283,.T.);
#1909 = ORIENTED_EDGE('',*,*,#1863,.T.);
#1910 = ADVANCED_FACE('',(#1911),#241,.T.);
#1911 = FACE_BOUND('',#1912,.F.);
#1912 = EDGE_LOOP('',(#1913,#1914,#1935,#1936));
#1913 = ORIENTED_EDGE('',*,*,#1255,.T.);
#1914 = ORIENTED_EDGE('',*,*,#1915,.T.);
#1915 = EDGE_CURVE('',#1233,#193,#1916,.T.);
#1916 = SURFACE_CURVE('',#1917,(#1921,#1928),.PCURVE_S1.);
#1917 = LINE('',#1918,#1919);
#1918 = CARTESIAN_POINT('',(31.,-23.,0.));
#1919 = VECTOR('',#1920,1.);
#1920 = DIRECTION('',(0.,0.,1.));
#1921 = PCURVE('',#241,#1922);
#1922 = DEFINITIONAL_REPRESENTATION('',(#1923),#1927);
#1923 = LINE('',#1924,#1925);
#1924 = CARTESIAN_POINT('',(-1.570796326795,0.));
#1925 = VECTOR('',#1926,1.);
#1926 = DIRECTION('',(-0.,1.));
#1927 = ( GEOMETRIC_REPRESENTATION_CONTEXT(2) 
PARAMETRIC_REPRESENTATION_CONTEXT() REPRESENTATION_CONTEXT('2D SPACE',''
  ) );
#1928 = PCURVE('',#208,#1929);
#1929 = DEFINITIONAL_REPRESENTATION('',(#1930),#1934);
#1930 = LINE('',#1931,#1932);
#1931 = CARTESIAN_POINT('',(0.,65.));
#1932 = VECTOR('',#1933,1.);
#1933 = DIRECTION('',(1.,0.));
#1934 = ( GEOMETRIC_REPRESENTATION_CONTEXT(2) 
PARAMETRIC_REPRESENTATION_CONTEXT() REPRESENTATION_CONTEXT('2D SPACE',''
  ) );
#1935 = ORIENTED_EDGE('',*,*,#220,.F.);
#1936 = ORIENTED_EDGE('',*,*,#1888,.F.);
#1937 = ADVANCED_FACE('',(#1938),#208,.F.);
#1938 = FACE_BOUND('',#1939,.F.);
#1939 = EDGE_LOOP('',(#1940,#1941,#1942,#1943));
#1940 = ORIENTED_EDGE('',*,*,#1232,.F.);
#1941 = ORIENTED_EDGE('',*,*,#1150,.T.);
#1942 = ORIENTED_EDGE('',*,*,#192,.T.);
#1943 = ORIENTED_EDGE('',*,*,#1915,.F.);
#1944 = ADVANCED_FACE('',(#1945),#490,.T.);
#1945 = FACE_BOUND('',#1946,.T.);
#1946 = EDGE_LOOP('',(#1947,#1970,#1998,#2019));
#1947 = ORIENTED_EDGE('',*,*,#1948,.F.);
#1948 = EDGE_CURVE('',#1949,#476,#1951,.T.);
#1949 = VERTEX_POINT('',#1950);
#1950 = CARTESIAN_POINT('',(-26.,-18.,16.));
#1951 = SURFACE_CURVE('',#1952,(#1956,#1963),.PCURVE_S1.);
#1952 = LINE('',#1953,#1954);
#1953 = CARTESIAN_POINT('',(-26.,-18.,16.));
#1954 = VECTOR('',#1955,1.);
#1955 = DIRECTION('',(0.,0.,-1.));
#1956 = PCURVE('',#490,#1957);
#1957 = DEFINITIONAL_REPRESENTATION('',(#1958),#1962);
#1958 = LINE('',#1959,#1960);
#1959 = CARTESIAN_POINT('',(0.,0.));
#1960 = VECTOR('',#1961,1.);
#1961 = DIRECTION('',(1.,0.));
#1962 = ( GEOMETRIC_REPRESENTATION_CONTEXT(2) 
PARAMETRIC_REPRESENTATION_CONTEXT() REPRESENTATION_CONTEXT('2D SPACE',''
  ) );
#1963 = PCURVE('',#566,#1964);
#1964 = DEFINITIONAL_REPRESENTATION('',(#1965),#1969);
#1965 = LINE('',#1966,#1967);
#1966 = CARTESIAN_POINT('',(-2.72215329431,-8.47215329431));
#1967 = VECTOR('',#1968,1.);
#1968 = DIRECTION('',(1.,0.));
#1969 = ( GEOMETRIC_REPRESENTATION_CONTEXT(2) 
PARAMETRIC_REPRESENTATION_CONTEXT() REPRESENTATION_CONTEXT('2D SPACE',''
  ) );
#1970 = ORIENTED_EDGE('',*,*,#1971,.T.);
#1971 = EDGE_CURVE('',#1949,#1972,#1974,.T.);
#1972 = VERTEX_POINT('',#1973);
#1973 = CARTESIAN_POINT('',(-20.,-18.,16.));
#1974 = SURFACE_CURVE('',#1975,(#1979,#1986),.PCURVE_S1.);
#1975 = LINE('',#1976,#1977);
#1976 = CARTESIAN_POINT('',(-26.,-18.,16.));
#1977 = VECTOR('',#1978,1.);
#1978 = DIRECTION('',(1.,0.,0.));
#1979 = PCURVE('',#490,#1980);
#1980 = DEFINITIONAL_REPRESENTATION('',(#1981),#1985);
#1981 = LINE('',#1982,#1983);
#1982 = CARTESIAN_POINT('',(0.,0.));
#1983 = VECTOR('',#1984,1.);
#1984 = DIRECTION('',(0.,-1.));
#1985 = ( GEOMETRIC_REPRESENTATION_CONTEXT(2) 
PARAMETRIC_REPRESENTATION_CONTEXT() REPRESENTATION_CONTEXT('2D SPACE',''
  ) );
#1986 = PCURVE('',#1987,#1992);
#1987 = PLANE('',#1988);
#1988 = AXIS2_PLACEMENT_3D('',#1989,#1990,#1991);
#1989 = CARTESIAN_POINT('',(-27.5,-38.5,16.));
#1990 = DIRECTION('',(0.,0.,1.));
#1991 = DIRECTION('',(1.,0.,0.));
#1992 = DEFINITIONAL_REPRESENTATION('',(#1993),#1997);
#1993 = LINE('',#1994,#1995);
#1994 = CARTESIAN_POINT('',(1.5,20.5));
#1995 = VECTOR('',#1996,1.);
#1996 = DIRECTION('',(1.,0.));
#1997 = ( GEOMETRIC_REPRESENTATION_CONTEXT(2) 
PARAMETRIC_REPRESENTATION_CONTEXT() REPRESENTATION_CONTEXT('2D SPACE',''
  ) );
#1998 = ORIENTED_EDGE('',*,*,#1999,.T.);
#1999 = EDGE_CURVE('',#1972,#474,#2000,.T.);
#2000 = SURFACE_CURVE('',#2001,(#2005,#2012),.PCURVE_S1.);
#2001 = LINE('',#2002,#2003);
#2002 = CARTESIAN_POINT('',(-20.,-18.,16.));
#2003 = VECTOR('',#2004,1.);
#2004 = DIRECTION('',(0.,0.,-1.));
#2005 = PCURVE('',#490,#2006);
#2006 = DEFINITIONAL_REPRESENTATION('',(#2007),#2011);
#2007 = LINE('',#2008,#2009);
#2008 = CARTESIAN_POINT('',(0.,-6.));
#2009 = VECTOR('',#2010,1.);
#2010 = DIRECTION('',(1.,0.));
#2011 = ( GEOMETRIC_REPRESENTATION_CONTEXT(2) 
PARAMETRIC_REPRESENTATION_CONTEXT() REPRESENTATION_CONTEXT('2D SPACE',''
  ) );
#2012 = PCURVE('',#516,#2013);
#2013 = DEFINITIONAL_REPRESENTATION('',(#2014),#2018);
#2014 = LINE('',#2015,#2016);
#2015 = CARTESIAN_POINT('',(-2.72215329431,-8.47215329431));
#2016 = VECTOR('',#2017,1.);
#2017 = DIRECTION('',(1.,0.));
#2018 = ( GEOMETRIC_REPRESENTATION_CONTEXT(2) 
PARAMETRIC_REPRESENTATION_CONTEXT() REPRESENTATION_CONTEXT('2D SPACE',''
  ) );
#2019 = ORIENTED_EDGE('',*,*,#473,.T.);
#2020 = ADVANCED_FACE('',(#2021),#516,.F.);
#2021 = FACE_BOUND('',#2022,.F.);
#2022 = EDGE_LOOP('',(#2023,#2024,#2047,#2068));
#2023 = ORIENTED_EDGE('',*,*,#501,.T.);
#2024 = ORIENTED_EDGE('',*,*,#2025,.T.);
#2025 = EDGE_CURVE('',#502,#2026,#2028,.T.);
#2026 = VERTEX_POINT('',#2027);
#2027 = CARTESIAN_POINT('',(-20.,-38.5,16.));
#2028 = SURFACE_CURVE('',#2029,(#2033,#2040),.PCURVE_S1.);
#2029 = LINE('',#2030,#2031);
#2030 = CARTESIAN_POINT('',(-20.,-18.,7.));
#2031 = VECTOR('',#2032,1.);
#2032 = DIRECTION('',(0.,-0.915644030191,0.401990062035));
#2033 = PCURVE('',#516,#2034);
#2034 = DEFINITIONAL_REPRESENTATION('',(#2035),#2039);
#2035 = LINE('',#2036,#2037);
#2036 = CARTESIAN_POINT('',(6.27784670569,-8.47215329431));
#2037 = VECTOR('',#2038,1.);
#2038 = DIRECTION('',(-0.401990062035,0.915644030191));
#2039 = ( GEOMETRIC_REPRESENTATION_CONTEXT(2) 
PARAMETRIC_REPRESENTATION_CONTEXT() REPRESENTATION_CONTEXT('2D SPACE',''
  ) );
#2040 = PCURVE('',#542,#2041);
#2041 = DEFINITIONAL_REPRESENTATION('',(#2042),#2046);
#2042 = LINE('',#2043,#2044);
#2043 = CARTESIAN_POINT('',(0.,-6.));
#2044 = VECTOR('',#2045,1.);
#2045 = DIRECTION('',(1.,0.));
#2046 = ( GEOMETRIC_REPRESENTATION_CONTEXT(2) 
PARAMETRIC_REPRESENTATION_CONTEXT() REPRESENTATION_CONTEXT('2D SPACE',''
  ) );
#2047 = ORIENTED_EDGE('',*,*,#2048,.T.);
#2048 = EDGE_CURVE('',#2026,#1972,#2049,.T.);
#2049 = SURFACE_CURVE('',#2050,(#2054,#2061),.PCURVE_S1.);
#2050 = LINE('',#2051,#2052);
#2051 = CARTESIAN_POINT('',(-20.,-38.5,16.));
#2052 = VECTOR('',#2053,1.);
#2053 = DIRECTION('',(0.,1.,0.));
#2054 = PCURVE('',#516,#2055);
#2055 = DEFINITIONAL_REPRESENTATION('',(#2056),#2060);
#2056 = LINE('',#2057,#2058);
#2057 = CARTESIAN_POINT('',(-2.72215329431,12.02784670569));
#2058 = VECTOR('',#2059,1.);
#2059 = DIRECTION('',(0.,-1.));
#2060 = ( GEOMETRIC_REPRESENTATION_CONTEXT(2) 
PARAMETRIC_REPRESENTATION_CONTEXT() REPRESENTATION_CONTEXT('2D SPACE',''
  ) );
#2061 = PCURVE('',#1987,#2062);
#2062 = DEFINITIONAL_REPRESENTATION('',(#2063),#2067);
#2063 = LINE('',#2064,#2065);
#2064 = CARTESIAN_POINT('',(7.5,0.));
#2065 = VECTOR('',#2066,1.);
#2066 = DIRECTION('',(0.,1.));
#2067 = ( GEOMETRIC_REPRESENTATION_CONTEXT(2) 
PARAMETRIC_REPRESENTATION_CONTEXT() REPRESENTATION_CONTEXT('2D SPACE',''
  ) );
#2068 = ORIENTED_EDGE('',*,*,#1999,.T.);
#2069 = ADVANCED_FACE('',(#2070),#566,.T.);
#2070 = FACE_BOUND('',#2071,.T.);
#2071 = EDGE_LOOP('',(#2072,#2073,#2096,#2117));
#2072 = ORIENTED_EDGE('',*,*,#553,.T.);
#2073 = ORIENTED_EDGE('',*,*,#2074,.T.);
#2074 = EDGE_CURVE('',#528,#2075,#2077,.T.);
#2075 = VERTEX_POINT('',#2076);
#2076 = CARTESIAN_POINT('',(-26.,-38.5,16.));
#2077 = SURFACE_CURVE('',#2078,(#2082,#2089),.PCURVE_S1.);
#2078 = LINE('',#2079,#2080);
#2079 = CARTESIAN_POINT('',(-26.,-18.,7.));
#2080 = VECTOR('',#2081,1.);
#2081 = DIRECTION('',(0.,-0.915644030191,0.401990062035));
#2082 = PCURVE('',#566,#2083);
#2083 = DEFINITIONAL_REPRESENTATION('',(#2084),#2088);
#2084 = LINE('',#2085,#2086);
#2085 = CARTESIAN_POINT('',(6.27784670569,-8.47215329431));
#2086 = VECTOR('',#2087,1.);
#2087 = DIRECTION('',(-0.401990062035,0.915644030191));
#2088 = ( GEOMETRIC_REPRESENTATION_CONTEXT(2) 
PARAMETRIC_REPRESENTATION_CONTEXT() REPRESENTATION_CONTEXT('2D SPACE',''
  ) );
#2089 = PCURVE('',#542,#2090);
#2090 = DEFINITIONAL_REPRESENTATION('',(#2091),#2095);
#2091 = LINE('',#2092,#2093);
#2092 = CARTESIAN_POINT('',(0.,0.));
#2093 = VECTOR('',#2094,1.);
#2094 = DIRECTION('',(1.,0.));
#2095 = ( GEOMETRIC_REPRESENTATION_CONTEXT(2) 
PARAMETRIC_REPRESENTATION_CONTEXT() REPRESENTATION_CONTEXT('2D SPACE',''
  ) );
#2096 = ORIENTED_EDGE('',*,*,#2097,.T.);
#2097 = EDGE_CURVE('',#2075,#1949,#2098,.T.);
#2098 = SURFACE_CURVE('',#2099,(#2103,#2110),.PCURVE_S1.);
#2099 = LINE('',#2100,#2101);
#2100 = CARTESIAN_POINT('',(-26.,-38.5,16.));
#2101 = VECTOR('',#2102,1.);
#2102 = DIRECTION('',(0.,1.,0.));
#2103 = PCURVE('',#566,#2104);
#2104 = DEFINITIONAL_REPRESENTATION('',(#2105),#2109);
#2105 = LINE('',#2106,#2107);
#2106 = CARTESIAN_POINT('',(-2.72215329431,12.02784670569));
#2107 = VECTOR('',#2108,1.);
#2108 = DIRECTION('',(0.,-1.));
#2109 = ( GEOMETRIC_REPRESENTATION_CONTEXT(2) 
PARAMETRIC_REPRESENTATION_CONTEXT() REPRESENTATION_CONTEXT('2D SPACE',''
  ) );
#2110 = PCURVE('',#1987,#2111);
#2111 = DEFINITIONAL_REPRESENTATION('',(#2112),#2116);
#2112 = LINE('',#2113,#2114);
#2113 = CARTESIAN_POINT('',(1.5,0.));
#2114 = VECTOR('',#2115,1.);
#2115 = DIRECTION('',(0.,1.));
#2116 = ( GEOMETRIC_REPRESENTATION_CONTEXT(2) 
PARAMETRIC_REPRESENTATION_CONTEXT() REPRESENTATION_CONTEXT('2D SPACE',''
  ) );
#2117 = ORIENTED_EDGE('',*,*,#1948,.T.);
#2118 = ADVANCED_FACE('',(#2119),#542,.T.);
#2119 = FACE_BOUND('',#2120,.T.);
#2120 = EDGE_LOOP('',(#2121,#2122,#2123,#2124));
#2121 = ORIENTED_EDGE('',*,*,#2074,.F.);
#2122 = ORIENTED_EDGE('',*,*,#527,.T.);
#2123 = ORIENTED_EDGE('',*,*,#2025,.T.);
#2124 = ORIENTED_EDGE('',*,*,#2125,.F.);
#2125 = EDGE_CURVE('',#2075,#2026,#2126,.T.);
#2126 = SURFACE_CURVE('',#2127,(#2131,#2138),.PCURVE_S1.);
#2127 = LINE('',#2128,#2129);
#2128 = CARTESIAN_POINT('',(-26.,-38.5,16.));
#2129 = VECTOR('',#2130,1.);
#2130 = DIRECTION('',(1.,0.,0.));
#2131 = PCURVE('',#542,#2132);
#2132 = DEFINITIONAL_REPRESENTATION('',(#2133),#2137);
#2133 = LINE('',#2134,#2135);
#2134 = CARTESIAN_POINT('',(22.388613177238,0.));
#2135 = VECTOR('',#2136,1.);
#2136 = DIRECTION('',(0.,-1.));
#2137 = ( GEOMETRIC_REPRESENTATION_CONTEXT(2) 
PARAMETRIC_REPRESENTATION_CONTEXT() REPRESENTATION_CONTEXT('2D SPACE',''
  ) );
#2138 = PCURVE('',#2139,#2144);
#2139 = PLANE('',#2140);
#2140 = AXIS2_PLACEMENT_3D('',#2141,#2142,#2143);
#2141 = CARTESIAN_POINT('',(-27.5,-38.5,16.));
#2142 = DIRECTION('',(0.,1.,0.));
#2143 = DIRECTION('',(0.,0.,1.));
#2144 = DEFINITIONAL_REPRESENTATION('',(#2145),#2149);
#2145 = LINE('',#2146,#2147);
#2146 = CARTESIAN_POINT('',(0.,1.5));
#2147 = VECTOR('',#2148,1.);
#2148 = DIRECTION('',(0.,1.));
#2149 = ( GEOMETRIC_REPRESENTATION_CONTEXT(2) 
PARAMETRIC_REPRESENTATION_CONTEXT() REPRESENTATION_CONTEXT('2D SPACE',''
  ) );
#2150 = ADVANCED_FACE('',(#2151),#597,.F.);
#2151 = FACE_BOUND('',#2152,.F.);
#2152 = EDGE_LOOP('',(#2153,#2154,#2177,#2205,#2233,#2261,#2487,#2515,
    #2538,#2561));
#2153 = ORIENTED_EDGE('',*,*,#579,.F.);
#2154 = ORIENTED_EDGE('',*,*,#2155,.T.);
#2155 = EDGE_CURVE('',#580,#2156,#2158,.T.);
#2156 = VERTEX_POINT('',#2157);
#2157 = CARTESIAN_POINT('',(-27.5,17.286842105263,16.));
#2158 = SURFACE_CURVE('',#2159,(#2163,#2170),.PCURVE_S1.);
#2159 = LINE('',#2160,#2161);
#2160 = CARTESIAN_POINT('',(-27.5,17.286842105263,8.));
#2161 = VECTOR('',#2162,1.);
#2162 = DIRECTION('',(0.,0.,1.));
#2163 = PCURVE('',#597,#2164);
#2164 = DEFINITIONAL_REPRESENTATION('',(#2165),#2169);
#2165 = LINE('',#2166,#2167);
#2166 = CARTESIAN_POINT('',(-18.1223578231,-17.28684210526));
#2167 = VECTOR('',#2168,1.);
#2168 = DIRECTION('',(1.,0.));
#2169 = ( GEOMETRIC_REPRESENTATION_CONTEXT(2) 
PARAMETRIC_REPRESENTATION_CONTEXT() REPRESENTATION_CONTEXT('2D SPACE',''
  ) );
#2170 = PCURVE('',#625,#2171);
#2171 = DEFINITIONAL_REPRESENTATION('',(#2172),#2176);
#2172 = LINE('',#2173,#2174);
#2173 = CARTESIAN_POINT('',(0.,0.));
#2174 = VECTOR('',#2175,1.);
#2175 = DIRECTION('',(1.,0.));
#2176 = ( GEOMETRIC_REPRESENTATION_CONTEXT(2) 
PARAMETRIC_REPRESENTATION_CONTEXT() REPRESENTATION_CONTEXT('2D SPACE',''
  ) );
#2177 = ORIENTED_EDGE('',*,*,#2178,.T.);
#2178 = EDGE_CURVE('',#2156,#2179,#2181,.T.);
#2179 = VERTEX_POINT('',#2180);
#2180 = CARTESIAN_POINT('',(-27.5,38.5,16.));
#2181 = SURFACE_CURVE('',#2182,(#2186,#2193),.PCURVE_S1.);
#2182 = LINE('',#2183,#2184);
#2183 = CARTESIAN_POINT('',(-27.5,15.,16.));
#2184 = VECTOR('',#2185,1.);
#2185 = DIRECTION('',(0.,1.,0.));
#2186 = PCURVE('',#597,#2187);
#2187 = DEFINITIONAL_REPRESENTATION('',(#2188),#2192);
#2188 = LINE('',#2189,#2190);
#2189 = CARTESIAN_POINT('',(-10.1223578231,-15.));
#2190 = VECTOR('',#2191,1.);
#2191 = DIRECTION('',(0.,-1.));
#2192 = ( GEOMETRIC_REPRESENTATION_CONTEXT(2) 
PARAMETRIC_REPRESENTATION_CONTEXT() REPRESENTATION_CONTEXT('2D SPACE',''
  ) );
#2193 = PCURVE('',#2194,#2199);
#2194 = PLANE('',#2195);
#2195 = AXIS2_PLACEMENT_3D('',#2196,#2197,#2198);
#2196 = CARTESIAN_POINT('',(-27.5,15.,16.));
#2197 = DIRECTION('',(0.,0.,1.));
#2198 = DIRECTION('',(1.,0.,0.));
#2199 = DEFINITIONAL_REPRESENTATION('',(#2200),#2204);
#2200 = LINE('',#2201,#2202);
#2201 = CARTESIAN_POINT('',(0.,0.));
#2202 = VECTOR('',#2203,1.);
#2203 = DIRECTION('',(0.,1.));
#2204 = ( GEOMETRIC_REPRESENTATION_CONTEXT(2) 
PARAMETRIC_REPRESENTATION_CONTEXT() REPRESENTATION_CONTEXT('2D SPACE',''
  ) );
#2205 = ORIENTED_EDGE('',*,*,#2206,.T.);
#2206 = EDGE_CURVE('',#2179,#2207,#2209,.T.);
#2207 = VERTEX_POINT('',#2208);
#2208 = CARTESIAN_POINT('',(-27.5,38.5,26.));
#2209 = SURFACE_CURVE('',#2210,(#2214,#2221),.PCURVE_S1.);
#2210 = LINE('',#2211,#2212);
#2211 = CARTESIAN_POINT('',(-27.5,38.5,16.));
#2212 = VECTOR('',#2213,1.);
#2213 = DIRECTION('',(0.,0.,1.));
#2214 = PCURVE('',#597,#2215);
#2215 = DEFINITIONAL_REPRESENTATION('',(#2216),#2220);
#2216 = LINE('',#2217,#2218);
#2217 = CARTESIAN_POINT('',(-10.1223578231,-38.5));
#2218 = VECTOR('',#2219,1.);
#2219 = DIRECTION('',(1.,0.));
#2220 = ( GEOMETRIC_REPRESENTATION_CONTEXT(2) 
PARAMETRIC_REPRESENTATION_CONTEXT() REPRESENTATION_CONTEXT('2D SPACE',''
  ) );
#2221 = PCURVE('',#2222,#2227);
#2222 = PLANE('',#2223);
#2223 = AXIS2_PLACEMENT_3D('',#2224,#2225,#2226);
#2224 = CARTESIAN_POINT('',(-27.5,38.5,16.));
#2225 = DIRECTION('',(0.,1.,0.));
#2226 = DIRECTION('',(0.,0.,1.));
#2227 = DEFINITIONAL_REPRESENTATION('',(#2228),#2232);
#2228 = LINE('',#2229,#2230);
#2229 = CARTESIAN_POINT('',(0.,0.));
#2230 = VECTOR('',#2231,1.);
#2231 = DIRECTION('',(1.,0.));
#2232 = ( GEOMETRIC_REPRESENTATION_CONTEXT(2) 
PARAMETRIC_REPRESENTATION_CONTEXT() REPRESENTATION_CONTEXT('2D SPACE',''
  ) );
#2233 = ORIENTED_EDGE('',*,*,#2234,.F.);
#2234 = EDGE_CURVE('',#2235,#2207,#2237,.T.);
#2235 = VERTEX_POINT('',#2236);
#2236 = CARTESIAN_POINT('',(-27.5,13.286842105263,26.));
#2237 = SURFACE_CURVE('',#2238,(#2242,#2249),.PCURVE_S1.);
#2238 = LINE('',#2239,#2240);
#2239 = CARTESIAN_POINT('',(-27.5,-38.5,26.));
#2240 = VECTOR('',#2241,1.);
#2241 = DIRECTION('',(0.,1.,0.));
#2242 = PCURVE('',#597,#2243);
#2243 = DEFINITIONAL_REPRESENTATION('',(#2244),#2248);
#2244 = LINE('',#2245,#2246);
#2245 = CARTESIAN_POINT('',(-0.122357823109,38.5));
#2246 = VECTOR('',#2247,1.);
#2247 = DIRECTION('',(0.,-1.));
#2248 = ( GEOMETRIC_REPRESENTATION_CONTEXT(2) 
PARAMETRIC_REPRESENTATION_CONTEXT() REPRESENTATION_CONTEXT('2D SPACE',''
  ) );
#2249 = PCURVE('',#2250,#2255);
#2250 = PLANE('',#2251);
#2251 = AXIS2_PLACEMENT_3D('',#2252,#2253,#2254);
#2252 = CARTESIAN_POINT('',(-50.,-50.,26.));
#2253 = DIRECTION('',(0.,0.,1.));
#2254 = DIRECTION('',(1.,0.,0.));
#2255 = DEFINITIONAL_REPRESENTATION('',(#2256),#2260);
#2256 = LINE('',#2257,#2258);
#2257 = CARTESIAN_POINT('',(22.5,11.5));
#2258 = VECTOR('',#2259,1.);
#2259 = DIRECTION('',(0.,1.));
#2260 = ( GEOMETRIC_REPRESENTATION_CONTEXT(2) 
PARAMETRIC_REPRESENTATION_CONTEXT() REPRESENTATION_CONTEXT('2D SPACE',''
  ) );
#2261 = ORIENTED_EDGE('',*,*,#2262,.T.);
#2262 = EDGE_CURVE('',#2235,#2263,#2265,.T.);
#2263 = VERTEX_POINT('',#2264);
#2264 = CARTESIAN_POINT('',(-27.5,-13.28684210526,26.));
#2265 = SURFACE_CURVE('',#2266,(#2335,#2407),.PCURVE_S1.);
#2266 = B_SPLINE_CURVE_WITH_KNOTS('',7,(#2267,#2268,#2269,#2270,#2271,
    #2272,#2273,#2274,#2275,#2276,#2277,#2278,#2279,#2280,#2281,#2282,
    #2283,#2284,#2285,#2286,#2287,#2288,#2289,#2290,#2291,#2292,#2293,
    #2294,#2295,#2296,#2297,#2298,#2299,#2300,#2301,#2302,#2303,#2304,
    #2305,#2306,#2307,#2308,#2309,#2310,#2311,#2312,#2313,#2314,#2315,
    #2316,#2317,#2318,#2319,#2320,#2321,#2322,#2323,#2324,#2325,#2326,
    #2327,#2328,#2329,#2330,#2331,#2332,#2333,#2334),.UNSPECIFIED.,.F.,
  .F.,(8,6,6,6,6,6,6,6,6,6,6,8),(0.,0.182889287709,0.269436666844,
    0.350512172632,0.39739152907,0.428463518508,0.49999957488,
    0.602605754609,0.649485431486,0.730561491455,0.817109462174,1.),
  .UNSPECIFIED.);
#2267 = CARTESIAN_POINT('',(-27.5,13.286842105263,26.));
#2268 = CARTESIAN_POINT('',(-27.5,13.286842105263,24.870049421336));
#2269 = CARTESIAN_POINT('',(-27.5,13.189158726173,23.740147668863));
#2270 = CARTESIAN_POINT('',(-27.5,12.993807074777,22.620287350862));
#2271 = CARTESIAN_POINT('',(-27.5,12.701461799569,21.520702938296));
#2272 = CARTESIAN_POINT('',(-27.5,12.313663487912,20.451819492492));
#2273 = CARTESIAN_POINT('',(-27.5,11.832915763065,19.424226035376));
#2274 = CARTESIAN_POINT('',(-27.5,10.99324820503,17.986899909904));
#2275 = CARTESIAN_POINT('',(-27.5,10.703573641723,17.536872631879));
#2276 = CARTESIAN_POINT('',(-27.5,10.394354834319,17.099660784896));
#2277 = CARTESIAN_POINT('',(-27.5,10.06607797542,16.676423023039));
#2278 = CARTESIAN_POINT('',(-27.5,9.719310340565,16.268317578454));
#2279 = CARTESIAN_POINT('',(-27.5,9.354710809927,15.876493688284));
#2280 = CARTESIAN_POINT('',(-27.5,8.615500708876,15.151344102917));
#2281 = CARTESIAN_POINT('',(-27.5,8.242975902108,14.815881206886));
#2282 = CARTESIAN_POINT('',(-27.5,7.856098451812,14.496631498699));
#2283 = CARTESIAN_POINT('',(-27.5,7.455574052425,14.19450581868));
#2284 = CARTESIAN_POINT('',(-27.5,7.042185992109,13.91038280886));
#2285 = CARTESIAN_POINT('',(-27.5,6.616802767174,13.645098470133));
#2286 = CARTESIAN_POINT('',(-27.5,5.928046379786,13.257381763408));
#2287 = CARTESIAN_POINT('',(-27.5,5.672014156959,13.121890100983));
#2288 = CARTESIAN_POINT('',(-27.5,5.412478194509,12.99310641578));
#2289 = CARTESIAN_POINT('',(-27.5,5.149632627263,12.871173321102));
#2290 = CARTESIAN_POINT('',(-27.5,4.883680123344,12.756225033847));
#2291 = CARTESIAN_POINT('',(-27.5,4.614832216115,12.648386617856));
#2292 = CARTESIAN_POINT('',(-27.5,4.163342431407,12.481085916499));
#2293 = CARTESIAN_POINT('',(-27.5,3.982199856662,12.417572475518));
#2294 = CARTESIAN_POINT('',(-27.5,3.799946035504,12.357266479848));
#2295 = CARTESIAN_POINT('',(-27.5,3.61664643943,12.300199289911));
#2296 = CARTESIAN_POINT('',(-27.5,3.432367887823,12.246400051004));
#2297 = CARTESIAN_POINT('',(-27.5,3.247178547954,12.195895693297));
#2298 = CARTESIAN_POINT('',(-27.5,2.632855551448,12.040078951172));
#2299 = CARTESIAN_POINT('',(-27.5,2.200095084741,11.949040109025));
#2300 = CARTESIAN_POINT('',(-27.5,1.763727188217,11.875897846315));
#2301 = CARTESIAN_POINT('',(-27.5,1.324629842799,11.820883591873));
#2302 = CARTESIAN_POINT('',(-27.5,0.883698317171,11.784154214275));
#2303 = CARTESIAN_POINT('',(-27.5,0.441845127973,11.765789473684));
#2304 = CARTESIAN_POINT('',(-27.5,-0.633750907049,11.765789473684));
#2305 = CARTESIAN_POINT('',(-27.5,-1.267547631199,11.803570597957));
#2306 = CARTESIAN_POINT('',(-27.5,-1.898603480472,11.879142132171));
#2307 = CARTESIAN_POINT('',(-27.5,-2.524238978626,11.992150389131));
#2308 = CARTESIAN_POINT('',(-27.5,-3.141873727688,12.141936995085));
#2309 = CARTESIAN_POINT('',(-27.5,-3.749024510908,12.327559345064));
#2310 = CARTESIAN_POINT('',(-27.5,-4.614832216111,12.648386617855));
#2311 = CARTESIAN_POINT('',(-27.5,-4.88368012334,12.756225033846));
#2312 = CARTESIAN_POINT('',(-27.5,-5.14963262726,12.8711733211));
#2313 = CARTESIAN_POINT('',(-27.5,-5.412478194506,12.993106415778));
#2314 = CARTESIAN_POINT('',(-27.5,-5.672014156956,13.121890100981));
#2315 = CARTESIAN_POINT('',(-27.5,-5.928046379783,13.257381763406));
#2316 = CARTESIAN_POINT('',(-27.5,-6.616802767172,13.645098470132));
#2317 = CARTESIAN_POINT('',(-27.5,-7.042185992105,13.910382808857));
#2318 = CARTESIAN_POINT('',(-27.5,-7.455574052423,14.194505818678));
#2319 = CARTESIAN_POINT('',(-27.5,-7.85609845181,14.496631498697));
#2320 = CARTESIAN_POINT('',(-27.5,-8.242975902104,14.815881206883));
#2321 = CARTESIAN_POINT('',(-27.5,-8.615500708873,15.151344102915));
#2322 = CARTESIAN_POINT('',(-27.5,-9.354710809924,15.876493688281));
#2323 = CARTESIAN_POINT('',(-27.5,-9.719310340562,16.268317578452));
#2324 = CARTESIAN_POINT('',(-27.5,-10.06607797541,16.676423023037));
#2325 = CARTESIAN_POINT('',(-27.5,-10.39435483431,17.099660784893));
#2326 = CARTESIAN_POINT('',(-27.5,-10.70357364172,17.536872631876));
#2327 = CARTESIAN_POINT('',(-27.5,-10.99324820502,17.986899909901));
#2328 = CARTESIAN_POINT('',(-27.5,-11.83291576306,19.424226035373));
#2329 = CARTESIAN_POINT('',(-27.5,-12.31366348791,20.451819492488));
#2330 = CARTESIAN_POINT('',(-27.5,-12.70146179956,21.520702938302));
#2331 = CARTESIAN_POINT('',(-27.5,-12.99380707477,22.62028735085));
#2332 = CARTESIAN_POINT('',(-27.5,-13.18915872617,23.740147668869));
#2333 = CARTESIAN_POINT('',(-27.5,-13.28684210526,24.870049421334));
#2334 = CARTESIAN_POINT('',(-27.5,-13.28684210526,26.));
#2335 = PCURVE('',#597,#2336);
#2336 = DEFINITIONAL_REPRESENTATION('',(#2337),#2406);
#2337 = B_SPLINE_CURVE_WITH_KNOTS('',7,(#2338,#2339,#2340,#2341,#2342,
    #2343,#2344,#2345,#2346,#2347,#2348,#2349,#2350,#2351,#2352,#2353,
    #2354,#2355,#2356,#2357,#2358,#2359,#2360,#2361,#2362,#2363,#2364,
    #2365,#2366,#2367,#2368,#2369,#2370,#2371,#2372,#2373,#2374,#2375,
    #2376,#2377,#2378,#2379,#2380,#2381,#2382,#2383,#2384,#2385,#2386,
    #2387,#2388,#2389,#2390,#2391,#2392,#2393,#2394,#2395,#2396,#2397,
    #2398,#2399,#2400,#2401,#2402,#2403,#2404,#2405),.UNSPECIFIED.,.F.,
  .F.,(8,6,6,6,6,6,6,6,6,6,6,8),(0.,0.182889287709,0.269436666844,
    0.350512172632,0.39739152907,0.428463518508,0.49999957488,
    0.602605754609,0.649485431486,0.730561491455,0.817109462174,1.),
  .UNSPECIFIED.);
#2338 = CARTESIAN_POINT('',(-0.122357823109,-13.28684210526));
#2339 = CARTESIAN_POINT('',(-1.252308401773,-13.28684210526));
#2340 = CARTESIAN_POINT('',(-2.382210154246,-13.18915872617));
#2341 = CARTESIAN_POINT('',(-3.502070472247,-12.99380707477));
#2342 = CARTESIAN_POINT('',(-4.601654884813,-12.70146179956));
#2343 = CARTESIAN_POINT('',(-5.670538330617,-12.31366348791));
#2344 = CARTESIAN_POINT('',(-6.698131787733,-11.83291576306));
#2345 = CARTESIAN_POINT('',(-8.135457913205,-10.99324820503));
#2346 = CARTESIAN_POINT('',(-8.58548519123,-10.70357364172));
#2347 = CARTESIAN_POINT('',(-9.022697038213,-10.39435483431));
#2348 = CARTESIAN_POINT('',(-9.44593480007,-10.06607797542));
#2349 = CARTESIAN_POINT('',(-9.854040244655,-9.719310340565));
#2350 = CARTESIAN_POINT('',(-10.24586413482,-9.354710809927));
#2351 = CARTESIAN_POINT('',(-10.97101372019,-8.615500708876));
#2352 = CARTESIAN_POINT('',(-11.30647661622,-8.242975902108));
#2353 = CARTESIAN_POINT('',(-11.62572632441,-7.856098451812));
#2354 = CARTESIAN_POINT('',(-11.92785200442,-7.455574052425));
#2355 = CARTESIAN_POINT('',(-12.21197501424,-7.042185992109));
#2356 = CARTESIAN_POINT('',(-12.47725935297,-6.616802767174));
#2357 = CARTESIAN_POINT('',(-12.8649760597,-5.928046379786));
#2358 = CARTESIAN_POINT('',(-13.00046772212,-5.672014156959));
#2359 = CARTESIAN_POINT('',(-13.12925140732,-5.412478194509));
#2360 = CARTESIAN_POINT('',(-13.251184502,-5.149632627263));
#2361 = CARTESIAN_POINT('',(-13.36613278926,-4.883680123344));
#2362 = CARTESIAN_POINT('',(-13.47397120525,-4.614832216115));
#2363 = CARTESIAN_POINT('',(-13.64127190661,-4.163342431407));
#2364 = CARTESIAN_POINT('',(-13.70478534759,-3.982199856662));
#2365 = CARTESIAN_POINT('',(-13.76509134326,-3.799946035504));
#2366 = CARTESIAN_POINT('',(-13.82215853319,-3.61664643943));
#2367 = CARTESIAN_POINT('',(-13.8759577721,-3.432367887823));
#2368 = CARTESIAN_POINT('',(-13.92646212981,-3.247178547954));
#2369 = CARTESIAN_POINT('',(-14.08227887193,-2.632855551448));
#2370 = CARTESIAN_POINT('',(-14.17331771408,-2.200095084741));
#2371 = CARTESIAN_POINT('',(-14.24645997679,-1.763727188217));
#2372 = CARTESIAN_POINT('',(-14.30147423123,-1.324629842799));
#2373 = CARTESIAN_POINT('',(-14.33820360883,-0.883698317171));
#2374 = CARTESIAN_POINT('',(-14.35656834942,-0.441845127973));
#2375 = CARTESIAN_POINT('',(-14.35656834942,0.633750907049));
#2376 = CARTESIAN_POINT('',(-14.31878722515,1.267547631199));
#2377 = CARTESIAN_POINT('',(-14.24321569093,1.898603480472));
#2378 = CARTESIAN_POINT('',(-14.13020743397,2.524238978626));
#2379 = CARTESIAN_POINT('',(-13.98042082802,3.141873727688));
#2380 = CARTESIAN_POINT('',(-13.79479847804,3.749024510908));
#2381 = CARTESIAN_POINT('',(-13.47397120525,4.614832216111));
#2382 = CARTESIAN_POINT('',(-13.36613278926,4.88368012334));
#2383 = CARTESIAN_POINT('',(-13.251184502,5.14963262726));
#2384 = CARTESIAN_POINT('',(-13.12925140733,5.412478194506));
#2385 = CARTESIAN_POINT('',(-13.00046772212,5.672014156956));
#2386 = CARTESIAN_POINT('',(-12.8649760597,5.928046379783));
#2387 = CARTESIAN_POINT('',(-12.47725935297,6.616802767172));
#2388 = CARTESIAN_POINT('',(-12.21197501425,7.042185992105));
#2389 = CARTESIAN_POINT('',(-11.92785200443,7.455574052423));
#2390 = CARTESIAN_POINT('',(-11.62572632441,7.85609845181));
#2391 = CARTESIAN_POINT('',(-11.30647661622,8.242975902104));
#2392 = CARTESIAN_POINT('',(-10.97101372019,8.615500708873));
#2393 = CARTESIAN_POINT('',(-10.24586413482,9.354710809924));
#2394 = CARTESIAN_POINT('',(-9.854040244657,9.719310340562));
#2395 = CARTESIAN_POINT('',(-9.445934800072,10.066077975418));
#2396 = CARTESIAN_POINT('',(-9.022697038216,10.394354834317));
#2397 = CARTESIAN_POINT('',(-8.585485191233,10.703573641721));
#2398 = CARTESIAN_POINT('',(-8.135457913208,10.993248205028));
#2399 = CARTESIAN_POINT('',(-6.698131787736,11.832915763063));
#2400 = CARTESIAN_POINT('',(-5.670538330621,12.313663487912));
#2401 = CARTESIAN_POINT('',(-4.601654884807,12.701461799566));
#2402 = CARTESIAN_POINT('',(-3.502070472259,12.993807074779));
#2403 = CARTESIAN_POINT('',(-2.38221015424,13.189158726172));
#2404 = CARTESIAN_POINT('',(-1.252308401775,13.286842105263));
#2405 = CARTESIAN_POINT('',(-0.122357823109,13.286842105263));
#2406 = ( GEOMETRIC_REPRESENTATION_CONTEXT(2) 
PARAMETRIC_REPRESENTATION_CONTEXT() REPRESENTATION_CONTEXT('2D SPACE',''
  ) );
#2407 = PCURVE('',#2408,#2416);
#2408 = SURFACE_OF_LINEAR_EXTRUSION('',#2409,#2414);
#2409 = ELLIPSE('',#2410,14.234210526316,13.286842105263);
#2410 = AXIS2_PLACEMENT_3D('',#2411,#2412,#2413);
#2411 = CARTESIAN_POINT('',(-28.5,0.,26.));
#2412 = DIRECTION('',(1.,0.,-0.));
#2413 = DIRECTION('',(0.,1.110223024625E-16,1.));
#2414 = VECTOR('',#2415,1.);
#2415 = DIRECTION('',(-1.,-0.,-0.));
#2416 = DEFINITIONAL_REPRESENTATION('',(#2417),#2486);
#2417 = B_SPLINE_CURVE_WITH_KNOTS('',7,(#2418,#2419,#2420,#2421,#2422,
    #2423,#2424,#2425,#2426,#2427,#2428,#2429,#2430,#2431,#2432,#2433,
    #2434,#2435,#2436,#2437,#2438,#2439,#2440,#2441,#2442,#2443,#2444,
    #2445,#2446,#2447,#2448,#2449,#2450,#2451,#2452,#2453,#2454,#2455,
    #2456,#2457,#2458,#2459,#2460,#2461,#2462,#2463,#2464,#2465,#2466,
    #2467,#2468,#2469,#2470,#2471,#2472,#2473,#2474,#2475,#2476,#2477,
    #2478,#2479,#2480,#2481,#2482,#2483,#2484,#2485),.UNSPECIFIED.,.F.,
  .F.,(8,6,6,6,6,6,6,6,6,6,6,8),(0.,0.182889287709,0.269436666844,
    0.350512172632,0.39739152907,0.428463518508,0.49999957488,
    0.602605754609,0.649485431486,0.730561491455,0.817109462174,1.),
  .UNSPECIFIED.);
#2418 = CARTESIAN_POINT('',(4.712388980385,-1.));
#2419 = CARTESIAN_POINT('',(4.633006244224,-1.));
#2420 = CARTESIAN_POINT('',(4.553626923821,-1.));
#2421 = CARTESIAN_POINT('',(4.474136081522,-1.));
#2422 = CARTESIAN_POINT('',(4.394435586813,-1.));
#2423 = CARTESIAN_POINT('',(4.314433895972,-1.));
#2424 = CARTESIAN_POINT('',(4.234043419491,-1.));
#2425 = CARTESIAN_POINT('',(4.11492167207,-1.));
#2426 = CARTESIAN_POINT('',(4.076555552814,-1.));
#2427 = CARTESIAN_POINT('',(4.038080833054,-1.));
#2428 = CARTESIAN_POINT('',(3.999492110931,-1.));
#2429 = CARTESIAN_POINT('',(3.960785221743,-1.));
#2430 = CARTESIAN_POINT('',(3.921957579726,-1.));
#2431 = CARTESIAN_POINT('',(3.846521976143,-1.));
#2432 = CARTESIAN_POINT('',(3.809928415642,-1.));
#2433 = CARTESIAN_POINT('',(3.773228061009,-1.));
#2434 = CARTESIAN_POINT('',(3.736421892034,-1.));
#2435 = CARTESIAN_POINT('',(3.699511932398,-1.));
#2436 = CARTESIAN_POINT('',(3.662501857343,-1.));
#2437 = CARTESIAN_POINT('',(3.603943740959,-1.));
#2438 = CARTESIAN_POINT('',(3.582458031383,-1.));
#2439 = CARTESIAN_POINT('',(3.560941965723,-1.));
#2440 = CARTESIAN_POINT('',(3.539396792129,-1.));
#2441 = CARTESIAN_POINT('',(3.517823893285,-1.));
#2442 = CARTESIAN_POINT('',(3.496224845012,-1.));
#2443 = CARTESIAN_POINT('',(3.460269342783,-1.));
#2444 = CARTESIAN_POINT('',(3.445926501517,-1.));
#2445 = CARTESIAN_POINT('',(3.431573464026,-1.));
#2446 = CARTESIAN_POINT('',(3.417210768949,-1.));
#2447 = CARTESIAN_POINT('',(3.402838980617,-1.));
#2448 = CARTESIAN_POINT('',(3.38845868905,-1.));
#2449 = CARTESIAN_POINT('',(3.340945061297,-1.));
#2450 = CARTESIAN_POINT('',(3.307777130378,-1.));
#2451 = CARTESIAN_POINT('',(3.274575311045,-1.));
#2452 = CARTESIAN_POINT('',(3.241347581553,-1.));
#2453 = CARTESIAN_POINT('',(3.208101931842,-1.));
#2454 = CARTESIAN_POINT('',(3.174846990811,-1.));
#2455 = CARTESIAN_POINT('',(3.093895021449,-1.));
#2456 = CARTESIAN_POINT('',(3.046193957689,-1.));
#2457 = CARTESIAN_POINT('',(2.99852186112,-1.));
#2458 = CARTESIAN_POINT('',(2.950903263985,-1.));
#2459 = CARTESIAN_POINT('',(2.903359249421,-1.));
#2460 = CARTESIAN_POINT('',(2.855911193566,-1.));
#2461 = CARTESIAN_POINT('',(2.786960462168,-1.));
#2462 = CARTESIAN_POINT('',(2.765361413895,-1.));
#2463 = CARTESIAN_POINT('',(2.743788515051,-1.));
#2464 = CARTESIAN_POINT('',(2.722243341456,-1.));
#2465 = CARTESIAN_POINT('',(2.700727275797,-1.));
#2466 = CARTESIAN_POINT('',(2.679241566221,-1.));
#2467 = CARTESIAN_POINT('',(2.620683449837,-1.));
#2468 = CARTESIAN_POINT('',(2.583673374782,-1.));
#2469 = CARTESIAN_POINT('',(2.546763415146,-1.));
#2470 = CARTESIAN_POINT('',(2.509957246171,-1.));
#2471 = CARTESIAN_POINT('',(2.473256891538,-1.));
#2472 = CARTESIAN_POINT('',(2.436663331037,-1.));
#2473 = CARTESIAN_POINT('',(2.361227727454,-1.));
#2474 = CARTESIAN_POINT('',(2.322400085436,-1.));
#2475 = CARTESIAN_POINT('',(2.283693196249,-1.));
#2476 = CARTESIAN_POINT('',(2.245104474126,-1.));
#2477 = CARTESIAN_POINT('',(2.206629754366,-1.));
#2478 = CARTESIAN_POINT('',(2.16826363511,-1.));
#2479 = CARTESIAN_POINT('',(2.049141887688,-1.));
#2480 = CARTESIAN_POINT('',(1.968751411208,-1.));
#2481 = CARTESIAN_POINT('',(1.888749720364,-1.));
#2482 = CARTESIAN_POINT('',(1.80904922566,-1.));
#2483 = CARTESIAN_POINT('',(1.729558383357,-1.));
#2484 = CARTESIAN_POINT('',(1.650179062956,-1.));
#2485 = CARTESIAN_POINT('',(1.570796326795,-1.));
#2486 = ( GEOMETRIC_REPRESENTATION_CONTEXT(2) 
PARAMETRIC_REPRESENTATION_CONTEXT() REPRESENTATION_CONTEXT('2D SPACE',''
  ) );
#2487 = ORIENTED_EDGE('',*,*,#2488,.F.);
#2488 = EDGE_CURVE('',#2489,#2263,#2491,.T.);
#2489 = VERTEX_POINT('',#2490);
#2490 = CARTESIAN_POINT('',(-27.5,-38.5,26.));
#2491 = SURFACE_CURVE('',#2492,(#2496,#2503),.PCURVE_S1.);
#2492 = LINE('',#2493,#2494);
#2493 = CARTESIAN_POINT('',(-27.5,-38.5,26.));
#2494 = VECTOR('',#2495,1.);
#2495 = DIRECTION('',(0.,1.,0.));
#2496 = PCURVE('',#597,#2497);
#2497 = DEFINITIONAL_REPRESENTATION('',(#2498),#2502);
#2498 = LINE('',#2499,#2500);
#2499 = CARTESIAN_POINT('',(-0.122357823109,38.5));
#2500 = VECTOR('',#2501,1.);
#2501 = DIRECTION('',(0.,-1.));
#2502 = ( GEOMETRIC_REPRESENTATION_CONTEXT(2) 
PARAMETRIC_REPRESENTATION_CONTEXT() REPRESENTATION_CONTEXT('2D SPACE',''
  ) );
#2503 = PCURVE('',#2504,#2509);
#2504 = PLANE('',#2505);
#2505 = AXIS2_PLACEMENT_3D('',#2506,#2507,#2508);
#2506 = CARTESIAN_POINT('',(-50.,-50.,26.));
#2507 = DIRECTION('',(0.,0.,1.));
#2508 = DIRECTION('',(1.,0.,0.));
#2509 = DEFINITIONAL_REPRESENTATION('',(#2510),#2514);
#2510 = LINE('',#2511,#2512);
#2511 = CARTESIAN_POINT('',(22.5,11.5));
#2512 = VECTOR('',#2513,1.);
#2513 = DIRECTION('',(0.,1.));
#2514 = ( GEOMETRIC_REPRESENTATION_CONTEXT(2) 
PARAMETRIC_REPRESENTATION_CONTEXT() REPRESENTATION_CONTEXT('2D SPACE',''
  ) );
#2515 = ORIENTED_EDGE('',*,*,#2516,.F.);
#2516 = EDGE_CURVE('',#2517,#2489,#2519,.T.);
#2517 = VERTEX_POINT('',#2518);
#2518 = CARTESIAN_POINT('',(-27.5,-38.5,16.));
#2519 = SURFACE_CURVE('',#2520,(#2524,#2531),.PCURVE_S1.);
#2520 = LINE('',#2521,#2522);
#2521 = CARTESIAN_POINT('',(-27.5,-38.5,16.));
#2522 = VECTOR('',#2523,1.);
#2523 = DIRECTION('',(0.,0.,1.));
#2524 = PCURVE('',#597,#2525);
#2525 = DEFINITIONAL_REPRESENTATION('',(#2526),#2530);
#2526 = LINE('',#2527,#2528);
#2527 = CARTESIAN_POINT('',(-10.1223578231,38.5));
#2528 = VECTOR('',#2529,1.);
#2529 = DIRECTION('',(1.,0.));
#2530 = ( GEOMETRIC_REPRESENTATION_CONTEXT(2) 
PARAMETRIC_REPRESENTATION_CONTEXT() REPRESENTATION_CONTEXT('2D SPACE',''
  ) );
#2531 = PCURVE('',#2139,#2532);
#2532 = DEFINITIONAL_REPRESENTATION('',(#2533),#2537);
#2533 = LINE('',#2534,#2535);
#2534 = CARTESIAN_POINT('',(0.,0.));
#2535 = VECTOR('',#2536,1.);
#2536 = DIRECTION('',(1.,0.));
#2537 = ( GEOMETRIC_REPRESENTATION_CONTEXT(2) 
PARAMETRIC_REPRESENTATION_CONTEXT() REPRESENTATION_CONTEXT('2D SPACE',''
  ) );
#2538 = ORIENTED_EDGE('',*,*,#2539,.T.);
#2539 = EDGE_CURVE('',#2517,#2540,#2542,.T.);
#2540 = VERTEX_POINT('',#2541);
#2541 = CARTESIAN_POINT('',(-27.5,-17.28684210526,16.));
#2542 = SURFACE_CURVE('',#2543,(#2547,#2554),.PCURVE_S1.);
#2543 = LINE('',#2544,#2545);
#2544 = CARTESIAN_POINT('',(-27.5,-38.5,16.));
#2545 = VECTOR('',#2546,1.);
#2546 = DIRECTION('',(0.,1.,0.));
#2547 = PCURVE('',#597,#2548);
#2548 = DEFINITIONAL_REPRESENTATION('',(#2549),#2553);
#2549 = LINE('',#2550,#2551);
#2550 = CARTESIAN_POINT('',(-10.1223578231,38.5));
#2551 = VECTOR('',#2552,1.);
#2552 = DIRECTION('',(0.,-1.));
#2553 = ( GEOMETRIC_REPRESENTATION_CONTEXT(2) 
PARAMETRIC_REPRESENTATION_CONTEXT() REPRESENTATION_CONTEXT('2D SPACE',''
  ) );
#2554 = PCURVE('',#1987,#2555);
#2555 = DEFINITIONAL_REPRESENTATION('',(#2556),#2560);
#2556 = LINE('',#2557,#2558);
#2557 = CARTESIAN_POINT('',(0.,0.));
#2558 = VECTOR('',#2559,1.);
#2559 = DIRECTION('',(0.,1.));
#2560 = ( GEOMETRIC_REPRESENTATION_CONTEXT(2) 
PARAMETRIC_REPRESENTATION_CONTEXT() REPRESENTATION_CONTEXT('2D SPACE',''
  ) );
#2561 = ORIENTED_EDGE('',*,*,#2562,.F.);
#2562 = EDGE_CURVE('',#582,#2540,#2563,.T.);
#2563 = SURFACE_CURVE('',#2564,(#2568,#2575),.PCURVE_S1.);
#2564 = LINE('',#2565,#2566);
#2565 = CARTESIAN_POINT('',(-27.5,-17.28684210526,8.));
#2566 = VECTOR('',#2567,1.);
#2567 = DIRECTION('',(0.,0.,1.));
#2568 = PCURVE('',#597,#2569);
#2569 = DEFINITIONAL_REPRESENTATION('',(#2570),#2574);
#2570 = LINE('',#2571,#2572);
#2571 = CARTESIAN_POINT('',(-18.1223578231,17.286842105263));
#2572 = VECTOR('',#2573,1.);
#2573 = DIRECTION('',(1.,0.));
#2574 = ( GEOMETRIC_REPRESENTATION_CONTEXT(2) 
PARAMETRIC_REPRESENTATION_CONTEXT() REPRESENTATION_CONTEXT('2D SPACE',''
  ) );
#2575 = PCURVE('',#679,#2576);
#2576 = DEFINITIONAL_REPRESENTATION('',(#2577),#2581);
#2577 = LINE('',#2578,#2579);
#2578 = CARTESIAN_POINT('',(0.,0.));
#2579 = VECTOR('',#2580,1.);
#2580 = DIRECTION('',(1.,0.));
#2581 = ( GEOMETRIC_REPRESENTATION_CONTEXT(2) 
PARAMETRIC_REPRESENTATION_CONTEXT() REPRESENTATION_CONTEXT('2D SPACE',''
  ) );
#2582 = ADVANCED_FACE('',(#2583),#625,.T.);
#2583 = FACE_BOUND('',#2584,.T.);
#2584 = EDGE_LOOP('',(#2585,#2608,#2609,#2610));
#2585 = ORIENTED_EDGE('',*,*,#2586,.F.);
#2586 = EDGE_CURVE('',#610,#2587,#2589,.T.);
#2587 = VERTEX_POINT('',#2588);
#2588 = CARTESIAN_POINT('',(-18.5,17.286842105263,16.));
#2589 = SURFACE_CURVE('',#2590,(#2594,#2601),.PCURVE_S1.);
#2590 = LINE('',#2591,#2592);
#2591 = CARTESIAN_POINT('',(-18.5,17.286842105263,8.));
#2592 = VECTOR('',#2593,1.);
#2593 = DIRECTION('',(0.,0.,1.));
#2594 = PCURVE('',#625,#2595);
#2595 = DEFINITIONAL_REPRESENTATION('',(#2596),#2600);
#2596 = LINE('',#2597,#2598);
#2597 = CARTESIAN_POINT('',(0.,9.));
#2598 = VECTOR('',#2599,1.);
#2599 = DIRECTION('',(1.,0.));
#2600 = ( GEOMETRIC_REPRESENTATION_CONTEXT(2) 
PARAMETRIC_REPRESENTATION_CONTEXT() REPRESENTATION_CONTEXT('2D SPACE',''
  ) );
#2601 = PCURVE('',#653,#2602);
#2602 = DEFINITIONAL_REPRESENTATION('',(#2603),#2607);
#2603 = LINE('',#2604,#2605);
#2604 = CARTESIAN_POINT('',(-18.1223578231,-17.28684210526));
#2605 = VECTOR('',#2606,1.);
#2606 = DIRECTION('',(1.,0.));
#2607 = ( GEOMETRIC_REPRESENTATION_CONTEXT(2) 
PARAMETRIC_REPRESENTATION_CONTEXT() REPRESENTATION_CONTEXT('2D SPACE',''
  ) );
#2608 = ORIENTED_EDGE('',*,*,#609,.F.);
#2609 = ORIENTED_EDGE('',*,*,#2155,.T.);
#2610 = ORIENTED_EDGE('',*,*,#2611,.T.);
#2611 = EDGE_CURVE('',#2156,#2587,#2612,.T.);
#2612 = SURFACE_CURVE('',#2613,(#2617,#2623),.PCURVE_S1.);
#2613 = LINE('',#2614,#2615);
#2614 = CARTESIAN_POINT('',(-27.5,17.286842105263,16.));
#2615 = VECTOR('',#2616,1.);
#2616 = DIRECTION('',(1.,0.,0.));
#2617 = PCURVE('',#625,#2618);
#2618 = DEFINITIONAL_REPRESENTATION('',(#2619),#2622);
#2619 = B_SPLINE_CURVE_WITH_KNOTS('',1,(#2620,#2621),.UNSPECIFIED.,.F.,
  .F.,(2,2),(0.,9.),.PIECEWISE_BEZIER_KNOTS.);
#2620 = CARTESIAN_POINT('',(8.,0.));
#2621 = CARTESIAN_POINT('',(8.,9.));
#2622 = ( GEOMETRIC_REPRESENTATION_CONTEXT(2) 
PARAMETRIC_REPRESENTATION_CONTEXT() REPRESENTATION_CONTEXT('2D SPACE',''
  ) );
#2623 = PCURVE('',#2194,#2624);
#2624 = DEFINITIONAL_REPRESENTATION('',(#2625),#2628);
#2625 = B_SPLINE_CURVE_WITH_KNOTS('',1,(#2626,#2627),.UNSPECIFIED.,.F.,
  .F.,(2,2),(0.,9.),.PIECEWISE_BEZIER_KNOTS.);
#2626 = CARTESIAN_POINT('',(0.,2.286842105263));
#2627 = CARTESIAN_POINT('',(9.,2.286842105263));
#2628 = ( GEOMETRIC_REPRESENTATION_CONTEXT(2) 
PARAMETRIC_REPRESENTATION_CONTEXT() REPRESENTATION_CONTEXT('2D SPACE',''
  ) );
#2629 = ADVANCED_FACE('',(#2630),#679,.F.);
#2630 = FACE_BOUND('',#2631,.F.);
#2631 = EDGE_LOOP('',(#2632,#2655,#2656,#2657));
#2632 = ORIENTED_EDGE('',*,*,#2633,.F.);
#2633 = EDGE_CURVE('',#638,#2634,#2636,.T.);
#2634 = VERTEX_POINT('',#2635);
#2635 = CARTESIAN_POINT('',(-18.5,-17.28684210526,16.));
#2636 = SURFACE_CURVE('',#2637,(#2641,#2648),.PCURVE_S1.);
#2637 = LINE('',#2638,#2639);
#2638 = CARTESIAN_POINT('',(-18.5,-17.28684210526,8.));
#2639 = VECTOR('',#2640,1.);
#2640 = DIRECTION('',(0.,0.,1.));
#2641 = PCURVE('',#679,#2642);
#2642 = DEFINITIONAL_REPRESENTATION('',(#2643),#2647);
#2643 = LINE('',#2644,#2645);
#2644 = CARTESIAN_POINT('',(0.,9.));
#2645 = VECTOR('',#2646,1.);
#2646 = DIRECTION('',(1.,0.));
#2647 = ( GEOMETRIC_REPRESENTATION_CONTEXT(2) 
PARAMETRIC_REPRESENTATION_CONTEXT() REPRESENTATION_CONTEXT('2D SPACE',''
  ) );
#2648 = PCURVE('',#653,#2649);
#2649 = DEFINITIONAL_REPRESENTATION('',(#2650),#2654);
#2650 = LINE('',#2651,#2652);
#2651 = CARTESIAN_POINT('',(-18.1223578231,17.286842105263));
#2652 = VECTOR('',#2653,1.);
#2653 = DIRECTION('',(1.,0.));
#2654 = ( GEOMETRIC_REPRESENTATION_CONTEXT(2) 
PARAMETRIC_REPRESENTATION_CONTEXT() REPRESENTATION_CONTEXT('2D SPACE',''
  ) );
#2655 = ORIENTED_EDGE('',*,*,#665,.F.);
#2656 = ORIENTED_EDGE('',*,*,#2562,.T.);
#2657 = ORIENTED_EDGE('',*,*,#2658,.T.);
#2658 = EDGE_CURVE('',#2540,#2634,#2659,.T.);
#2659 = SURFACE_CURVE('',#2660,(#2664,#2670),.PCURVE_S1.);
#2660 = LINE('',#2661,#2662);
#2661 = CARTESIAN_POINT('',(-27.5,-17.28684210526,16.));
#2662 = VECTOR('',#2663,1.);
#2663 = DIRECTION('',(1.,0.,0.));
#2664 = PCURVE('',#679,#2665);
#2665 = DEFINITIONAL_REPRESENTATION('',(#2666),#2669);
#2666 = B_SPLINE_CURVE_WITH_KNOTS('',1,(#2667,#2668),.UNSPECIFIED.,.F.,
  .F.,(2,2),(0.,9.),.PIECEWISE_BEZIER_KNOTS.);
#2667 = CARTESIAN_POINT('',(8.,0.));
#2668 = CARTESIAN_POINT('',(8.,9.));
#2669 = ( GEOMETRIC_REPRESENTATION_CONTEXT(2) 
PARAMETRIC_REPRESENTATION_CONTEXT() REPRESENTATION_CONTEXT('2D SPACE',''
  ) );
#2670 = PCURVE('',#1987,#2671);
#2671 = DEFINITIONAL_REPRESENTATION('',(#2672),#2675);
#2672 = B_SPLINE_CURVE_WITH_KNOTS('',1,(#2673,#2674),.UNSPECIFIED.,.F.,
  .F.,(2,2),(0.,9.),.PIECEWISE_BEZIER_KNOTS.);
#2673 = CARTESIAN_POINT('',(0.,21.213157894737));
#2674 = CARTESIAN_POINT('',(9.,21.213157894737));
#2675 = ( GEOMETRIC_REPRESENTATION_CONTEXT(2) 
PARAMETRIC_REPRESENTATION_CONTEXT() REPRESENTATION_CONTEXT('2D SPACE',''
  ) );
#2676 = ADVANCED_FACE('',(#2677),#653,.T.);
#2677 = FACE_BOUND('',#2678,.T.);
#2678 = EDGE_LOOP('',(#2679,#2680,#2681,#2704,#2727,#2750,#2968,#2991,
    #3014,#3035));
#2679 = ORIENTED_EDGE('',*,*,#637,.F.);
#2680 = ORIENTED_EDGE('',*,*,#2586,.T.);
#2681 = ORIENTED_EDGE('',*,*,#2682,.T.);
#2682 = EDGE_CURVE('',#2587,#2683,#2685,.T.);
#2683 = VERTEX_POINT('',#2684);
#2684 = CARTESIAN_POINT('',(-18.5,38.5,16.));
#2685 = SURFACE_CURVE('',#2686,(#2690,#2697),.PCURVE_S1.);
#2686 = LINE('',#2687,#2688);
#2687 = CARTESIAN_POINT('',(-18.5,15.,16.));
#2688 = VECTOR('',#2689,1.);
#2689 = DIRECTION('',(0.,1.,0.));
#2690 = PCURVE('',#653,#2691);
#2691 = DEFINITIONAL_REPRESENTATION('',(#2692),#2696);
#2692 = LINE('',#2693,#2694);
#2693 = CARTESIAN_POINT('',(-10.1223578231,-15.));
#2694 = VECTOR('',#2695,1.);
#2695 = DIRECTION('',(0.,-1.));
#2696 = ( GEOMETRIC_REPRESENTATION_CONTEXT(2) 
PARAMETRIC_REPRESENTATION_CONTEXT() REPRESENTATION_CONTEXT('2D SPACE',''
  ) );
#2697 = PCURVE('',#2194,#2698);
#2698 = DEFINITIONAL_REPRESENTATION('',(#2699),#2703);
#2699 = LINE('',#2700,#2701);
#2700 = CARTESIAN_POINT('',(9.,0.));
#2701 = VECTOR('',#2702,1.);
#2702 = DIRECTION('',(0.,1.));
#2703 = ( GEOMETRIC_REPRESENTATION_CONTEXT(2) 
PARAMETRIC_REPRESENTATION_CONTEXT() REPRESENTATION_CONTEXT('2D SPACE',''
  ) );
#2704 = ORIENTED_EDGE('',*,*,#2705,.T.);
#2705 = EDGE_CURVE('',#2683,#2706,#2708,.T.);
#2706 = VERTEX_POINT('',#2707);
#2707 = CARTESIAN_POINT('',(-18.5,38.5,26.));
#2708 = SURFACE_CURVE('',#2709,(#2713,#2720),.PCURVE_S1.);
#2709 = LINE('',#2710,#2711);
#2710 = CARTESIAN_POINT('',(-18.5,38.5,16.));
#2711 = VECTOR('',#2712,1.);
#2712 = DIRECTION('',(0.,0.,1.));
#2713 = PCURVE('',#653,#2714);
#2714 = DEFINITIONAL_REPRESENTATION('',(#2715),#2719);
#2715 = LINE('',#2716,#2717);
#2716 = CARTESIAN_POINT('',(-10.1223578231,-38.5));
#2717 = VECTOR('',#2718,1.);
#2718 = DIRECTION('',(1.,0.));
#2719 = ( GEOMETRIC_REPRESENTATION_CONTEXT(2) 
PARAMETRIC_REPRESENTATION_CONTEXT() REPRESENTATION_CONTEXT('2D SPACE',''
  ) );
#2720 = PCURVE('',#2222,#2721);
#2721 = DEFINITIONAL_REPRESENTATION('',(#2722),#2726);
#2722 = LINE('',#2723,#2724);
#2723 = CARTESIAN_POINT('',(0.,9.));
#2724 = VECTOR('',#2725,1.);
#2725 = DIRECTION('',(1.,0.));
#2726 = ( GEOMETRIC_REPRESENTATION_CONTEXT(2) 
PARAMETRIC_REPRESENTATION_CONTEXT() REPRESENTATION_CONTEXT('2D SPACE',''
  ) );
#2727 = ORIENTED_EDGE('',*,*,#2728,.F.);
#2728 = EDGE_CURVE('',#2729,#2706,#2731,.T.);
#2729 = VERTEX_POINT('',#2730);
#2730 = CARTESIAN_POINT('',(-18.5,13.286842105263,26.));
#2731 = SURFACE_CURVE('',#2732,(#2736,#2743),.PCURVE_S1.);
#2732 = LINE('',#2733,#2734);
#2733 = CARTESIAN_POINT('',(-18.5,-38.5,26.));
#2734 = VECTOR('',#2735,1.);
#2735 = DIRECTION('',(0.,1.,0.));
#2736 = PCURVE('',#653,#2737);
#2737 = DEFINITIONAL_REPRESENTATION('',(#2738),#2742);
#2738 = LINE('',#2739,#2740);
#2739 = CARTESIAN_POINT('',(-0.122357823109,38.5));
#2740 = VECTOR('',#2741,1.);
#2741 = DIRECTION('',(0.,-1.));
#2742 = ( GEOMETRIC_REPRESENTATION_CONTEXT(2) 
PARAMETRIC_REPRESENTATION_CONTEXT() REPRESENTATION_CONTEXT('2D SPACE',''
  ) );
#2743 = PCURVE('',#2250,#2744);
#2744 = DEFINITIONAL_REPRESENTATION('',(#2745),#2749);
#2745 = LINE('',#2746,#2747);
#2746 = CARTESIAN_POINT('',(31.5,11.5));
#2747 = VECTOR('',#2748,1.);
#2748 = DIRECTION('',(0.,1.));
#2749 = ( GEOMETRIC_REPRESENTATION_CONTEXT(2) 
PARAMETRIC_REPRESENTATION_CONTEXT() REPRESENTATION_CONTEXT('2D SPACE',''
  ) );
#2750 = ORIENTED_EDGE('',*,*,#2751,.T.);
#2751 = EDGE_CURVE('',#2729,#2752,#2754,.T.);
#2752 = VERTEX_POINT('',#2753);
#2753 = CARTESIAN_POINT('',(-18.5,-13.28684210526,26.));
#2754 = SURFACE_CURVE('',#2755,(#2824,#2896),.PCURVE_S1.);
#2755 = B_SPLINE_CURVE_WITH_KNOTS('',7,(#2756,#2757,#2758,#2759,#2760,
    #2761,#2762,#2763,#2764,#2765,#2766,#2767,#2768,#2769,#2770,#2771,
    #2772,#2773,#2774,#2775,#2776,#2777,#2778,#2779,#2780,#2781,#2782,
    #2783,#2784,#2785,#2786,#2787,#2788,#2789,#2790,#2791,#2792,#2793,
    #2794,#2795,#2796,#2797,#2798,#2799,#2800,#2801,#2802,#2803,#2804,
    #2805,#2806,#2807,#2808,#2809,#2810,#2811,#2812,#2813,#2814,#2815,
    #2816,#2817,#2818,#2819,#2820,#2821,#2822,#2823),.UNSPECIFIED.,.F.,
  .F.,(8,6,6,6,6,6,6,6,6,6,6,8),(0.,0.182889287709,0.269436666844,
    0.350512172632,0.39739152907,0.428463518508,0.49999957488,
    0.602605754609,0.649485431486,0.730561491455,0.817109462174,1.),
  .UNSPECIFIED.);
#2756 = CARTESIAN_POINT('',(-18.5,13.286842105263,26.));
#2757 = CARTESIAN_POINT('',(-18.5,13.286842105263,24.870049421336));
#2758 = CARTESIAN_POINT('',(-18.5,13.189158726173,23.740147668863));
#2759 = CARTESIAN_POINT('',(-18.5,12.993807074777,22.620287350862));
#2760 = CARTESIAN_POINT('',(-18.5,12.701461799569,21.520702938296));
#2761 = CARTESIAN_POINT('',(-18.5,12.313663487912,20.451819492492));
#2762 = CARTESIAN_POINT('',(-18.5,11.832915763065,19.424226035376));
#2763 = CARTESIAN_POINT('',(-18.5,10.99324820503,17.986899909904));
#2764 = CARTESIAN_POINT('',(-18.5,10.703573641723,17.536872631879));
#2765 = CARTESIAN_POINT('',(-18.5,10.394354834319,17.099660784896));
#2766 = CARTESIAN_POINT('',(-18.5,10.06607797542,16.676423023039));
#2767 = CARTESIAN_POINT('',(-18.5,9.719310340565,16.268317578454));
#2768 = CARTESIAN_POINT('',(-18.5,9.354710809927,15.876493688284));
#2769 = CARTESIAN_POINT('',(-18.5,8.615500708876,15.151344102917));
#2770 = CARTESIAN_POINT('',(-18.5,8.242975902108,14.815881206886));
#2771 = CARTESIAN_POINT('',(-18.5,7.856098451812,14.496631498699));
#2772 = CARTESIAN_POINT('',(-18.5,7.455574052425,14.19450581868));
#2773 = CARTESIAN_POINT('',(-18.5,7.042185992109,13.91038280886));
#2774 = CARTESIAN_POINT('',(-18.5,6.616802767174,13.645098470133));
#2775 = CARTESIAN_POINT('',(-18.5,5.928046379786,13.257381763408));
#2776 = CARTESIAN_POINT('',(-18.5,5.672014156959,13.121890100983));
#2777 = CARTESIAN_POINT('',(-18.5,5.412478194509,12.99310641578));
#2778 = CARTESIAN_POINT('',(-18.5,5.149632627263,12.871173321102));
#2779 = CARTESIAN_POINT('',(-18.5,4.883680123344,12.756225033847));
#2780 = CARTESIAN_POINT('',(-18.5,4.614832216115,12.648386617856));
#2781 = CARTESIAN_POINT('',(-18.5,4.163342431407,12.481085916499));
#2782 = CARTESIAN_POINT('',(-18.5,3.982199856662,12.417572475518));
#2783 = CARTESIAN_POINT('',(-18.5,3.799946035504,12.357266479848));
#2784 = CARTESIAN_POINT('',(-18.5,3.61664643943,12.300199289911));
#2785 = CARTESIAN_POINT('',(-18.5,3.432367887823,12.246400051004));
#2786 = CARTESIAN_POINT('',(-18.5,3.247178547954,12.195895693297));
#2787 = CARTESIAN_POINT('',(-18.5,2.632855551448,12.040078951172));
#2788 = CARTESIAN_POINT('',(-18.5,2.200095084741,11.949040109025));
#2789 = CARTESIAN_POINT('',(-18.5,1.763727188217,11.875897846315));
#2790 = CARTESIAN_POINT('',(-18.5,1.324629842799,11.820883591873));
#2791 = CARTESIAN_POINT('',(-18.5,0.883698317171,11.784154214275));
#2792 = CARTESIAN_POINT('',(-18.5,0.441845127973,11.765789473684));
#2793 = CARTESIAN_POINT('',(-18.5,-0.633750907049,11.765789473684));
#2794 = CARTESIAN_POINT('',(-18.5,-1.267547631199,11.803570597957));
#2795 = CARTESIAN_POINT('',(-18.5,-1.898603480472,11.879142132171));
#2796 = CARTESIAN_POINT('',(-18.5,-2.524238978626,11.992150389131));
#2797 = CARTESIAN_POINT('',(-18.5,-3.141873727688,12.141936995085));
#2798 = CARTESIAN_POINT('',(-18.5,-3.749024510908,12.327559345064));
#2799 = CARTESIAN_POINT('',(-18.5,-4.614832216111,12.648386617855));
#2800 = CARTESIAN_POINT('',(-18.5,-4.88368012334,12.756225033846));
#2801 = CARTESIAN_POINT('',(-18.5,-5.14963262726,12.8711733211));
#2802 = CARTESIAN_POINT('',(-18.5,-5.412478194506,12.993106415778));
#2803 = CARTESIAN_POINT('',(-18.5,-5.672014156956,13.121890100981));
#2804 = CARTESIAN_POINT('',(-18.5,-5.928046379783,13.257381763406));
#2805 = CARTESIAN_POINT('',(-18.5,-6.616802767172,13.645098470132));
#2806 = CARTESIAN_POINT('',(-18.5,-7.042185992105,13.910382808857));
#2807 = CARTESIAN_POINT('',(-18.5,-7.455574052423,14.194505818678));
#2808 = CARTESIAN_POINT('',(-18.5,-7.85609845181,14.496631498697));
#2809 = CARTESIAN_POINT('',(-18.5,-8.242975902104,14.815881206883));
#2810 = CARTESIAN_POINT('',(-18.5,-8.615500708873,15.151344102915));
#2811 = CARTESIAN_POINT('',(-18.5,-9.354710809924,15.876493688281));
#2812 = CARTESIAN_POINT('',(-18.5,-9.719310340562,16.268317578452));
#2813 = CARTESIAN_POINT('',(-18.5,-10.06607797541,16.676423023037));
#2814 = CARTESIAN_POINT('',(-18.5,-10.39435483431,17.099660784893));
#2815 = CARTESIAN_POINT('',(-18.5,-10.70357364172,17.536872631876));
#2816 = CARTESIAN_POINT('',(-18.5,-10.99324820502,17.986899909901));
#2817 = CARTESIAN_POINT('',(-18.5,-11.83291576306,19.424226035373));
#2818 = CARTESIAN_POINT('',(-18.5,-12.31366348791,20.451819492488));
#2819 = CARTESIAN_POINT('',(-18.5,-12.70146179956,21.520702938302));
#2820 = CARTESIAN_POINT('',(-18.5,-12.99380707477,22.62028735085));
#2821 = CARTESIAN_POINT('',(-18.5,-13.18915872617,23.740147668869));
#2822 = CARTESIAN_POINT('',(-18.5,-13.28684210526,24.870049421334));
#2823 = CARTESIAN_POINT('',(-18.5,-13.28684210526,26.));
#2824 = PCURVE('',#653,#2825);
#2825 = DEFINITIONAL_REPRESENTATION('',(#2826),#2895);
#2826 = B_SPLINE_CURVE_WITH_KNOTS('',7,(#2827,#2828,#2829,#2830,#2831,
    #2832,#2833,#2834,#2835,#2836,#2837,#2838,#2839,#2840,#2841,#2842,
    #2843,#2844,#2845,#2846,#2847,#2848,#2849,#2850,#2851,#2852,#2853,
    #2854,#2855,#2856,#2857,#2858,#2859,#2860,#2861,#2862,#2863,#2864,
    #2865,#2866,#2867,#2868,#2869,#2870,#2871,#2872,#2873,#2874,#2875,
    #2876,#2877,#2878,#2879,#2880,#2881,#2882,#2883,#2884,#2885,#2886,
    #2887,#2888,#2889,#2890,#2891,#2892,#2893,#2894),.UNSPECIFIED.,.F.,
  .F.,(8,6,6,6,6,6,6,6,6,6,6,8),(0.,0.182889287709,0.269436666844,
    0.350512172632,0.39739152907,0.428463518508,0.49999957488,
    0.602605754609,0.649485431486,0.730561491455,0.817109462174,1.),
  .UNSPECIFIED.);
#2827 = CARTESIAN_POINT('',(-0.122357823109,-13.28684210526));
#2828 = CARTESIAN_POINT('',(-1.252308401773,-13.28684210526));
#2829 = CARTESIAN_POINT('',(-2.382210154246,-13.18915872617));
#2830 = CARTESIAN_POINT('',(-3.502070472247,-12.99380707477));
#2831 = CARTESIAN_POINT('',(-4.601654884813,-12.70146179956));
#2832 = CARTESIAN_POINT('',(-5.670538330617,-12.31366348791));
#2833 = CARTESIAN_POINT('',(-6.698131787733,-11.83291576306));
#2834 = CARTESIAN_POINT('',(-8.135457913205,-10.99324820503));
#2835 = CARTESIAN_POINT('',(-8.58548519123,-10.70357364172));
#2836 = CARTESIAN_POINT('',(-9.022697038213,-10.39435483431));
#2837 = CARTESIAN_POINT('',(-9.44593480007,-10.06607797542));
#2838 = CARTESIAN_POINT('',(-9.854040244655,-9.719310340565));
#2839 = CARTESIAN_POINT('',(-10.24586413482,-9.354710809927));
#2840 = CARTESIAN_POINT('',(-10.97101372019,-8.615500708876));
#2841 = CARTESIAN_POINT('',(-11.30647661622,-8.242975902108));
#2842 = CARTESIAN_POINT('',(-11.62572632441,-7.856098451812));
#2843 = CARTESIAN_POINT('',(-11.92785200442,-7.455574052425));
#2844 = CARTESIAN_POINT('',(-12.21197501424,-7.042185992109));
#2845 = CARTESIAN_POINT('',(-12.47725935297,-6.616802767174));
#2846 = CARTESIAN_POINT('',(-12.8649760597,-5.928046379786));
#2847 = CARTESIAN_POINT('',(-13.00046772212,-5.672014156959));
#2848 = CARTESIAN_POINT('',(-13.12925140732,-5.412478194509));
#2849 = CARTESIAN_POINT('',(-13.251184502,-5.149632627263));
#2850 = CARTESIAN_POINT('',(-13.36613278926,-4.883680123344));
#2851 = CARTESIAN_POINT('',(-13.47397120525,-4.614832216115));
#2852 = CARTESIAN_POINT('',(-13.64127190661,-4.163342431407));
#2853 = CARTESIAN_POINT('',(-13.70478534759,-3.982199856662));
#2854 = CARTESIAN_POINT('',(-13.76509134326,-3.799946035504));
#2855 = CARTESIAN_POINT('',(-13.82215853319,-3.61664643943));
#2856 = CARTESIAN_POINT('',(-13.8759577721,-3.432367887823));
#2857 = CARTESIAN_POINT('',(-13.92646212981,-3.247178547954));
#2858 = CARTESIAN_POINT('',(-14.08227887193,-2.632855551448));
#2859 = CARTESIAN_POINT('',(-14.17331771408,-2.200095084741));
#2860 = CARTESIAN_POINT('',(-14.24645997679,-1.763727188217));
#2861 = CARTESIAN_POINT('',(-14.30147423123,-1.324629842799));
#2862 = CARTESIAN_POINT('',(-14.33820360883,-0.883698317171));
#2863 = CARTESIAN_POINT('',(-14.35656834942,-0.441845127973));
#2864 = CARTESIAN_POINT('',(-14.35656834942,0.633750907049));
#2865 = CARTESIAN_POINT('',(-14.31878722515,1.267547631199));
#2866 = CARTESIAN_POINT('',(-14.24321569093,1.898603480472));
#2867 = CARTESIAN_POINT('',(-14.13020743397,2.524238978626));
#2868 = CARTESIAN_POINT('',(-13.98042082802,3.141873727688));
#2869 = CARTESIAN_POINT('',(-13.79479847804,3.749024510908));
#2870 = CARTESIAN_POINT('',(-13.47397120525,4.614832216111));
#2871 = CARTESIAN_POINT('',(-13.36613278926,4.88368012334));
#2872 = CARTESIAN_POINT('',(-13.251184502,5.14963262726));
#2873 = CARTESIAN_POINT('',(-13.12925140733,5.412478194506));
#2874 = CARTESIAN_POINT('',(-13.00046772212,5.672014156956));
#2875 = CARTESIAN_POINT('',(-12.8649760597,5.928046379783));
#2876 = CARTESIAN_POINT('',(-12.47725935297,6.616802767172));
#2877 = CARTESIAN_POINT('',(-12.21197501425,7.042185992105));
#2878 = CARTESIAN_POINT('',(-11.92785200443,7.455574052423));
#2879 = CARTESIAN_POINT('',(-11.62572632441,7.85609845181));
#2880 = CARTESIAN_POINT('',(-11.30647661622,8.242975902104));
#2881 = CARTESIAN_POINT('',(-10.97101372019,8.615500708873));
#2882 = CARTESIAN_POINT('',(-10.24586413482,9.354710809924));
#2883 = CARTESIAN_POINT('',(-9.854040244657,9.719310340562));
#2884 = CARTESIAN_POINT('',(-9.445934800072,10.066077975418));
#2885 = CARTESIAN_POINT('',(-9.022697038216,10.394354834317));
#2886 = CARTESIAN_POINT('',(-8.585485191233,10.703573641721));
#2887 = CARTESIAN_POINT('',(-8.135457913208,10.993248205028));
#2888 = CARTESIAN_POINT('',(-6.698131787736,11.832915763063));
#2889 = CARTESIAN_POINT('',(-5.670538330621,12.313663487912));
#2890 = CARTESIAN_POINT('',(-4.601654884807,12.701461799566));
#2891 = CARTESIAN_POINT('',(-3.502070472259,12.993807074779));
#2892 = CARTESIAN_POINT('',(-2.38221015424,13.189158726172));
#2893 = CARTESIAN_POINT('',(-1.252308401775,13.286842105263));
#2894 = CARTESIAN_POINT('',(-0.122357823109,13.286842105263));
#2895 = ( GEOMETRIC_REPRESENTATION_CONTEXT(2) 
PARAMETRIC_REPRESENTATION_CONTEXT() REPRESENTATION_CONTEXT('2D SPACE',''
  ) );
#2896 = PCURVE('',#2408,#2897);
#2897 = DEFINITIONAL_REPRESENTATION('',(#2898),#2967);
#2898 = B_SPLINE_CURVE_WITH_KNOTS('',7,(#2899,#2900,#2901,#2902,#2903,
    #2904,#2905,#2906,#2907,#2908,#2909,#2910,#2911,#2912,#2913,#2914,
    #2915,#2916,#2917,#2918,#2919,#2920,#2921,#2922,#2923,#2924,#2925,
    #2926,#2927,#2928,#2929,#2930,#2931,#2932,#2933,#2934,#2935,#2936,
    #2937,#2938,#2939,#2940,#2941,#2942,#2943,#2944,#2945,#2946,#2947,
    #2948,#2949,#2950,#2951,#2952,#2953,#2954,#2955,#2956,#2957,#2958,
    #2959,#2960,#2961,#2962,#2963,#2964,#2965,#2966),.UNSPECIFIED.,.F.,
  .F.,(8,6,6,6,6,6,6,6,6,6,6,8),(0.,0.182889287709,0.269436666844,
    0.350512172632,0.39739152907,0.428463518508,0.49999957488,
    0.602605754609,0.649485431486,0.730561491455,0.817109462174,1.),
  .UNSPECIFIED.);
#2899 = CARTESIAN_POINT('',(4.712388980385,-10.));
#2900 = CARTESIAN_POINT('',(4.633006244224,-10.));
#2901 = CARTESIAN_POINT('',(4.553626923821,-10.));
#2902 = CARTESIAN_POINT('',(4.474136081522,-10.));
#2903 = CARTESIAN_POINT('',(4.394435586813,-10.));
#2904 = CARTESIAN_POINT('',(4.314433895972,-10.));
#2905 = CARTESIAN_POINT('',(4.234043419491,-10.));
#2906 = CARTESIAN_POINT('',(4.11492167207,-10.));
#2907 = CARTESIAN_POINT('',(4.076555552814,-10.));
#2908 = CARTESIAN_POINT('',(4.038080833054,-10.));
#2909 = CARTESIAN_POINT('',(3.999492110931,-10.));
#2910 = CARTESIAN_POINT('',(3.960785221743,-10.));
#2911 = CARTESIAN_POINT('',(3.921957579726,-10.));
#2912 = CARTESIAN_POINT('',(3.846521976143,-10.));
#2913 = CARTESIAN_POINT('',(3.809928415642,-10.));
#2914 = CARTESIAN_POINT('',(3.773228061009,-10.));
#2915 = CARTESIAN_POINT('',(3.736421892034,-10.));
#2916 = CARTESIAN_POINT('',(3.699511932398,-10.));
#2917 = CARTESIAN_POINT('',(3.662501857343,-10.));
#2918 = CARTESIAN_POINT('',(3.603943740959,-10.));
#2919 = CARTESIAN_POINT('',(3.582458031383,-10.));
#2920 = CARTESIAN_POINT('',(3.560941965723,-10.));
#2921 = CARTESIAN_POINT('',(3.539396792129,-10.));
#2922 = CARTESIAN_POINT('',(3.517823893285,-10.));
#2923 = CARTESIAN_POINT('',(3.496224845012,-10.));
#2924 = CARTESIAN_POINT('',(3.460269342783,-10.));
#2925 = CARTESIAN_POINT('',(3.445926501517,-10.));
#2926 = CARTESIAN_POINT('',(3.431573464026,-10.));
#2927 = CARTESIAN_POINT('',(3.417210768949,-10.));
#2928 = CARTESIAN_POINT('',(3.402838980617,-10.));
#2929 = CARTESIAN_POINT('',(3.38845868905,-10.));
#2930 = CARTESIAN_POINT('',(3.340945061297,-10.));
#2931 = CARTESIAN_POINT('',(3.307777130378,-10.));
#2932 = CARTESIAN_POINT('',(3.274575311045,-10.));
#2933 = CARTESIAN_POINT('',(3.241347581553,-10.));
#2934 = CARTESIAN_POINT('',(3.208101931842,-10.));
#2935 = CARTESIAN_POINT('',(3.174846990811,-10.));
#2936 = CARTESIAN_POINT('',(3.093895021449,-10.));
#2937 = CARTESIAN_POINT('',(3.046193957689,-10.));
#2938 = CARTESIAN_POINT('',(2.99852186112,-10.));
#2939 = CARTESIAN_POINT('',(2.950903263985,-10.));
#2940 = CARTESIAN_POINT('',(2.903359249421,-10.));
#2941 = CARTESIAN_POINT('',(2.855911193566,-10.));
#2942 = CARTESIAN_POINT('',(2.786960462168,-10.));
#2943 = CARTESIAN_POINT('',(2.765361413895,-10.));
#2944 = CARTESIAN_POINT('',(2.743788515051,-10.));
#2945 = CARTESIAN_POINT('',(2.722243341456,-10.));
#2946 = CARTESIAN_POINT('',(2.700727275797,-10.));
#2947 = CARTESIAN_POINT('',(2.679241566221,-10.));
#2948 = CARTESIAN_POINT('',(2.620683449837,-10.));
#2949 = CARTESIAN_POINT('',(2.583673374782,-10.));
#2950 = CARTESIAN_POINT('',(2.546763415146,-10.));
#2951 = CARTESIAN_POINT('',(2.509957246171,-10.));
#2952 = CARTESIAN_POINT('',(2.473256891538,-10.));
#2953 = CARTESIAN_POINT('',(2.436663331037,-10.));
#2954 = CARTESIAN_POINT('',(2.361227727454,-10.));
#2955 = CARTESIAN_POINT('',(2.322400085436,-10.));
#2956 = CARTESIAN_POINT('',(2.283693196249,-10.));
#2957 = CARTESIAN_POINT('',(2.245104474126,-10.));
#2958 = CARTESIAN_POINT('',(2.206629754366,-10.));
#2959 = CARTESIAN_POINT('',(2.16826363511,-10.));
#2960 = CARTESIAN_POINT('',(2.049141887688,-10.));
#2961 = CARTESIAN_POINT('',(1.968751411208,-10.));
#2962 = CARTESIAN_POINT('',(1.888749720364,-10.));
#2963 = CARTESIAN_POINT('',(1.80904922566,-10.));
#2964 = CARTESIAN_POINT('',(1.729558383357,-10.));
#2965 = CARTESIAN_POINT('',(1.650179062956,-10.));
#2966 = CARTESIAN_POINT('',(1.570796326795,-10.));
#2967 = ( GEOMETRIC_REPRESENTATION_CONTEXT(2) 
PARAMETRIC_REPRESENTATION_CONTEXT() REPRESENTATION_CONTEXT('2D SPACE',''
  ) );
#2968 = ORIENTED_EDGE('',*,*,#2969,.F.);
#2969 = EDGE_CURVE('',#2970,#2752,#2972,.T.);
#2970 = VERTEX_POINT('',#2971);
#2971 = CARTESIAN_POINT('',(-18.5,-38.5,26.));
#2972 = SURFACE_CURVE('',#2973,(#2977,#2984),.PCURVE_S1.);
#2973 = LINE('',#2974,#2975);
#2974 = CARTESIAN_POINT('',(-18.5,-38.5,26.));
#2975 = VECTOR('',#2976,1.);
#2976 = DIRECTION('',(0.,1.,0.));
#2977 = PCURVE('',#653,#2978);
#2978 = DEFINITIONAL_REPRESENTATION('',(#2979),#2983);
#2979 = LINE('',#2980,#2981);
#2980 = CARTESIAN_POINT('',(-0.122357823109,38.5));
#2981 = VECTOR('',#2982,1.);
#2982 = DIRECTION('',(0.,-1.));
#2983 = ( GEOMETRIC_REPRESENTATION_CONTEXT(2) 
PARAMETRIC_REPRESENTATION_CONTEXT() REPRESENTATION_CONTEXT('2D SPACE',''
  ) );
#2984 = PCURVE('',#2504,#2985);
#2985 = DEFINITIONAL_REPRESENTATION('',(#2986),#2990);
#2986 = LINE('',#2987,#2988);
#2987 = CARTESIAN_POINT('',(31.5,11.5));
#2988 = VECTOR('',#2989,1.);
#2989 = DIRECTION('',(0.,1.));
#2990 = ( GEOMETRIC_REPRESENTATION_CONTEXT(2) 
PARAMETRIC_REPRESENTATION_CONTEXT() REPRESENTATION_CONTEXT('2D SPACE',''
  ) );
#2991 = ORIENTED_EDGE('',*,*,#2992,.F.);
#2992 = EDGE_CURVE('',#2993,#2970,#2995,.T.);
#2993 = VERTEX_POINT('',#2994);
#2994 = CARTESIAN_POINT('',(-18.5,-38.5,16.));
#2995 = SURFACE_CURVE('',#2996,(#3000,#3007),.PCURVE_S1.);
#2996 = LINE('',#2997,#2998);
#2997 = CARTESIAN_POINT('',(-18.5,-38.5,16.));
#2998 = VECTOR('',#2999,1.);
#2999 = DIRECTION('',(0.,0.,1.));
#3000 = PCURVE('',#653,#3001);
#3001 = DEFINITIONAL_REPRESENTATION('',(#3002),#3006);
#3002 = LINE('',#3003,#3004);
#3003 = CARTESIAN_POINT('',(-10.1223578231,38.5));
#3004 = VECTOR('',#3005,1.);
#3005 = DIRECTION('',(1.,0.));
#3006 = ( GEOMETRIC_REPRESENTATION_CONTEXT(2) 
PARAMETRIC_REPRESENTATION_CONTEXT() REPRESENTATION_CONTEXT('2D SPACE',''
  ) );
#3007 = PCURVE('',#2139,#3008);
#3008 = DEFINITIONAL_REPRESENTATION('',(#3009),#3013);
#3009 = LINE('',#3010,#3011);
#3010 = CARTESIAN_POINT('',(0.,9.));
#3011 = VECTOR('',#3012,1.);
#3012 = DIRECTION('',(1.,0.));
#3013 = ( GEOMETRIC_REPRESENTATION_CONTEXT(2) 
PARAMETRIC_REPRESENTATION_CONTEXT() REPRESENTATION_CONTEXT('2D SPACE',''
  ) );
#3014 = ORIENTED_EDGE('',*,*,#3015,.T.);
#3015 = EDGE_CURVE('',#2993,#2634,#3016,.T.);
#3016 = SURFACE_CURVE('',#3017,(#3021,#3028),.PCURVE_S1.);
#3017 = LINE('',#3018,#3019);
#3018 = CARTESIAN_POINT('',(-18.5,-38.5,16.));
#3019 = VECTOR('',#3020,1.);
#3020 = DIRECTION('',(0.,1.,0.));
#3021 = PCURVE('',#653,#3022);
#3022 = DEFINITIONAL_REPRESENTATION('',(#3023),#3027);
#3023 = LINE('',#3024,#3025);
#3024 = CARTESIAN_POINT('',(-10.1223578231,38.5));
#3025 = VECTOR('',#3026,1.);
#3026 = DIRECTION('',(0.,-1.));
#3027 = ( GEOMETRIC_REPRESENTATION_CONTEXT(2) 
PARAMETRIC_REPRESENTATION_CONTEXT() REPRESENTATION_CONTEXT('2D SPACE',''
  ) );
#3028 = PCURVE('',#1987,#3029);
#3029 = DEFINITIONAL_REPRESENTATION('',(#3030),#3034);
#3030 = LINE('',#3031,#3032);
#3031 = CARTESIAN_POINT('',(9.,0.));
#3032 = VECTOR('',#3033,1.);
#3033 = DIRECTION('',(0.,1.));
#3034 = ( GEOMETRIC_REPRESENTATION_CONTEXT(2) 
PARAMETRIC_REPRESENTATION_CONTEXT() REPRESENTATION_CONTEXT('2D SPACE',''
  ) );
#3035 = ORIENTED_EDGE('',*,*,#2633,.F.);
#3036 = ADVANCED_FACE('',(#3037),#710,.T.);
#3037 = FACE_BOUND('',#3038,.T.);
#3038 = EDGE_LOOP('',(#3039,#3062,#3090,#3111));
#3039 = ORIENTED_EDGE('',*,*,#3040,.F.);
#3040 = EDGE_CURVE('',#3041,#696,#3043,.T.);
#3041 = VERTEX_POINT('',#3042);
#3042 = CARTESIAN_POINT('',(20.,-18.,16.));
#3043 = SURFACE_CURVE('',#3044,(#3048,#3055),.PCURVE_S1.);
#3044 = LINE('',#3045,#3046);
#3045 = CARTESIAN_POINT('',(20.,-18.,16.));
#3046 = VECTOR('',#3047,1.);
#3047 = DIRECTION('',(0.,0.,-1.));
#3048 = PCURVE('',#710,#3049);
#3049 = DEFINITIONAL_REPRESENTATION('',(#3050),#3054);
#3050 = LINE('',#3051,#3052);
#3051 = CARTESIAN_POINT('',(0.,0.));
#3052 = VECTOR('',#3053,1.);
#3053 = DIRECTION('',(1.,0.));
#3054 = ( GEOMETRIC_REPRESENTATION_CONTEXT(2) 
PARAMETRIC_REPRESENTATION_CONTEXT() REPRESENTATION_CONTEXT('2D SPACE',''
  ) );
#3055 = PCURVE('',#786,#3056);
#3056 = DEFINITIONAL_REPRESENTATION('',(#3057),#3061);
#3057 = LINE('',#3058,#3059);
#3058 = CARTESIAN_POINT('',(-2.72215329431,-8.47215329431));
#3059 = VECTOR('',#3060,1.);
#3060 = DIRECTION('',(1.,0.));
#3061 = ( GEOMETRIC_REPRESENTATION_CONTEXT(2) 
PARAMETRIC_REPRESENTATION_CONTEXT() REPRESENTATION_CONTEXT('2D SPACE',''
  ) );
#3062 = ORIENTED_EDGE('',*,*,#3063,.T.);
#3063 = EDGE_CURVE('',#3041,#3064,#3066,.T.);
#3064 = VERTEX_POINT('',#3065);
#3065 = CARTESIAN_POINT('',(26.,-18.,16.));
#3066 = SURFACE_CURVE('',#3067,(#3071,#3078),.PCURVE_S1.);
#3067 = LINE('',#3068,#3069);
#3068 = CARTESIAN_POINT('',(20.,-18.,16.));
#3069 = VECTOR('',#3070,1.);
#3070 = DIRECTION('',(1.,0.,0.));
#3071 = PCURVE('',#710,#3072);
#3072 = DEFINITIONAL_REPRESENTATION('',(#3073),#3077);
#3073 = LINE('',#3074,#3075);
#3074 = CARTESIAN_POINT('',(0.,0.));
#3075 = VECTOR('',#3076,1.);
#3076 = DIRECTION('',(0.,-1.));
#3077 = ( GEOMETRIC_REPRESENTATION_CONTEXT(2) 
PARAMETRIC_REPRESENTATION_CONTEXT() REPRESENTATION_CONTEXT('2D SPACE',''
  ) );
#3078 = PCURVE('',#3079,#3084);
#3079 = PLANE('',#3080);
#3080 = AXIS2_PLACEMENT_3D('',#3081,#3082,#3083);
#3081 = CARTESIAN_POINT('',(18.5,-38.5,16.));
#3082 = DIRECTION('',(0.,0.,1.));
#3083 = DIRECTION('',(1.,0.,0.));
#3084 = DEFINITIONAL_REPRESENTATION('',(#3085),#3089);
#3085 = LINE('',#3086,#3087);
#3086 = CARTESIAN_POINT('',(1.5,20.5));
#3087 = VECTOR('',#3088,1.);
#3088 = DIRECTION('',(1.,0.));
#3089 = ( GEOMETRIC_REPRESENTATION_CONTEXT(2) 
PARAMETRIC_REPRESENTATION_CONTEXT() REPRESENTATION_CONTEXT('2D SPACE',''
  ) );
#3090 = ORIENTED_EDGE('',*,*,#3091,.T.);
#3091 = EDGE_CURVE('',#3064,#694,#3092,.T.);
#3092 = SURFACE_CURVE('',#3093,(#3097,#3104),.PCURVE_S1.);
#3093 = LINE('',#3094,#3095);
#3094 = CARTESIAN_POINT('',(26.,-18.,16.));
#3095 = VECTOR('',#3096,1.);
#3096 = DIRECTION('',(0.,0.,-1.));
#3097 = PCURVE('',#710,#3098);
#3098 = DEFINITIONAL_REPRESENTATION('',(#3099),#3103);
#3099 = LINE('',#3100,#3101);
#3100 = CARTESIAN_POINT('',(0.,-6.));
#3101 = VECTOR('',#3102,1.);
#3102 = DIRECTION('',(1.,0.));
#3103 = ( GEOMETRIC_REPRESENTATION_CONTEXT(2) 
PARAMETRIC_REPRESENTATION_CONTEXT() REPRESENTATION_CONTEXT('2D SPACE',''
  ) );
#3104 = PCURVE('',#736,#3105);
#3105 = DEFINITIONAL_REPRESENTATION('',(#3106),#3110);
#3106 = LINE('',#3107,#3108);
#3107 = CARTESIAN_POINT('',(-2.72215329431,-8.47215329431));
#3108 = VECTOR('',#3109,1.);
#3109 = DIRECTION('',(1.,0.));
#3110 = ( GEOMETRIC_REPRESENTATION_CONTEXT(2) 
PARAMETRIC_REPRESENTATION_CONTEXT() REPRESENTATION_CONTEXT('2D SPACE',''
  ) );
#3111 = ORIENTED_EDGE('',*,*,#693,.T.);
#3112 = ADVANCED_FACE('',(#3113),#736,.F.);
#3113 = FACE_BOUND('',#3114,.F.);
#3114 = EDGE_LOOP('',(#3115,#3116,#3139,#3160));
#3115 = ORIENTED_EDGE('',*,*,#721,.T.);
#3116 = ORIENTED_EDGE('',*,*,#3117,.T.);
#3117 = EDGE_CURVE('',#722,#3118,#3120,.T.);
#3118 = VERTEX_POINT('',#3119);
#3119 = CARTESIAN_POINT('',(26.,-38.5,16.));
#3120 = SURFACE_CURVE('',#3121,(#3125,#3132),.PCURVE_S1.);
#3121 = LINE('',#3122,#3123);
#3122 = CARTESIAN_POINT('',(26.,-18.,7.));
#3123 = VECTOR('',#3124,1.);
#3124 = DIRECTION('',(0.,-0.915644030191,0.401990062035));
#3125 = PCURVE('',#736,#3126);
#3126 = DEFINITIONAL_REPRESENTATION('',(#3127),#3131);
#3127 = LINE('',#3128,#3129);
#3128 = CARTESIAN_POINT('',(6.27784670569,-8.47215329431));
#3129 = VECTOR('',#3130,1.);
#3130 = DIRECTION('',(-0.401990062035,0.915644030191));
#3131 = ( GEOMETRIC_REPRESENTATION_CONTEXT(2) 
PARAMETRIC_REPRESENTATION_CONTEXT() REPRESENTATION_CONTEXT('2D SPACE',''
  ) );
#3132 = PCURVE('',#762,#3133);
#3133 = DEFINITIONAL_REPRESENTATION('',(#3134),#3138);
#3134 = LINE('',#3135,#3136);
#3135 = CARTESIAN_POINT('',(0.,-6.));
#3136 = VECTOR('',#3137,1.);
#3137 = DIRECTION('',(1.,0.));
#3138 = ( GEOMETRIC_REPRESENTATION_CONTEXT(2) 
PARAMETRIC_REPRESENTATION_CONTEXT() REPRESENTATION_CONTEXT('2D SPACE',''
  ) );
#3139 = ORIENTED_EDGE('',*,*,#3140,.T.);
#3140 = EDGE_CURVE('',#3118,#3064,#3141,.T.);
#3141 = SURFACE_CURVE('',#3142,(#3146,#3153),.PCURVE_S1.);
#3142 = LINE('',#3143,#3144);
#3143 = CARTESIAN_POINT('',(26.,-38.5,16.));
#3144 = VECTOR('',#3145,1.);
#3145 = DIRECTION('',(0.,1.,0.));
#3146 = PCURVE('',#736,#3147);
#3147 = DEFINITIONAL_REPRESENTATION('',(#3148),#3152);
#3148 = LINE('',#3149,#3150);
#3149 = CARTESIAN_POINT('',(-2.72215329431,12.02784670569));
#3150 = VECTOR('',#3151,1.);
#3151 = DIRECTION('',(0.,-1.));
#3152 = ( GEOMETRIC_REPRESENTATION_CONTEXT(2) 
PARAMETRIC_REPRESENTATION_CONTEXT() REPRESENTATION_CONTEXT('2D SPACE',''
  ) );
#3153 = PCURVE('',#3079,#3154);
#3154 = DEFINITIONAL_REPRESENTATION('',(#3155),#3159);
#3155 = LINE('',#3156,#3157);
#3156 = CARTESIAN_POINT('',(7.5,0.));
#3157 = VECTOR('',#3158,1.);
#3158 = DIRECTION('',(0.,1.));
#3159 = ( GEOMETRIC_REPRESENTATION_CONTEXT(2) 
PARAMETRIC_REPRESENTATION_CONTEXT() REPRESENTATION_CONTEXT('2D SPACE',''
  ) );
#3160 = ORIENTED_EDGE('',*,*,#3091,.T.);
#3161 = ADVANCED_FACE('',(#3162),#786,.T.);
#3162 = FACE_BOUND('',#3163,.T.);
#3163 = EDGE_LOOP('',(#3164,#3165,#3188,#3209));
#3164 = ORIENTED_EDGE('',*,*,#773,.T.);
#3165 = ORIENTED_EDGE('',*,*,#3166,.T.);
#3166 = EDGE_CURVE('',#748,#3167,#3169,.T.);
#3167 = VERTEX_POINT('',#3168);
#3168 = CARTESIAN_POINT('',(20.,-38.5,16.));
#3169 = SURFACE_CURVE('',#3170,(#3174,#3181),.PCURVE_S1.);
#3170 = LINE('',#3171,#3172);
#3171 = CARTESIAN_POINT('',(20.,-18.,7.));
#3172 = VECTOR('',#3173,1.);
#3173 = DIRECTION('',(0.,-0.915644030191,0.401990062035));
#3174 = PCURVE('',#786,#3175);
#3175 = DEFINITIONAL_REPRESENTATION('',(#3176),#3180);
#3176 = LINE('',#3177,#3178);
#3177 = CARTESIAN_POINT('',(6.27784670569,-8.47215329431));
#3178 = VECTOR('',#3179,1.);
#3179 = DIRECTION('',(-0.401990062035,0.915644030191));
#3180 = ( GEOMETRIC_REPRESENTATION_CONTEXT(2) 
PARAMETRIC_REPRESENTATION_CONTEXT() REPRESENTATION_CONTEXT('2D SPACE',''
  ) );
#3181 = PCURVE('',#762,#3182);
#3182 = DEFINITIONAL_REPRESENTATION('',(#3183),#3187);
#3183 = LINE('',#3184,#3185);
#3184 = CARTESIAN_POINT('',(0.,0.));
#3185 = VECTOR('',#3186,1.);
#3186 = DIRECTION('',(1.,0.));
#3187 = ( GEOMETRIC_REPRESENTATION_CONTEXT(2) 
PARAMETRIC_REPRESENTATION_CONTEXT() REPRESENTATION_CONTEXT('2D SPACE',''
  ) );
#3188 = ORIENTED_EDGE('',*,*,#3189,.T.);
#3189 = EDGE_CURVE('',#3167,#3041,#3190,.T.);
#3190 = SURFACE_CURVE('',#3191,(#3195,#3202),.PCURVE_S1.);
#3191 = LINE('',#3192,#3193);
#3192 = CARTESIAN_POINT('',(20.,-38.5,16.));
#3193 = VECTOR('',#3194,1.);
#3194 = DIRECTION('',(0.,1.,0.));
#3195 = PCURVE('',#786,#3196);
#3196 = DEFINITIONAL_REPRESENTATION('',(#3197),#3201);
#3197 = LINE('',#3198,#3199);
#3198 = CARTESIAN_POINT('',(-2.72215329431,12.02784670569));
#3199 = VECTOR('',#3200,1.);
#3200 = DIRECTION('',(0.,-1.));
#3201 = ( GEOMETRIC_REPRESENTATION_CONTEXT(2) 
PARAMETRIC_REPRESENTATION_CONTEXT() REPRESENTATION_CONTEXT('2D SPACE',''
  ) );
#3202 = PCURVE('',#3079,#3203);
#3203 = DEFINITIONAL_REPRESENTATION('',(#3204),#3208);
#3204 = LINE('',#3205,#3206);
#3205 = CARTESIAN_POINT('',(1.5,0.));
#3206 = VECTOR('',#3207,1.);
#3207 = DIRECTION('',(0.,1.));
#3208 = ( GEOMETRIC_REPRESENTATION_CONTEXT(2) 
PARAMETRIC_REPRESENTATION_CONTEXT() REPRESENTATION_CONTEXT('2D SPACE',''
  ) );
#3209 = ORIENTED_EDGE('',*,*,#3040,.T.);
#3210 = ADVANCED_FACE('',(#3211),#762,.T.);
#3211 = FACE_BOUND('',#3212,.T.);
#3212 = EDGE_LOOP('',(#3213,#3214,#3215,#3216));
#3213 = ORIENTED_EDGE('',*,*,#3166,.F.);
#3214 = ORIENTED_EDGE('',*,*,#747,.T.);
#3215 = ORIENTED_EDGE('',*,*,#3117,.T.);
#3216 = ORIENTED_EDGE('',*,*,#3217,.F.);
#3217 = EDGE_CURVE('',#3167,#3118,#3218,.T.);
#3218 = SURFACE_CURVE('',#3219,(#3223,#3230),.PCURVE_S1.);
#3219 = LINE('',#3220,#3221);
#3220 = CARTESIAN_POINT('',(20.,-38.5,16.));
#3221 = VECTOR('',#3222,1.);
#3222 = DIRECTION('',(1.,0.,0.));
#3223 = PCURVE('',#762,#3224);
#3224 = DEFINITIONAL_REPRESENTATION('',(#3225),#3229);
#3225 = LINE('',#3226,#3227);
#3226 = CARTESIAN_POINT('',(22.388613177238,0.));
#3227 = VECTOR('',#3228,1.);
#3228 = DIRECTION('',(0.,-1.));
#3229 = ( GEOMETRIC_REPRESENTATION_CONTEXT(2) 
PARAMETRIC_REPRESENTATION_CONTEXT() REPRESENTATION_CONTEXT('2D SPACE',''
  ) );
#3230 = PCURVE('',#3231,#3236);
#3231 = PLANE('',#3232);
#3232 = AXIS2_PLACEMENT_3D('',#3233,#3234,#3235);
#3233 = CARTESIAN_POINT('',(18.5,-38.5,16.));
#3234 = DIRECTION('',(0.,1.,0.));
#3235 = DIRECTION('',(0.,0.,1.));
#3236 = DEFINITIONAL_REPRESENTATION('',(#3237),#3241);
#3237 = LINE('',#3238,#3239);
#3238 = CARTESIAN_POINT('',(0.,1.5));
#3239 = VECTOR('',#3240,1.);
#3240 = DIRECTION('',(0.,1.));
#3241 = ( GEOMETRIC_REPRESENTATION_CONTEXT(2) 
PARAMETRIC_REPRESENTATION_CONTEXT() REPRESENTATION_CONTEXT('2D SPACE',''
  ) );
#3242 = ADVANCED_FACE('',(#3243),#817,.F.);
#3243 = FACE_BOUND('',#3244,.F.);
#3244 = EDGE_LOOP('',(#3245,#3246,#3269,#3297,#3325,#3353,#3579,#3607,
    #3630,#3653));
#3245 = ORIENTED_EDGE('',*,*,#799,.T.);
#3246 = ORIENTED_EDGE('',*,*,#3247,.T.);
#3247 = EDGE_CURVE('',#802,#3248,#3250,.T.);
#3248 = VERTEX_POINT('',#3249);
#3249 = CARTESIAN_POINT('',(18.5,16.681578947368,16.));
#3250 = SURFACE_CURVE('',#3251,(#3255,#3262),.PCURVE_S1.);
#3251 = LINE('',#3252,#3253);
#3252 = CARTESIAN_POINT('',(18.5,16.681578947368,8.));
#3253 = VECTOR('',#3254,1.);
#3254 = DIRECTION('',(0.,0.,1.));
#3255 = PCURVE('',#817,#3256);
#3256 = DEFINITIONAL_REPRESENTATION('',(#3257),#3261);
#3257 = LINE('',#3258,#3259);
#3258 = CARTESIAN_POINT('',(-18.10640197485,-16.68157894736));
#3259 = VECTOR('',#3260,1.);
#3260 = DIRECTION('',(1.,0.));
#3261 = ( GEOMETRIC_REPRESENTATION_CONTEXT(2) 
PARAMETRIC_REPRESENTATION_CONTEXT() REPRESENTATION_CONTEXT('2D SPACE',''
  ) );
#3262 = PCURVE('',#845,#3263);
#3263 = DEFINITIONAL_REPRESENTATION('',(#3264),#3268);
#3264 = LINE('',#3265,#3266);
#3265 = CARTESIAN_POINT('',(0.,0.));
#3266 = VECTOR('',#3267,1.);
#3267 = DIRECTION('',(1.,0.));
#3268 = ( GEOMETRIC_REPRESENTATION_CONTEXT(2) 
PARAMETRIC_REPRESENTATION_CONTEXT() REPRESENTATION_CONTEXT('2D SPACE',''
  ) );
#3269 = ORIENTED_EDGE('',*,*,#3270,.T.);
#3270 = EDGE_CURVE('',#3248,#3271,#3273,.T.);
#3271 = VERTEX_POINT('',#3272);
#3272 = CARTESIAN_POINT('',(18.5,38.5,16.));
#3273 = SURFACE_CURVE('',#3274,(#3278,#3285),.PCURVE_S1.);
#3274 = LINE('',#3275,#3276);
#3275 = CARTESIAN_POINT('',(18.5,15.,16.));
#3276 = VECTOR('',#3277,1.);
#3277 = DIRECTION('',(0.,1.,0.));
#3278 = PCURVE('',#817,#3279);
#3279 = DEFINITIONAL_REPRESENTATION('',(#3280),#3284);
#3280 = LINE('',#3281,#3282);
#3281 = CARTESIAN_POINT('',(-10.10640197485,-15.));
#3282 = VECTOR('',#3283,1.);
#3283 = DIRECTION('',(0.,-1.));
#3284 = ( GEOMETRIC_REPRESENTATION_CONTEXT(2) 
PARAMETRIC_REPRESENTATION_CONTEXT() REPRESENTATION_CONTEXT('2D SPACE',''
  ) );
#3285 = PCURVE('',#3286,#3291);
#3286 = PLANE('',#3287);
#3287 = AXIS2_PLACEMENT_3D('',#3288,#3289,#3290);
#3288 = CARTESIAN_POINT('',(18.5,15.,16.));
#3289 = DIRECTION('',(0.,0.,1.));
#3290 = DIRECTION('',(1.,0.,0.));
#3291 = DEFINITIONAL_REPRESENTATION('',(#3292),#3296);
#3292 = LINE('',#3293,#3294);
#3293 = CARTESIAN_POINT('',(0.,0.));
#3294 = VECTOR('',#3295,1.);
#3295 = DIRECTION('',(0.,1.));
#3296 = ( GEOMETRIC_REPRESENTATION_CONTEXT(2) 
PARAMETRIC_REPRESENTATION_CONTEXT() REPRESENTATION_CONTEXT('2D SPACE',''
  ) );
#3297 = ORIENTED_EDGE('',*,*,#3298,.T.);
#3298 = EDGE_CURVE('',#3271,#3299,#3301,.T.);
#3299 = VERTEX_POINT('',#3300);
#3300 = CARTESIAN_POINT('',(18.5,38.5,26.));
#3301 = SURFACE_CURVE('',#3302,(#3306,#3313),.PCURVE_S1.);
#3302 = LINE('',#3303,#3304);
#3303 = CARTESIAN_POINT('',(18.5,38.5,16.));
#3304 = VECTOR('',#3305,1.);
#3305 = DIRECTION('',(0.,0.,1.));
#3306 = PCURVE('',#817,#3307);
#3307 = DEFINITIONAL_REPRESENTATION('',(#3308),#3312);
#3308 = LINE('',#3309,#3310);
#3309 = CARTESIAN_POINT('',(-10.10640197485,-38.5));
#3310 = VECTOR('',#3311,1.);
#3311 = DIRECTION('',(1.,0.));
#3312 = ( GEOMETRIC_REPRESENTATION_CONTEXT(2) 
PARAMETRIC_REPRESENTATION_CONTEXT() REPRESENTATION_CONTEXT('2D SPACE',''
  ) );
#3313 = PCURVE('',#3314,#3319);
#3314 = PLANE('',#3315);
#3315 = AXIS2_PLACEMENT_3D('',#3316,#3317,#3318);
#3316 = CARTESIAN_POINT('',(18.5,38.5,16.));
#3317 = DIRECTION('',(0.,1.,0.));
#3318 = DIRECTION('',(0.,0.,1.));
#3319 = DEFINITIONAL_REPRESENTATION('',(#3320),#3324);
#3320 = LINE('',#3321,#3322);
#3321 = CARTESIAN_POINT('',(0.,0.));
#3322 = VECTOR('',#3323,1.);
#3323 = DIRECTION('',(1.,0.));
#3324 = ( GEOMETRIC_REPRESENTATION_CONTEXT(2) 
PARAMETRIC_REPRESENTATION_CONTEXT() REPRESENTATION_CONTEXT('2D SPACE',''
  ) );
#3325 = ORIENTED_EDGE('',*,*,#3326,.F.);
#3326 = EDGE_CURVE('',#3327,#3299,#3329,.T.);
#3327 = VERTEX_POINT('',#3328);
#3328 = CARTESIAN_POINT('',(18.5,12.681578947368,26.));
#3329 = SURFACE_CURVE('',#3330,(#3334,#3341),.PCURVE_S1.);
#3330 = LINE('',#3331,#3332);
#3331 = CARTESIAN_POINT('',(18.5,-38.5,26.));
#3332 = VECTOR('',#3333,1.);
#3333 = DIRECTION('',(0.,1.,0.));
#3334 = PCURVE('',#817,#3335);
#3335 = DEFINITIONAL_REPRESENTATION('',(#3336),#3340);
#3336 = LINE('',#3337,#3338);
#3337 = CARTESIAN_POINT('',(-0.106401974852,38.5));
#3338 = VECTOR('',#3339,1.);
#3339 = DIRECTION('',(0.,-1.));
#3340 = ( GEOMETRIC_REPRESENTATION_CONTEXT(2) 
PARAMETRIC_REPRESENTATION_CONTEXT() REPRESENTATION_CONTEXT('2D SPACE',''
  ) );
#3341 = PCURVE('',#3342,#3347);
#3342 = PLANE('',#3343);
#3343 = AXIS2_PLACEMENT_3D('',#3344,#3345,#3346);
#3344 = CARTESIAN_POINT('',(-50.,-50.,26.));
#3345 = DIRECTION('',(0.,0.,1.));
#3346 = DIRECTION('',(1.,0.,0.));
#3347 = DEFINITIONAL_REPRESENTATION('',(#3348),#3352);
#3348 = LINE('',#3349,#3350);
#3349 = CARTESIAN_POINT('',(68.5,11.5));
#3350 = VECTOR('',#3351,1.);
#3351 = DIRECTION('',(0.,1.));
#3352 = ( GEOMETRIC_REPRESENTATION_CONTEXT(2) 
PARAMETRIC_REPRESENTATION_CONTEXT() REPRESENTATION_CONTEXT('2D SPACE',''
  ) );
#3353 = ORIENTED_EDGE('',*,*,#3354,.T.);
#3354 = EDGE_CURVE('',#3327,#3355,#3357,.T.);
#3355 = VERTEX_POINT('',#3356);
#3356 = CARTESIAN_POINT('',(18.5,-12.68157894736,26.));
#3357 = SURFACE_CURVE('',#3358,(#3427,#3499),.PCURVE_S1.);
#3358 = B_SPLINE_CURVE_WITH_KNOTS('',7,(#3359,#3360,#3361,#3362,#3363,
    #3364,#3365,#3366,#3367,#3368,#3369,#3370,#3371,#3372,#3373,#3374,
    #3375,#3376,#3377,#3378,#3379,#3380,#3381,#3382,#3383,#3384,#3385,
    #3386,#3387,#3388,#3389,#3390,#3391,#3392,#3393,#3394,#3395,#3396,
    #3397,#3398,#3399,#3400,#3401,#3402,#3403,#3404,#3405,#3406,#3407,
    #3408,#3409,#3410,#3411,#3412,#3413,#3414,#3415,#3416,#3417,#3418,
    #3419,#3420,#3421,#3422,#3423,#3424,#3425,#3426),.UNSPECIFIED.,.F.,
  .F.,(8,6,6,6,6,6,6,6,6,6,6,8),(0.,0.182480231288,0.266984792069,
    0.348166993804,0.397105211679,0.428255387757,0.499999684658,
    0.60289239009,0.651830903517,0.733013595534,0.817518666662,1.),
  .UNSPECIFIED.);
#3359 = CARTESIAN_POINT('',(18.5,12.681578947368,26.));
#3360 = CARTESIAN_POINT('',(18.5,12.681578947369,24.927173743392));
#3361 = CARTESIAN_POINT('',(18.5,12.588252712571,23.85437298234));
#3362 = CARTESIAN_POINT('',(18.5,12.401608447685,22.791245566126));
#3363 = CARTESIAN_POINT('',(18.5,12.122362470894,21.747620092718));
#3364 = CARTESIAN_POINT('',(18.5,11.752098352092,20.733463454473));
#3365 = CARTESIAN_POINT('',(18.5,11.293352628724,19.758857295692));
#3366 = CARTESIAN_POINT('',(18.5,10.498225345569,18.405578339118));
#3367 = CARTESIAN_POINT('',(18.5,10.22840169881,17.987916879683));
#3368 = CARTESIAN_POINT('',(18.5,9.940812048137,17.581944863139));
#3369 = CARTESIAN_POINT('',(18.5,9.635906137379,17.188683177263));
#3370 = CARTESIAN_POINT('',(18.5,9.314203363358,16.809148398334));
#3371 = CARTESIAN_POINT('',(18.5,8.976301005058,16.444346067644));
#3372 = CARTESIAN_POINT('',(18.5,8.283358811222,15.759906288209));
#3373 = CARTESIAN_POINT('',(18.5,7.929510320827,15.439052490583));
#3374 = CARTESIAN_POINT('',(18.5,7.561949392248,15.133583006112));
#3375 = CARTESIAN_POINT('',(18.5,7.181354275815,14.8443536439));
#3376 = CARTESIAN_POINT('',(18.5,6.78847549862,14.572186445097));
#3377 = CARTESIAN_POINT('',(18.5,6.384142301598,14.31786053682));
#3378 = CARTESIAN_POINT('',(18.5,5.719175388048,13.939983726715));
#3379 = CARTESIAN_POINT('',(18.5,5.465249791952,13.804610915571));
#3380 = CARTESIAN_POINT('',(18.5,5.207692297168,13.676143384694));
#3381 = CARTESIAN_POINT('',(18.5,4.94671164291,13.554731436209));
#3382 = CARTESIAN_POINT('',(18.5,4.682525645613,13.440516047234));
#3383 = CARTESIAN_POINT('',(18.5,4.415361545812,13.333628074804));
#3384 = CARTESIAN_POINT('',(18.5,3.973656183652,13.170891477203));
#3385 = CARTESIAN_POINT('',(18.5,3.800745090248,13.110612676863));
#3386 = CARTESIAN_POINT('',(18.5,3.626784038734,13.053382016138));
#3387 = CARTESIAN_POINT('',(18.5,3.451835197977,12.999228389919));
#3388 = CARTESIAN_POINT('',(18.5,3.275961941785,12.948178631619));
#3389 = CARTESIAN_POINT('',(18.5,3.099228848909,12.900257513183));
#3390 = CARTESIAN_POINT('',(18.5,2.512825675204,12.752375148628));
#3391 = CARTESIAN_POINT('',(18.5,2.099729525048,12.665977334885));
#3392 = CARTESIAN_POINT('',(18.5,1.683227918386,12.59657340259));
#3393 = CARTESIAN_POINT('',(18.5,1.264150978175,12.544375938158));
#3394 = CARTESIAN_POINT('',(18.5,0.84334422533,12.509528860053));
#3395 = CARTESIAN_POINT('',(18.5,0.421668519523,12.492105263158));
#3396 = CARTESIAN_POINT('',(18.5,-0.604739563191,12.492105263158));
#3397 = CARTESIAN_POINT('',(18.5,-1.209520171378,12.527941757774));
#3398 = CARTESIAN_POINT('',(18.5,-1.811718703369,12.599623032252));
#3399 = CARTESIAN_POINT('',(18.5,-2.408807369582,12.706825433019));
#3400 = CARTESIAN_POINT('',(18.5,-2.998346595107,12.848944965334));
#3401 = CARTESIAN_POINT('',(18.5,-3.577983554027,13.025114624521));
#3402 = CARTESIAN_POINT('',(18.5,-4.415361545809,13.333628074803));
#3403 = CARTESIAN_POINT('',(18.5,-4.682525645609,13.440516047233));
#3404 = CARTESIAN_POINT('',(18.5,-4.946711642907,13.554731436208));
#3405 = CARTESIAN_POINT('',(18.5,-5.207692297165,13.676143384693));
#3406 = CARTESIAN_POINT('',(18.5,-5.465249791948,13.804610915569));
#3407 = CARTESIAN_POINT('',(18.5,-5.719175388045,13.939983726714));
#3408 = CARTESIAN_POINT('',(18.5,-6.384142301595,14.317860536818));
#3409 = CARTESIAN_POINT('',(18.5,-6.788475498617,14.572186445095));
#3410 = CARTESIAN_POINT('',(18.5,-7.181354275812,14.844353643898));
#3411 = CARTESIAN_POINT('',(18.5,-7.561949392246,15.133583006109));
#3412 = CARTESIAN_POINT('',(18.5,-7.929510320824,15.439052490581));
#3413 = CARTESIAN_POINT('',(18.5,-8.283358811219,15.759906288206));
#3414 = CARTESIAN_POINT('',(18.5,-8.976301005056,16.444346067641));
#3415 = CARTESIAN_POINT('',(18.5,-9.314203363356,16.809148398331));
#3416 = CARTESIAN_POINT('',(18.5,-9.635906137377,17.18868317726));
#3417 = CARTESIAN_POINT('',(18.5,-9.940812048135,17.581944863136));
#3418 = CARTESIAN_POINT('',(18.5,-10.2284016988,17.98791687968));
#3419 = CARTESIAN_POINT('',(18.5,-10.49822534556,18.405578339115));
#3420 = CARTESIAN_POINT('',(18.5,-11.29335262872,19.758857295693));
#3421 = CARTESIAN_POINT('',(18.5,-11.75209835208,20.733463454456));
#3422 = CARTESIAN_POINT('',(18.5,-12.1223624709,21.74762009274));
#3423 = CARTESIAN_POINT('',(18.5,-12.40160844767,22.791245566102));
#3424 = CARTESIAN_POINT('',(18.5,-12.58825271257,23.85437298235));
#3425 = CARTESIAN_POINT('',(18.5,-12.68157894736,24.927173743389));
#3426 = CARTESIAN_POINT('',(18.5,-12.68157894736,26.));
#3427 = PCURVE('',#817,#3428);
#3428 = DEFINITIONAL_REPRESENTATION('',(#3429),#3498);
#3429 = B_SPLINE_CURVE_WITH_KNOTS('',7,(#3430,#3431,#3432,#3433,#3434,
    #3435,#3436,#3437,#3438,#3439,#3440,#3441,#3442,#3443,#3444,#3445,
    #3446,#3447,#3448,#3449,#3450,#3451,#3452,#3453,#3454,#3455,#3456,
    #3457,#3458,#3459,#3460,#3461,#3462,#3463,#3464,#3465,#3466,#3467,
    #3468,#3469,#3470,#3471,#3472,#3473,#3474,#3475,#3476,#3477,#3478,
    #3479,#3480,#3481,#3482,#3483,#3484,#3485,#3486,#3487,#3488,#3489,
    #3490,#3491,#3492,#3493,#3494,#3495,#3496,#3497),.UNSPECIFIED.,.F.,
  .F.,(8,6,6,6,6,6,6,6,6,6,6,8),(0.,0.182480231288,0.266984792069,
    0.348166993804,0.397105211679,0.428255387757,0.499999684658,
    0.60289239009,0.651830903517,0.733013595534,0.817518666662,1.),
  .UNSPECIFIED.);
#3430 = CARTESIAN_POINT('',(-0.106401974852,-12.68157894736));
#3431 = CARTESIAN_POINT('',(-1.17922823146,-12.68157894736));
#3432 = CARTESIAN_POINT('',(-2.252028992513,-12.58825271257));
#3433 = CARTESIAN_POINT('',(-3.315156408727,-12.40160844768));
#3434 = CARTESIAN_POINT('',(-4.358781882135,-12.12236247089));
#3435 = CARTESIAN_POINT('',(-5.372938520379,-11.75209835209));
#3436 = CARTESIAN_POINT('',(-6.347544679161,-11.29335262872));
#3437 = CARTESIAN_POINT('',(-7.700823635734,-10.49822534556));
#3438 = CARTESIAN_POINT('',(-8.11848509517,-10.22840169881));
#3439 = CARTESIAN_POINT('',(-8.524457111714,-9.940812048137));
#3440 = CARTESIAN_POINT('',(-8.91771879759,-9.635906137379));
#3441 = CARTESIAN_POINT('',(-9.297253576518,-9.314203363358));
#3442 = CARTESIAN_POINT('',(-9.662055907209,-8.976301005058));
#3443 = CARTESIAN_POINT('',(-10.34649568664,-8.283358811222));
#3444 = CARTESIAN_POINT('',(-10.66734948426,-7.929510320827));
#3445 = CARTESIAN_POINT('',(-10.97281896874,-7.561949392248));
#3446 = CARTESIAN_POINT('',(-11.26204833095,-7.181354275815));
#3447 = CARTESIAN_POINT('',(-11.53421552975,-6.78847549862));
#3448 = CARTESIAN_POINT('',(-11.78854143803,-6.384142301598));
#3449 = CARTESIAN_POINT('',(-12.16641824813,-5.719175388048));
#3450 = CARTESIAN_POINT('',(-12.30179105928,-5.465249791952));
#3451 = CARTESIAN_POINT('',(-12.43025859015,-5.207692297168));
#3452 = CARTESIAN_POINT('',(-12.55167053864,-4.94671164291));
#3453 = CARTESIAN_POINT('',(-12.66588592761,-4.682525645613));
#3454 = CARTESIAN_POINT('',(-12.77277390004,-4.415361545812));
#3455 = CARTESIAN_POINT('',(-12.93551049764,-3.973656183652));
#3456 = CARTESIAN_POINT('',(-12.99578929798,-3.800745090248));
#3457 = CARTESIAN_POINT('',(-13.05301995871,-3.626784038734));
#3458 = CARTESIAN_POINT('',(-13.10717358493,-3.451835197977));
#3459 = CARTESIAN_POINT('',(-13.15822334323,-3.275961941785));
#3460 = CARTESIAN_POINT('',(-13.20614446167,-3.099228848909));
#3461 = CARTESIAN_POINT('',(-13.35402682622,-2.512825675204));
#3462 = CARTESIAN_POINT('',(-13.44042463996,-2.099729525048));
#3463 = CARTESIAN_POINT('',(-13.50982857226,-1.683227918386));
#3464 = CARTESIAN_POINT('',(-13.56202603669,-1.264150978175));
#3465 = CARTESIAN_POINT('',(-13.5968731148,-0.84334422533));
#3466 = CARTESIAN_POINT('',(-13.61429671169,-0.421668519523));
#3467 = CARTESIAN_POINT('',(-13.61429671169,0.604739563191));
#3468 = CARTESIAN_POINT('',(-13.57846021707,1.209520171378));
#3469 = CARTESIAN_POINT('',(-13.5067789426,1.811718703369));
#3470 = CARTESIAN_POINT('',(-13.39957654183,2.408807369582));
#3471 = CARTESIAN_POINT('',(-13.25745700951,2.998346595107));
#3472 = CARTESIAN_POINT('',(-13.08128735033,3.577983554027));
#3473 = CARTESIAN_POINT('',(-12.77277390005,4.415361545809));
#3474 = CARTESIAN_POINT('',(-12.66588592762,4.682525645609));
#3475 = CARTESIAN_POINT('',(-12.55167053864,4.946711642907));
#3476 = CARTESIAN_POINT('',(-12.43025859016,5.207692297165));
#3477 = CARTESIAN_POINT('',(-12.30179105928,5.465249791948));
#3478 = CARTESIAN_POINT('',(-12.16641824813,5.719175388045));
#3479 = CARTESIAN_POINT('',(-11.78854143803,6.384142301595));
#3480 = CARTESIAN_POINT('',(-11.53421552975,6.788475498617));
#3481 = CARTESIAN_POINT('',(-11.26204833095,7.181354275812));
#3482 = CARTESIAN_POINT('',(-10.97281896874,7.561949392246));
#3483 = CARTESIAN_POINT('',(-10.66734948427,7.929510320824));
#3484 = CARTESIAN_POINT('',(-10.34649568664,8.283358811219));
#3485 = CARTESIAN_POINT('',(-9.662055907211,8.976301005056));
#3486 = CARTESIAN_POINT('',(-9.297253576521,9.314203363356));
#3487 = CARTESIAN_POINT('',(-8.917718797592,9.635906137377));
#3488 = CARTESIAN_POINT('',(-8.524457111716,9.940812048135));
#3489 = CARTESIAN_POINT('',(-8.118485095173,10.228401698808));
#3490 = CARTESIAN_POINT('',(-7.700823635737,10.498225345567));
#3491 = CARTESIAN_POINT('',(-6.34754467916,11.293352628725));
#3492 = CARTESIAN_POINT('',(-5.372938520396,11.752098352084));
#3493 = CARTESIAN_POINT('',(-4.358781882112,12.122362470904));
#3494 = CARTESIAN_POINT('',(-3.31515640875,12.401608447678));
#3495 = CARTESIAN_POINT('',(-2.252028992503,12.588252712573));
#3496 = CARTESIAN_POINT('',(-1.179228231463,12.681578947368));
#3497 = CARTESIAN_POINT('',(-0.106401974852,12.681578947368));
#3498 = ( GEOMETRIC_REPRESENTATION_CONTEXT(2) 
PARAMETRIC_REPRESENTATION_CONTEXT() REPRESENTATION_CONTEXT('2D SPACE',''
  ) );
#3499 = PCURVE('',#3500,#3508);
#3500 = SURFACE_OF_LINEAR_EXTRUSION('',#3501,#3506);
#3501 = ELLIPSE('',#3502,13.507894736842,12.681578947368);
#3502 = AXIS2_PLACEMENT_3D('',#3503,#3504,#3505);
#3503 = CARTESIAN_POINT('',(17.5,0.,26.));
#3504 = DIRECTION('',(1.,0.,-0.));
#3505 = DIRECTION('',(0.,1.110223024625E-16,1.));
#3506 = VECTOR('',#3507,1.);
#3507 = DIRECTION('',(-1.,-0.,-0.));
#3508 = DEFINITIONAL_REPRESENTATION('',(#3509),#3578);
#3509 = B_SPLINE_CURVE_WITH_KNOTS('',7,(#3510,#3511,#3512,#3513,#3514,
    #3515,#3516,#3517,#3518,#3519,#3520,#3521,#3522,#3523,#3524,#3525,
    #3526,#3527,#3528,#3529,#3530,#3531,#3532,#3533,#3534,#3535,#3536,
    #3537,#3538,#3539,#3540,#3541,#3542,#3543,#3544,#3545,#3546,#3547,
    #3548,#3549,#3550,#3551,#3552,#3553,#3554,#3555,#3556,#3557,#3558,
    #3559,#3560,#3561,#3562,#3563,#3564,#3565,#3566,#3567,#3568,#3569,
    #3570,#3571,#3572,#3573,#3574,#3575,#3576,#3577),.UNSPECIFIED.,.F.,
  .F.,(8,6,6,6,6,6,6,6,6,6,6,8),(0.,0.182480231288,0.266984792069,
    0.348166993804,0.397105211679,0.428255387757,0.499999684658,
    0.60289239009,0.651830903517,0.733013595534,0.817518666662,1.),
  .UNSPECIFIED.);
#3510 = CARTESIAN_POINT('',(4.712388980385,-1.));
#3511 = CARTESIAN_POINT('',(4.632966814495,-1.));
#3512 = CARTESIAN_POINT('',(4.553546521498,-1.));
#3513 = CARTESIAN_POINT('',(4.474024169821,-1.));
#3514 = CARTESIAN_POINT('',(4.394308888811,-1.));
#3515 = CARTESIAN_POINT('',(4.314315897494,-1.));
#3516 = CARTESIAN_POINT('',(4.233964415147,-1.));
#3517 = CARTESIAN_POINT('',(4.115777667446,-1.));
#3518 = CARTESIAN_POINT('',(4.078280020921,-1.));
#3519 = CARTESIAN_POINT('',(4.040687285761,-1.));
#3520 = CARTESIAN_POINT('',(4.002994906705,-1.));
#3521 = CARTESIAN_POINT('',(3.965199356885,-1.));
#3522 = CARTESIAN_POINT('',(3.927298458776,-1.));
#3523 = CARTESIAN_POINT('',(3.852779215024,-1.));
#3524 = CARTESIAN_POINT('',(3.816168520923,-1.));
#3525 = CARTESIAN_POINT('',(3.779459930071,-1.));
#3526 = CARTESIAN_POINT('',(3.742654216486,-1.));
#3527 = CARTESIAN_POINT('',(3.705753193653,-1.));
#3528 = CARTESIAN_POINT('',(3.668760287194,-1.));
#3529 = CARTESIAN_POINT('',(3.609329053365,-1.));
#3530 = CARTESIAN_POINT('',(3.586945492715,-1.));
#3531 = CARTESIAN_POINT('',(3.564531639487,-1.));
#3532 = CARTESIAN_POINT('',(3.542088777751,-1.));
#3533 = CARTESIAN_POINT('',(3.519618330327,-1.));
#3534 = CARTESIAN_POINT('',(3.497121927356,-1.));
#3535 = CARTESIAN_POINT('',(3.460266746498,-1.));
#3536 = CARTESIAN_POINT('',(3.445922248841,-1.));
#3537 = CARTESIAN_POINT('',(3.431568453007,-1.));
#3538 = CARTESIAN_POINT('',(3.417205852956,-1.));
#3539 = CARTESIAN_POINT('',(3.402834965505,-1.));
#3540 = CARTESIAN_POINT('',(3.388456330328,-1.));
#3541 = CARTESIAN_POINT('',(3.340937452685,-1.));
#3542 = CARTESIAN_POINT('',(3.30776565256,-1.));
#3543 = CARTESIAN_POINT('',(3.274562989022,-1.));
#3544 = CARTESIAN_POINT('',(3.241336738179,-1.));
#3545 = CARTESIAN_POINT('',(3.208094167125,-1.));
#3546 = CARTESIAN_POINT('',(3.174843128256,-1.));
#3547 = CARTESIAN_POINT('',(3.093906197061,-1.));
#3548 = CARTESIAN_POINT('',(3.046216519892,-1.));
#3549 = CARTESIAN_POINT('',(2.998553261437,-1.));
#3550 = CARTESIAN_POINT('',(2.950938738978,-1.));
#3551 = CARTESIAN_POINT('',(2.903392094626,-1.));
#3552 = CARTESIAN_POINT('',(2.855932844806,-1.));
#3553 = CARTESIAN_POINT('',(2.786063379824,-1.));
#3554 = CARTESIAN_POINT('',(2.763566976853,-1.));
#3555 = CARTESIAN_POINT('',(2.741096529429,-1.));
#3556 = CARTESIAN_POINT('',(2.718653667693,-1.));
#3557 = CARTESIAN_POINT('',(2.696239814465,-1.));
#3558 = CARTESIAN_POINT('',(2.673856253815,-1.));
#3559 = CARTESIAN_POINT('',(2.614425019986,-1.));
#3560 = CARTESIAN_POINT('',(2.577432113527,-1.));
#3561 = CARTESIAN_POINT('',(2.540531090694,-1.));
#3562 = CARTESIAN_POINT('',(2.503725377109,-1.));
#3563 = CARTESIAN_POINT('',(2.467016786257,-1.));
#3564 = CARTESIAN_POINT('',(2.430406092156,-1.));
#3565 = CARTESIAN_POINT('',(2.355886848404,-1.));
#3566 = CARTESIAN_POINT('',(2.317985950294,-1.));
#3567 = CARTESIAN_POINT('',(2.280190400475,-1.));
#3568 = CARTESIAN_POINT('',(2.242498021419,-1.));
#3569 = CARTESIAN_POINT('',(2.204905286259,-1.));
#3570 = CARTESIAN_POINT('',(2.167407639733,-1.));
#3571 = CARTESIAN_POINT('',(2.049220892033,-1.));
#3572 = CARTESIAN_POINT('',(1.968869409687,-1.));
#3573 = CARTESIAN_POINT('',(1.888876418367,-1.));
#3574 = CARTESIAN_POINT('',(1.809161137362,-1.));
#3575 = CARTESIAN_POINT('',(1.72963878568,-1.));
#3576 = CARTESIAN_POINT('',(1.650218492685,-1.));
#3577 = CARTESIAN_POINT('',(1.570796326795,-1.));
#3578 = ( GEOMETRIC_REPRESENTATION_CONTEXT(2) 
PARAMETRIC_REPRESENTATION_CONTEXT() REPRESENTATION_CONTEXT('2D SPACE',''
  ) );
#3579 = ORIENTED_EDGE('',*,*,#3580,.F.);
#3580 = EDGE_CURVE('',#3581,#3355,#3583,.T.);
#3581 = VERTEX_POINT('',#3582);
#3582 = CARTESIAN_POINT('',(18.5,-38.5,26.));
#3583 = SURFACE_CURVE('',#3584,(#3588,#3595),.PCURVE_S1.);
#3584 = LINE('',#3585,#3586);
#3585 = CARTESIAN_POINT('',(18.5,-38.5,26.));
#3586 = VECTOR('',#3587,1.);
#3587 = DIRECTION('',(0.,1.,0.));
#3588 = PCURVE('',#817,#3589);
#3589 = DEFINITIONAL_REPRESENTATION('',(#3590),#3594);
#3590 = LINE('',#3591,#3592);
#3591 = CARTESIAN_POINT('',(-0.106401974852,38.5));
#3592 = VECTOR('',#3593,1.);
#3593 = DIRECTION('',(0.,-1.));
#3594 = ( GEOMETRIC_REPRESENTATION_CONTEXT(2) 
PARAMETRIC_REPRESENTATION_CONTEXT() REPRESENTATION_CONTEXT('2D SPACE',''
  ) );
#3595 = PCURVE('',#3596,#3601);
#3596 = PLANE('',#3597);
#3597 = AXIS2_PLACEMENT_3D('',#3598,#3599,#3600);
#3598 = CARTESIAN_POINT('',(-50.,-50.,26.));
#3599 = DIRECTION('',(0.,0.,1.));
#3600 = DIRECTION('',(1.,0.,0.));
#3601 = DEFINITIONAL_REPRESENTATION('',(#3602),#3606);
#3602 = LINE('',#3603,#3604);
#3603 = CARTESIAN_POINT('',(68.5,11.5));
#3604 = VECTOR('',#3605,1.);
#3605 = DIRECTION('',(0.,1.));
#3606 = ( GEOMETRIC_REPRESENTATION_CONTEXT(2) 
PARAMETRIC_REPRESENTATION_CONTEXT() REPRESENTATION_CONTEXT('2D SPACE',''
  ) );
#3607 = ORIENTED_EDGE('',*,*,#3608,.F.);
#3608 = EDGE_CURVE('',#3609,#3581,#3611,.T.);
#3609 = VERTEX_POINT('',#3610);
#3610 = CARTESIAN_POINT('',(18.5,-38.5,16.));
#3611 = SURFACE_CURVE('',#3612,(#3616,#3623),.PCURVE_S1.);
#3612 = LINE('',#3613,#3614);
#3613 = CARTESIAN_POINT('',(18.5,-38.5,16.));
#3614 = VECTOR('',#3615,1.);
#3615 = DIRECTION('',(0.,0.,1.));
#3616 = PCURVE('',#817,#3617);
#3617 = DEFINITIONAL_REPRESENTATION('',(#3618),#3622);
#3618 = LINE('',#3619,#3620);
#3619 = CARTESIAN_POINT('',(-10.10640197485,38.5));
#3620 = VECTOR('',#3621,1.);
#3621 = DIRECTION('',(1.,0.));
#3622 = ( GEOMETRIC_REPRESENTATION_CONTEXT(2) 
PARAMETRIC_REPRESENTATION_CONTEXT() REPRESENTATION_CONTEXT('2D SPACE',''
  ) );
#3623 = PCURVE('',#3231,#3624);
#3624 = DEFINITIONAL_REPRESENTATION('',(#3625),#3629);
#3625 = LINE('',#3626,#3627);
#3626 = CARTESIAN_POINT('',(0.,0.));
#3627 = VECTOR('',#3628,1.);
#3628 = DIRECTION('',(1.,0.));
#3629 = ( GEOMETRIC_REPRESENTATION_CONTEXT(2) 
PARAMETRIC_REPRESENTATION_CONTEXT() REPRESENTATION_CONTEXT('2D SPACE',''
  ) );
#3630 = ORIENTED_EDGE('',*,*,#3631,.T.);
#3631 = EDGE_CURVE('',#3609,#3632,#3634,.T.);
#3632 = VERTEX_POINT('',#3633);
#3633 = CARTESIAN_POINT('',(18.5,-16.68157894736,16.));
#3634 = SURFACE_CURVE('',#3635,(#3639,#3646),.PCURVE_S1.);
#3635 = LINE('',#3636,#3637);
#3636 = CARTESIAN_POINT('',(18.5,-38.5,16.));
#3637 = VECTOR('',#3638,1.);
#3638 = DIRECTION('',(0.,1.,0.));
#3639 = PCURVE('',#817,#3640);
#3640 = DEFINITIONAL_REPRESENTATION('',(#3641),#3645);
#3641 = LINE('',#3642,#3643);
#3642 = CARTESIAN_POINT('',(-10.10640197485,38.5));
#3643 = VECTOR('',#3644,1.);
#3644 = DIRECTION('',(0.,-1.));
#3645 = ( GEOMETRIC_REPRESENTATION_CONTEXT(2) 
PARAMETRIC_REPRESENTATION_CONTEXT() REPRESENTATION_CONTEXT('2D SPACE',''
  ) );
#3646 = PCURVE('',#3079,#3647);
#3647 = DEFINITIONAL_REPRESENTATION('',(#3648),#3652);
#3648 = LINE('',#3649,#3650);
#3649 = CARTESIAN_POINT('',(0.,0.));
#3650 = VECTOR('',#3651,1.);
#3651 = DIRECTION('',(0.,1.));
#3652 = ( GEOMETRIC_REPRESENTATION_CONTEXT(2) 
PARAMETRIC_REPRESENTATION_CONTEXT() REPRESENTATION_CONTEXT('2D SPACE',''
  ) );
#3653 = ORIENTED_EDGE('',*,*,#3654,.F.);
#3654 = EDGE_CURVE('',#800,#3632,#3655,.T.);
#3655 = SURFACE_CURVE('',#3656,(#3660,#3667),.PCURVE_S1.);
#3656 = LINE('',#3657,#3658);
#3657 = CARTESIAN_POINT('',(18.5,-16.68157894736,8.));
#3658 = VECTOR('',#3659,1.);
#3659 = DIRECTION('',(0.,0.,1.));
#3660 = PCURVE('',#817,#3661);
#3661 = DEFINITIONAL_REPRESENTATION('',(#3662),#3666);
#3662 = LINE('',#3663,#3664);
#3663 = CARTESIAN_POINT('',(-18.10640197485,16.681578947368));
#3664 = VECTOR('',#3665,1.);
#3665 = DIRECTION('',(1.,0.));
#3666 = ( GEOMETRIC_REPRESENTATION_CONTEXT(2) 
PARAMETRIC_REPRESENTATION_CONTEXT() REPRESENTATION_CONTEXT('2D SPACE',''
  ) );
#3667 = PCURVE('',#899,#3668);
#3668 = DEFINITIONAL_REPRESENTATION('',(#3669),#3673);
#3669 = LINE('',#3670,#3671);
#3670 = CARTESIAN_POINT('',(0.,0.));
#3671 = VECTOR('',#3672,1.);
#3672 = DIRECTION('',(1.,0.));
#3673 = ( GEOMETRIC_REPRESENTATION_CONTEXT(2) 
PARAMETRIC_REPRESENTATION_CONTEXT() REPRESENTATION_CONTEXT('2D SPACE',''
  ) );
#3674 = ADVANCED_FACE('',(#3675),#845,.T.);
#3675 = FACE_BOUND('',#3676,.T.);
#3676 = EDGE_LOOP('',(#3677,#3700,#3701,#3702));
#3677 = ORIENTED_EDGE('',*,*,#3678,.F.);
#3678 = EDGE_CURVE('',#830,#3679,#3681,.T.);
#3679 = VERTEX_POINT('',#3680);
#3680 = CARTESIAN_POINT('',(27.5,16.681578947368,16.));
#3681 = SURFACE_CURVE('',#3682,(#3686,#3693),.PCURVE_S1.);
#3682 = LINE('',#3683,#3684);
#3683 = CARTESIAN_POINT('',(27.5,16.681578947368,8.));
#3684 = VECTOR('',#3685,1.);
#3685 = DIRECTION('',(0.,0.,1.));
#3686 = PCURVE('',#845,#3687);
#3687 = DEFINITIONAL_REPRESENTATION('',(#3688),#3692);
#3688 = LINE('',#3689,#3690);
#3689 = CARTESIAN_POINT('',(0.,9.));
#3690 = VECTOR('',#3691,1.);
#3691 = DIRECTION('',(1.,0.));
#3692 = ( GEOMETRIC_REPRESENTATION_CONTEXT(2) 
PARAMETRIC_REPRESENTATION_CONTEXT() REPRESENTATION_CONTEXT('2D SPACE',''
  ) );
#3693 = PCURVE('',#873,#3694);
#3694 = DEFINITIONAL_REPRESENTATION('',(#3695),#3699);
#3695 = LINE('',#3696,#3697);
#3696 = CARTESIAN_POINT('',(-18.10640197485,-16.68157894736));
#3697 = VECTOR('',#3698,1.);
#3698 = DIRECTION('',(1.,0.));
#3699 = ( GEOMETRIC_REPRESENTATION_CONTEXT(2) 
PARAMETRIC_REPRESENTATION_CONTEXT() REPRESENTATION_CONTEXT('2D SPACE',''
  ) );
#3700 = ORIENTED_EDGE('',*,*,#829,.F.);
#3701 = ORIENTED_EDGE('',*,*,#3247,.T.);
#3702 = ORIENTED_EDGE('',*,*,#3703,.T.);
#3703 = EDGE_CURVE('',#3248,#3679,#3704,.T.);
#3704 = SURFACE_CURVE('',#3705,(#3709,#3715),.PCURVE_S1.);
#3705 = LINE('',#3706,#3707);
#3706 = CARTESIAN_POINT('',(18.5,16.681578947368,16.));
#3707 = VECTOR('',#3708,1.);
#3708 = DIRECTION('',(1.,0.,0.));
#3709 = PCURVE('',#845,#3710);
#3710 = DEFINITIONAL_REPRESENTATION('',(#3711),#3714);
#3711 = B_SPLINE_CURVE_WITH_KNOTS('',1,(#3712,#3713),.UNSPECIFIED.,.F.,
  .F.,(2,2),(0.,9.),.PIECEWISE_BEZIER_KNOTS.);
#3712 = CARTESIAN_POINT('',(8.,0.));
#3713 = CARTESIAN_POINT('',(8.,9.));
#3714 = ( GEOMETRIC_REPRESENTATION_CONTEXT(2) 
PARAMETRIC_REPRESENTATION_CONTEXT() REPRESENTATION_CONTEXT('2D SPACE',''
  ) );
#3715 = PCURVE('',#3286,#3716);
#3716 = DEFINITIONAL_REPRESENTATION('',(#3717),#3720);
#3717 = B_SPLINE_CURVE_WITH_KNOTS('',1,(#3718,#3719),.UNSPECIFIED.,.F.,
  .F.,(2,2),(0.,9.),.PIECEWISE_BEZIER_KNOTS.);
#3718 = CARTESIAN_POINT('',(0.,1.681578947368));
#3719 = CARTESIAN_POINT('',(9.,1.681578947368));
#3720 = ( GEOMETRIC_REPRESENTATION_CONTEXT(2) 
PARAMETRIC_REPRESENTATION_CONTEXT() REPRESENTATION_CONTEXT('2D SPACE',''
  ) );
#3721 = ADVANCED_FACE('',(#3722),#899,.F.);
#3722 = FACE_BOUND('',#3723,.F.);
#3723 = EDGE_LOOP('',(#3724,#3747,#3748,#3749));
#3724 = ORIENTED_EDGE('',*,*,#3725,.F.);
#3725 = EDGE_CURVE('',#858,#3726,#3728,.T.);
#3726 = VERTEX_POINT('',#3727);
#3727 = CARTESIAN_POINT('',(27.5,-16.68157894736,16.));
#3728 = SURFACE_CURVE('',#3729,(#3733,#3740),.PCURVE_S1.);
#3729 = LINE('',#3730,#3731);
#3730 = CARTESIAN_POINT('',(27.5,-16.68157894736,8.));
#3731 = VECTOR('',#3732,1.);
#3732 = DIRECTION('',(0.,0.,1.));
#3733 = PCURVE('',#899,#3734);
#3734 = DEFINITIONAL_REPRESENTATION('',(#3735),#3739);
#3735 = LINE('',#3736,#3737);
#3736 = CARTESIAN_POINT('',(0.,9.));
#3737 = VECTOR('',#3738,1.);
#3738 = DIRECTION('',(1.,0.));
#3739 = ( GEOMETRIC_REPRESENTATION_CONTEXT(2) 
PARAMETRIC_REPRESENTATION_CONTEXT() REPRESENTATION_CONTEXT('2D SPACE',''
  ) );
#3740 = PCURVE('',#873,#3741);
#3741 = DEFINITIONAL_REPRESENTATION('',(#3742),#3746);
#3742 = LINE('',#3743,#3744);
#3743 = CARTESIAN_POINT('',(-18.10640197485,16.681578947368));
#3744 = VECTOR('',#3745,1.);
#3745 = DIRECTION('',(1.,0.));
#3746 = ( GEOMETRIC_REPRESENTATION_CONTEXT(2) 
PARAMETRIC_REPRESENTATION_CONTEXT() REPRESENTATION_CONTEXT('2D SPACE',''
  ) );
#3747 = ORIENTED_EDGE('',*,*,#885,.F.);
#3748 = ORIENTED_EDGE('',*,*,#3654,.T.);
#3749 = ORIENTED_EDGE('',*,*,#3750,.T.);
#3750 = EDGE_CURVE('',#3632,#3726,#3751,.T.);
#3751 = SURFACE_CURVE('',#3752,(#3756,#3762),.PCURVE_S1.);
#3752 = LINE('',#3753,#3754);
#3753 = CARTESIAN_POINT('',(18.5,-16.68157894736,16.));
#3754 = VECTOR('',#3755,1.);
#3755 = DIRECTION('',(1.,0.,0.));
#3756 = PCURVE('',#899,#3757);
#3757 = DEFINITIONAL_REPRESENTATION('',(#3758),#3761);
#3758 = B_SPLINE_CURVE_WITH_KNOTS('',1,(#3759,#3760),.UNSPECIFIED.,.F.,
  .F.,(2,2),(0.,9.),.PIECEWISE_BEZIER_KNOTS.);
#3759 = CARTESIAN_POINT('',(8.,0.));
#3760 = CARTESIAN_POINT('',(8.,9.));
#3761 = ( GEOMETRIC_REPRESENTATION_CONTEXT(2) 
PARAMETRIC_REPRESENTATION_CONTEXT() REPRESENTATION_CONTEXT('2D SPACE',''
  ) );
#3762 = PCURVE('',#3079,#3763);
#3763 = DEFINITIONAL_REPRESENTATION('',(#3764),#3767);
#3764 = B_SPLINE_CURVE_WITH_KNOTS('',1,(#3765,#3766),.UNSPECIFIED.,.F.,
  .F.,(2,2),(0.,9.),.PIECEWISE_BEZIER_KNOTS.);
#3765 = CARTESIAN_POINT('',(0.,21.818421052632));
#3766 = CARTESIAN_POINT('',(9.,21.818421052632));
#3767 = ( GEOMETRIC_REPRESENTATION_CONTEXT(2) 
PARAMETRIC_REPRESENTATION_CONTEXT() REPRESENTATION_CONTEXT('2D SPACE',''
  ) );
#3768 = ADVANCED_FACE('',(#3769),#873,.T.);
#3769 = FACE_BOUND('',#3770,.T.);
#3770 = EDGE_LOOP('',(#3771,#3772,#3773,#3796,#3819,#3842,#4060,#4083,
    #4106,#4127));
#3771 = ORIENTED_EDGE('',*,*,#857,.T.);
#3772 = ORIENTED_EDGE('',*,*,#3678,.T.);
#3773 = ORIENTED_EDGE('',*,*,#3774,.T.);
#3774 = EDGE_CURVE('',#3679,#3775,#3777,.T.);
#3775 = VERTEX_POINT('',#3776);
#3776 = CARTESIAN_POINT('',(27.5,38.5,16.));
#3777 = SURFACE_CURVE('',#3778,(#3782,#3789),.PCURVE_S1.);
#3778 = LINE('',#3779,#3780);
#3779 = CARTESIAN_POINT('',(27.5,15.,16.));
#3780 = VECTOR('',#3781,1.);
#3781 = DIRECTION('',(0.,1.,0.));
#3782 = PCURVE('',#873,#3783);
#3783 = DEFINITIONAL_REPRESENTATION('',(#3784),#3788);
#3784 = LINE('',#3785,#3786);
#3785 = CARTESIAN_POINT('',(-10.10640197485,-15.));
#3786 = VECTOR('',#3787,1.);
#3787 = DIRECTION('',(0.,-1.));
#3788 = ( GEOMETRIC_REPRESENTATION_CONTEXT(2) 
PARAMETRIC_REPRESENTATION_CONTEXT() REPRESENTATION_CONTEXT('2D SPACE',''
  ) );
#3789 = PCURVE('',#3286,#3790);
#3790 = DEFINITIONAL_REPRESENTATION('',(#3791),#3795);
#3791 = LINE('',#3792,#3793);
#3792 = CARTESIAN_POINT('',(9.,0.));
#3793 = VECTOR('',#3794,1.);
#3794 = DIRECTION('',(0.,1.));
#3795 = ( GEOMETRIC_REPRESENTATION_CONTEXT(2) 
PARAMETRIC_REPRESENTATION_CONTEXT() REPRESENTATION_CONTEXT('2D SPACE',''
  ) );
#3796 = ORIENTED_EDGE('',*,*,#3797,.T.);
#3797 = EDGE_CURVE('',#3775,#3798,#3800,.T.);
#3798 = VERTEX_POINT('',#3799);
#3799 = CARTESIAN_POINT('',(27.5,38.5,26.));
#3800 = SURFACE_CURVE('',#3801,(#3805,#3812),.PCURVE_S1.);
#3801 = LINE('',#3802,#3803);
#3802 = CARTESIAN_POINT('',(27.5,38.5,16.));
#3803 = VECTOR('',#3804,1.);
#3804 = DIRECTION('',(0.,0.,1.));
#3805 = PCURVE('',#873,#3806);
#3806 = DEFINITIONAL_REPRESENTATION('',(#3807),#3811);
#3807 = LINE('',#3808,#3809);
#3808 = CARTESIAN_POINT('',(-10.10640197485,-38.5));
#3809 = VECTOR('',#3810,1.);
#3810 = DIRECTION('',(1.,0.));
#3811 = ( GEOMETRIC_REPRESENTATION_CONTEXT(2) 
PARAMETRIC_REPRESENTATION_CONTEXT() REPRESENTATION_CONTEXT('2D SPACE',''
  ) );
#3812 = PCURVE('',#3314,#3813);
#3813 = DEFINITIONAL_REPRESENTATION('',(#3814),#3818);
#3814 = LINE('',#3815,#3816);
#3815 = CARTESIAN_POINT('',(0.,9.));
#3816 = VECTOR('',#3817,1.);
#3817 = DIRECTION('',(1.,0.));
#3818 = ( GEOMETRIC_REPRESENTATION_CONTEXT(2) 
PARAMETRIC_REPRESENTATION_CONTEXT() REPRESENTATION_CONTEXT('2D SPACE',''
  ) );
#3819 = ORIENTED_EDGE('',*,*,#3820,.F.);
#3820 = EDGE_CURVE('',#3821,#3798,#3823,.T.);
#3821 = VERTEX_POINT('',#3822);
#3822 = CARTESIAN_POINT('',(27.5,12.681578947368,26.));
#3823 = SURFACE_CURVE('',#3824,(#3828,#3835),.PCURVE_S1.);
#3824 = LINE('',#3825,#3826);
#3825 = CARTESIAN_POINT('',(27.5,-38.5,26.));
#3826 = VECTOR('',#3827,1.);
#3827 = DIRECTION('',(0.,1.,0.));
#3828 = PCURVE('',#873,#3829);
#3829 = DEFINITIONAL_REPRESENTATION('',(#3830),#3834);
#3830 = LINE('',#3831,#3832);
#3831 = CARTESIAN_POINT('',(-0.106401974852,38.5));
#3832 = VECTOR('',#3833,1.);
#3833 = DIRECTION('',(0.,-1.));
#3834 = ( GEOMETRIC_REPRESENTATION_CONTEXT(2) 
PARAMETRIC_REPRESENTATION_CONTEXT() REPRESENTATION_CONTEXT('2D SPACE',''
  ) );
#3835 = PCURVE('',#3342,#3836);
#3836 = DEFINITIONAL_REPRESENTATION('',(#3837),#3841);
#3837 = LINE('',#3838,#3839);
#3838 = CARTESIAN_POINT('',(77.5,11.5));
#3839 = VECTOR('',#3840,1.);
#3840 = DIRECTION('',(0.,1.));
#3841 = ( GEOMETRIC_REPRESENTATION_CONTEXT(2) 
PARAMETRIC_REPRESENTATION_CONTEXT() REPRESENTATION_CONTEXT('2D SPACE',''
  ) );
#3842 = ORIENTED_EDGE('',*,*,#3843,.T.);
#3843 = EDGE_CURVE('',#3821,#3844,#3846,.T.);
#3844 = VERTEX_POINT('',#3845);
#3845 = CARTESIAN_POINT('',(27.5,-12.68157894736,26.));
#3846 = SURFACE_CURVE('',#3847,(#3916,#3988),.PCURVE_S1.);
#3847 = B_SPLINE_CURVE_WITH_KNOTS('',7,(#3848,#3849,#3850,#3851,#3852,
    #3853,#3854,#3855,#3856,#3857,#3858,#3859,#3860,#3861,#3862,#3863,
    #3864,#3865,#3866,#3867,#3868,#3869,#3870,#3871,#3872,#3873,#3874,
    #3875,#3876,#3877,#3878,#3879,#3880,#3881,#3882,#3883,#3884,#3885,
    #3886,#3887,#3888,#3889,#3890,#3891,#3892,#3893,#3894,#3895,#3896,
    #3897,#3898,#3899,#3900,#3901,#3902,#3903,#3904,#3905,#3906,#3907,
    #3908,#3909,#3910,#3911,#3912,#3913,#3914,#3915),.UNSPECIFIED.,.F.,
  .F.,(8,6,6,6,6,6,6,6,6,6,6,8),(0.,0.182480231288,0.266984792069,
    0.348166993804,0.397105211679,0.428255387757,0.499999684658,
    0.60289239009,0.651830903517,0.733013595534,0.817518666662,1.),
  .UNSPECIFIED.);
#3848 = CARTESIAN_POINT('',(27.5,12.681578947368,26.));
#3849 = CARTESIAN_POINT('',(27.5,12.681578947369,24.927173743392));
#3850 = CARTESIAN_POINT('',(27.5,12.588252712571,23.85437298234));
#3851 = CARTESIAN_POINT('',(27.5,12.401608447685,22.791245566126));
#3852 = CARTESIAN_POINT('',(27.5,12.122362470894,21.747620092718));
#3853 = CARTESIAN_POINT('',(27.5,11.752098352092,20.733463454473));
#3854 = CARTESIAN_POINT('',(27.5,11.293352628724,19.758857295692));
#3855 = CARTESIAN_POINT('',(27.5,10.498225345569,18.405578339118));
#3856 = CARTESIAN_POINT('',(27.5,10.22840169881,17.987916879683));
#3857 = CARTESIAN_POINT('',(27.5,9.940812048137,17.581944863139));
#3858 = CARTESIAN_POINT('',(27.5,9.635906137379,17.188683177263));
#3859 = CARTESIAN_POINT('',(27.5,9.314203363358,16.809148398334));
#3860 = CARTESIAN_POINT('',(27.5,8.976301005058,16.444346067644));
#3861 = CARTESIAN_POINT('',(27.5,8.283358811222,15.759906288209));
#3862 = CARTESIAN_POINT('',(27.5,7.929510320827,15.439052490583));
#3863 = CARTESIAN_POINT('',(27.5,7.561949392248,15.133583006112));
#3864 = CARTESIAN_POINT('',(27.5,7.181354275815,14.8443536439));
#3865 = CARTESIAN_POINT('',(27.5,6.78847549862,14.572186445097));
#3866 = CARTESIAN_POINT('',(27.5,6.384142301598,14.31786053682));
#3867 = CARTESIAN_POINT('',(27.5,5.719175388048,13.939983726715));
#3868 = CARTESIAN_POINT('',(27.5,5.465249791952,13.804610915571));
#3869 = CARTESIAN_POINT('',(27.5,5.207692297168,13.676143384694));
#3870 = CARTESIAN_POINT('',(27.5,4.94671164291,13.554731436209));
#3871 = CARTESIAN_POINT('',(27.5,4.682525645613,13.440516047234));
#3872 = CARTESIAN_POINT('',(27.5,4.415361545812,13.333628074804));
#3873 = CARTESIAN_POINT('',(27.5,3.973656183652,13.170891477203));
#3874 = CARTESIAN_POINT('',(27.5,3.800745090248,13.110612676863));
#3875 = CARTESIAN_POINT('',(27.5,3.626784038734,13.053382016138));
#3876 = CARTESIAN_POINT('',(27.5,3.451835197977,12.999228389919));
#3877 = CARTESIAN_POINT('',(27.5,3.275961941785,12.948178631619));
#3878 = CARTESIAN_POINT('',(27.5,3.099228848909,12.900257513183));
#3879 = CARTESIAN_POINT('',(27.5,2.512825675204,12.752375148628));
#3880 = CARTESIAN_POINT('',(27.5,2.099729525048,12.665977334885));
#3881 = CARTESIAN_POINT('',(27.5,1.683227918386,12.59657340259));
#3882 = CARTESIAN_POINT('',(27.5,1.264150978175,12.544375938158));
#3883 = CARTESIAN_POINT('',(27.5,0.84334422533,12.509528860053));
#3884 = CARTESIAN_POINT('',(27.5,0.421668519523,12.492105263158));
#3885 = CARTESIAN_POINT('',(27.5,-0.604739563191,12.492105263158));
#3886 = CARTESIAN_POINT('',(27.5,-1.209520171378,12.527941757774));
#3887 = CARTESIAN_POINT('',(27.5,-1.811718703369,12.599623032252));
#3888 = CARTESIAN_POINT('',(27.5,-2.408807369582,12.706825433019));
#3889 = CARTESIAN_POINT('',(27.5,-2.998346595107,12.848944965334));
#3890 = CARTESIAN_POINT('',(27.5,-3.577983554027,13.025114624521));
#3891 = CARTESIAN_POINT('',(27.5,-4.415361545809,13.333628074803));
#3892 = CARTESIAN_POINT('',(27.5,-4.682525645609,13.440516047233));
#3893 = CARTESIAN_POINT('',(27.5,-4.946711642907,13.554731436208));
#3894 = CARTESIAN_POINT('',(27.5,-5.207692297165,13.676143384693));
#3895 = CARTESIAN_POINT('',(27.5,-5.465249791948,13.804610915569));
#3896 = CARTESIAN_POINT('',(27.5,-5.719175388045,13.939983726714));
#3897 = CARTESIAN_POINT('',(27.5,-6.384142301595,14.317860536818));
#3898 = CARTESIAN_POINT('',(27.5,-6.788475498617,14.572186445095));
#3899 = CARTESIAN_POINT('',(27.5,-7.181354275812,14.844353643898));
#3900 = CARTESIAN_POINT('',(27.5,-7.561949392246,15.133583006109));
#3901 = CARTESIAN_POINT('',(27.5,-7.929510320824,15.439052490581));
#3902 = CARTESIAN_POINT('',(27.5,-8.283358811219,15.759906288206));
#3903 = CARTESIAN_POINT('',(27.5,-8.976301005056,16.444346067641));
#3904 = CARTESIAN_POINT('',(27.5,-9.314203363356,16.809148398331));
#3905 = CARTESIAN_POINT('',(27.5,-9.635906137377,17.18868317726));
#3906 = CARTESIAN_POINT('',(27.5,-9.940812048135,17.581944863136));
#3907 = CARTESIAN_POINT('',(27.5,-10.2284016988,17.98791687968));
#3908 = CARTESIAN_POINT('',(27.5,-10.49822534556,18.405578339115));
#3909 = CARTESIAN_POINT('',(27.5,-11.29335262872,19.758857295693));
#3910 = CARTESIAN_POINT('',(27.5,-11.75209835208,20.733463454456));
#3911 = CARTESIAN_POINT('',(27.5,-12.1223624709,21.74762009274));
#3912 = CARTESIAN_POINT('',(27.5,-12.40160844767,22.791245566102));
#3913 = CARTESIAN_POINT('',(27.5,-12.58825271257,23.85437298235));
#3914 = CARTESIAN_POINT('',(27.5,-12.68157894736,24.927173743389));
#3915 = CARTESIAN_POINT('',(27.5,-12.68157894736,26.));
#3916 = PCURVE('',#873,#3917);
#3917 = DEFINITIONAL_REPRESENTATION('',(#3918),#3987);
#3918 = B_SPLINE_CURVE_WITH_KNOTS('',7,(#3919,#3920,#3921,#3922,#3923,
    #3924,#3925,#3926,#3927,#3928,#3929,#3930,#3931,#3932,#3933,#3934,
    #3935,#3936,#3937,#3938,#3939,#3940,#3941,#3942,#3943,#3944,#3945,
    #3946,#3947,#3948,#3949,#3950,#3951,#3952,#3953,#3954,#3955,#3956,
    #3957,#3958,#3959,#3960,#3961,#3962,#3963,#3964,#3965,#3966,#3967,
    #3968,#3969,#3970,#3971,#3972,#3973,#3974,#3975,#3976,#3977,#3978,
    #3979,#3980,#3981,#3982,#3983,#3984,#3985,#3986),.UNSPECIFIED.,.F.,
  .F.,(8,6,6,6,6,6,6,6,6,6,6,8),(0.,0.182480231288,0.266984792069,
    0.348166993804,0.397105211679,0.428255387757,0.499999684658,
    0.60289239009,0.651830903517,0.733013595534,0.817518666662,1.),
  .UNSPECIFIED.);
#3919 = CARTESIAN_POINT('',(-0.106401974852,-12.68157894736));
#3920 = CARTESIAN_POINT('',(-1.17922823146,-12.68157894736));
#3921 = CARTESIAN_POINT('',(-2.252028992513,-12.58825271257));
#3922 = CARTESIAN_POINT('',(-3.315156408727,-12.40160844768));
#3923 = CARTESIAN_POINT('',(-4.358781882135,-12.12236247089));
#3924 = CARTESIAN_POINT('',(-5.372938520379,-11.75209835209));
#3925 = CARTESIAN_POINT('',(-6.347544679161,-11.29335262872));
#3926 = CARTESIAN_POINT('',(-7.700823635734,-10.49822534556));
#3927 = CARTESIAN_POINT('',(-8.11848509517,-10.22840169881));
#3928 = CARTESIAN_POINT('',(-8.524457111714,-9.940812048137));
#3929 = CARTESIAN_POINT('',(-8.91771879759,-9.635906137379));
#3930 = CARTESIAN_POINT('',(-9.297253576518,-9.314203363358));
#3931 = CARTESIAN_POINT('',(-9.662055907209,-8.976301005058));
#3932 = CARTESIAN_POINT('',(-10.34649568664,-8.283358811222));
#3933 = CARTESIAN_POINT('',(-10.66734948426,-7.929510320827));
#3934 = CARTESIAN_POINT('',(-10.97281896874,-7.561949392248));
#3935 = CARTESIAN_POINT('',(-11.26204833095,-7.181354275815));
#3936 = CARTESIAN_POINT('',(-11.53421552975,-6.78847549862));
#3937 = CARTESIAN_POINT('',(-11.78854143803,-6.384142301598));
#3938 = CARTESIAN_POINT('',(-12.16641824813,-5.719175388048));
#3939 = CARTESIAN_POINT('',(-12.30179105928,-5.465249791952));
#3940 = CARTESIAN_POINT('',(-12.43025859015,-5.207692297168));
#3941 = CARTESIAN_POINT('',(-12.55167053864,-4.94671164291));
#3942 = CARTESIAN_POINT('',(-12.66588592761,-4.682525645613));
#3943 = CARTESIAN_POINT('',(-12.77277390004,-4.415361545812));
#3944 = CARTESIAN_POINT('',(-12.93551049764,-3.973656183652));
#3945 = CARTESIAN_POINT('',(-12.99578929798,-3.800745090248));
#3946 = CARTESIAN_POINT('',(-13.05301995871,-3.626784038734));
#3947 = CARTESIAN_POINT('',(-13.10717358493,-3.451835197977));
#3948 = CARTESIAN_POINT('',(-13.15822334323,-3.275961941785));
#3949 = CARTESIAN_POINT('',(-13.20614446167,-3.099228848909));
#3950 = CARTESIAN_POINT('',(-13.35402682622,-2.512825675204));
#3951 = CARTESIAN_POINT('',(-13.44042463996,-2.099729525048));
#3952 = CARTESIAN_POINT('',(-13.50982857226,-1.683227918386));
#3953 = CARTESIAN_POINT('',(-13.56202603669,-1.264150978175));
#3954 = CARTESIAN_POINT('',(-13.5968731148,-0.84334422533));
#3955 = CARTESIAN_POINT('',(-13.61429671169,-0.421668519523));
#3956 = CARTESIAN_POINT('',(-13.61429671169,0.604739563191));
#3957 = CARTESIAN_POINT('',(-13.57846021707,1.209520171378));
#3958 = CARTESIAN_POINT('',(-13.5067789426,1.811718703369));
#3959 = CARTESIAN_POINT('',(-13.39957654183,2.408807369582));
#3960 = CARTESIAN_POINT('',(-13.25745700951,2.998346595107));
#3961 = CARTESIAN_POINT('',(-13.08128735033,3.577983554027));
#3962 = CARTESIAN_POINT('',(-12.77277390005,4.415361545809));
#3963 = CARTESIAN_POINT('',(-12.66588592762,4.682525645609));
#3964 = CARTESIAN_POINT('',(-12.55167053864,4.946711642907));
#3965 = CARTESIAN_POINT('',(-12.43025859016,5.207692297165));
#3966 = CARTESIAN_POINT('',(-12.30179105928,5.465249791948));
#3967 = CARTESIAN_POINT('',(-12.16641824813,5.719175388045));
#3968 = CARTESIAN_POINT('',(-11.78854143803,6.384142301595));
#3969 = CARTESIAN_POINT('',(-11.53421552975,6.788475498617));
#3970 = CARTESIAN_POINT('',(-11.26204833095,7.181354275812));
#3971 = CARTESIAN_POINT('',(-10.97281896874,7.561949392246));
#3972 = CARTESIAN_POINT('',(-10.66734948427,7.929510320824));
#3973 = CARTESIAN_POINT('',(-10.34649568664,8.283358811219));
#3974 = CARTESIAN_POINT('',(-9.662055907211,8.976301005056));
#3975 = CARTESIAN_POINT('',(-9.297253576521,9.314203363356));
#3976 = CARTESIAN_POINT('',(-8.917718797592,9.635906137377));
#3977 = CARTESIAN_POINT('',(-8.524457111716,9.940812048135));
#3978 = CARTESIAN_POINT('',(-8.118485095173,10.228401698808));
#3979 = CARTESIAN_POINT('',(-7.700823635737,10.498225345567));
#3980 = CARTESIAN_POINT('',(-6.34754467916,11.293352628725));
#3981 = CARTESIAN_POINT('',(-5.372938520396,11.752098352084));
#3982 = CARTESIAN_POINT('',(-4.358781882112,12.122362470904));
#3983 = CARTESIAN_POINT('',(-3.31515640875,12.401608447678));
#3984 = CARTESIAN_POINT('',(-2.252028992503,12.588252712573));
#3985 = CARTESIAN_POINT('',(-1.179228231463,12.681578947368));
#3986 = CARTESIAN_POINT('',(-0.106401974852,12.681578947368));
#3987 = ( GEOMETRIC_REPRESENTATION_CONTEXT(2) 
PARAMETRIC_REPRESENTATION_CONTEXT() REPRESENTATION_CONTEXT('2D SPACE',''
  ) );
#3988 = PCURVE('',#3500,#3989);
#3989 = DEFINITIONAL_REPRESENTATION('',(#3990),#4059);
#3990 = B_SPLINE_CURVE_WITH_KNOTS('',7,(#3991,#3992,#3993,#3994,#3995,
    #3996,#3997,#3998,#3999,#4000,#4001,#4002,#4003,#4004,#4005,#4006,
    #4007,#4008,#4009,#4010,#4011,#4012,#4013,#4014,#4015,#4016,#4017,
    #4018,#4019,#4020,#4021,#4022,#4023,#4024,#4025,#4026,#4027,#4028,
    #4029,#4030,#4031,#4032,#4033,#4034,#4035,#4036,#4037,#4038,#4039,
    #4040,#4041,#4042,#4043,#4044,#4045,#4046,#4047,#4048,#4049,#4050,
    #4051,#4052,#4053,#4054,#4055,#4056,#4057,#4058),.UNSPECIFIED.,.F.,
  .F.,(8,6,6,6,6,6,6,6,6,6,6,8),(0.,0.182480231288,0.266984792069,
    0.348166993804,0.397105211679,0.428255387757,0.499999684658,
    0.60289239009,0.651830903517,0.733013595534,0.817518666662,1.),
  .UNSPECIFIED.);
#3991 = CARTESIAN_POINT('',(4.712388980385,-10.));
#3992 = CARTESIAN_POINT('',(4.632966814495,-10.));
#3993 = CARTESIAN_POINT('',(4.553546521498,-10.));
#3994 = CARTESIAN_POINT('',(4.474024169821,-10.));
#3995 = CARTESIAN_POINT('',(4.394308888811,-10.));
#3996 = CARTESIAN_POINT('',(4.314315897494,-10.));
#3997 = CARTESIAN_POINT('',(4.233964415147,-10.));
#3998 = CARTESIAN_POINT('',(4.115777667446,-10.));
#3999 = CARTESIAN_POINT('',(4.078280020921,-10.));
#4000 = CARTESIAN_POINT('',(4.040687285761,-10.));
#4001 = CARTESIAN_POINT('',(4.002994906705,-10.));
#4002 = CARTESIAN_POINT('',(3.965199356885,-10.));
#4003 = CARTESIAN_POINT('',(3.927298458776,-10.));
#4004 = CARTESIAN_POINT('',(3.852779215024,-10.));
#4005 = CARTESIAN_POINT('',(3.816168520923,-10.));
#4006 = CARTESIAN_POINT('',(3.779459930071,-10.));
#4007 = CARTESIAN_POINT('',(3.742654216486,-10.));
#4008 = CARTESIAN_POINT('',(3.705753193653,-10.));
#4009 = CARTESIAN_POINT('',(3.668760287194,-10.));
#4010 = CARTESIAN_POINT('',(3.609329053365,-10.));
#4011 = CARTESIAN_POINT('',(3.586945492715,-10.));
#4012 = CARTESIAN_POINT('',(3.564531639487,-10.));
#4013 = CARTESIAN_POINT('',(3.542088777751,-10.));
#4014 = CARTESIAN_POINT('',(3.519618330327,-10.));
#4015 = CARTESIAN_POINT('',(3.497121927356,-10.));
#4016 = CARTESIAN_POINT('',(3.460266746498,-10.));
#4017 = CARTESIAN_POINT('',(3.445922248841,-10.));
#4018 = CARTESIAN_POINT('',(3.431568453007,-10.));
#4019 = CARTESIAN_POINT('',(3.417205852956,-10.));
#4020 = CARTESIAN_POINT('',(3.402834965505,-10.));
#4021 = CARTESIAN_POINT('',(3.388456330328,-10.));
#4022 = CARTESIAN_POINT('',(3.340937452685,-10.));
#4023 = CARTESIAN_POINT('',(3.30776565256,-10.));
#4024 = CARTESIAN_POINT('',(3.274562989022,-10.));
#4025 = CARTESIAN_POINT('',(3.241336738179,-10.));
#4026 = CARTESIAN_POINT('',(3.208094167125,-10.));
#4027 = CARTESIAN_POINT('',(3.174843128256,-10.));
#4028 = CARTESIAN_POINT('',(3.093906197061,-10.));
#4029 = CARTESIAN_POINT('',(3.046216519892,-10.));
#4030 = CARTESIAN_POINT('',(2.998553261437,-10.));
#4031 = CARTESIAN_POINT('',(2.950938738978,-10.));
#4032 = CARTESIAN_POINT('',(2.903392094626,-10.));
#4033 = CARTESIAN_POINT('',(2.855932844806,-10.));
#4034 = CARTESIAN_POINT('',(2.786063379824,-10.));
#4035 = CARTESIAN_POINT('',(2.763566976853,-10.));
#4036 = CARTESIAN_POINT('',(2.741096529429,-10.));
#4037 = CARTESIAN_POINT('',(2.718653667693,-10.));
#4038 = CARTESIAN_POINT('',(2.696239814465,-10.));
#4039 = CARTESIAN_POINT('',(2.673856253815,-10.));
#4040 = CARTESIAN_POINT('',(2.614425019986,-10.));
#4041 = CARTESIAN_POINT('',(2.577432113527,-10.));
#4042 = CARTESIAN_POINT('',(2.540531090694,-10.));
#4043 = CARTESIAN_POINT('',(2.503725377109,-10.));
#4044 = CARTESIAN_POINT('',(2.467016786257,-10.));
#4045 = CARTESIAN_POINT('',(2.430406092156,-10.));
#4046 = CARTESIAN_POINT('',(2.355886848404,-10.));
#4047 = CARTESIAN_POINT('',(2.317985950294,-10.));
#4048 = CARTESIAN_POINT('',(2.280190400475,-10.));
#4049 = CARTESIAN_POINT('',(2.242498021419,-10.));
#4050 = CARTESIAN_POINT('',(2.204905286259,-10.));
#4051 = CARTESIAN_POINT('',(2.167407639733,-10.));
#4052 = CARTESIAN_POINT('',(2.049220892033,-10.));
#4053 = CARTESIAN_POINT('',(1.968869409687,-10.));
#4054 = CARTESIAN_POINT('',(1.888876418367,-10.));
#4055 = CARTESIAN_POINT('',(1.809161137362,-10.));
#4056 = CARTESIAN_POINT('',(1.72963878568,-10.));
#4057 = CARTESIAN_POINT('',(1.650218492685,-10.));
#4058 = CARTESIAN_POINT('',(1.570796326795,-10.));
#4059 = ( GEOMETRIC_REPRESENTATION_CONTEXT(2) 
PARAMETRIC_REPRESENTATION_CONTEXT() REPRESENTATION_CONTEXT('2D SPACE',''
  ) );
#4060 = ORIENTED_EDGE('',*,*,#4061,.F.);
#4061 = EDGE_CURVE('',#4062,#3844,#4064,.T.);
#4062 = VERTEX_POINT('',#4063);
#4063 = CARTESIAN_POINT('',(27.5,-38.5,26.));
#4064 = SURFACE_CURVE('',#4065,(#4069,#4076),.PCURVE_S1.);
#4065 = LINE('',#4066,#4067);
#4066 = CARTESIAN_POINT('',(27.5,-38.5,26.));
#4067 = VECTOR('',#4068,1.);
#4068 = DIRECTION('',(0.,1.,0.));
#4069 = PCURVE('',#873,#4070);
#4070 = DEFINITIONAL_REPRESENTATION('',(#4071),#4075);
#4071 = LINE('',#4072,#4073);
#4072 = CARTESIAN_POINT('',(-0.106401974852,38.5));
#4073 = VECTOR('',#4074,1.);
#4074 = DIRECTION('',(0.,-1.));
#4075 = ( GEOMETRIC_REPRESENTATION_CONTEXT(2) 
PARAMETRIC_REPRESENTATION_CONTEXT() REPRESENTATION_CONTEXT('2D SPACE',''
  ) );
#4076 = PCURVE('',#3596,#4077);
#4077 = DEFINITIONAL_REPRESENTATION('',(#4078),#4082);
#4078 = LINE('',#4079,#4080);
#4079 = CARTESIAN_POINT('',(77.5,11.5));
#4080 = VECTOR('',#4081,1.);
#4081 = DIRECTION('',(0.,1.));
#4082 = ( GEOMETRIC_REPRESENTATION_CONTEXT(2) 
PARAMETRIC_REPRESENTATION_CONTEXT() REPRESENTATION_CONTEXT('2D SPACE',''
  ) );
#4083 = ORIENTED_EDGE('',*,*,#4084,.F.);
#4084 = EDGE_CURVE('',#4085,#4062,#4087,.T.);
#4085 = VERTEX_POINT('',#4086);
#4086 = CARTESIAN_POINT('',(27.5,-38.5,16.));
#4087 = SURFACE_CURVE('',#4088,(#4092,#4099),.PCURVE_S1.);
#4088 = LINE('',#4089,#4090);
#4089 = CARTESIAN_POINT('',(27.5,-38.5,16.));
#4090 = VECTOR('',#4091,1.);
#4091 = DIRECTION('',(0.,0.,1.));
#4092 = PCURVE('',#873,#4093);
#4093 = DEFINITIONAL_REPRESENTATION('',(#4094),#4098);
#4094 = LINE('',#4095,#4096);
#4095 = CARTESIAN_POINT('',(-10.10640197485,38.5));
#4096 = VECTOR('',#4097,1.);
#4097 = DIRECTION('',(1.,0.));
#4098 = ( GEOMETRIC_REPRESENTATION_CONTEXT(2) 
PARAMETRIC_REPRESENTATION_CONTEXT() REPRESENTATION_CONTEXT('2D SPACE',''
  ) );
#4099 = PCURVE('',#3231,#4100);
#4100 = DEFINITIONAL_REPRESENTATION('',(#4101),#4105);
#4101 = LINE('',#4102,#4103);
#4102 = CARTESIAN_POINT('',(0.,9.));
#4103 = VECTOR('',#4104,1.);
#4104 = DIRECTION('',(1.,0.));
#4105 = ( GEOMETRIC_REPRESENTATION_CONTEXT(2) 
PARAMETRIC_REPRESENTATION_CONTEXT() REPRESENTATION_CONTEXT('2D SPACE',''
  ) );
#4106 = ORIENTED_EDGE('',*,*,#4107,.T.);
#4107 = EDGE_CURVE('',#4085,#3726,#4108,.T.);
#4108 = SURFACE_CURVE('',#4109,(#4113,#4120),.PCURVE_S1.);
#4109 = LINE('',#4110,#4111);
#4110 = CARTESIAN_POINT('',(27.5,-38.5,16.));
#4111 = VECTOR('',#4112,1.);
#4112 = DIRECTION('',(0.,1.,0.));
#4113 = PCURVE('',#873,#4114);
#4114 = DEFINITIONAL_REPRESENTATION('',(#4115),#4119);
#4115 = LINE('',#4116,#4117);
#4116 = CARTESIAN_POINT('',(-10.10640197485,38.5));
#4117 = VECTOR('',#4118,1.);
#4118 = DIRECTION('',(0.,-1.));
#4119 = ( GEOMETRIC_REPRESENTATION_CONTEXT(2) 
PARAMETRIC_REPRESENTATION_CONTEXT() REPRESENTATION_CONTEXT('2D SPACE',''
  ) );
#4120 = PCURVE('',#3079,#4121);
#4121 = DEFINITIONAL_REPRESENTATION('',(#4122),#4126);
#4122 = LINE('',#4123,#4124);
#4123 = CARTESIAN_POINT('',(9.,0.));
#4124 = VECTOR('',#4125,1.);
#4125 = DIRECTION('',(0.,1.));
#4126 = ( GEOMETRIC_REPRESENTATION_CONTEXT(2) 
PARAMETRIC_REPRESENTATION_CONTEXT() REPRESENTATION_CONTEXT('2D SPACE',''
  ) );
#4127 = ORIENTED_EDGE('',*,*,#3725,.F.);
#4128 = ADVANCED_FACE('',(#4129),#930,.F.);
#4129 = FACE_BOUND('',#4130,.F.);
#4130 = EDGE_LOOP('',(#4131,#4132,#4155,#4178));
#4131 = ORIENTED_EDGE('',*,*,#913,.T.);
#4132 = ORIENTED_EDGE('',*,*,#4133,.T.);
#4133 = EDGE_CURVE('',#916,#4134,#4136,.T.);
#4134 = VERTEX_POINT('',#4135);
#4135 = CARTESIAN_POINT('',(-26.,38.5,16.));
#4136 = SURFACE_CURVE('',#4137,(#4141,#4148),.PCURVE_S1.);
#4137 = LINE('',#4138,#4139);
#4138 = CARTESIAN_POINT('',(-26.,18.,7.));
#4139 = VECTOR('',#4140,1.);
#4140 = DIRECTION('',(0.,0.915644030191,0.401990062035));
#4141 = PCURVE('',#930,#4142);
#4142 = DEFINITIONAL_REPRESENTATION('',(#4143),#4147);
#4143 = LINE('',#4144,#4145);
#4144 = CARTESIAN_POINT('',(-6.27784670569,8.47215329431));
#4145 = VECTOR('',#4146,1.);
#4146 = DIRECTION('',(0.401990062035,-0.915644030191));
#4147 = ( GEOMETRIC_REPRESENTATION_CONTEXT(2) 
PARAMETRIC_REPRESENTATION_CONTEXT() REPRESENTATION_CONTEXT('2D SPACE',''
  ) );
#4148 = PCURVE('',#956,#4149);
#4149 = DEFINITIONAL_REPRESENTATION('',(#4150),#4154);
#4150 = LINE('',#4151,#4152);
#4151 = CARTESIAN_POINT('',(0.,0.));
#4152 = VECTOR('',#4153,1.);
#4153 = DIRECTION('',(1.,0.));
#4154 = ( GEOMETRIC_REPRESENTATION_CONTEXT(2) 
PARAMETRIC_REPRESENTATION_CONTEXT() REPRESENTATION_CONTEXT('2D SPACE',''
  ) );
#4155 = ORIENTED_EDGE('',*,*,#4156,.T.);
#4156 = EDGE_CURVE('',#4134,#4157,#4159,.T.);
#4157 = VERTEX_POINT('',#4158);
#4158 = CARTESIAN_POINT('',(-26.,18.,16.));
#4159 = SURFACE_CURVE('',#4160,(#4164,#4171),.PCURVE_S1.);
#4160 = LINE('',#4161,#4162);
#4161 = CARTESIAN_POINT('',(-26.,38.5,16.));
#4162 = VECTOR('',#4163,1.);
#4163 = DIRECTION('',(0.,-1.,0.));
#4164 = PCURVE('',#930,#4165);
#4165 = DEFINITIONAL_REPRESENTATION('',(#4166),#4170);
#4166 = LINE('',#4167,#4168);
#4167 = CARTESIAN_POINT('',(2.72215329431,-12.02784670569));
#4168 = VECTOR('',#4169,1.);
#4169 = DIRECTION('',(0.,1.));
#4170 = ( GEOMETRIC_REPRESENTATION_CONTEXT(2) 
PARAMETRIC_REPRESENTATION_CONTEXT() REPRESENTATION_CONTEXT('2D SPACE',''
  ) );
#4171 = PCURVE('',#2194,#4172);
#4172 = DEFINITIONAL_REPRESENTATION('',(#4173),#4177);
#4173 = LINE('',#4174,#4175);
#4174 = CARTESIAN_POINT('',(1.5,23.5));
#4175 = VECTOR('',#4176,1.);
#4176 = DIRECTION('',(0.,-1.));
#4177 = ( GEOMETRIC_REPRESENTATION_CONTEXT(2) 
PARAMETRIC_REPRESENTATION_CONTEXT() REPRESENTATION_CONTEXT('2D SPACE',''
  ) );
#4178 = ORIENTED_EDGE('',*,*,#4179,.T.);
#4179 = EDGE_CURVE('',#4157,#914,#4180,.T.);
#4180 = SURFACE_CURVE('',#4181,(#4185,#4192),.PCURVE_S1.);
#4181 = LINE('',#4182,#4183);
#4182 = CARTESIAN_POINT('',(-26.,18.,16.));
#4183 = VECTOR('',#4184,1.);
#4184 = DIRECTION('',(0.,0.,-1.));
#4185 = PCURVE('',#930,#4186);
#4186 = DEFINITIONAL_REPRESENTATION('',(#4187),#4191);
#4187 = LINE('',#4188,#4189);
#4188 = CARTESIAN_POINT('',(2.72215329431,8.47215329431));
#4189 = VECTOR('',#4190,1.);
#4190 = DIRECTION('',(-1.,0.));
#4191 = ( GEOMETRIC_REPRESENTATION_CONTEXT(2) 
PARAMETRIC_REPRESENTATION_CONTEXT() REPRESENTATION_CONTEXT('2D SPACE',''
  ) );
#4192 = PCURVE('',#1006,#4193);
#4193 = DEFINITIONAL_REPRESENTATION('',(#4194),#4198);
#4194 = LINE('',#4195,#4196);
#4195 = CARTESIAN_POINT('',(0.,0.));
#4196 = VECTOR('',#4197,1.);
#4197 = DIRECTION('',(1.,0.));
#4198 = ( GEOMETRIC_REPRESENTATION_CONTEXT(2) 
PARAMETRIC_REPRESENTATION_CONTEXT() REPRESENTATION_CONTEXT('2D SPACE',''
  ) );
#4199 = ADVANCED_FACE('',(#4200),#1006,.F.);
#4200 = FACE_BOUND('',#4201,.F.);
#4201 = EDGE_LOOP('',(#4202,#4203,#4226,#4247));
#4202 = ORIENTED_EDGE('',*,*,#4179,.F.);
#4203 = ORIENTED_EDGE('',*,*,#4204,.T.);
#4204 = EDGE_CURVE('',#4157,#4205,#4207,.T.);
#4205 = VERTEX_POINT('',#4206);
#4206 = CARTESIAN_POINT('',(-20.,18.,16.));
#4207 = SURFACE_CURVE('',#4208,(#4212,#4219),.PCURVE_S1.);
#4208 = LINE('',#4209,#4210);
#4209 = CARTESIAN_POINT('',(-26.,18.,16.));
#4210 = VECTOR('',#4211,1.);
#4211 = DIRECTION('',(1.,0.,0.));
#4212 = PCURVE('',#1006,#4213);
#4213 = DEFINITIONAL_REPRESENTATION('',(#4214),#4218);
#4214 = LINE('',#4215,#4216);
#4215 = CARTESIAN_POINT('',(0.,0.));
#4216 = VECTOR('',#4217,1.);
#4217 = DIRECTION('',(0.,-1.));
#4218 = ( GEOMETRIC_REPRESENTATION_CONTEXT(2) 
PARAMETRIC_REPRESENTATION_CONTEXT() REPRESENTATION_CONTEXT('2D SPACE',''
  ) );
#4219 = PCURVE('',#2194,#4220);
#4220 = DEFINITIONAL_REPRESENTATION('',(#4221),#4225);
#4221 = LINE('',#4222,#4223);
#4222 = CARTESIAN_POINT('',(1.5,3.));
#4223 = VECTOR('',#4224,1.);
#4224 = DIRECTION('',(1.,0.));
#4225 = ( GEOMETRIC_REPRESENTATION_CONTEXT(2) 
PARAMETRIC_REPRESENTATION_CONTEXT() REPRESENTATION_CONTEXT('2D SPACE',''
  ) );
#4226 = ORIENTED_EDGE('',*,*,#4227,.T.);
#4227 = EDGE_CURVE('',#4205,#968,#4228,.T.);
#4228 = SURFACE_CURVE('',#4229,(#4233,#4240),.PCURVE_S1.);
#4229 = LINE('',#4230,#4231);
#4230 = CARTESIAN_POINT('',(-20.,18.,16.));
#4231 = VECTOR('',#4232,1.);
#4232 = DIRECTION('',(0.,0.,-1.));
#4233 = PCURVE('',#1006,#4234);
#4234 = DEFINITIONAL_REPRESENTATION('',(#4235),#4239);
#4235 = LINE('',#4236,#4237);
#4236 = CARTESIAN_POINT('',(0.,-6.));
#4237 = VECTOR('',#4238,1.);
#4238 = DIRECTION('',(1.,0.));
#4239 = ( GEOMETRIC_REPRESENTATION_CONTEXT(2) 
PARAMETRIC_REPRESENTATION_CONTEXT() REPRESENTATION_CONTEXT('2D SPACE',''
  ) );
#4240 = PCURVE('',#982,#4241);
#4241 = DEFINITIONAL_REPRESENTATION('',(#4242),#4246);
#4242 = LINE('',#4243,#4244);
#4243 = CARTESIAN_POINT('',(2.72215329431,8.47215329431));
#4244 = VECTOR('',#4245,1.);
#4245 = DIRECTION('',(-1.,0.));
#4246 = ( GEOMETRIC_REPRESENTATION_CONTEXT(2) 
PARAMETRIC_REPRESENTATION_CONTEXT() REPRESENTATION_CONTEXT('2D SPACE',''
  ) );
#4247 = ORIENTED_EDGE('',*,*,#993,.T.);
#4248 = ADVANCED_FACE('',(#4249),#956,.F.);
#4249 = FACE_BOUND('',#4250,.F.);
#4250 = EDGE_LOOP('',(#4251,#4252,#4253,#4276));
#4251 = ORIENTED_EDGE('',*,*,#4133,.F.);
#4252 = ORIENTED_EDGE('',*,*,#941,.T.);
#4253 = ORIENTED_EDGE('',*,*,#4254,.T.);
#4254 = EDGE_CURVE('',#942,#4255,#4257,.T.);
#4255 = VERTEX_POINT('',#4256);
#4256 = CARTESIAN_POINT('',(-20.,38.5,16.));
#4257 = SURFACE_CURVE('',#4258,(#4262,#4269),.PCURVE_S1.);
#4258 = LINE('',#4259,#4260);
#4259 = CARTESIAN_POINT('',(-20.,18.,7.));
#4260 = VECTOR('',#4261,1.);
#4261 = DIRECTION('',(0.,0.915644030191,0.401990062035));
#4262 = PCURVE('',#956,#4263);
#4263 = DEFINITIONAL_REPRESENTATION('',(#4264),#4268);
#4264 = LINE('',#4265,#4266);
#4265 = CARTESIAN_POINT('',(0.,-6.));
#4266 = VECTOR('',#4267,1.);
#4267 = DIRECTION('',(1.,0.));
#4268 = ( GEOMETRIC_REPRESENTATION_CONTEXT(2) 
PARAMETRIC_REPRESENTATION_CONTEXT() REPRESENTATION_CONTEXT('2D SPACE',''
  ) );
#4269 = PCURVE('',#982,#4270);
#4270 = DEFINITIONAL_REPRESENTATION('',(#4271),#4275);
#4271 = LINE('',#4272,#4273);
#4272 = CARTESIAN_POINT('',(-6.27784670569,8.47215329431));
#4273 = VECTOR('',#4274,1.);
#4274 = DIRECTION('',(0.401990062035,-0.915644030191));
#4275 = ( GEOMETRIC_REPRESENTATION_CONTEXT(2) 
PARAMETRIC_REPRESENTATION_CONTEXT() REPRESENTATION_CONTEXT('2D SPACE',''
  ) );
#4276 = ORIENTED_EDGE('',*,*,#4277,.F.);
#4277 = EDGE_CURVE('',#4134,#4255,#4278,.T.);
#4278 = SURFACE_CURVE('',#4279,(#4283,#4290),.PCURVE_S1.);
#4279 = LINE('',#4280,#4281);
#4280 = CARTESIAN_POINT('',(-26.,38.5,16.));
#4281 = VECTOR('',#4282,1.);
#4282 = DIRECTION('',(1.,0.,0.));
#4283 = PCURVE('',#956,#4284);
#4284 = DEFINITIONAL_REPRESENTATION('',(#4285),#4289);
#4285 = LINE('',#4286,#4287);
#4286 = CARTESIAN_POINT('',(22.388613177238,0.));
#4287 = VECTOR('',#4288,1.);
#4288 = DIRECTION('',(0.,-1.));
#4289 = ( GEOMETRIC_REPRESENTATION_CONTEXT(2) 
PARAMETRIC_REPRESENTATION_CONTEXT() REPRESENTATION_CONTEXT('2D SPACE',''
  ) );
#4290 = PCURVE('',#2222,#4291);
#4291 = DEFINITIONAL_REPRESENTATION('',(#4292),#4296);
#4292 = LINE('',#4293,#4294);
#4293 = CARTESIAN_POINT('',(0.,1.5));
#4294 = VECTOR('',#4295,1.);
#4295 = DIRECTION('',(0.,1.));
#4296 = ( GEOMETRIC_REPRESENTATION_CONTEXT(2) 
PARAMETRIC_REPRESENTATION_CONTEXT() REPRESENTATION_CONTEXT('2D SPACE',''
  ) );
#4297 = ADVANCED_FACE('',(#4298),#982,.T.);
#4298 = FACE_BOUND('',#4299,.T.);
#4299 = EDGE_LOOP('',(#4300,#4301,#4302,#4323));
#4300 = ORIENTED_EDGE('',*,*,#967,.T.);
#4301 = ORIENTED_EDGE('',*,*,#4254,.T.);
#4302 = ORIENTED_EDGE('',*,*,#4303,.T.);
#4303 = EDGE_CURVE('',#4255,#4205,#4304,.T.);
#4304 = SURFACE_CURVE('',#4305,(#4309,#4316),.PCURVE_S1.);
#4305 = LINE('',#4306,#4307);
#4306 = CARTESIAN_POINT('',(-20.,38.5,16.));
#4307 = VECTOR('',#4308,1.);
#4308 = DIRECTION('',(0.,-1.,0.));
#4309 = PCURVE('',#982,#4310);
#4310 = DEFINITIONAL_REPRESENTATION('',(#4311),#4315);
#4311 = LINE('',#4312,#4313);
#4312 = CARTESIAN_POINT('',(2.72215329431,-12.02784670569));
#4313 = VECTOR('',#4314,1.);
#4314 = DIRECTION('',(0.,1.));
#4315 = ( GEOMETRIC_REPRESENTATION_CONTEXT(2) 
PARAMETRIC_REPRESENTATION_CONTEXT() REPRESENTATION_CONTEXT('2D SPACE',''
  ) );
#4316 = PCURVE('',#2194,#4317);
#4317 = DEFINITIONAL_REPRESENTATION('',(#4318),#4322);
#4318 = LINE('',#4319,#4320);
#4319 = CARTESIAN_POINT('',(7.5,23.5));
#4320 = VECTOR('',#4321,1.);
#4321 = DIRECTION('',(0.,-1.));
#4322 = ( GEOMETRIC_REPRESENTATION_CONTEXT(2) 
PARAMETRIC_REPRESENTATION_CONTEXT() REPRESENTATION_CONTEXT('2D SPACE',''
  ) );
#4323 = ORIENTED_EDGE('',*,*,#4227,.T.);
#4324 = ADVANCED_FACE('',(#4325),#1036,.F.);
#4325 = FACE_BOUND('',#4326,.F.);
#4326 = EDGE_LOOP('',(#4327,#4328,#4351,#4374));
#4327 = ORIENTED_EDGE('',*,*,#1019,.T.);
#4328 = ORIENTED_EDGE('',*,*,#4329,.T.);
#4329 = EDGE_CURVE('',#1022,#4330,#4332,.T.);
#4330 = VERTEX_POINT('',#4331);
#4331 = CARTESIAN_POINT('',(20.,38.5,16.));
#4332 = SURFACE_CURVE('',#4333,(#4337,#4344),.PCURVE_S1.);
#4333 = LINE('',#4334,#4335);
#4334 = CARTESIAN_POINT('',(20.,18.,7.));
#4335 = VECTOR('',#4336,1.);
#4336 = DIRECTION('',(0.,0.915644030191,0.401990062035));
#4337 = PCURVE('',#1036,#4338);
#4338 = DEFINITIONAL_REPRESENTATION('',(#4339),#4343);
#4339 = LINE('',#4340,#4341);
#4340 = CARTESIAN_POINT('',(-6.27784670569,8.47215329431));
#4341 = VECTOR('',#4342,1.);
#4342 = DIRECTION('',(0.401990062035,-0.915644030191));
#4343 = ( GEOMETRIC_REPRESENTATION_CONTEXT(2) 
PARAMETRIC_REPRESENTATION_CONTEXT() REPRESENTATION_CONTEXT('2D SPACE',''
  ) );
#4344 = PCURVE('',#1062,#4345);
#4345 = DEFINITIONAL_REPRESENTATION('',(#4346),#4350);
#4346 = LINE('',#4347,#4348);
#4347 = CARTESIAN_POINT('',(0.,0.));
#4348 = VECTOR('',#4349,1.);
#4349 = DIRECTION('',(1.,0.));
#4350 = ( GEOMETRIC_REPRESENTATION_CONTEXT(2) 
PARAMETRIC_REPRESENTATION_CONTEXT() REPRESENTATION_CONTEXT('2D SPACE',''
  ) );
#4351 = ORIENTED_EDGE('',*,*,#4352,.T.);
#4352 = EDGE_CURVE('',#4330,#4353,#4355,.T.);
#4353 = VERTEX_POINT('',#4354);
#4354 = CARTESIAN_POINT('',(20.,18.,16.));
#4355 = SURFACE_CURVE('',#4356,(#4360,#4367),.PCURVE_S1.);
#4356 = LINE('',#4357,#4358);
#4357 = CARTESIAN_POINT('',(20.,38.5,16.));
#4358 = VECTOR('',#4359,1.);
#4359 = DIRECTION('',(0.,-1.,0.));
#4360 = PCURVE('',#1036,#4361);
#4361 = DEFINITIONAL_REPRESENTATION('',(#4362),#4366);
#4362 = LINE('',#4363,#4364);
#4363 = CARTESIAN_POINT('',(2.72215329431,-12.02784670569));
#4364 = VECTOR('',#4365,1.);
#4365 = DIRECTION('',(0.,1.));
#4366 = ( GEOMETRIC_REPRESENTATION_CONTEXT(2) 
PARAMETRIC_REPRESENTATION_CONTEXT() REPRESENTATION_CONTEXT('2D SPACE',''
  ) );
#4367 = PCURVE('',#3286,#4368);
#4368 = DEFINITIONAL_REPRESENTATION('',(#4369),#4373);
#4369 = LINE('',#4370,#4371);
#4370 = CARTESIAN_POINT('',(1.5,23.5));
#4371 = VECTOR('',#4372,1.);
#4372 = DIRECTION('',(0.,-1.));
#4373 = ( GEOMETRIC_REPRESENTATION_CONTEXT(2) 
PARAMETRIC_REPRESENTATION_CONTEXT() REPRESENTATION_CONTEXT('2D SPACE',''
  ) );
#4374 = ORIENTED_EDGE('',*,*,#4375,.T.);
#4375 = EDGE_CURVE('',#4353,#1020,#4376,.T.);
#4376 = SURFACE_CURVE('',#4377,(#4381,#4388),.PCURVE_S1.);
#4377 = LINE('',#4378,#4379);
#4378 = CARTESIAN_POINT('',(20.,18.,16.));
#4379 = VECTOR('',#4380,1.);
#4380 = DIRECTION('',(0.,0.,-1.));
#4381 = PCURVE('',#1036,#4382);
#4382 = DEFINITIONAL_REPRESENTATION('',(#4383),#4387);
#4383 = LINE('',#4384,#4385);
#4384 = CARTESIAN_POINT('',(2.72215329431,8.47215329431));
#4385 = VECTOR('',#4386,1.);
#4386 = DIRECTION('',(-1.,0.));
#4387 = ( GEOMETRIC_REPRESENTATION_CONTEXT(2) 
PARAMETRIC_REPRESENTATION_CONTEXT() REPRESENTATION_CONTEXT('2D SPACE',''
  ) );
#4388 = PCURVE('',#1112,#4389);
#4389 = DEFINITIONAL_REPRESENTATION('',(#4390),#4394);
#4390 = LINE('',#4391,#4392);
#4391 = CARTESIAN_POINT('',(0.,0.));
#4392 = VECTOR('',#4393,1.);
#4393 = DIRECTION('',(1.,0.));
#4394 = ( GEOMETRIC_REPRESENTATION_CONTEXT(2) 
PARAMETRIC_REPRESENTATION_CONTEXT() REPRESENTATION_CONTEXT('2D SPACE',''
  ) );
#4395 = ADVANCED_FACE('',(#4396),#1112,.F.);
#4396 = FACE_BOUND('',#4397,.F.);
#4397 = EDGE_LOOP('',(#4398,#4399,#4422,#4443));
#4398 = ORIENTED_EDGE('',*,*,#4375,.F.);
#4399 = ORIENTED_EDGE('',*,*,#4400,.T.);
#4400 = EDGE_CURVE('',#4353,#4401,#4403,.T.);
#4401 = VERTEX_POINT('',#4402);
#4402 = CARTESIAN_POINT('',(26.,18.,16.));
#4403 = SURFACE_CURVE('',#4404,(#4408,#4415),.PCURVE_S1.);
#4404 = LINE('',#4405,#4406);
#4405 = CARTESIAN_POINT('',(20.,18.,16.));
#4406 = VECTOR('',#4407,1.);
#4407 = DIRECTION('',(1.,0.,0.));
#4408 = PCURVE('',#1112,#4409);
#4409 = DEFINITIONAL_REPRESENTATION('',(#4410),#4414);
#4410 = LINE('',#4411,#4412);
#4411 = CARTESIAN_POINT('',(0.,0.));
#4412 = VECTOR('',#4413,1.);
#4413 = DIRECTION('',(0.,-1.));
#4414 = ( GEOMETRIC_REPRESENTATION_CONTEXT(2) 
PARAMETRIC_REPRESENTATION_CONTEXT() REPRESENTATION_CONTEXT('2D SPACE',''
  ) );
#4415 = PCURVE('',#3286,#4416);
#4416 = DEFINITIONAL_REPRESENTATION('',(#4417),#4421);
#4417 = LINE('',#4418,#4419);
#4418 = CARTESIAN_POINT('',(1.5,3.));
#4419 = VECTOR('',#4420,1.);
#4420 = DIRECTION('',(1.,0.));
#4421 = ( GEOMETRIC_REPRESENTATION_CONTEXT(2) 
PARAMETRIC_REPRESENTATION_CONTEXT() REPRESENTATION_CONTEXT('2D SPACE',''
  ) );
#4422 = ORIENTED_EDGE('',*,*,#4423,.T.);
#4423 = EDGE_CURVE('',#4401,#1074,#4424,.T.);
#4424 = SURFACE_CURVE('',#4425,(#4429,#4436),.PCURVE_S1.);
#4425 = LINE('',#4426,#4427);
#4426 = CARTESIAN_POINT('',(26.,18.,16.));
#4427 = VECTOR('',#4428,1.);
#4428 = DIRECTION('',(0.,0.,-1.));
#4429 = PCURVE('',#1112,#4430);
#4430 = DEFINITIONAL_REPRESENTATION('',(#4431),#4435);
#4431 = LINE('',#4432,#4433);
#4432 = CARTESIAN_POINT('',(0.,-6.));
#4433 = VECTOR('',#4434,1.);
#4434 = DIRECTION('',(1.,0.));
#4435 = ( GEOMETRIC_REPRESENTATION_CONTEXT(2) 
PARAMETRIC_REPRESENTATION_CONTEXT() REPRESENTATION_CONTEXT('2D SPACE',''
  ) );
#4436 = PCURVE('',#1088,#4437);
#4437 = DEFINITIONAL_REPRESENTATION('',(#4438),#4442);
#4438 = LINE('',#4439,#4440);
#4439 = CARTESIAN_POINT('',(2.72215329431,8.47215329431));
#4440 = VECTOR('',#4441,1.);
#4441 = DIRECTION('',(-1.,0.));
#4442 = ( GEOMETRIC_REPRESENTATION_CONTEXT(2) 
PARAMETRIC_REPRESENTATION_CONTEXT() REPRESENTATION_CONTEXT('2D SPACE',''
  ) );
#4443 = ORIENTED_EDGE('',*,*,#1099,.T.);
#4444 = ADVANCED_FACE('',(#4445),#1062,.F.);
#4445 = FACE_BOUND('',#4446,.F.);
#4446 = EDGE_LOOP('',(#4447,#4448,#4449,#4472));
#4447 = ORIENTED_EDGE('',*,*,#4329,.F.);
#4448 = ORIENTED_EDGE('',*,*,#1047,.T.);
#4449 = ORIENTED_EDGE('',*,*,#4450,.T.);
#4450 = EDGE_CURVE('',#1048,#4451,#4453,.T.);
#4451 = VERTEX_POINT('',#4452);
#4452 = CARTESIAN_POINT('',(26.,38.5,16.));
#4453 = SURFACE_CURVE('',#4454,(#4458,#4465),.PCURVE_S1.);
#4454 = LINE('',#4455,#4456);
#4455 = CARTESIAN_POINT('',(26.,18.,7.));
#4456 = VECTOR('',#4457,1.);
#4457 = DIRECTION('',(0.,0.915644030191,0.401990062035));
#4458 = PCURVE('',#1062,#4459);
#4459 = DEFINITIONAL_REPRESENTATION('',(#4460),#4464);
#4460 = LINE('',#4461,#4462);
#4461 = CARTESIAN_POINT('',(0.,-6.));
#4462 = VECTOR('',#4463,1.);
#4463 = DIRECTION('',(1.,0.));
#4464 = ( GEOMETRIC_REPRESENTATION_CONTEXT(2) 
PARAMETRIC_REPRESENTATION_CONTEXT() REPRESENTATION_CONTEXT('2D SPACE',''
  ) );
#4465 = PCURVE('',#1088,#4466);
#4466 = DEFINITIONAL_REPRESENTATION('',(#4467),#4471);
#4467 = LINE('',#4468,#4469);
#4468 = CARTESIAN_POINT('',(-6.27784670569,8.47215329431));
#4469 = VECTOR('',#4470,1.);
#4470 = DIRECTION('',(0.401990062035,-0.915644030191));
#4471 = ( GEOMETRIC_REPRESENTATION_CONTEXT(2) 
PARAMETRIC_REPRESENTATION_CONTEXT() REPRESENTATION_CONTEXT('2D SPACE',''
  ) );
#4472 = ORIENTED_EDGE('',*,*,#4473,.F.);
#4473 = EDGE_CURVE('',#4330,#4451,#4474,.T.);
#4474 = SURFACE_CURVE('',#4475,(#4479,#4486),.PCURVE_S1.);
#4475 = LINE('',#4476,#4477);
#4476 = CARTESIAN_POINT('',(20.,38.5,16.));
#4477 = VECTOR('',#4478,1.);
#4478 = DIRECTION('',(1.,0.,0.));
#4479 = PCURVE('',#1062,#4480);
#4480 = DEFINITIONAL_REPRESENTATION('',(#4481),#4485);
#4481 = LINE('',#4482,#4483);
#4482 = CARTESIAN_POINT('',(22.388613177238,0.));
#4483 = VECTOR('',#4484,1.);
#4484 = DIRECTION('',(0.,-1.));
#4485 = ( GEOMETRIC_REPRESENTATION_CONTEXT(2) 
PARAMETRIC_REPRESENTATION_CONTEXT() REPRESENTATION_CONTEXT('2D SPACE',''
  ) );
#4486 = PCURVE('',#3314,#4487);
#4487 = DEFINITIONAL_REPRESENTATION('',(#4488),#4492);
#4488 = LINE('',#4489,#4490);
#4489 = CARTESIAN_POINT('',(0.,1.5));
#4490 = VECTOR('',#4491,1.);
#4491 = DIRECTION('',(0.,1.));
#4492 = ( GEOMETRIC_REPRESENTATION_CONTEXT(2) 
PARAMETRIC_REPRESENTATION_CONTEXT() REPRESENTATION_CONTEXT('2D SPACE',''
  ) );
#4493 = ADVANCED_FACE('',(#4494),#1088,.T.);
#4494 = FACE_BOUND('',#4495,.T.);
#4495 = EDGE_LOOP('',(#4496,#4497,#4498,#4519));
#4496 = ORIENTED_EDGE('',*,*,#1073,.T.);
#4497 = ORIENTED_EDGE('',*,*,#4450,.T.);
#4498 = ORIENTED_EDGE('',*,*,#4499,.T.);
#4499 = EDGE_CURVE('',#4451,#4401,#4500,.T.);
#4500 = SURFACE_CURVE('',#4501,(#4505,#4512),.PCURVE_S1.);
#4501 = LINE('',#4502,#4503);
#4502 = CARTESIAN_POINT('',(26.,38.5,16.));
#4503 = VECTOR('',#4504,1.);
#4504 = DIRECTION('',(0.,-1.,0.));
#4505 = PCURVE('',#1088,#4506);
#4506 = DEFINITIONAL_REPRESENTATION('',(#4507),#4511);
#4507 = LINE('',#4508,#4509);
#4508 = CARTESIAN_POINT('',(2.72215329431,-12.02784670569));
#4509 = VECTOR('',#4510,1.);
#4510 = DIRECTION('',(0.,1.));
#4511 = ( GEOMETRIC_REPRESENTATION_CONTEXT(2) 
PARAMETRIC_REPRESENTATION_CONTEXT() REPRESENTATION_CONTEXT('2D SPACE',''
  ) );
#4512 = PCURVE('',#3286,#4513);
#4513 = DEFINITIONAL_REPRESENTATION('',(#4514),#4518);
#4514 = LINE('',#4515,#4516);
#4515 = CARTESIAN_POINT('',(7.5,23.5));
#4516 = VECTOR('',#4517,1.);
#4517 = DIRECTION('',(0.,-1.));
#4518 = ( GEOMETRIC_REPRESENTATION_CONTEXT(2) 
PARAMETRIC_REPRESENTATION_CONTEXT() REPRESENTATION_CONTEXT('2D SPACE',''
  ) );
#4519 = ORIENTED_EDGE('',*,*,#4423,.T.);
#4520 = ADVANCED_FACE('',(#4521),#1371,.F.);
#4521 = FACE_BOUND('',#4522,.F.);
#4522 = EDGE_LOOP('',(#4523,#4524,#4544,#4571));
#4523 = ORIENTED_EDGE('',*,*,#1354,.T.);
#4524 = ORIENTED_EDGE('',*,*,#4525,.T.);
#4525 = EDGE_CURVE('',#1355,#4526,#4528,.T.);
#4526 = VERTEX_POINT('',#4527);
#4527 = CARTESIAN_POINT('',(-10.9,-13.,0.5));
#4528 = SEAM_CURVE('',#4529,(#4532,#4538),.PCURVE_S1.);
#4529 = B_SPLINE_CURVE_WITH_KNOTS('',1,(#4530,#4531),.UNSPECIFIED.,.F.,
  .F.,(2,2),(0.,1.),.PIECEWISE_BEZIER_KNOTS.);
#4530 = CARTESIAN_POINT('',(-10.65,-13.,0.));
#4531 = CARTESIAN_POINT('',(-10.9,-13.,0.5));
#4532 = PCURVE('',#1371,#4533);
#4533 = DEFINITIONAL_REPRESENTATION('',(#4534),#4537);
#4534 = B_SPLINE_CURVE_WITH_KNOTS('',1,(#4535,#4536),.UNSPECIFIED.,.F.,
  .F.,(2,2),(0.,1.),.PIECEWISE_BEZIER_KNOTS.);
#4535 = CARTESIAN_POINT('',(-6.28318530718,0.));
#4536 = CARTESIAN_POINT('',(-6.28318530718,-0.5));
#4537 = ( GEOMETRIC_REPRESENTATION_CONTEXT(2) 
PARAMETRIC_REPRESENTATION_CONTEXT() REPRESENTATION_CONTEXT('2D SPACE',''
  ) );
#4538 = PCURVE('',#1371,#4539);
#4539 = DEFINITIONAL_REPRESENTATION('',(#4540),#4543);
#4540 = B_SPLINE_CURVE_WITH_KNOTS('',1,(#4541,#4542),.UNSPECIFIED.,.F.,
  .F.,(2,2),(0.,1.),.PIECEWISE_BEZIER_KNOTS.);
#4541 = CARTESIAN_POINT('',(0.,0.));
#4542 = CARTESIAN_POINT('',(0.,-0.5));
#4543 = ( GEOMETRIC_REPRESENTATION_CONTEXT(2) 
PARAMETRIC_REPRESENTATION_CONTEXT() REPRESENTATION_CONTEXT('2D SPACE',''
  ) );
#4544 = ORIENTED_EDGE('',*,*,#4545,.F.);
#4545 = EDGE_CURVE('',#4526,#4526,#4546,.T.);
#4546 = SURFACE_CURVE('',#4547,(#4552,#4559),.PCURVE_S1.);
#4547 = CIRCLE('',#4548,2.1);
#4548 = AXIS2_PLACEMENT_3D('',#4549,#4550,#4551);
#4549 = CARTESIAN_POINT('',(-13.,-13.,0.5));
#4550 = DIRECTION('',(0.,0.,1.));
#4551 = DIRECTION('',(1.,0.,0.));
#4552 = PCURVE('',#1371,#4553);
#4553 = DEFINITIONAL_REPRESENTATION('',(#4554),#4558);
#4554 = LINE('',#4555,#4556);
#4555 = CARTESIAN_POINT('',(-0.,-0.5));
#4556 = VECTOR('',#4557,1.);
#4557 = DIRECTION('',(-1.,-0.));
#4558 = ( GEOMETRIC_REPRESENTATION_CONTEXT(2) 
PARAMETRIC_REPRESENTATION_CONTEXT() REPRESENTATION_CONTEXT('2D SPACE',''
  ) );
#4559 = PCURVE('',#4560,#4565);
#4560 = CYLINDRICAL_SURFACE('',#4561,2.1);
#4561 = AXIS2_PLACEMENT_3D('',#4562,#4563,#4564);
#4562 = CARTESIAN_POINT('',(-13.,-13.,0.));
#4563 = DIRECTION('',(-0.,-0.,-1.));
#4564 = DIRECTION('',(1.,0.,0.));
#4565 = DEFINITIONAL_REPRESENTATION('',(#4566),#4570);
#4566 = LINE('',#4567,#4568);
#4567 = CARTESIAN_POINT('',(-0.,-0.5));
#4568 = VECTOR('',#4569,1.);
#4569 = DIRECTION('',(-1.,0.));
#4570 = ( GEOMETRIC_REPRESENTATION_CONTEXT(2) 
PARAMETRIC_REPRESENTATION_CONTEXT() REPRESENTATION_CONTEXT('2D SPACE',''
  ) );
#4571 = ORIENTED_EDGE('',*,*,#4525,.F.);
#4572 = ADVANCED_FACE('',(#4573),#1402,.F.);
#4573 = FACE_BOUND('',#4574,.F.);
#4574 = EDGE_LOOP('',(#4575,#4576,#4596,#4623));
#4575 = ORIENTED_EDGE('',*,*,#1385,.T.);
#4576 = ORIENTED_EDGE('',*,*,#4577,.T.);
#4577 = EDGE_CURVE('',#1386,#4578,#4580,.T.);
#4578 = VERTEX_POINT('',#4579);
#4579 = CARTESIAN_POINT('',(15.1,-13.,0.5));
#4580 = SEAM_CURVE('',#4581,(#4584,#4590),.PCURVE_S1.);
#4581 = B_SPLINE_CURVE_WITH_KNOTS('',1,(#4582,#4583),.UNSPECIFIED.,.F.,
  .F.,(2,2),(0.,1.),.PIECEWISE_BEZIER_KNOTS.);
#4582 = CARTESIAN_POINT('',(15.35,-13.,0.));
#4583 = CARTESIAN_POINT('',(15.1,-13.,0.5));
#4584 = PCURVE('',#1402,#4585);
#4585 = DEFINITIONAL_REPRESENTATION('',(#4586),#4589);
#4586 = B_SPLINE_CURVE_WITH_KNOTS('',1,(#4587,#4588),.UNSPECIFIED.,.F.,
  .F.,(2,2),(0.,1.),.PIECEWISE_BEZIER_KNOTS.);
#4587 = CARTESIAN_POINT('',(-6.28318530718,0.));
#4588 = CARTESIAN_POINT('',(-6.28318530718,-0.5));
#4589 = ( GEOMETRIC_REPRESENTATION_CONTEXT(2) 
PARAMETRIC_REPRESENTATION_CONTEXT() REPRESENTATION_CONTEXT('2D SPACE',''
  ) );
#4590 = PCURVE('',#1402,#4591);
#4591 = DEFINITIONAL_REPRESENTATION('',(#4592),#4595);
#4592 = B_SPLINE_CURVE_WITH_KNOTS('',1,(#4593,#4594),.UNSPECIFIED.,.F.,
  .F.,(2,2),(0.,1.),.PIECEWISE_BEZIER_KNOTS.);
#4593 = CARTESIAN_POINT('',(0.,0.));
#4594 = CARTESIAN_POINT('',(0.,-0.5));
#4595 = ( GEOMETRIC_REPRESENTATION_CONTEXT(2) 
PARAMETRIC_REPRESENTATION_CONTEXT() REPRESENTATION_CONTEXT('2D SPACE',''
  ) );
#4596 = ORIENTED_EDGE('',*,*,#4597,.F.);
#4597 = EDGE_CURVE('',#4578,#4578,#4598,.T.);
#4598 = SURFACE_CURVE('',#4599,(#4604,#4611),.PCURVE_S1.);
#4599 = CIRCLE('',#4600,2.1);
#4600 = AXIS2_PLACEMENT_3D('',#4601,#4602,#4603);
#4601 = CARTESIAN_POINT('',(13.,-13.,0.5));
#4602 = DIRECTION('',(0.,0.,1.));
#4603 = DIRECTION('',(1.,0.,0.));
#4604 = PCURVE('',#1402,#4605);
#4605 = DEFINITIONAL_REPRESENTATION('',(#4606),#4610);
#4606 = LINE('',#4607,#4608);
#4607 = CARTESIAN_POINT('',(-0.,-0.5));
#4608 = VECTOR('',#4609,1.);
#4609 = DIRECTION('',(-1.,-0.));
#4610 = ( GEOMETRIC_REPRESENTATION_CONTEXT(2) 
PARAMETRIC_REPRESENTATION_CONTEXT() REPRESENTATION_CONTEXT('2D SPACE',''
  ) );
#4611 = PCURVE('',#4612,#4617);
#4612 = CYLINDRICAL_SURFACE('',#4613,2.1);
#4613 = AXIS2_PLACEMENT_3D('',#4614,#4615,#4616);
#4614 = CARTESIAN_POINT('',(13.,-13.,0.));
#4615 = DIRECTION('',(-0.,-0.,-1.));
#4616 = DIRECTION('',(1.,0.,0.));
#4617 = DEFINITIONAL_REPRESENTATION('',(#4618),#4622);
#4618 = LINE('',#4619,#4620);
#4619 = CARTESIAN_POINT('',(-0.,-0.5));
#4620 = VECTOR('',#4621,1.);
#4621 = DIRECTION('',(-1.,0.));
#4622 = ( GEOMETRIC_REPRESENTATION_CONTEXT(2) 
PARAMETRIC_REPRESENTATION_CONTEXT() REPRESENTATION_CONTEXT('2D SPACE',''
  ) );
#4623 = ORIENTED_EDGE('',*,*,#4577,.F.);
#4624 = ADVANCED_FACE('',(#4625),#1433,.F.);
#4625 = FACE_BOUND('',#4626,.F.);
#4626 = EDGE_LOOP('',(#4627,#4628,#4648,#4675));
#4627 = ORIENTED_EDGE('',*,*,#1416,.T.);
#4628 = ORIENTED_EDGE('',*,*,#4629,.T.);
#4629 = EDGE_CURVE('',#1417,#4630,#4632,.T.);
#4630 = VERTEX_POINT('',#4631);
#4631 = CARTESIAN_POINT('',(-10.9,13.,0.5));
#4632 = SEAM_CURVE('',#4633,(#4636,#4642),.PCURVE_S1.);
#4633 = B_SPLINE_CURVE_WITH_KNOTS('',1,(#4634,#4635),.UNSPECIFIED.,.F.,
  .F.,(2,2),(0.,1.),.PIECEWISE_BEZIER_KNOTS.);
#4634 = CARTESIAN_POINT('',(-10.65,13.,0.));
#4635 = CARTESIAN_POINT('',(-10.9,13.,0.5));
#4636 = PCURVE('',#1433,#4637);
#4637 = DEFINITIONAL_REPRESENTATION('',(#4638),#4641);
#4638 = B_SPLINE_CURVE_WITH_KNOTS('',1,(#4639,#4640),.UNSPECIFIED.,.F.,
  .F.,(2,2),(0.,1.),.PIECEWISE_BEZIER_KNOTS.);
#4639 = CARTESIAN_POINT('',(-6.28318530718,0.));
#4640 = CARTESIAN_POINT('',(-6.28318530718,-0.5));
#4641 = ( GEOMETRIC_REPRESENTATION_CONTEXT(2) 
PARAMETRIC_REPRESENTATION_CONTEXT() REPRESENTATION_CONTEXT('2D SPACE',''
  ) );
#4642 = PCURVE('',#1433,#4643);
#4643 = DEFINITIONAL_REPRESENTATION('',(#4644),#4647);
#4644 = B_SPLINE_CURVE_WITH_KNOTS('',1,(#4645,#4646),.UNSPECIFIED.,.F.,
  .F.,(2,2),(0.,1.),.PIECEWISE_BEZIER_KNOTS.);
#4645 = CARTESIAN_POINT('',(0.,0.));
#4646 = CARTESIAN_POINT('',(0.,-0.5));
#4647 = ( GEOMETRIC_REPRESENTATION_CONTEXT(2) 
PARAMETRIC_REPRESENTATION_CONTEXT() REPRESENTATION_CONTEXT('2D SPACE',''
  ) );
#4648 = ORIENTED_EDGE('',*,*,#4649,.F.);
#4649 = EDGE_CURVE('',#4630,#4630,#4650,.T.);
#4650 = SURFACE_CURVE('',#4651,(#4656,#4663),.PCURVE_S1.);
#4651 = CIRCLE('',#4652,2.1);
#4652 = AXIS2_PLACEMENT_3D('',#4653,#4654,#4655);
#4653 = CARTESIAN_POINT('',(-13.,13.,0.5));
#4654 = DIRECTION('',(0.,0.,1.));
#4655 = DIRECTION('',(1.,0.,0.));
#4656 = PCURVE('',#1433,#4657);
#4657 = DEFINITIONAL_REPRESENTATION('',(#4658),#4662);
#4658 = LINE('',#4659,#4660);
#4659 = CARTESIAN_POINT('',(-0.,-0.5));
#4660 = VECTOR('',#4661,1.);
#4661 = DIRECTION('',(-1.,-0.));
#4662 = ( GEOMETRIC_REPRESENTATION_CONTEXT(2) 
PARAMETRIC_REPRESENTATION_CONTEXT() REPRESENTATION_CONTEXT('2D SPACE',''
  ) );
#4663 = PCURVE('',#4664,#4669);
#4664 = CYLINDRICAL_SURFACE('',#4665,2.1);
#4665 = AXIS2_PLACEMENT_3D('',#4666,#4667,#4668);
#4666 = CARTESIAN_POINT('',(-13.,13.,0.));
#4667 = DIRECTION('',(-0.,-0.,-1.));
#4668 = DIRECTION('',(1.,0.,0.));
#4669 = DEFINITIONAL_REPRESENTATION('',(#4670),#4674);
#4670 = LINE('',#4671,#4672);
#4671 = CARTESIAN_POINT('',(-0.,-0.5));
#4672 = VECTOR('',#4673,1.);
#4673 = DIRECTION('',(-1.,0.));
#4674 = ( GEOMETRIC_REPRESENTATION_CONTEXT(2) 
PARAMETRIC_REPRESENTATION_CONTEXT() REPRESENTATION_CONTEXT('2D SPACE',''
  ) );
#4675 = ORIENTED_EDGE('',*,*,#4629,.F.);
#4676 = ADVANCED_FACE('',(#4677),#1464,.F.);
#4677 = FACE_BOUND('',#4678,.F.);
#4678 = EDGE_LOOP('',(#4679,#4680,#4700,#4727));
#4679 = ORIENTED_EDGE('',*,*,#1447,.T.);
#4680 = ORIENTED_EDGE('',*,*,#4681,.T.);
#4681 = EDGE_CURVE('',#1448,#4682,#4684,.T.);
#4682 = VERTEX_POINT('',#4683);
#4683 = CARTESIAN_POINT('',(15.1,13.,0.5));
#4684 = SEAM_CURVE('',#4685,(#4688,#4694),.PCURVE_S1.);
#4685 = B_SPLINE_CURVE_WITH_KNOTS('',1,(#4686,#4687),.UNSPECIFIED.,.F.,
  .F.,(2,2),(0.,1.),.PIECEWISE_BEZIER_KNOTS.);
#4686 = CARTESIAN_POINT('',(15.35,13.,0.));
#4687 = CARTESIAN_POINT('',(15.1,13.,0.5));
#4688 = PCURVE('',#1464,#4689);
#4689 = DEFINITIONAL_REPRESENTATION('',(#4690),#4693);
#4690 = B_SPLINE_CURVE_WITH_KNOTS('',1,(#4691,#4692),.UNSPECIFIED.,.F.,
  .F.,(2,2),(0.,1.),.PIECEWISE_BEZIER_KNOTS.);
#4691 = CARTESIAN_POINT('',(-6.28318530718,0.));
#4692 = CARTESIAN_POINT('',(-6.28318530718,-0.5));
#4693 = ( GEOMETRIC_REPRESENTATION_CONTEXT(2) 
PARAMETRIC_REPRESENTATION_CONTEXT() REPRESENTATION_CONTEXT('2D SPACE',''
  ) );
#4694 = PCURVE('',#1464,#4695);
#4695 = DEFINITIONAL_REPRESENTATION('',(#4696),#4699);
#4696 = B_SPLINE_CURVE_WITH_KNOTS('',1,(#4697,#4698),.UNSPECIFIED.,.F.,
  .F.,(2,2),(0.,1.),.PIECEWISE_BEZIER_KNOTS.);
#4697 = CARTESIAN_POINT('',(0.,0.));
#4698 = CARTESIAN_POINT('',(0.,-0.5));
#4699 = ( GEOMETRIC_REPRESENTATION_CONTEXT(2) 
PARAMETRIC_REPRESENTATION_CONTEXT() REPRESENTATION_CONTEXT('2D SPACE',''
  ) );
#4700 = ORIENTED_EDGE('',*,*,#4701,.F.);
#4701 = EDGE_CURVE('',#4682,#4682,#4702,.T.);
#4702 = SURFACE_CURVE('',#4703,(#4708,#4715),.PCURVE_S1.);
#4703 = CIRCLE('',#4704,2.1);
#4704 = AXIS2_PLACEMENT_3D('',#4705,#4706,#4707);
#4705 = CARTESIAN_POINT('',(13.,13.,0.5));
#4706 = DIRECTION('',(0.,0.,1.));
#4707 = DIRECTION('',(1.,0.,0.));
#4708 = PCURVE('',#1464,#4709);
#4709 = DEFINITIONAL_REPRESENTATION('',(#4710),#4714);
#4710 = LINE('',#4711,#4712);
#4711 = CARTESIAN_POINT('',(-0.,-0.5));
#4712 = VECTOR('',#4713,1.);
#4713 = DIRECTION('',(-1.,-0.));
#4714 = ( GEOMETRIC_REPRESENTATION_CONTEXT(2) 
PARAMETRIC_REPRESENTATION_CONTEXT() REPRESENTATION_CONTEXT('2D SPACE',''
  ) );
#4715 = PCURVE('',#4716,#4721);
#4716 = CYLINDRICAL_SURFACE('',#4717,2.1);
#4717 = AXIS2_PLACEMENT_3D('',#4718,#4719,#4720);
#4718 = CARTESIAN_POINT('',(13.,13.,0.));
#4719 = DIRECTION('',(-0.,-0.,-1.));
#4720 = DIRECTION('',(1.,0.,0.));
#4721 = DEFINITIONAL_REPRESENTATION('',(#4722),#4726);
#4722 = LINE('',#4723,#4724);
#4723 = CARTESIAN_POINT('',(-0.,-0.5));
#4724 = VECTOR('',#4725,1.);
#4725 = DIRECTION('',(-1.,0.));
#4726 = ( GEOMETRIC_REPRESENTATION_CONTEXT(2) 
PARAMETRIC_REPRESENTATION_CONTEXT() REPRESENTATION_CONTEXT('2D SPACE',''
  ) );
#4727 = ORIENTED_EDGE('',*,*,#4681,.F.);
#4728 = ADVANCED_FACE('',(#4729,#4930,#4965),#1498,.F.);
#4729 = FACE_BOUND('',#4730,.F.);
#4730 = EDGE_LOOP('',(#4731,#4732,#4733,#4756,#4779,#4800,#4801,#4802,
    #4825,#4853,#4881,#4909));
#4731 = ORIENTED_EDGE('',*,*,#1686,.F.);
#4732 = ORIENTED_EDGE('',*,*,#1482,.T.);
#4733 = ORIENTED_EDGE('',*,*,#4734,.F.);
#4734 = EDGE_CURVE('',#4735,#1483,#4737,.T.);
#4735 = VERTEX_POINT('',#4736);
#4736 = CARTESIAN_POINT('',(-3.,58.,8.));
#4737 = SURFACE_CURVE('',#4738,(#4742,#4749),.PCURVE_S1.);
#4738 = LINE('',#4739,#4740);
#4739 = CARTESIAN_POINT('',(-3.,58.,8.));
#4740 = VECTOR('',#4741,1.);
#4741 = DIRECTION('',(0.,-1.,0.));
#4742 = PCURVE('',#1498,#4743);
#4743 = DEFINITIONAL_REPRESENTATION('',(#4744),#4748);
#4744 = LINE('',#4745,#4746);
#4745 = CARTESIAN_POINT('',(5.,42.));
#4746 = VECTOR('',#4747,1.);
#4747 = DIRECTION('',(0.,-1.));
#4748 = ( GEOMETRIC_REPRESENTATION_CONTEXT(2) 
PARAMETRIC_REPRESENTATION_CONTEXT() REPRESENTATION_CONTEXT('2D SPACE',''
  ) );
#4749 = PCURVE('',#1525,#4750);
#4750 = DEFINITIONAL_REPRESENTATION('',(#4751),#4755);
#4751 = LINE('',#4752,#4753);
#4752 = CARTESIAN_POINT('',(2.198039027186,-21.80196097281));
#4753 = VECTOR('',#4754,1.);
#4754 = DIRECTION('',(0.,1.));
#4755 = ( GEOMETRIC_REPRESENTATION_CONTEXT(2) 
PARAMETRIC_REPRESENTATION_CONTEXT() REPRESENTATION_CONTEXT('2D SPACE',''
  ) );
#4756 = ORIENTED_EDGE('',*,*,#4757,.T.);
#4757 = EDGE_CURVE('',#4735,#4758,#4760,.T.);
#4758 = VERTEX_POINT('',#4759);
#4759 = CARTESIAN_POINT('',(3.,58.,8.));
#4760 = SURFACE_CURVE('',#4761,(#4765,#4772),.PCURVE_S1.);
#4761 = LINE('',#4762,#4763);
#4762 = CARTESIAN_POINT('',(-3.,58.,8.));
#4763 = VECTOR('',#4764,1.);
#4764 = DIRECTION('',(1.,0.,0.));
#4765 = PCURVE('',#1498,#4766);
#4766 = DEFINITIONAL_REPRESENTATION('',(#4767),#4771);
#4767 = LINE('',#4768,#4769);
#4768 = CARTESIAN_POINT('',(5.,42.));
#4769 = VECTOR('',#4770,1.);
#4770 = DIRECTION('',(1.,0.));
#4771 = ( GEOMETRIC_REPRESENTATION_CONTEXT(2) 
PARAMETRIC_REPRESENTATION_CONTEXT() REPRESENTATION_CONTEXT('2D SPACE',''
  ) );
#4772 = PCURVE('',#1551,#4773);
#4773 = DEFINITIONAL_REPRESENTATION('',(#4774),#4778);
#4774 = LINE('',#4775,#4776);
#4775 = CARTESIAN_POINT('',(40.792156108742,0.));
#4776 = VECTOR('',#4777,1.);
#4777 = DIRECTION('',(0.,-1.));
#4778 = ( GEOMETRIC_REPRESENTATION_CONTEXT(2) 
PARAMETRIC_REPRESENTATION_CONTEXT() REPRESENTATION_CONTEXT('2D SPACE',''
  ) );
#4779 = ORIENTED_EDGE('',*,*,#4780,.T.);
#4780 = EDGE_CURVE('',#4758,#1563,#4781,.T.);
#4781 = SURFACE_CURVE('',#4782,(#4786,#4793),.PCURVE_S1.);
#4782 = LINE('',#4783,#4784);
#4783 = CARTESIAN_POINT('',(3.,58.,8.));
#4784 = VECTOR('',#4785,1.);
#4785 = DIRECTION('',(0.,-1.,0.));
#4786 = PCURVE('',#1498,#4787);
#4787 = DEFINITIONAL_REPRESENTATION('',(#4788),#4792);
#4788 = LINE('',#4789,#4790);
#4789 = CARTESIAN_POINT('',(11.,42.));
#4790 = VECTOR('',#4791,1.);
#4791 = DIRECTION('',(0.,-1.));
#4792 = ( GEOMETRIC_REPRESENTATION_CONTEXT(2) 
PARAMETRIC_REPRESENTATION_CONTEXT() REPRESENTATION_CONTEXT('2D SPACE',''
  ) );
#4793 = PCURVE('',#1577,#4794);
#4794 = DEFINITIONAL_REPRESENTATION('',(#4795),#4799);
#4795 = LINE('',#4796,#4797);
#4796 = CARTESIAN_POINT('',(2.198039027186,-21.80196097281));
#4797 = VECTOR('',#4798,1.);
#4798 = DIRECTION('',(0.,1.));
#4799 = ( GEOMETRIC_REPRESENTATION_CONTEXT(2) 
PARAMETRIC_REPRESENTATION_CONTEXT() REPRESENTATION_CONTEXT('2D SPACE',''
  ) );
#4800 = ORIENTED_EDGE('',*,*,#1588,.T.);
#4801 = ORIENTED_EDGE('',*,*,#1810,.T.);
#4802 = ORIENTED_EDGE('',*,*,#4803,.T.);
#4803 = EDGE_CURVE('',#1811,#4804,#4806,.T.);
#4804 = VERTEX_POINT('',#4805);
#4805 = CARTESIAN_POINT('',(28.5,61.,8.));
#4806 = SURFACE_CURVE('',#4807,(#4811,#4818),.PCURVE_S1.);
#4807 = LINE('',#4808,#4809);
#4808 = CARTESIAN_POINT('',(-28.5,61.,8.));
#4809 = VECTOR('',#4810,1.);
#4810 = DIRECTION('',(1.,0.,0.));
#4811 = PCURVE('',#1498,#4812);
#4812 = DEFINITIONAL_REPRESENTATION('',(#4813),#4817);
#4813 = LINE('',#4814,#4815);
#4814 = CARTESIAN_POINT('',(-20.5,45.));
#4815 = VECTOR('',#4816,1.);
#4816 = DIRECTION('',(1.,0.));
#4817 = ( GEOMETRIC_REPRESENTATION_CONTEXT(2) 
PARAMETRIC_REPRESENTATION_CONTEXT() REPRESENTATION_CONTEXT('2D SPACE',''
  ) );
#4818 = PCURVE('',#1846,#4819);
#4819 = DEFINITIONAL_REPRESENTATION('',(#4820),#4824);
#4820 = LINE('',#4821,#4822);
#4821 = CARTESIAN_POINT('',(0.,0.));
#4822 = VECTOR('',#4823,1.);
#4823 = DIRECTION('',(0.,1.));
#4824 = ( GEOMETRIC_REPRESENTATION_CONTEXT(2) 
PARAMETRIC_REPRESENTATION_CONTEXT() REPRESENTATION_CONTEXT('2D SPACE',''
  ) );
#4825 = ORIENTED_EDGE('',*,*,#4826,.T.);
#4826 = EDGE_CURVE('',#4804,#4827,#4829,.T.);
#4827 = VERTEX_POINT('',#4828);
#4828 = CARTESIAN_POINT('',(28.5,79.,8.));
#4829 = SURFACE_CURVE('',#4830,(#4834,#4841),.PCURVE_S1.);
#4830 = LINE('',#4831,#4832);
#4831 = CARTESIAN_POINT('',(28.5,61.,8.));
#4832 = VECTOR('',#4833,1.);
#4833 = DIRECTION('',(0.,1.,0.));
#4834 = PCURVE('',#1498,#4835);
#4835 = DEFINITIONAL_REPRESENTATION('',(#4836),#4840);
#4836 = LINE('',#4837,#4838);
#4837 = CARTESIAN_POINT('',(36.5,45.));
#4838 = VECTOR('',#4839,1.);
#4839 = DIRECTION('',(0.,1.));
#4840 = ( GEOMETRIC_REPRESENTATION_CONTEXT(2) 
PARAMETRIC_REPRESENTATION_CONTEXT() REPRESENTATION_CONTEXT('2D SPACE',''
  ) );
#4841 = PCURVE('',#4842,#4847);
#4842 = PLANE('',#4843);
#4843 = AXIS2_PLACEMENT_3D('',#4844,#4845,#4846);
#4844 = CARTESIAN_POINT('',(28.5,61.,8.));
#4845 = DIRECTION('',(1.,0.,0.));
#4846 = DIRECTION('',(0.,0.,1.));
#4847 = DEFINITIONAL_REPRESENTATION('',(#4848),#4852);
#4848 = LINE('',#4849,#4850);
#4849 = CARTESIAN_POINT('',(0.,0.));
#4850 = VECTOR('',#4851,1.);
#4851 = DIRECTION('',(0.,-1.));
#4852 = ( GEOMETRIC_REPRESENTATION_CONTEXT(2) 
PARAMETRIC_REPRESENTATION_CONTEXT() REPRESENTATION_CONTEXT('2D SPACE',''
  ) );
#4853 = ORIENTED_EDGE('',*,*,#4854,.F.);
#4854 = EDGE_CURVE('',#4855,#4827,#4857,.T.);
#4855 = VERTEX_POINT('',#4856);
#4856 = CARTESIAN_POINT('',(-28.5,79.,8.));
#4857 = SURFACE_CURVE('',#4858,(#4862,#4869),.PCURVE_S1.);
#4858 = LINE('',#4859,#4860);
#4859 = CARTESIAN_POINT('',(-28.5,79.,8.));
#4860 = VECTOR('',#4861,1.);
#4861 = DIRECTION('',(1.,0.,0.));
#4862 = PCURVE('',#1498,#4863);
#4863 = DEFINITIONAL_REPRESENTATION('',(#4864),#4868);
#4864 = LINE('',#4865,#4866);
#4865 = CARTESIAN_POINT('',(-20.5,63.));
#4866 = VECTOR('',#4867,1.);
#4867 = DIRECTION('',(1.,0.));
#4868 = ( GEOMETRIC_REPRESENTATION_CONTEXT(2) 
PARAMETRIC_REPRESENTATION_CONTEXT() REPRESENTATION_CONTEXT('2D SPACE',''
  ) );
#4869 = PCURVE('',#4870,#4875);
#4870 = PLANE('',#4871);
#4871 = AXIS2_PLACEMENT_3D('',#4872,#4873,#4874);
#4872 = CARTESIAN_POINT('',(-28.5,79.,8.));
#4873 = DIRECTION('',(0.,1.,0.));
#4874 = DIRECTION('',(0.,0.,1.));
#4875 = DEFINITIONAL_REPRESENTATION('',(#4876),#4880);
#4876 = LINE('',#4877,#4878);
#4877 = CARTESIAN_POINT('',(0.,0.));
#4878 = VECTOR('',#4879,1.);
#4879 = DIRECTION('',(0.,1.));
#4880 = ( GEOMETRIC_REPRESENTATION_CONTEXT(2) 
PARAMETRIC_REPRESENTATION_CONTEXT() REPRESENTATION_CONTEXT('2D SPACE',''
  ) );
#4881 = ORIENTED_EDGE('',*,*,#4882,.F.);
#4882 = EDGE_CURVE('',#4883,#4855,#4885,.T.);
#4883 = VERTEX_POINT('',#4884);
#4884 = CARTESIAN_POINT('',(-28.5,61.,8.));
#4885 = SURFACE_CURVE('',#4886,(#4890,#4897),.PCURVE_S1.);
#4886 = LINE('',#4887,#4888);
#4887 = CARTESIAN_POINT('',(-28.5,61.,8.));
#4888 = VECTOR('',#4889,1.);
#4889 = DIRECTION('',(0.,1.,0.));
#4890 = PCURVE('',#1498,#4891);
#4891 = DEFINITIONAL_REPRESENTATION('',(#4892),#4896);
#4892 = LINE('',#4893,#4894);
#4893 = CARTESIAN_POINT('',(-20.5,45.));
#4894 = VECTOR('',#4895,1.);
#4895 = DIRECTION('',(0.,1.));
#4896 = ( GEOMETRIC_REPRESENTATION_CONTEXT(2) 
PARAMETRIC_REPRESENTATION_CONTEXT() REPRESENTATION_CONTEXT('2D SPACE',''
  ) );
#4897 = PCURVE('',#4898,#4903);
#4898 = PLANE('',#4899);
#4899 = AXIS2_PLACEMENT_3D('',#4900,#4901,#4902);
#4900 = CARTESIAN_POINT('',(-28.5,61.,8.));
#4901 = DIRECTION('',(1.,0.,0.));
#4902 = DIRECTION('',(0.,0.,1.));
#4903 = DEFINITIONAL_REPRESENTATION('',(#4904),#4908);
#4904 = LINE('',#4905,#4906);
#4905 = CARTESIAN_POINT('',(0.,0.));
#4906 = VECTOR('',#4907,1.);
#4907 = DIRECTION('',(0.,-1.));
#4908 = ( GEOMETRIC_REPRESENTATION_CONTEXT(2) 
PARAMETRIC_REPRESENTATION_CONTEXT() REPRESENTATION_CONTEXT('2D SPACE',''
  ) );
#4909 = ORIENTED_EDGE('',*,*,#4910,.T.);
#4910 = EDGE_CURVE('',#4883,#1687,#4911,.T.);
#4911 = SURFACE_CURVE('',#4912,(#4916,#4923),.PCURVE_S1.);
#4912 = LINE('',#4913,#4914);
#4913 = CARTESIAN_POINT('',(-28.5,61.,8.));
#4914 = VECTOR('',#4915,1.);
#4915 = DIRECTION('',(1.,0.,0.));
#4916 = PCURVE('',#1498,#4917);
#4917 = DEFINITIONAL_REPRESENTATION('',(#4918),#4922);
#4918 = LINE('',#4919,#4920);
#4919 = CARTESIAN_POINT('',(-20.5,45.));
#4920 = VECTOR('',#4921,1.);
#4921 = DIRECTION('',(1.,0.));
#4922 = ( GEOMETRIC_REPRESENTATION_CONTEXT(2) 
PARAMETRIC_REPRESENTATION_CONTEXT() REPRESENTATION_CONTEXT('2D SPACE',''
  ) );
#4923 = PCURVE('',#1722,#4924);
#4924 = DEFINITIONAL_REPRESENTATION('',(#4925),#4929);
#4925 = LINE('',#4926,#4927);
#4926 = CARTESIAN_POINT('',(0.,0.));
#4927 = VECTOR('',#4928,1.);
#4928 = DIRECTION('',(0.,1.));
#4929 = ( GEOMETRIC_REPRESENTATION_CONTEXT(2) 
PARAMETRIC_REPRESENTATION_CONTEXT() REPRESENTATION_CONTEXT('2D SPACE',''
  ) );
#4930 = FACE_BOUND('',#4931,.F.);
#4931 = EDGE_LOOP('',(#4932));
#4932 = ORIENTED_EDGE('',*,*,#4933,.T.);
#4933 = EDGE_CURVE('',#4934,#4934,#4936,.T.);
#4934 = VERTEX_POINT('',#4935);
#4935 = CARTESIAN_POINT('',(-20.9,70.,8.));
#4936 = SURFACE_CURVE('',#4937,(#4942,#4953),.PCURVE_S1.);
#4937 = CIRCLE('',#4938,1.6);
#4938 = AXIS2_PLACEMENT_3D('',#4939,#4940,#4941);
#4939 = CARTESIAN_POINT('',(-22.5,70.,8.));
#4940 = DIRECTION('',(0.,0.,-1.));
#4941 = DIRECTION('',(1.,0.,0.));
#4942 = PCURVE('',#1498,#4943);
#4943 = DEFINITIONAL_REPRESENTATION('',(#4944),#4952);
#4944 = ( BOUNDED_CURVE() B_SPLINE_CURVE(2,(#4945,#4946,#4947,#4948,
#4949,#4950,#4951),.UNSPECIFIED.,.T.,.F.) B_SPLINE_CURVE_WITH_KNOTS((1,2
    ,2,2,2,1),(-2.094395102393,0.,2.094395102393,4.188790204786,
6.28318530718,8.377580409573),.UNSPECIFIED.) CURVE() 
GEOMETRIC_REPRESENTATION_ITEM() RATIONAL_B_SPLINE_CURVE((1.,0.5,1.,0.5,
1.,0.5,1.)) REPRESENTATION_ITEM('') );
#4945 = CARTESIAN_POINT('',(-12.9,54.));
#4946 = CARTESIAN_POINT('',(-12.9,51.22871870789));
#4947 = CARTESIAN_POINT('',(-15.3,52.614359353945));
#4948 = CARTESIAN_POINT('',(-17.7,54.));
#4949 = CARTESIAN_POINT('',(-15.3,55.385640646055));
#4950 = CARTESIAN_POINT('',(-12.9,56.77128129211));
#4951 = CARTESIAN_POINT('',(-12.9,54.));
#4952 = ( GEOMETRIC_REPRESENTATION_CONTEXT(2) 
PARAMETRIC_REPRESENTATION_CONTEXT() REPRESENTATION_CONTEXT('2D SPACE',''
  ) );
#4953 = PCURVE('',#4954,#4959);
#4954 = CYLINDRICAL_SURFACE('',#4955,1.6);
#4955 = AXIS2_PLACEMENT_3D('',#4956,#4957,#4958);
#4956 = CARTESIAN_POINT('',(-22.5,70.,7.));
#4957 = DIRECTION('',(-0.,-0.,-1.));
#4958 = DIRECTION('',(1.,0.,0.));
#4959 = DEFINITIONAL_REPRESENTATION('',(#4960),#4964);
#4960 = LINE('',#4961,#4962);
#4961 = CARTESIAN_POINT('',(-6.28318530718,-1.));
#4962 = VECTOR('',#4963,1.);
#4963 = DIRECTION('',(1.,-0.));
#4964 = ( GEOMETRIC_REPRESENTATION_CONTEXT(2) 
PARAMETRIC_REPRESENTATION_CONTEXT() REPRESENTATION_CONTEXT('2D SPACE',''
  ) );
#4965 = FACE_BOUND('',#4966,.F.);
#4966 = EDGE_LOOP('',(#4967));
#4967 = ORIENTED_EDGE('',*,*,#4968,.T.);
#4968 = EDGE_CURVE('',#4969,#4969,#4971,.T.);
#4969 = VERTEX_POINT('',#4970);
#4970 = CARTESIAN_POINT('',(24.1,70.,8.));
#4971 = SURFACE_CURVE('',#4972,(#4977,#4988),.PCURVE_S1.);
#4972 = CIRCLE('',#4973,1.6);
#4973 = AXIS2_PLACEMENT_3D('',#4974,#4975,#4976);
#4974 = CARTESIAN_POINT('',(22.5,70.,8.));
#4975 = DIRECTION('',(0.,0.,-1.));
#4976 = DIRECTION('',(1.,0.,0.));
#4977 = PCURVE('',#1498,#4978);
#4978 = DEFINITIONAL_REPRESENTATION('',(#4979),#4987);
#4979 = ( BOUNDED_CURVE() B_SPLINE_CURVE(2,(#4980,#4981,#4982,#4983,
#4984,#4985,#4986),.UNSPECIFIED.,.T.,.F.) B_SPLINE_CURVE_WITH_KNOTS((1,2
    ,2,2,2,1),(-2.094395102393,0.,2.094395102393,4.188790204786,
6.28318530718,8.377580409573),.UNSPECIFIED.) CURVE() 
GEOMETRIC_REPRESENTATION_ITEM() RATIONAL_B_SPLINE_CURVE((1.,0.5,1.,0.5,
1.,0.5,1.)) REPRESENTATION_ITEM('') );
#4980 = CARTESIAN_POINT('',(32.1,54.));
#4981 = CARTESIAN_POINT('',(32.1,51.22871870789));
#4982 = CARTESIAN_POINT('',(29.7,52.614359353945));
#4983 = CARTESIAN_POINT('',(27.3,54.));
#4984 = CARTESIAN_POINT('',(29.7,55.385640646055));
#4985 = CARTESIAN_POINT('',(32.1,56.77128129211));
#4986 = CARTESIAN_POINT('',(32.1,54.));
#4987 = ( GEOMETRIC_REPRESENTATION_CONTEXT(2) 
PARAMETRIC_REPRESENTATION_CONTEXT() REPRESENTATION_CONTEXT('2D SPACE',''
  ) );
#4988 = PCURVE('',#4989,#4994);
#4989 = CYLINDRICAL_SURFACE('',#4990,1.6);
#4990 = AXIS2_PLACEMENT_3D('',#4991,#4992,#4993);
#4991 = CARTESIAN_POINT('',(22.5,70.,7.));
#4992 = DIRECTION('',(-0.,-0.,-1.));
#4993 = DIRECTION('',(1.,0.,0.));
#4994 = DEFINITIONAL_REPRESENTATION('',(#4995),#4999);
#4995 = LINE('',#4996,#4997);
#4996 = CARTESIAN_POINT('',(-6.28318530718,-1.));
#4997 = VECTOR('',#4998,1.);
#4998 = DIRECTION('',(1.,-0.));
#4999 = ( GEOMETRIC_REPRESENTATION_CONTEXT(2) 
PARAMETRIC_REPRESENTATION_CONTEXT() REPRESENTATION_CONTEXT('2D SPACE',''
  ) );
#5000 = ADVANCED_FACE('',(#5001),#1577,.T.);
#5001 = FACE_BOUND('',#5002,.T.);
#5002 = EDGE_LOOP('',(#5003,#5004,#5025));
#5003 = ORIENTED_EDGE('',*,*,#1562,.T.);
#5004 = ORIENTED_EDGE('',*,*,#5005,.T.);
#5005 = EDGE_CURVE('',#1537,#4758,#5006,.T.);
#5006 = SURFACE_CURVE('',#5007,(#5011,#5018),.PCURVE_S1.);
#5007 = LINE('',#5008,#5009);
#5008 = CARTESIAN_POINT('',(3.,18.,0.));
#5009 = VECTOR('',#5010,1.);
#5010 = DIRECTION('',(0.,0.980580675691,0.196116135138));
#5011 = PCURVE('',#1577,#5012);
#5012 = DEFINITIONAL_REPRESENTATION('',(#5013),#5017);
#5013 = LINE('',#5014,#5015);
#5014 = CARTESIAN_POINT('',(-5.801960972814,18.198039027186));
#5015 = VECTOR('',#5016,1.);
#5016 = DIRECTION('',(0.196116135138,-0.980580675691));
#5017 = ( GEOMETRIC_REPRESENTATION_CONTEXT(2) 
PARAMETRIC_REPRESENTATION_CONTEXT() REPRESENTATION_CONTEXT('2D SPACE',''
  ) );
#5018 = PCURVE('',#1551,#5019);
#5019 = DEFINITIONAL_REPRESENTATION('',(#5020),#5024);
#5020 = LINE('',#5021,#5022);
#5021 = CARTESIAN_POINT('',(0.,-6.));
#5022 = VECTOR('',#5023,1.);
#5023 = DIRECTION('',(1.,0.));
#5024 = ( GEOMETRIC_REPRESENTATION_CONTEXT(2) 
PARAMETRIC_REPRESENTATION_CONTEXT() REPRESENTATION_CONTEXT('2D SPACE',''
  ) );
#5025 = ORIENTED_EDGE('',*,*,#4780,.T.);
#5026 = ADVANCED_FACE('',(#5027),#1551,.F.);
#5027 = FACE_BOUND('',#5028,.F.);
#5028 = EDGE_LOOP('',(#5029,#5050,#5051,#5052));
#5029 = ORIENTED_EDGE('',*,*,#5030,.F.);
#5030 = EDGE_CURVE('',#1511,#4735,#5031,.T.);
#5031 = SURFACE_CURVE('',#5032,(#5036,#5043),.PCURVE_S1.);
#5032 = LINE('',#5033,#5034);
#5033 = CARTESIAN_POINT('',(-3.,18.,0.));
#5034 = VECTOR('',#5035,1.);
#5035 = DIRECTION('',(0.,0.980580675691,0.196116135138));
#5036 = PCURVE('',#1551,#5037);
#5037 = DEFINITIONAL_REPRESENTATION('',(#5038),#5042);
#5038 = LINE('',#5039,#5040);
#5039 = CARTESIAN_POINT('',(0.,0.));
#5040 = VECTOR('',#5041,1.);
#5041 = DIRECTION('',(1.,0.));
#5042 = ( GEOMETRIC_REPRESENTATION_CONTEXT(2) 
PARAMETRIC_REPRESENTATION_CONTEXT() REPRESENTATION_CONTEXT('2D SPACE',''
  ) );
#5043 = PCURVE('',#1525,#5044);
#5044 = DEFINITIONAL_REPRESENTATION('',(#5045),#5049);
#5045 = LINE('',#5046,#5047);
#5046 = CARTESIAN_POINT('',(-5.801960972814,18.198039027186));
#5047 = VECTOR('',#5048,1.);
#5048 = DIRECTION('',(0.196116135138,-0.980580675691));
#5049 = ( GEOMETRIC_REPRESENTATION_CONTEXT(2) 
PARAMETRIC_REPRESENTATION_CONTEXT() REPRESENTATION_CONTEXT('2D SPACE',''
  ) );
#5050 = ORIENTED_EDGE('',*,*,#1536,.T.);
#5051 = ORIENTED_EDGE('',*,*,#5005,.T.);
#5052 = ORIENTED_EDGE('',*,*,#4757,.F.);
#5053 = ADVANCED_FACE('',(#5054),#1525,.F.);
#5054 = FACE_BOUND('',#5055,.F.);
#5055 = EDGE_LOOP('',(#5056,#5057,#5058));
#5056 = ORIENTED_EDGE('',*,*,#1510,.T.);
#5057 = ORIENTED_EDGE('',*,*,#5030,.T.);
#5058 = ORIENTED_EDGE('',*,*,#4734,.T.);
#5059 = ADVANCED_FACE('',(#5060,#5178,#5208),#1652,.T.);
#5060 = FACE_BOUND('',#5061,.T.);
#5061 = EDGE_LOOP('',(#5062,#5063,#5064,#5065,#5088,#5111,#5134,#5157));
#5062 = ORIENTED_EDGE('',*,*,#1634,.F.);
#5063 = ORIENTED_EDGE('',*,*,#1738,.T.);
#5064 = ORIENTED_EDGE('',*,*,#1785,.T.);
#5065 = ORIENTED_EDGE('',*,*,#5066,.T.);
#5066 = EDGE_CURVE('',#1786,#5067,#5069,.T.);
#5067 = VERTEX_POINT('',#5068);
#5068 = CARTESIAN_POINT('',(28.5,61.,14.));
#5069 = SURFACE_CURVE('',#5070,(#5074,#5081),.PCURVE_S1.);
#5070 = LINE('',#5071,#5072);
#5071 = CARTESIAN_POINT('',(-28.5,61.,14.));
#5072 = VECTOR('',#5073,1.);
#5073 = DIRECTION('',(1.,0.,0.));
#5074 = PCURVE('',#1652,#5075);
#5075 = DEFINITIONAL_REPRESENTATION('',(#5076),#5080);
#5076 = LINE('',#5077,#5078);
#5077 = CARTESIAN_POINT('',(-20.5,45.));
#5078 = VECTOR('',#5079,1.);
#5079 = DIRECTION('',(1.,0.));
#5080 = ( GEOMETRIC_REPRESENTATION_CONTEXT(2) 
PARAMETRIC_REPRESENTATION_CONTEXT() REPRESENTATION_CONTEXT('2D SPACE',''
  ) );
#5081 = PCURVE('',#1846,#5082);
#5082 = DEFINITIONAL_REPRESENTATION('',(#5083),#5087);
#5083 = LINE('',#5084,#5085);
#5084 = CARTESIAN_POINT('',(6.,0.));
#5085 = VECTOR('',#5086,1.);
#5086 = DIRECTION('',(0.,1.));
#5087 = ( GEOMETRIC_REPRESENTATION_CONTEXT(2) 
PARAMETRIC_REPRESENTATION_CONTEXT() REPRESENTATION_CONTEXT('2D SPACE',''
  ) );
#5088 = ORIENTED_EDGE('',*,*,#5089,.T.);
#5089 = EDGE_CURVE('',#5067,#5090,#5092,.T.);
#5090 = VERTEX_POINT('',#5091);
#5091 = CARTESIAN_POINT('',(28.5,79.,14.));
#5092 = SURFACE_CURVE('',#5093,(#5097,#5104),.PCURVE_S1.);
#5093 = LINE('',#5094,#5095);
#5094 = CARTESIAN_POINT('',(28.5,61.,14.));
#5095 = VECTOR('',#5096,1.);
#5096 = DIRECTION('',(0.,1.,0.));
#5097 = PCURVE('',#1652,#5098);
#5098 = DEFINITIONAL_REPRESENTATION('',(#5099),#5103);
#5099 = LINE('',#5100,#5101);
#5100 = CARTESIAN_POINT('',(36.5,45.));
#5101 = VECTOR('',#5102,1.);
#5102 = DIRECTION('',(0.,1.));
#5103 = ( GEOMETRIC_REPRESENTATION_CONTEXT(2) 
PARAMETRIC_REPRESENTATION_CONTEXT() REPRESENTATION_CONTEXT('2D SPACE',''
  ) );
#5104 = PCURVE('',#4842,#5105);
#5105 = DEFINITIONAL_REPRESENTATION('',(#5106),#5110);
#5106 = LINE('',#5107,#5108);
#5107 = CARTESIAN_POINT('',(6.,0.));
#5108 = VECTOR('',#5109,1.);
#5109 = DIRECTION('',(0.,-1.));
#5110 = ( GEOMETRIC_REPRESENTATION_CONTEXT(2) 
PARAMETRIC_REPRESENTATION_CONTEXT() REPRESENTATION_CONTEXT('2D SPACE',''
  ) );
#5111 = ORIENTED_EDGE('',*,*,#5112,.F.);
#5112 = EDGE_CURVE('',#5113,#5090,#5115,.T.);
#5113 = VERTEX_POINT('',#5114);
#5114 = CARTESIAN_POINT('',(-28.5,79.,14.));
#5115 = SURFACE_CURVE('',#5116,(#5120,#5127),.PCURVE_S1.);
#5116 = LINE('',#5117,#5118);
#5117 = CARTESIAN_POINT('',(-28.5,79.,14.));
#5118 = VECTOR('',#5119,1.);
#5119 = DIRECTION('',(1.,0.,0.));
#5120 = PCURVE('',#1652,#5121);
#5121 = DEFINITIONAL_REPRESENTATION('',(#5122),#5126);
#5122 = LINE('',#5123,#5124);
#5123 = CARTESIAN_POINT('',(-20.5,63.));
#5124 = VECTOR('',#5125,1.);
#5125 = DIRECTION('',(1.,0.));
#5126 = ( GEOMETRIC_REPRESENTATION_CONTEXT(2) 
PARAMETRIC_REPRESENTATION_CONTEXT() REPRESENTATION_CONTEXT('2D SPACE',''
  ) );
#5127 = PCURVE('',#4870,#5128);
#5128 = DEFINITIONAL_REPRESENTATION('',(#5129),#5133);
#5129 = LINE('',#5130,#5131);
#5130 = CARTESIAN_POINT('',(6.,0.));
#5131 = VECTOR('',#5132,1.);
#5132 = DIRECTION('',(0.,1.));
#5133 = ( GEOMETRIC_REPRESENTATION_CONTEXT(2) 
PARAMETRIC_REPRESENTATION_CONTEXT() REPRESENTATION_CONTEXT('2D SPACE',''
  ) );
#5134 = ORIENTED_EDGE('',*,*,#5135,.F.);
#5135 = EDGE_CURVE('',#5136,#5113,#5138,.T.);
#5136 = VERTEX_POINT('',#5137);
#5137 = CARTESIAN_POINT('',(-28.5,61.,14.));
#5138 = SURFACE_CURVE('',#5139,(#5143,#5150),.PCURVE_S1.);
#5139 = LINE('',#5140,#5141);
#5140 = CARTESIAN_POINT('',(-28.5,61.,14.));
#5141 = VECTOR('',#5142,1.);
#5142 = DIRECTION('',(0.,1.,0.));
#5143 = PCURVE('',#1652,#5144);
#5144 = DEFINITIONAL_REPRESENTATION('',(#5145),#5149);
#5145 = LINE('',#5146,#5147);
#5146 = CARTESIAN_POINT('',(-20.5,45.));
#5147 = VECTOR('',#5148,1.);
#5148 = DIRECTION('',(0.,1.));
#5149 = ( GEOMETRIC_REPRESENTATION_CONTEXT(2) 
PARAMETRIC_REPRESENTATION_CONTEXT() REPRESENTATION_CONTEXT('2D SPACE',''
  ) );
#5150 = PCURVE('',#4898,#5151);
#5151 = DEFINITIONAL_REPRESENTATION('',(#5152),#5156);
#5152 = LINE('',#5153,#5154);
#5153 = CARTESIAN_POINT('',(6.,0.));
#5154 = VECTOR('',#5155,1.);
#5155 = DIRECTION('',(0.,-1.));
#5156 = ( GEOMETRIC_REPRESENTATION_CONTEXT(2) 
PARAMETRIC_REPRESENTATION_CONTEXT() REPRESENTATION_CONTEXT('2D SPACE',''
  ) );
#5157 = ORIENTED_EDGE('',*,*,#5158,.T.);
#5158 = EDGE_CURVE('',#5136,#1637,#5159,.T.);
#5159 = SURFACE_CURVE('',#5160,(#5164,#5171),.PCURVE_S1.);
#5160 = LINE('',#5161,#5162);
#5161 = CARTESIAN_POINT('',(-28.5,61.,14.));
#5162 = VECTOR('',#5163,1.);
#5163 = DIRECTION('',(1.,0.,0.));
#5164 = PCURVE('',#1652,#5165);
#5165 = DEFINITIONAL_REPRESENTATION('',(#5166),#5170);
#5166 = LINE('',#5167,#5168);
#5167 = CARTESIAN_POINT('',(-20.5,45.));
#5168 = VECTOR('',#5169,1.);
#5169 = DIRECTION('',(1.,0.));
#5170 = ( GEOMETRIC_REPRESENTATION_CONTEXT(2) 
PARAMETRIC_REPRESENTATION_CONTEXT() REPRESENTATION_CONTEXT('2D SPACE',''
  ) );
#5171 = PCURVE('',#1722,#5172);
#5172 = DEFINITIONAL_REPRESENTATION('',(#5173),#5177);
#5173 = LINE('',#5174,#5175);
#5174 = CARTESIAN_POINT('',(6.,0.));
#5175 = VECTOR('',#5176,1.);
#5176 = DIRECTION('',(0.,1.));
#5177 = ( GEOMETRIC_REPRESENTATION_CONTEXT(2) 
PARAMETRIC_REPRESENTATION_CONTEXT() REPRESENTATION_CONTEXT('2D SPACE',''
  ) );
#5178 = FACE_BOUND('',#5179,.T.);
#5179 = EDGE_LOOP('',(#5180));
#5180 = ORIENTED_EDGE('',*,*,#5181,.T.);
#5181 = EDGE_CURVE('',#5182,#5182,#5184,.T.);
#5182 = VERTEX_POINT('',#5183);
#5183 = CARTESIAN_POINT('',(-20.9,70.,14.));
#5184 = SURFACE_CURVE('',#5185,(#5190,#5201),.PCURVE_S1.);
#5185 = CIRCLE('',#5186,1.6);
#5186 = AXIS2_PLACEMENT_3D('',#5187,#5188,#5189);
#5187 = CARTESIAN_POINT('',(-22.5,70.,14.));
#5188 = DIRECTION('',(0.,0.,-1.));
#5189 = DIRECTION('',(1.,0.,0.));
#5190 = PCURVE('',#1652,#5191);
#5191 = DEFINITIONAL_REPRESENTATION('',(#5192),#5200);
#5192 = ( BOUNDED_CURVE() B_SPLINE_CURVE(2,(#5193,#5194,#5195,#5196,
#5197,#5198,#5199),.UNSPECIFIED.,.T.,.F.) B_SPLINE_CURVE_WITH_KNOTS((1,2
    ,2,2,2,1),(-2.094395102393,0.,2.094395102393,4.188790204786,
6.28318530718,8.377580409573),.UNSPECIFIED.) CURVE() 
GEOMETRIC_REPRESENTATION_ITEM() RATIONAL_B_SPLINE_CURVE((1.,0.5,1.,0.5,
1.,0.5,1.)) REPRESENTATION_ITEM('') );
#5193 = CARTESIAN_POINT('',(-12.9,54.));
#5194 = CARTESIAN_POINT('',(-12.9,51.22871870789));
#5195 = CARTESIAN_POINT('',(-15.3,52.614359353945));
#5196 = CARTESIAN_POINT('',(-17.7,54.));
#5197 = CARTESIAN_POINT('',(-15.3,55.385640646055));
#5198 = CARTESIAN_POINT('',(-12.9,56.77128129211));
#5199 = CARTESIAN_POINT('',(-12.9,54.));
#5200 = ( GEOMETRIC_REPRESENTATION_CONTEXT(2) 
PARAMETRIC_REPRESENTATION_CONTEXT() REPRESENTATION_CONTEXT('2D SPACE',''
  ) );
#5201 = PCURVE('',#4954,#5202);
#5202 = DEFINITIONAL_REPRESENTATION('',(#5203),#5207);
#5203 = LINE('',#5204,#5205);
#5204 = CARTESIAN_POINT('',(-6.28318530718,-7.));
#5205 = VECTOR('',#5206,1.);
#5206 = DIRECTION('',(1.,-0.));
#5207 = ( GEOMETRIC_REPRESENTATION_CONTEXT(2) 
PARAMETRIC_REPRESENTATION_CONTEXT() REPRESENTATION_CONTEXT('2D SPACE',''
  ) );
#5208 = FACE_BOUND('',#5209,.T.);
#5209 = EDGE_LOOP('',(#5210));
#5210 = ORIENTED_EDGE('',*,*,#5211,.T.);
#5211 = EDGE_CURVE('',#5212,#5212,#5214,.T.);
#5212 = VERTEX_POINT('',#5213);
#5213 = CARTESIAN_POINT('',(24.1,70.,14.));
#5214 = SURFACE_CURVE('',#5215,(#5220,#5231),.PCURVE_S1.);
#5215 = CIRCLE('',#5216,1.6);
#5216 = AXIS2_PLACEMENT_3D('',#5217,#5218,#5219);
#5217 = CARTESIAN_POINT('',(22.5,70.,14.));
#5218 = DIRECTION('',(0.,0.,-1.));
#5219 = DIRECTION('',(1.,0.,0.));
#5220 = PCURVE('',#1652,#5221);
#5221 = DEFINITIONAL_REPRESENTATION('',(#5222),#5230);
#5222 = ( BOUNDED_CURVE() B_SPLINE_CURVE(2,(#5223,#5224,#5225,#5226,
#5227,#5228,#5229),.UNSPECIFIED.,.T.,.F.) B_SPLINE_CURVE_WITH_KNOTS((1,2
    ,2,2,2,1),(-2.094395102393,0.,2.094395102393,4.188790204786,
6.28318530718,8.377580409573),.UNSPECIFIED.) CURVE() 
GEOMETRIC_REPRESENTATION_ITEM() RATIONAL_B_SPLINE_CURVE((1.,0.5,1.,0.5,
1.,0.5,1.)) REPRESENTATION_ITEM('') );
#5223 = CARTESIAN_POINT('',(32.1,54.));
#5224 = CARTESIAN_POINT('',(32.1,51.22871870789));
#5225 = CARTESIAN_POINT('',(29.7,52.614359353945));
#5226 = CARTESIAN_POINT('',(27.3,54.));
#5227 = CARTESIAN_POINT('',(29.7,55.385640646055));
#5228 = CARTESIAN_POINT('',(32.1,56.77128129211));
#5229 = CARTESIAN_POINT('',(32.1,54.));
#5230 = ( GEOMETRIC_REPRESENTATION_CONTEXT(2) 
PARAMETRIC_REPRESENTATION_CONTEXT() REPRESENTATION_CONTEXT('2D SPACE',''
  ) );
#5231 = PCURVE('',#4989,#5232);
#5232 = DEFINITIONAL_REPRESENTATION('',(#5233),#5237);
#5233 = LINE('',#5234,#5235);
#5234 = CARTESIAN_POINT('',(-6.28318530718,-7.));
#5235 = VECTOR('',#5236,1.);
#5236 = DIRECTION('',(1.,-0.));
#5237 = ( GEOMETRIC_REPRESENTATION_CONTEXT(2) 
PARAMETRIC_REPRESENTATION_CONTEXT() REPRESENTATION_CONTEXT('2D SPACE',''
  ) );
#5238 = ADVANCED_FACE('',(#5239),#1722,.F.);
#5239 = FACE_BOUND('',#5240,.F.);
#5240 = EDGE_LOOP('',(#5241,#5242,#5263,#5264));
#5241 = ORIENTED_EDGE('',*,*,#4910,.F.);
#5242 = ORIENTED_EDGE('',*,*,#5243,.T.);
#5243 = EDGE_CURVE('',#4883,#5136,#5244,.T.);
#5244 = SURFACE_CURVE('',#5245,(#5249,#5256),.PCURVE_S1.);
#5245 = LINE('',#5246,#5247);
#5246 = CARTESIAN_POINT('',(-28.5,61.,8.));
#5247 = VECTOR('',#5248,1.);
#5248 = DIRECTION('',(0.,0.,1.));
#5249 = PCURVE('',#1722,#5250);
#5250 = DEFINITIONAL_REPRESENTATION('',(#5251),#5255);
#5251 = LINE('',#5252,#5253);
#5252 = CARTESIAN_POINT('',(0.,0.));
#5253 = VECTOR('',#5254,1.);
#5254 = DIRECTION('',(1.,0.));
#5255 = ( GEOMETRIC_REPRESENTATION_CONTEXT(2) 
PARAMETRIC_REPRESENTATION_CONTEXT() REPRESENTATION_CONTEXT('2D SPACE',''
  ) );
#5256 = PCURVE('',#4898,#5257);
#5257 = DEFINITIONAL_REPRESENTATION('',(#5258),#5262);
#5258 = LINE('',#5259,#5260);
#5259 = CARTESIAN_POINT('',(0.,0.));
#5260 = VECTOR('',#5261,1.);
#5261 = DIRECTION('',(1.,0.));
#5262 = ( GEOMETRIC_REPRESENTATION_CONTEXT(2) 
PARAMETRIC_REPRESENTATION_CONTEXT() REPRESENTATION_CONTEXT('2D SPACE',''
  ) );
#5263 = ORIENTED_EDGE('',*,*,#5158,.T.);
#5264 = ORIENTED_EDGE('',*,*,#1709,.F.);
#5265 = ADVANCED_FACE('',(#5266),#1846,.F.);
#5266 = FACE_BOUND('',#5267,.F.);
#5267 = EDGE_LOOP('',(#5268,#5269,#5270,#5271));
#5268 = ORIENTED_EDGE('',*,*,#4803,.F.);
#5269 = ORIENTED_EDGE('',*,*,#1833,.T.);
#5270 = ORIENTED_EDGE('',*,*,#5066,.T.);
#5271 = ORIENTED_EDGE('',*,*,#5272,.F.);
#5272 = EDGE_CURVE('',#4804,#5067,#5273,.T.);
#5273 = SURFACE_CURVE('',#5274,(#5278,#5285),.PCURVE_S1.);
#5274 = LINE('',#5275,#5276);
#5275 = CARTESIAN_POINT('',(28.5,61.,8.));
#5276 = VECTOR('',#5277,1.);
#5277 = DIRECTION('',(0.,0.,1.));
#5278 = PCURVE('',#1846,#5279);
#5279 = DEFINITIONAL_REPRESENTATION('',(#5280),#5284);
#5280 = LINE('',#5281,#5282);
#5281 = CARTESIAN_POINT('',(0.,57.));
#5282 = VECTOR('',#5283,1.);
#5283 = DIRECTION('',(1.,0.));
#5284 = ( GEOMETRIC_REPRESENTATION_CONTEXT(2) 
PARAMETRIC_REPRESENTATION_CONTEXT() REPRESENTATION_CONTEXT('2D SPACE',''
  ) );
#5285 = PCURVE('',#4842,#5286);
#5286 = DEFINITIONAL_REPRESENTATION('',(#5287),#5291);
#5287 = LINE('',#5288,#5289);
#5288 = CARTESIAN_POINT('',(0.,0.));
#5289 = VECTOR('',#5290,1.);
#5290 = DIRECTION('',(1.,0.));
#5291 = ( GEOMETRIC_REPRESENTATION_CONTEXT(2) 
PARAMETRIC_REPRESENTATION_CONTEXT() REPRESENTATION_CONTEXT('2D SPACE',''
  ) );
#5292 = ADVANCED_FACE('',(#5293),#1987,.F.);
#5293 = FACE_BOUND('',#5294,.F.);
#5294 = EDGE_LOOP('',(#5295,#5296,#5317,#5318,#5319,#5320,#5341,#5342));
#5295 = ORIENTED_EDGE('',*,*,#2539,.F.);
#5296 = ORIENTED_EDGE('',*,*,#5297,.T.);
#5297 = EDGE_CURVE('',#2517,#2075,#5298,.T.);
#5298 = SURFACE_CURVE('',#5299,(#5303,#5310),.PCURVE_S1.);
#5299 = LINE('',#5300,#5301);
#5300 = CARTESIAN_POINT('',(-27.5,-38.5,16.));
#5301 = VECTOR('',#5302,1.);
#5302 = DIRECTION('',(1.,0.,0.));
#5303 = PCURVE('',#1987,#5304);
#5304 = DEFINITIONAL_REPRESENTATION('',(#5305),#5309);
#5305 = LINE('',#5306,#5307);
#5306 = CARTESIAN_POINT('',(0.,0.));
#5307 = VECTOR('',#5308,1.);
#5308 = DIRECTION('',(1.,0.));
#5309 = ( GEOMETRIC_REPRESENTATION_CONTEXT(2) 
PARAMETRIC_REPRESENTATION_CONTEXT() REPRESENTATION_CONTEXT('2D SPACE',''
  ) );
#5310 = PCURVE('',#2139,#5311);
#5311 = DEFINITIONAL_REPRESENTATION('',(#5312),#5316);
#5312 = LINE('',#5313,#5314);
#5313 = CARTESIAN_POINT('',(0.,0.));
#5314 = VECTOR('',#5315,1.);
#5315 = DIRECTION('',(0.,1.));
#5316 = ( GEOMETRIC_REPRESENTATION_CONTEXT(2) 
PARAMETRIC_REPRESENTATION_CONTEXT() REPRESENTATION_CONTEXT('2D SPACE',''
  ) );
#5317 = ORIENTED_EDGE('',*,*,#2097,.T.);
#5318 = ORIENTED_EDGE('',*,*,#1971,.T.);
#5319 = ORIENTED_EDGE('',*,*,#2048,.F.);
#5320 = ORIENTED_EDGE('',*,*,#5321,.T.);
#5321 = EDGE_CURVE('',#2026,#2993,#5322,.T.);
#5322 = SURFACE_CURVE('',#5323,(#5327,#5334),.PCURVE_S1.);
#5323 = LINE('',#5324,#5325);
#5324 = CARTESIAN_POINT('',(-27.5,-38.5,16.));
#5325 = VECTOR('',#5326,1.);
#5326 = DIRECTION('',(1.,0.,0.));
#5327 = PCURVE('',#1987,#5328);
#5328 = DEFINITIONAL_REPRESENTATION('',(#5329),#5333);
#5329 = LINE('',#5330,#5331);
#5330 = CARTESIAN_POINT('',(0.,0.));
#5331 = VECTOR('',#5332,1.);
#5332 = DIRECTION('',(1.,0.));
#5333 = ( GEOMETRIC_REPRESENTATION_CONTEXT(2) 
PARAMETRIC_REPRESENTATION_CONTEXT() REPRESENTATION_CONTEXT('2D SPACE',''
  ) );
#5334 = PCURVE('',#2139,#5335);
#5335 = DEFINITIONAL_REPRESENTATION('',(#5336),#5340);
#5336 = LINE('',#5337,#5338);
#5337 = CARTESIAN_POINT('',(0.,0.));
#5338 = VECTOR('',#5339,1.);
#5339 = DIRECTION('',(0.,1.));
#5340 = ( GEOMETRIC_REPRESENTATION_CONTEXT(2) 
PARAMETRIC_REPRESENTATION_CONTEXT() REPRESENTATION_CONTEXT('2D SPACE',''
  ) );
#5341 = ORIENTED_EDGE('',*,*,#3015,.T.);
#5342 = ORIENTED_EDGE('',*,*,#2658,.F.);
#5343 = ADVANCED_FACE('',(#5344),#2139,.F.);
#5344 = FACE_BOUND('',#5345,.F.);
#5345 = EDGE_LOOP('',(#5346,#5347,#5348,#5369,#5370,#5371));
#5346 = ORIENTED_EDGE('',*,*,#5297,.F.);
#5347 = ORIENTED_EDGE('',*,*,#2516,.T.);
#5348 = ORIENTED_EDGE('',*,*,#5349,.T.);
#5349 = EDGE_CURVE('',#2489,#2970,#5350,.T.);
#5350 = SURFACE_CURVE('',#5351,(#5355,#5362),.PCURVE_S1.);
#5351 = LINE('',#5352,#5353);
#5352 = CARTESIAN_POINT('',(-27.5,-38.5,26.));
#5353 = VECTOR('',#5354,1.);
#5354 = DIRECTION('',(1.,0.,0.));
#5355 = PCURVE('',#2139,#5356);
#5356 = DEFINITIONAL_REPRESENTATION('',(#5357),#5361);
#5357 = LINE('',#5358,#5359);
#5358 = CARTESIAN_POINT('',(10.,0.));
#5359 = VECTOR('',#5360,1.);
#5360 = DIRECTION('',(0.,1.));
#5361 = ( GEOMETRIC_REPRESENTATION_CONTEXT(2) 
PARAMETRIC_REPRESENTATION_CONTEXT() REPRESENTATION_CONTEXT('2D SPACE',''
  ) );
#5362 = PCURVE('',#2504,#5363);
#5363 = DEFINITIONAL_REPRESENTATION('',(#5364),#5368);
#5364 = LINE('',#5365,#5366);
#5365 = CARTESIAN_POINT('',(22.5,11.5));
#5366 = VECTOR('',#5367,1.);
#5367 = DIRECTION('',(1.,0.));
#5368 = ( GEOMETRIC_REPRESENTATION_CONTEXT(2) 
PARAMETRIC_REPRESENTATION_CONTEXT() REPRESENTATION_CONTEXT('2D SPACE',''
  ) );
#5369 = ORIENTED_EDGE('',*,*,#2992,.F.);
#5370 = ORIENTED_EDGE('',*,*,#5321,.F.);
#5371 = ORIENTED_EDGE('',*,*,#2125,.F.);
#5372 = ADVANCED_FACE('',(#5373,#5405),#2504,.T.);
#5373 = FACE_BOUND('',#5374,.T.);
#5374 = EDGE_LOOP('',(#5375,#5376,#5377,#5378));
#5375 = ORIENTED_EDGE('',*,*,#2488,.F.);
#5376 = ORIENTED_EDGE('',*,*,#5349,.T.);
#5377 = ORIENTED_EDGE('',*,*,#2969,.T.);
#5378 = ORIENTED_EDGE('',*,*,#5379,.T.);
#5379 = EDGE_CURVE('',#2752,#2263,#5380,.T.);
#5380 = SURFACE_CURVE('',#5381,(#5387,#5396),.PCURVE_S1.);
#5381 = B_SPLINE_CURVE_WITH_KNOTS('',4,(#5382,#5383,#5384,#5385,#5386),
  .UNSPECIFIED.,.F.,.F.,(5,5),(0.,1.),.PIECEWISE_BEZIER_KNOTS.);
#5382 = CARTESIAN_POINT('',(-18.5,-13.28684210526,26.));
#5383 = CARTESIAN_POINT('',(-20.75,-13.28684210526,26.));
#5384 = CARTESIAN_POINT('',(-23.,-13.28684210526,26.));
#5385 = CARTESIAN_POINT('',(-25.25,-13.28684210526,26.));
#5386 = CARTESIAN_POINT('',(-27.5,-13.28684210526,26.));
#5387 = PCURVE('',#2504,#5388);
#5388 = DEFINITIONAL_REPRESENTATION('',(#5389),#5395);
#5389 = B_SPLINE_CURVE_WITH_KNOTS('',4,(#5390,#5391,#5392,#5393,#5394),
  .UNSPECIFIED.,.F.,.F.,(5,5),(0.,1.),.PIECEWISE_BEZIER_KNOTS.);
#5390 = CARTESIAN_POINT('',(31.5,36.713157894737));
#5391 = CARTESIAN_POINT('',(29.25,36.713157894737));
#5392 = CARTESIAN_POINT('',(27.,36.713157894737));
#5393 = CARTESIAN_POINT('',(24.75,36.713157894737));
#5394 = CARTESIAN_POINT('',(22.5,36.713157894737));
#5395 = ( GEOMETRIC_REPRESENTATION_CONTEXT(2) 
PARAMETRIC_REPRESENTATION_CONTEXT() REPRESENTATION_CONTEXT('2D SPACE',''
  ) );
#5396 = PCURVE('',#2408,#5397);
#5397 = DEFINITIONAL_REPRESENTATION('',(#5398),#5404);
#5398 = B_SPLINE_CURVE_WITH_KNOTS('',4,(#5399,#5400,#5401,#5402,#5403),
  .UNSPECIFIED.,.F.,.F.,(5,5),(0.,1.),.PIECEWISE_BEZIER_KNOTS.);
#5399 = CARTESIAN_POINT('',(1.570796326795,-10.));
#5400 = CARTESIAN_POINT('',(1.570796326795,-7.75));
#5401 = CARTESIAN_POINT('',(1.570796326795,-5.5));
#5402 = CARTESIAN_POINT('',(1.570796326795,-3.25));
#5403 = CARTESIAN_POINT('',(1.570796326795,-1.));
#5404 = ( GEOMETRIC_REPRESENTATION_CONTEXT(2) 
PARAMETRIC_REPRESENTATION_CONTEXT() REPRESENTATION_CONTEXT('2D SPACE',''
  ) );
#5405 = FACE_BOUND('',#5406,.T.);
#5406 = EDGE_LOOP('',(#5407));
#5407 = ORIENTED_EDGE('',*,*,#5408,.F.);
#5408 = EDGE_CURVE('',#5409,#5409,#5411,.T.);
#5409 = VERTEX_POINT('',#5410);
#5410 = CARTESIAN_POINT('',(-20.9,-32.,26.));
#5411 = SURFACE_CURVE('',#5412,(#5417,#5424),.PCURVE_S1.);
#5412 = CIRCLE('',#5413,2.1);
#5413 = AXIS2_PLACEMENT_3D('',#5414,#5415,#5416);
#5414 = CARTESIAN_POINT('',(-23.,-32.,26.));
#5415 = DIRECTION('',(0.,0.,1.));
#5416 = DIRECTION('',(1.,0.,0.));
#5417 = PCURVE('',#2504,#5418);
#5418 = DEFINITIONAL_REPRESENTATION('',(#5419),#5423);
#5419 = CIRCLE('',#5420,2.1);
#5420 = AXIS2_PLACEMENT_2D('',#5421,#5422);
#5421 = CARTESIAN_POINT('',(27.,18.));
#5422 = DIRECTION('',(1.,0.));
#5423 = ( GEOMETRIC_REPRESENTATION_CONTEXT(2) 
PARAMETRIC_REPRESENTATION_CONTEXT() REPRESENTATION_CONTEXT('2D SPACE',''
  ) );
#5424 = PCURVE('',#5425,#5430);
#5425 = CYLINDRICAL_SURFACE('',#5426,2.1);
#5426 = AXIS2_PLACEMENT_3D('',#5427,#5428,#5429);
#5427 = CARTESIAN_POINT('',(-23.,-32.,20.5));
#5428 = DIRECTION('',(-0.,-0.,-1.));
#5429 = DIRECTION('',(1.,0.,0.));
#5430 = DEFINITIONAL_REPRESENTATION('',(#5431),#5435);
#5431 = LINE('',#5432,#5433);
#5432 = CARTESIAN_POINT('',(-0.,-5.5));
#5433 = VECTOR('',#5434,1.);
#5434 = DIRECTION('',(-1.,0.));
#5435 = ( GEOMETRIC_REPRESENTATION_CONTEXT(2) 
PARAMETRIC_REPRESENTATION_CONTEXT() REPRESENTATION_CONTEXT('2D SPACE',''
  ) );
#5436 = ADVANCED_FACE('',(#5437),#2408,.T.);
#5437 = FACE_BOUND('',#5438,.T.);
#5438 = EDGE_LOOP('',(#5439,#5466,#5467,#5468));
#5439 = ORIENTED_EDGE('',*,*,#5440,.T.);
#5440 = EDGE_CURVE('',#2729,#2235,#5441,.T.);
#5441 = SURFACE_CURVE('',#5442,(#5448,#5457),.PCURVE_S1.);
#5442 = B_SPLINE_CURVE_WITH_KNOTS('',4,(#5443,#5444,#5445,#5446,#5447),
  .UNSPECIFIED.,.F.,.F.,(5,5),(0.,1.),.PIECEWISE_BEZIER_KNOTS.);
#5443 = CARTESIAN_POINT('',(-18.5,13.286842105263,26.));
#5444 = CARTESIAN_POINT('',(-20.75,13.286842105263,26.));
#5445 = CARTESIAN_POINT('',(-23.,13.286842105263,26.));
#5446 = CARTESIAN_POINT('',(-25.25,13.286842105263,26.));
#5447 = CARTESIAN_POINT('',(-27.5,13.286842105263,26.));
#5448 = PCURVE('',#2408,#5449);
#5449 = DEFINITIONAL_REPRESENTATION('',(#5450),#5456);
#5450 = B_SPLINE_CURVE_WITH_KNOTS('',4,(#5451,#5452,#5453,#5454,#5455),
  .UNSPECIFIED.,.F.,.F.,(5,5),(0.,1.),.PIECEWISE_BEZIER_KNOTS.);
#5451 = CARTESIAN_POINT('',(4.712388980385,-10.));
#5452 = CARTESIAN_POINT('',(4.712388980385,-7.75));
#5453 = CARTESIAN_POINT('',(4.712388980385,-5.5));
#5454 = CARTESIAN_POINT('',(4.712388980385,-3.25));
#5455 = CARTESIAN_POINT('',(4.712388980385,-1.));
#5456 = ( GEOMETRIC_REPRESENTATION_CONTEXT(2) 
PARAMETRIC_REPRESENTATION_CONTEXT() REPRESENTATION_CONTEXT('2D SPACE',''
  ) );
#5457 = PCURVE('',#2250,#5458);
#5458 = DEFINITIONAL_REPRESENTATION('',(#5459),#5465);
#5459 = B_SPLINE_CURVE_WITH_KNOTS('',4,(#5460,#5461,#5462,#5463,#5464),
  .UNSPECIFIED.,.F.,.F.,(5,5),(0.,1.),.PIECEWISE_BEZIER_KNOTS.);
#5460 = CARTESIAN_POINT('',(31.5,63.286842105263));
#5461 = CARTESIAN_POINT('',(29.25,63.286842105263));
#5462 = CARTESIAN_POINT('',(27.,63.286842105263));
#5463 = CARTESIAN_POINT('',(24.75,63.286842105263));
#5464 = CARTESIAN_POINT('',(22.5,63.286842105263));
#5465 = ( GEOMETRIC_REPRESENTATION_CONTEXT(2) 
PARAMETRIC_REPRESENTATION_CONTEXT() REPRESENTATION_CONTEXT('2D SPACE',''
  ) );
#5466 = ORIENTED_EDGE('',*,*,#2262,.T.);
#5467 = ORIENTED_EDGE('',*,*,#5379,.F.);
#5468 = ORIENTED_EDGE('',*,*,#2751,.F.);
#5469 = ADVANCED_FACE('',(#5470,#5496),#2250,.T.);
#5470 = FACE_BOUND('',#5471,.T.);
#5471 = EDGE_LOOP('',(#5472,#5473,#5474,#5475));
#5472 = ORIENTED_EDGE('',*,*,#2234,.F.);
#5473 = ORIENTED_EDGE('',*,*,#5440,.F.);
#5474 = ORIENTED_EDGE('',*,*,#2728,.T.);
#5475 = ORIENTED_EDGE('',*,*,#5476,.F.);
#5476 = EDGE_CURVE('',#2207,#2706,#5477,.T.);
#5477 = SURFACE_CURVE('',#5478,(#5482,#5489),.PCURVE_S1.);
#5478 = LINE('',#5479,#5480);
#5479 = CARTESIAN_POINT('',(-27.5,38.5,26.));
#5480 = VECTOR('',#5481,1.);
#5481 = DIRECTION('',(1.,0.,0.));
#5482 = PCURVE('',#2250,#5483);
#5483 = DEFINITIONAL_REPRESENTATION('',(#5484),#5488);
#5484 = LINE('',#5485,#5486);
#5485 = CARTESIAN_POINT('',(22.5,88.5));
#5486 = VECTOR('',#5487,1.);
#5487 = DIRECTION('',(1.,0.));
#5488 = ( GEOMETRIC_REPRESENTATION_CONTEXT(2) 
PARAMETRIC_REPRESENTATION_CONTEXT() REPRESENTATION_CONTEXT('2D SPACE',''
  ) );
#5489 = PCURVE('',#2222,#5490);
#5490 = DEFINITIONAL_REPRESENTATION('',(#5491),#5495);
#5491 = LINE('',#5492,#5493);
#5492 = CARTESIAN_POINT('',(10.,0.));
#5493 = VECTOR('',#5494,1.);
#5494 = DIRECTION('',(0.,1.));
#5495 = ( GEOMETRIC_REPRESENTATION_CONTEXT(2) 
PARAMETRIC_REPRESENTATION_CONTEXT() REPRESENTATION_CONTEXT('2D SPACE',''
  ) );
#5496 = FACE_BOUND('',#5497,.T.);
#5497 = EDGE_LOOP('',(#5498));
#5498 = ORIENTED_EDGE('',*,*,#5499,.F.);
#5499 = EDGE_CURVE('',#5500,#5500,#5502,.T.);
#5500 = VERTEX_POINT('',#5501);
#5501 = CARTESIAN_POINT('',(-20.9,32.,26.));
#5502 = SURFACE_CURVE('',#5503,(#5508,#5515),.PCURVE_S1.);
#5503 = CIRCLE('',#5504,2.1);
#5504 = AXIS2_PLACEMENT_3D('',#5505,#5506,#5507);
#5505 = CARTESIAN_POINT('',(-23.,32.,26.));
#5506 = DIRECTION('',(0.,0.,1.));
#5507 = DIRECTION('',(1.,0.,0.));
#5508 = PCURVE('',#2250,#5509);
#5509 = DEFINITIONAL_REPRESENTATION('',(#5510),#5514);
#5510 = CIRCLE('',#5511,2.1);
#5511 = AXIS2_PLACEMENT_2D('',#5512,#5513);
#5512 = CARTESIAN_POINT('',(27.,82.));
#5513 = DIRECTION('',(1.,0.));
#5514 = ( GEOMETRIC_REPRESENTATION_CONTEXT(2) 
PARAMETRIC_REPRESENTATION_CONTEXT() REPRESENTATION_CONTEXT('2D SPACE',''
  ) );
#5515 = PCURVE('',#5516,#5521);
#5516 = CYLINDRICAL_SURFACE('',#5517,2.1);
#5517 = AXIS2_PLACEMENT_3D('',#5518,#5519,#5520);
#5518 = CARTESIAN_POINT('',(-23.,32.,20.5));
#5519 = DIRECTION('',(-0.,-0.,-1.));
#5520 = DIRECTION('',(1.,0.,0.));
#5521 = DEFINITIONAL_REPRESENTATION('',(#5522),#5526);
#5522 = LINE('',#5523,#5524);
#5523 = CARTESIAN_POINT('',(-0.,-5.5));
#5524 = VECTOR('',#5525,1.);
#5525 = DIRECTION('',(-1.,0.));
#5526 = ( GEOMETRIC_REPRESENTATION_CONTEXT(2) 
PARAMETRIC_REPRESENTATION_CONTEXT() REPRESENTATION_CONTEXT('2D SPACE',''
  ) );
#5527 = ADVANCED_FACE('',(#5528),#2222,.T.);
#5528 = FACE_BOUND('',#5529,.T.);
#5529 = EDGE_LOOP('',(#5530,#5551,#5552,#5553,#5554,#5575));
#5530 = ORIENTED_EDGE('',*,*,#5531,.F.);
#5531 = EDGE_CURVE('',#2179,#4134,#5532,.T.);
#5532 = SURFACE_CURVE('',#5533,(#5537,#5544),.PCURVE_S1.);
#5533 = LINE('',#5534,#5535);
#5534 = CARTESIAN_POINT('',(-27.5,38.5,16.));
#5535 = VECTOR('',#5536,1.);
#5536 = DIRECTION('',(1.,0.,0.));
#5537 = PCURVE('',#2222,#5538);
#5538 = DEFINITIONAL_REPRESENTATION('',(#5539),#5543);
#5539 = LINE('',#5540,#5541);
#5540 = CARTESIAN_POINT('',(0.,0.));
#5541 = VECTOR('',#5542,1.);
#5542 = DIRECTION('',(0.,1.));
#5543 = ( GEOMETRIC_REPRESENTATION_CONTEXT(2) 
PARAMETRIC_REPRESENTATION_CONTEXT() REPRESENTATION_CONTEXT('2D SPACE',''
  ) );
#5544 = PCURVE('',#2194,#5545);
#5545 = DEFINITIONAL_REPRESENTATION('',(#5546),#5550);
#5546 = LINE('',#5547,#5548);
#5547 = CARTESIAN_POINT('',(0.,23.5));
#5548 = VECTOR('',#5549,1.);
#5549 = DIRECTION('',(1.,0.));
#5550 = ( GEOMETRIC_REPRESENTATION_CONTEXT(2) 
PARAMETRIC_REPRESENTATION_CONTEXT() REPRESENTATION_CONTEXT('2D SPACE',''
  ) );
#5551 = ORIENTED_EDGE('',*,*,#2206,.T.);
#5552 = ORIENTED_EDGE('',*,*,#5476,.T.);
#5553 = ORIENTED_EDGE('',*,*,#2705,.F.);
#5554 = ORIENTED_EDGE('',*,*,#5555,.F.);
#5555 = EDGE_CURVE('',#4255,#2683,#5556,.T.);
#5556 = SURFACE_CURVE('',#5557,(#5561,#5568),.PCURVE_S1.);
#5557 = LINE('',#5558,#5559);
#5558 = CARTESIAN_POINT('',(-27.5,38.5,16.));
#5559 = VECTOR('',#5560,1.);
#5560 = DIRECTION('',(1.,0.,0.));
#5561 = PCURVE('',#2222,#5562);
#5562 = DEFINITIONAL_REPRESENTATION('',(#5563),#5567);
#5563 = LINE('',#5564,#5565);
#5564 = CARTESIAN_POINT('',(0.,0.));
#5565 = VECTOR('',#5566,1.);
#5566 = DIRECTION('',(0.,1.));
#5567 = ( GEOMETRIC_REPRESENTATION_CONTEXT(2) 
PARAMETRIC_REPRESENTATION_CONTEXT() REPRESENTATION_CONTEXT('2D SPACE',''
  ) );
#5568 = PCURVE('',#2194,#5569);
#5569 = DEFINITIONAL_REPRESENTATION('',(#5570),#5574);
#5570 = LINE('',#5571,#5572);
#5571 = CARTESIAN_POINT('',(0.,23.5));
#5572 = VECTOR('',#5573,1.);
#5573 = DIRECTION('',(1.,0.));
#5574 = ( GEOMETRIC_REPRESENTATION_CONTEXT(2) 
PARAMETRIC_REPRESENTATION_CONTEXT() REPRESENTATION_CONTEXT('2D SPACE',''
  ) );
#5575 = ORIENTED_EDGE('',*,*,#4277,.F.);
#5576 = ADVANCED_FACE('',(#5577),#2194,.F.);
#5577 = FACE_BOUND('',#5578,.F.);
#5578 = EDGE_LOOP('',(#5579,#5580,#5581,#5582,#5583,#5584,#5585,#5586));
#5579 = ORIENTED_EDGE('',*,*,#2178,.F.);
#5580 = ORIENTED_EDGE('',*,*,#2611,.T.);
#5581 = ORIENTED_EDGE('',*,*,#2682,.T.);
#5582 = ORIENTED_EDGE('',*,*,#5555,.F.);
#5583 = ORIENTED_EDGE('',*,*,#4303,.T.);
#5584 = ORIENTED_EDGE('',*,*,#4204,.F.);
#5585 = ORIENTED_EDGE('',*,*,#4156,.F.);
#5586 = ORIENTED_EDGE('',*,*,#5531,.F.);
#5587 = ADVANCED_FACE('',(#5588),#3079,.F.);
#5588 = FACE_BOUND('',#5589,.F.);
#5589 = EDGE_LOOP('',(#5590,#5591,#5612,#5613,#5614,#5615,#5636,#5637));
#5590 = ORIENTED_EDGE('',*,*,#3631,.F.);
#5591 = ORIENTED_EDGE('',*,*,#5592,.T.);
#5592 = EDGE_CURVE('',#3609,#3167,#5593,.T.);
#5593 = SURFACE_CURVE('',#5594,(#5598,#5605),.PCURVE_S1.);
#5594 = LINE('',#5595,#5596);
#5595 = CARTESIAN_POINT('',(18.5,-38.5,16.));
#5596 = VECTOR('',#5597,1.);
#5597 = DIRECTION('',(1.,0.,0.));
#5598 = PCURVE('',#3079,#5599);
#5599 = DEFINITIONAL_REPRESENTATION('',(#5600),#5604);
#5600 = LINE('',#5601,#5602);
#5601 = CARTESIAN_POINT('',(0.,0.));
#5602 = VECTOR('',#5603,1.);
#5603 = DIRECTION('',(1.,0.));
#5604 = ( GEOMETRIC_REPRESENTATION_CONTEXT(2) 
PARAMETRIC_REPRESENTATION_CONTEXT() REPRESENTATION_CONTEXT('2D SPACE',''
  ) );
#5605 = PCURVE('',#3231,#5606);
#5606 = DEFINITIONAL_REPRESENTATION('',(#5607),#5611);
#5607 = LINE('',#5608,#5609);
#5608 = CARTESIAN_POINT('',(0.,0.));
#5609 = VECTOR('',#5610,1.);
#5610 = DIRECTION('',(0.,1.));
#5611 = ( GEOMETRIC_REPRESENTATION_CONTEXT(2) 
PARAMETRIC_REPRESENTATION_CONTEXT() REPRESENTATION_CONTEXT('2D SPACE',''
  ) );
#5612 = ORIENTED_EDGE('',*,*,#3189,.T.);
#5613 = ORIENTED_EDGE('',*,*,#3063,.T.);
#5614 = ORIENTED_EDGE('',*,*,#3140,.F.);
#5615 = ORIENTED_EDGE('',*,*,#5616,.T.);
#5616 = EDGE_CURVE('',#3118,#4085,#5617,.T.);
#5617 = SURFACE_CURVE('',#5618,(#5622,#5629),.PCURVE_S1.);
#5618 = LINE('',#5619,#5620);
#5619 = CARTESIAN_POINT('',(18.5,-38.5,16.));
#5620 = VECTOR('',#5621,1.);
#5621 = DIRECTION('',(1.,0.,0.));
#5622 = PCURVE('',#3079,#5623);
#5623 = DEFINITIONAL_REPRESENTATION('',(#5624),#5628);
#5624 = LINE('',#5625,#5626);
#5625 = CARTESIAN_POINT('',(0.,0.));
#5626 = VECTOR('',#5627,1.);
#5627 = DIRECTION('',(1.,0.));
#5628 = ( GEOMETRIC_REPRESENTATION_CONTEXT(2) 
PARAMETRIC_REPRESENTATION_CONTEXT() REPRESENTATION_CONTEXT('2D SPACE',''
  ) );
#5629 = PCURVE('',#3231,#5630);
#5630 = DEFINITIONAL_REPRESENTATION('',(#5631),#5635);
#5631 = LINE('',#5632,#5633);
#5632 = CARTESIAN_POINT('',(0.,0.));
#5633 = VECTOR('',#5634,1.);
#5634 = DIRECTION('',(0.,1.));
#5635 = ( GEOMETRIC_REPRESENTATION_CONTEXT(2) 
PARAMETRIC_REPRESENTATION_CONTEXT() REPRESENTATION_CONTEXT('2D SPACE',''
  ) );
#5636 = ORIENTED_EDGE('',*,*,#4107,.T.);
#5637 = ORIENTED_EDGE('',*,*,#3750,.F.);
#5638 = ADVANCED_FACE('',(#5639),#3231,.F.);
#5639 = FACE_BOUND('',#5640,.F.);
#5640 = EDGE_LOOP('',(#5641,#5642,#5643,#5664,#5665,#5666));
#5641 = ORIENTED_EDGE('',*,*,#5592,.F.);
#5642 = ORIENTED_EDGE('',*,*,#3608,.T.);
#5643 = ORIENTED_EDGE('',*,*,#5644,.T.);
#5644 = EDGE_CURVE('',#3581,#4062,#5645,.T.);
#5645 = SURFACE_CURVE('',#5646,(#5650,#5657),.PCURVE_S1.);
#5646 = LINE('',#5647,#5648);
#5647 = CARTESIAN_POINT('',(18.5,-38.5,26.));
#5648 = VECTOR('',#5649,1.);
#5649 = DIRECTION('',(1.,0.,0.));
#5650 = PCURVE('',#3231,#5651);
#5651 = DEFINITIONAL_REPRESENTATION('',(#5652),#5656);
#5652 = LINE('',#5653,#5654);
#5653 = CARTESIAN_POINT('',(10.,0.));
#5654 = VECTOR('',#5655,1.);
#5655 = DIRECTION('',(0.,1.));
#5656 = ( GEOMETRIC_REPRESENTATION_CONTEXT(2) 
PARAMETRIC_REPRESENTATION_CONTEXT() REPRESENTATION_CONTEXT('2D SPACE',''
  ) );
#5657 = PCURVE('',#3596,#5658);
#5658 = DEFINITIONAL_REPRESENTATION('',(#5659),#5663);
#5659 = LINE('',#5660,#5661);
#5660 = CARTESIAN_POINT('',(68.5,11.5));
#5661 = VECTOR('',#5662,1.);
#5662 = DIRECTION('',(1.,0.));
#5663 = ( GEOMETRIC_REPRESENTATION_CONTEXT(2) 
PARAMETRIC_REPRESENTATION_CONTEXT() REPRESENTATION_CONTEXT('2D SPACE',''
  ) );
#5664 = ORIENTED_EDGE('',*,*,#4084,.F.);
#5665 = ORIENTED_EDGE('',*,*,#5616,.F.);
#5666 = ORIENTED_EDGE('',*,*,#3217,.F.);
#5667 = ADVANCED_FACE('',(#5668,#5700),#3596,.T.);
#5668 = FACE_BOUND('',#5669,.T.);
#5669 = EDGE_LOOP('',(#5670,#5671,#5672,#5673));
#5670 = ORIENTED_EDGE('',*,*,#3580,.F.);
#5671 = ORIENTED_EDGE('',*,*,#5644,.T.);
#5672 = ORIENTED_EDGE('',*,*,#4061,.T.);
#5673 = ORIENTED_EDGE('',*,*,#5674,.T.);
#5674 = EDGE_CURVE('',#3844,#3355,#5675,.T.);
#5675 = SURFACE_CURVE('',#5676,(#5682,#5691),.PCURVE_S1.);
#5676 = B_SPLINE_CURVE_WITH_KNOTS('',4,(#5677,#5678,#5679,#5680,#5681),
  .UNSPECIFIED.,.F.,.F.,(5,5),(0.,1.),.PIECEWISE_BEZIER_KNOTS.);
#5677 = CARTESIAN_POINT('',(27.5,-12.68157894736,26.));
#5678 = CARTESIAN_POINT('',(25.25,-12.68157894736,26.));
#5679 = CARTESIAN_POINT('',(23.,-12.68157894736,26.));
#5680 = CARTESIAN_POINT('',(20.75,-12.68157894736,26.));
#5681 = CARTESIAN_POINT('',(18.5,-12.68157894736,26.));
#5682 = PCURVE('',#3596,#5683);
#5683 = DEFINITIONAL_REPRESENTATION('',(#5684),#5690);
#5684 = B_SPLINE_CURVE_WITH_KNOTS('',4,(#5685,#5686,#5687,#5688,#5689),
  .UNSPECIFIED.,.F.,.F.,(5,5),(0.,1.),.PIECEWISE_BEZIER_KNOTS.);
#5685 = CARTESIAN_POINT('',(77.5,37.318421052632));
#5686 = CARTESIAN_POINT('',(75.25,37.318421052632));
#5687 = CARTESIAN_POINT('',(73.,37.318421052632));
#5688 = CARTESIAN_POINT('',(70.75,37.318421052632));
#5689 = CARTESIAN_POINT('',(68.5,37.318421052632));
#5690 = ( GEOMETRIC_REPRESENTATION_CONTEXT(2) 
PARAMETRIC_REPRESENTATION_CONTEXT() REPRESENTATION_CONTEXT('2D SPACE',''
  ) );
#5691 = PCURVE('',#3500,#5692);
#5692 = DEFINITIONAL_REPRESENTATION('',(#5693),#5699);
#5693 = B_SPLINE_CURVE_WITH_KNOTS('',4,(#5694,#5695,#5696,#5697,#5698),
  .UNSPECIFIED.,.F.,.F.,(5,5),(0.,1.),.PIECEWISE_BEZIER_KNOTS.);
#5694 = CARTESIAN_POINT('',(1.570796326795,-10.));
#5695 = CARTESIAN_POINT('',(1.570796326795,-7.75));
#5696 = CARTESIAN_POINT('',(1.570796326795,-5.5));
#5697 = CARTESIAN_POINT('',(1.570796326795,-3.25));
#5698 = CARTESIAN_POINT('',(1.570796326795,-1.));
#5699 = ( GEOMETRIC_REPRESENTATION_CONTEXT(2) 
PARAMETRIC_REPRESENTATION_CONTEXT() REPRESENTATION_CONTEXT('2D SPACE',''
  ) );
#5700 = FACE_BOUND('',#5701,.T.);
#5701 = EDGE_LOOP('',(#5702));
#5702 = ORIENTED_EDGE('',*,*,#5703,.F.);
#5703 = EDGE_CURVE('',#5704,#5704,#5706,.T.);
#5704 = VERTEX_POINT('',#5705);
#5705 = CARTESIAN_POINT('',(25.1,-32.,26.));
#5706 = SURFACE_CURVE('',#5707,(#5712,#5719),.PCURVE_S1.);
#5707 = CIRCLE('',#5708,2.1);
#5708 = AXIS2_PLACEMENT_3D('',#5709,#5710,#5711);
#5709 = CARTESIAN_POINT('',(23.,-32.,26.));
#5710 = DIRECTION('',(0.,0.,1.));
#5711 = DIRECTION('',(1.,0.,0.));
#5712 = PCURVE('',#3596,#5713);
#5713 = DEFINITIONAL_REPRESENTATION('',(#5714),#5718);
#5714 = CIRCLE('',#5715,2.1);
#5715 = AXIS2_PLACEMENT_2D('',#5716,#5717);
#5716 = CARTESIAN_POINT('',(73.,18.));
#5717 = DIRECTION('',(1.,0.));
#5718 = ( GEOMETRIC_REPRESENTATION_CONTEXT(2) 
PARAMETRIC_REPRESENTATION_CONTEXT() REPRESENTATION_CONTEXT('2D SPACE',''
  ) );
#5719 = PCURVE('',#5720,#5725);
#5720 = CYLINDRICAL_SURFACE('',#5721,2.1);
#5721 = AXIS2_PLACEMENT_3D('',#5722,#5723,#5724);
#5722 = CARTESIAN_POINT('',(23.,-32.,20.5));
#5723 = DIRECTION('',(-0.,-0.,-1.));
#5724 = DIRECTION('',(1.,0.,0.));
#5725 = DEFINITIONAL_REPRESENTATION('',(#5726),#5730);
#5726 = LINE('',#5727,#5728);
#5727 = CARTESIAN_POINT('',(-0.,-5.5));
#5728 = VECTOR('',#5729,1.);
#5729 = DIRECTION('',(-1.,0.));
#5730 = ( GEOMETRIC_REPRESENTATION_CONTEXT(2) 
PARAMETRIC_REPRESENTATION_CONTEXT() REPRESENTATION_CONTEXT('2D SPACE',''
  ) );
#5731 = ADVANCED_FACE('',(#5732),#3500,.T.);
#5732 = FACE_BOUND('',#5733,.T.);
#5733 = EDGE_LOOP('',(#5734,#5761,#5762,#5763));
#5734 = ORIENTED_EDGE('',*,*,#5735,.T.);
#5735 = EDGE_CURVE('',#3821,#3327,#5736,.T.);
#5736 = SURFACE_CURVE('',#5737,(#5743,#5752),.PCURVE_S1.);
#5737 = B_SPLINE_CURVE_WITH_KNOTS('',4,(#5738,#5739,#5740,#5741,#5742),
  .UNSPECIFIED.,.F.,.F.,(5,5),(0.,1.),.PIECEWISE_BEZIER_KNOTS.);
#5738 = CARTESIAN_POINT('',(27.5,12.681578947368,26.));
#5739 = CARTESIAN_POINT('',(25.25,12.681578947368,26.));
#5740 = CARTESIAN_POINT('',(23.,12.681578947368,26.));
#5741 = CARTESIAN_POINT('',(20.75,12.681578947368,26.));
#5742 = CARTESIAN_POINT('',(18.5,12.681578947368,26.));
#5743 = PCURVE('',#3500,#5744);
#5744 = DEFINITIONAL_REPRESENTATION('',(#5745),#5751);
#5745 = B_SPLINE_CURVE_WITH_KNOTS('',4,(#5746,#5747,#5748,#5749,#5750),
  .UNSPECIFIED.,.F.,.F.,(5,5),(0.,1.),.PIECEWISE_BEZIER_KNOTS.);
#5746 = CARTESIAN_POINT('',(4.712388980385,-10.));
#5747 = CARTESIAN_POINT('',(4.712388980385,-7.75));
#5748 = CARTESIAN_POINT('',(4.712388980385,-5.5));
#5749 = CARTESIAN_POINT('',(4.712388980385,-3.25));
#5750 = CARTESIAN_POINT('',(4.712388980385,-1.));
#5751 = ( GEOMETRIC_REPRESENTATION_CONTEXT(2) 
PARAMETRIC_REPRESENTATION_CONTEXT() REPRESENTATION_CONTEXT('2D SPACE',''
  ) );
#5752 = PCURVE('',#3342,#5753);
#5753 = DEFINITIONAL_REPRESENTATION('',(#5754),#5760);
#5754 = B_SPLINE_CURVE_WITH_KNOTS('',4,(#5755,#5756,#5757,#5758,#5759),
  .UNSPECIFIED.,.F.,.F.,(5,5),(0.,1.),.PIECEWISE_BEZIER_KNOTS.);
#5755 = CARTESIAN_POINT('',(77.5,62.681578947368));
#5756 = CARTESIAN_POINT('',(75.25,62.681578947368));
#5757 = CARTESIAN_POINT('',(73.,62.681578947368));
#5758 = CARTESIAN_POINT('',(70.75,62.681578947368));
#5759 = CARTESIAN_POINT('',(68.5,62.681578947368));
#5760 = ( GEOMETRIC_REPRESENTATION_CONTEXT(2) 
PARAMETRIC_REPRESENTATION_CONTEXT() REPRESENTATION_CONTEXT('2D SPACE',''
  ) );
#5761 = ORIENTED_EDGE('',*,*,#3354,.T.);
#5762 = ORIENTED_EDGE('',*,*,#5674,.F.);
#5763 = ORIENTED_EDGE('',*,*,#3843,.F.);
#5764 = ADVANCED_FACE('',(#5765,#5791),#3342,.T.);
#5765 = FACE_BOUND('',#5766,.T.);
#5766 = EDGE_LOOP('',(#5767,#5768,#5769,#5770));
#5767 = ORIENTED_EDGE('',*,*,#3326,.F.);
#5768 = ORIENTED_EDGE('',*,*,#5735,.F.);
#5769 = ORIENTED_EDGE('',*,*,#3820,.T.);
#5770 = ORIENTED_EDGE('',*,*,#5771,.F.);
#5771 = EDGE_CURVE('',#3299,#3798,#5772,.T.);
#5772 = SURFACE_CURVE('',#5773,(#5777,#5784),.PCURVE_S1.);
#5773 = LINE('',#5774,#5775);
#5774 = CARTESIAN_POINT('',(18.5,38.5,26.));
#5775 = VECTOR('',#5776,1.);
#5776 = DIRECTION('',(1.,0.,0.));
#5777 = PCURVE('',#3342,#5778);
#5778 = DEFINITIONAL_REPRESENTATION('',(#5779),#5783);
#5779 = LINE('',#5780,#5781);
#5780 = CARTESIAN_POINT('',(68.5,88.5));
#5781 = VECTOR('',#5782,1.);
#5782 = DIRECTION('',(1.,0.));
#5783 = ( GEOMETRIC_REPRESENTATION_CONTEXT(2) 
PARAMETRIC_REPRESENTATION_CONTEXT() REPRESENTATION_CONTEXT('2D SPACE',''
  ) );
#5784 = PCURVE('',#3314,#5785);
#5785 = DEFINITIONAL_REPRESENTATION('',(#5786),#5790);
#5786 = LINE('',#5787,#5788);
#5787 = CARTESIAN_POINT('',(10.,0.));
#5788 = VECTOR('',#5789,1.);
#5789 = DIRECTION('',(0.,1.));
#5790 = ( GEOMETRIC_REPRESENTATION_CONTEXT(2) 
PARAMETRIC_REPRESENTATION_CONTEXT() REPRESENTATION_CONTEXT('2D SPACE',''
  ) );
#5791 = FACE_BOUND('',#5792,.T.);
#5792 = EDGE_LOOP('',(#5793));
#5793 = ORIENTED_EDGE('',*,*,#5794,.F.);
#5794 = EDGE_CURVE('',#5795,#5795,#5797,.T.);
#5795 = VERTEX_POINT('',#5796);
#5796 = CARTESIAN_POINT('',(25.1,32.,26.));
#5797 = SURFACE_CURVE('',#5798,(#5803,#5810),.PCURVE_S1.);
#5798 = CIRCLE('',#5799,2.1);
#5799 = AXIS2_PLACEMENT_3D('',#5800,#5801,#5802);
#5800 = CARTESIAN_POINT('',(23.,32.,26.));
#5801 = DIRECTION('',(0.,0.,1.));
#5802 = DIRECTION('',(1.,0.,0.));
#5803 = PCURVE('',#3342,#5804);
#5804 = DEFINITIONAL_REPRESENTATION('',(#5805),#5809);
#5805 = CIRCLE('',#5806,2.1);
#5806 = AXIS2_PLACEMENT_2D('',#5807,#5808);
#5807 = CARTESIAN_POINT('',(73.,82.));
#5808 = DIRECTION('',(1.,0.));
#5809 = ( GEOMETRIC_REPRESENTATION_CONTEXT(2) 
PARAMETRIC_REPRESENTATION_CONTEXT() REPRESENTATION_CONTEXT('2D SPACE',''
  ) );
#5810 = PCURVE('',#5811,#5816);
#5811 = CYLINDRICAL_SURFACE('',#5812,2.1);
#5812 = AXIS2_PLACEMENT_3D('',#5813,#5814,#5815);
#5813 = CARTESIAN_POINT('',(23.,32.,20.5));
#5814 = DIRECTION('',(-0.,-0.,-1.));
#5815 = DIRECTION('',(1.,0.,0.));
#5816 = DEFINITIONAL_REPRESENTATION('',(#5817),#5821);
#5817 = LINE('',#5818,#5819);
#5818 = CARTESIAN_POINT('',(-0.,-5.5));
#5819 = VECTOR('',#5820,1.);
#5820 = DIRECTION('',(-1.,0.));
#5821 = ( GEOMETRIC_REPRESENTATION_CONTEXT(2) 
PARAMETRIC_REPRESENTATION_CONTEXT() REPRESENTATION_CONTEXT('2D SPACE',''
  ) );
#5822 = ADVANCED_FACE('',(#5823),#3314,.T.);
#5823 = FACE_BOUND('',#5824,.T.);
#5824 = EDGE_LOOP('',(#5825,#5846,#5847,#5848,#5849,#5870));
#5825 = ORIENTED_EDGE('',*,*,#5826,.F.);
#5826 = EDGE_CURVE('',#3271,#4330,#5827,.T.);
#5827 = SURFACE_CURVE('',#5828,(#5832,#5839),.PCURVE_S1.);
#5828 = LINE('',#5829,#5830);
#5829 = CARTESIAN_POINT('',(18.5,38.5,16.));
#5830 = VECTOR('',#5831,1.);
#5831 = DIRECTION('',(1.,0.,0.));
#5832 = PCURVE('',#3314,#5833);
#5833 = DEFINITIONAL_REPRESENTATION('',(#5834),#5838);
#5834 = LINE('',#5835,#5836);
#5835 = CARTESIAN_POINT('',(0.,0.));
#5836 = VECTOR('',#5837,1.);
#5837 = DIRECTION('',(0.,1.));
#5838 = ( GEOMETRIC_REPRESENTATION_CONTEXT(2) 
PARAMETRIC_REPRESENTATION_CONTEXT() REPRESENTATION_CONTEXT('2D SPACE',''
  ) );
#5839 = PCURVE('',#3286,#5840);
#5840 = DEFINITIONAL_REPRESENTATION('',(#5841),#5845);
#5841 = LINE('',#5842,#5843);
#5842 = CARTESIAN_POINT('',(0.,23.5));
#5843 = VECTOR('',#5844,1.);
#5844 = DIRECTION('',(1.,0.));
#5845 = ( GEOMETRIC_REPRESENTATION_CONTEXT(2) 
PARAMETRIC_REPRESENTATION_CONTEXT() REPRESENTATION_CONTEXT('2D SPACE',''
  ) );
#5846 = ORIENTED_EDGE('',*,*,#3298,.T.);
#5847 = ORIENTED_EDGE('',*,*,#5771,.T.);
#5848 = ORIENTED_EDGE('',*,*,#3797,.F.);
#5849 = ORIENTED_EDGE('',*,*,#5850,.F.);
#5850 = EDGE_CURVE('',#4451,#3775,#5851,.T.);
#5851 = SURFACE_CURVE('',#5852,(#5856,#5863),.PCURVE_S1.);
#5852 = LINE('',#5853,#5854);
#5853 = CARTESIAN_POINT('',(18.5,38.5,16.));
#5854 = VECTOR('',#5855,1.);
#5855 = DIRECTION('',(1.,0.,0.));
#5856 = PCURVE('',#3314,#5857);
#5857 = DEFINITIONAL_REPRESENTATION('',(#5858),#5862);
#5858 = LINE('',#5859,#5860);
#5859 = CARTESIAN_POINT('',(0.,0.));
#5860 = VECTOR('',#5861,1.);
#5861 = DIRECTION('',(0.,1.));
#5862 = ( GEOMETRIC_REPRESENTATION_CONTEXT(2) 
PARAMETRIC_REPRESENTATION_CONTEXT() REPRESENTATION_CONTEXT('2D SPACE',''
  ) );
#5863 = PCURVE('',#3286,#5864);
#5864 = DEFINITIONAL_REPRESENTATION('',(#5865),#5869);
#5865 = LINE('',#5866,#5867);
#5866 = CARTESIAN_POINT('',(0.,23.5));
#5867 = VECTOR('',#5868,1.);
#5868 = DIRECTION('',(1.,0.));
#5869 = ( GEOMETRIC_REPRESENTATION_CONTEXT(2) 
PARAMETRIC_REPRESENTATION_CONTEXT() REPRESENTATION_CONTEXT('2D SPACE',''
  ) );
#5870 = ORIENTED_EDGE('',*,*,#4473,.F.);
#5871 = ADVANCED_FACE('',(#5872),#3286,.F.);
#5872 = FACE_BOUND('',#5873,.F.);
#5873 = EDGE_LOOP('',(#5874,#5875,#5876,#5877,#5878,#5879,#5880,#5881));
#5874 = ORIENTED_EDGE('',*,*,#3270,.F.);
#5875 = ORIENTED_EDGE('',*,*,#3703,.T.);
#5876 = ORIENTED_EDGE('',*,*,#3774,.T.);
#5877 = ORIENTED_EDGE('',*,*,#5850,.F.);
#5878 = ORIENTED_EDGE('',*,*,#4499,.T.);
#5879 = ORIENTED_EDGE('',*,*,#4400,.F.);
#5880 = ORIENTED_EDGE('',*,*,#4352,.F.);
#5881 = ORIENTED_EDGE('',*,*,#5826,.F.);
#5882 = ADVANCED_FACE('',(#5883),#4560,.F.);
#5883 = FACE_BOUND('',#5884,.T.);
#5884 = EDGE_LOOP('',(#5885,#5886,#5909,#5936));
#5885 = ORIENTED_EDGE('',*,*,#4545,.F.);
#5886 = ORIENTED_EDGE('',*,*,#5887,.T.);
#5887 = EDGE_CURVE('',#4526,#5888,#5890,.T.);
#5888 = VERTEX_POINT('',#5889);
#5889 = CARTESIAN_POINT('',(-10.9,-13.,5.5));
#5890 = SEAM_CURVE('',#5891,(#5895,#5902),.PCURVE_S1.);
#5891 = LINE('',#5892,#5893);
#5892 = CARTESIAN_POINT('',(-10.9,-13.,0.));
#5893 = VECTOR('',#5894,1.);
#5894 = DIRECTION('',(0.,0.,1.));
#5895 = PCURVE('',#4560,#5896);
#5896 = DEFINITIONAL_REPRESENTATION('',(#5897),#5901);
#5897 = LINE('',#5898,#5899);
#5898 = CARTESIAN_POINT('',(-6.28318530718,0.));
#5899 = VECTOR('',#5900,1.);
#5900 = DIRECTION('',(-0.,-1.));
#5901 = ( GEOMETRIC_REPRESENTATION_CONTEXT(2) 
PARAMETRIC_REPRESENTATION_CONTEXT() REPRESENTATION_CONTEXT('2D SPACE',''
  ) );
#5902 = PCURVE('',#4560,#5903);
#5903 = DEFINITIONAL_REPRESENTATION('',(#5904),#5908);
#5904 = LINE('',#5905,#5906);
#5905 = CARTESIAN_POINT('',(-0.,0.));
#5906 = VECTOR('',#5907,1.);
#5907 = DIRECTION('',(-0.,-1.));
#5908 = ( GEOMETRIC_REPRESENTATION_CONTEXT(2) 
PARAMETRIC_REPRESENTATION_CONTEXT() REPRESENTATION_CONTEXT('2D SPACE',''
  ) );
#5909 = ORIENTED_EDGE('',*,*,#5910,.T.);
#5910 = EDGE_CURVE('',#5888,#5888,#5911,.T.);
#5911 = SURFACE_CURVE('',#5912,(#5917,#5924),.PCURVE_S1.);
#5912 = CIRCLE('',#5913,2.1);
#5913 = AXIS2_PLACEMENT_3D('',#5914,#5915,#5916);
#5914 = CARTESIAN_POINT('',(-13.,-13.,5.5));
#5915 = DIRECTION('',(0.,0.,1.));
#5916 = DIRECTION('',(1.,0.,0.));
#5917 = PCURVE('',#4560,#5918);
#5918 = DEFINITIONAL_REPRESENTATION('',(#5919),#5923);
#5919 = LINE('',#5920,#5921);
#5920 = CARTESIAN_POINT('',(-0.,-5.5));
#5921 = VECTOR('',#5922,1.);
#5922 = DIRECTION('',(-1.,0.));
#5923 = ( GEOMETRIC_REPRESENTATION_CONTEXT(2) 
PARAMETRIC_REPRESENTATION_CONTEXT() REPRESENTATION_CONTEXT('2D SPACE',''
  ) );
#5924 = PCURVE('',#5925,#5930);
#5925 = PLANE('',#5926);
#5926 = AXIS2_PLACEMENT_3D('',#5927,#5928,#5929);
#5927 = CARTESIAN_POINT('',(-13.,-13.,5.5));
#5928 = DIRECTION('',(0.,0.,1.));
#5929 = DIRECTION('',(1.,0.,-0.));
#5930 = DEFINITIONAL_REPRESENTATION('',(#5931),#5935);
#5931 = CIRCLE('',#5932,2.1);
#5932 = AXIS2_PLACEMENT_2D('',#5933,#5934);
#5933 = CARTESIAN_POINT('',(0.,0.));
#5934 = DIRECTION('',(1.,0.));
#5935 = ( GEOMETRIC_REPRESENTATION_CONTEXT(2) 
PARAMETRIC_REPRESENTATION_CONTEXT() REPRESENTATION_CONTEXT('2D SPACE',''
  ) );
#5936 = ORIENTED_EDGE('',*,*,#5887,.F.);
#5937 = ADVANCED_FACE('',(#5938),#4612,.F.);
#5938 = FACE_BOUND('',#5939,.T.);
#5939 = EDGE_LOOP('',(#5940,#5941,#5964,#5991));
#5940 = ORIENTED_EDGE('',*,*,#4597,.F.);
#5941 = ORIENTED_EDGE('',*,*,#5942,.T.);
#5942 = EDGE_CURVE('',#4578,#5943,#5945,.T.);
#5943 = VERTEX_POINT('',#5944);
#5944 = CARTESIAN_POINT('',(15.1,-13.,5.5));
#5945 = SEAM_CURVE('',#5946,(#5950,#5957),.PCURVE_S1.);
#5946 = LINE('',#5947,#5948);
#5947 = CARTESIAN_POINT('',(15.1,-13.,0.));
#5948 = VECTOR('',#5949,1.);
#5949 = DIRECTION('',(0.,0.,1.));
#5950 = PCURVE('',#4612,#5951);
#5951 = DEFINITIONAL_REPRESENTATION('',(#5952),#5956);
#5952 = LINE('',#5953,#5954);
#5953 = CARTESIAN_POINT('',(-6.28318530718,0.));
#5954 = VECTOR('',#5955,1.);
#5955 = DIRECTION('',(-0.,-1.));
#5956 = ( GEOMETRIC_REPRESENTATION_CONTEXT(2) 
PARAMETRIC_REPRESENTATION_CONTEXT() REPRESENTATION_CONTEXT('2D SPACE',''
  ) );
#5957 = PCURVE('',#4612,#5958);
#5958 = DEFINITIONAL_REPRESENTATION('',(#5959),#5963);
#5959 = LINE('',#5960,#5961);
#5960 = CARTESIAN_POINT('',(-0.,0.));
#5961 = VECTOR('',#5962,1.);
#5962 = DIRECTION('',(-0.,-1.));
#5963 = ( GEOMETRIC_REPRESENTATION_CONTEXT(2) 
PARAMETRIC_REPRESENTATION_CONTEXT() REPRESENTATION_CONTEXT('2D SPACE',''
  ) );
#5964 = ORIENTED_EDGE('',*,*,#5965,.T.);
#5965 = EDGE_CURVE('',#5943,#5943,#5966,.T.);
#5966 = SURFACE_CURVE('',#5967,(#5972,#5979),.PCURVE_S1.);
#5967 = CIRCLE('',#5968,2.1);
#5968 = AXIS2_PLACEMENT_3D('',#5969,#5970,#5971);
#5969 = CARTESIAN_POINT('',(13.,-13.,5.5));
#5970 = DIRECTION('',(0.,0.,1.));
#5971 = DIRECTION('',(1.,0.,0.));
#5972 = PCURVE('',#4612,#5973);
#5973 = DEFINITIONAL_REPRESENTATION('',(#5974),#5978);
#5974 = LINE('',#5975,#5976);
#5975 = CARTESIAN_POINT('',(-0.,-5.5));
#5976 = VECTOR('',#5977,1.);
#5977 = DIRECTION('',(-1.,0.));
#5978 = ( GEOMETRIC_REPRESENTATION_CONTEXT(2) 
PARAMETRIC_REPRESENTATION_CONTEXT() REPRESENTATION_CONTEXT('2D SPACE',''
  ) );
#5979 = PCURVE('',#5980,#5985);
#5980 = PLANE('',#5981);
#5981 = AXIS2_PLACEMENT_3D('',#5982,#5983,#5984);
#5982 = CARTESIAN_POINT('',(13.,-13.,5.5));
#5983 = DIRECTION('',(0.,0.,1.));
#5984 = DIRECTION('',(1.,0.,-0.));
#5985 = DEFINITIONAL_REPRESENTATION('',(#5986),#5990);
#5986 = CIRCLE('',#5987,2.1);
#5987 = AXIS2_PLACEMENT_2D('',#5988,#5989);
#5988 = CARTESIAN_POINT('',(0.,0.));
#5989 = DIRECTION('',(1.,0.));
#5990 = ( GEOMETRIC_REPRESENTATION_CONTEXT(2) 
PARAMETRIC_REPRESENTATION_CONTEXT() REPRESENTATION_CONTEXT('2D SPACE',''
  ) );
#5991 = ORIENTED_EDGE('',*,*,#5942,.F.);
#5992 = ADVANCED_FACE('',(#5993),#4664,.F.);
#5993 = FACE_BOUND('',#5994,.T.);
#5994 = EDGE_LOOP('',(#5995,#5996,#6019,#6046));
#5995 = ORIENTED_EDGE('',*,*,#4649,.F.);
#5996 = ORIENTED_EDGE('',*,*,#5997,.T.);
#5997 = EDGE_CURVE('',#4630,#5998,#6000,.T.);
#5998 = VERTEX_POINT('',#5999);
#5999 = CARTESIAN_POINT('',(-10.9,13.,5.5));
#6000 = SEAM_CURVE('',#6001,(#6005,#6012),.PCURVE_S1.);
#6001 = LINE('',#6002,#6003);
#6002 = CARTESIAN_POINT('',(-10.9,13.,0.));
#6003 = VECTOR('',#6004,1.);
#6004 = DIRECTION('',(0.,0.,1.));
#6005 = PCURVE('',#4664,#6006);
#6006 = DEFINITIONAL_REPRESENTATION('',(#6007),#6011);
#6007 = LINE('',#6008,#6009);
#6008 = CARTESIAN_POINT('',(-6.28318530718,0.));
#6009 = VECTOR('',#6010,1.);
#6010 = DIRECTION('',(-0.,-1.));
#6011 = ( GEOMETRIC_REPRESENTATION_CONTEXT(2) 
PARAMETRIC_REPRESENTATION_CONTEXT() REPRESENTATION_CONTEXT('2D SPACE',''
  ) );
#6012 = PCURVE('',#4664,#6013);
#6013 = DEFINITIONAL_REPRESENTATION('',(#6014),#6018);
#6014 = LINE('',#6015,#6016);
#6015 = CARTESIAN_POINT('',(-0.,0.));
#6016 = VECTOR('',#6017,1.);
#6017 = DIRECTION('',(-0.,-1.));
#6018 = ( GEOMETRIC_REPRESENTATION_CONTEXT(2) 
PARAMETRIC_REPRESENTATION_CONTEXT() REPRESENTATION_CONTEXT('2D SPACE',''
  ) );
#6019 = ORIENTED_EDGE('',*,*,#6020,.T.);
#6020 = EDGE_CURVE('',#5998,#5998,#6021,.T.);
#6021 = SURFACE_CURVE('',#6022,(#6027,#6034),.PCURVE_S1.);
#6022 = CIRCLE('',#6023,2.1);
#6023 = AXIS2_PLACEMENT_3D('',#6024,#6025,#6026);
#6024 = CARTESIAN_POINT('',(-13.,13.,5.5));
#6025 = DIRECTION('',(0.,0.,1.));
#6026 = DIRECTION('',(1.,0.,0.));
#6027 = PCURVE('',#4664,#6028);
#6028 = DEFINITIONAL_REPRESENTATION('',(#6029),#6033);
#6029 = LINE('',#6030,#6031);
#6030 = CARTESIAN_POINT('',(-0.,-5.5));
#6031 = VECTOR('',#6032,1.);
#6032 = DIRECTION('',(-1.,0.));
#6033 = ( GEOMETRIC_REPRESENTATION_CONTEXT(2) 
PARAMETRIC_REPRESENTATION_CONTEXT() REPRESENTATION_CONTEXT('2D SPACE',''
  ) );
#6034 = PCURVE('',#6035,#6040);
#6035 = PLANE('',#6036);
#6036 = AXIS2_PLACEMENT_3D('',#6037,#6038,#6039);
#6037 = CARTESIAN_POINT('',(-13.,13.,5.5));
#6038 = DIRECTION('',(0.,0.,1.));
#6039 = DIRECTION('',(1.,0.,-0.));
#6040 = DEFINITIONAL_REPRESENTATION('',(#6041),#6045);
#6041 = CIRCLE('',#6042,2.1);
#6042 = AXIS2_PLACEMENT_2D('',#6043,#6044);
#6043 = CARTESIAN_POINT('',(0.,0.));
#6044 = DIRECTION('',(1.,0.));
#6045 = ( GEOMETRIC_REPRESENTATION_CONTEXT(2) 
PARAMETRIC_REPRESENTATION_CONTEXT() REPRESENTATION_CONTEXT('2D SPACE',''
  ) );
#6046 = ORIENTED_EDGE('',*,*,#5997,.F.);
#6047 = ADVANCED_FACE('',(#6048),#4716,.F.);
#6048 = FACE_BOUND('',#6049,.T.);
#6049 = EDGE_LOOP('',(#6050,#6051,#6074,#6101));
#6050 = ORIENTED_EDGE('',*,*,#4701,.F.);
#6051 = ORIENTED_EDGE('',*,*,#6052,.T.);
#6052 = EDGE_CURVE('',#4682,#6053,#6055,.T.);
#6053 = VERTEX_POINT('',#6054);
#6054 = CARTESIAN_POINT('',(15.1,13.,5.5));
#6055 = SEAM_CURVE('',#6056,(#6060,#6067),.PCURVE_S1.);
#6056 = LINE('',#6057,#6058);
#6057 = CARTESIAN_POINT('',(15.1,13.,0.));
#6058 = VECTOR('',#6059,1.);
#6059 = DIRECTION('',(0.,0.,1.));
#6060 = PCURVE('',#4716,#6061);
#6061 = DEFINITIONAL_REPRESENTATION('',(#6062),#6066);
#6062 = LINE('',#6063,#6064);
#6063 = CARTESIAN_POINT('',(-6.28318530718,0.));
#6064 = VECTOR('',#6065,1.);
#6065 = DIRECTION('',(-0.,-1.));
#6066 = ( GEOMETRIC_REPRESENTATION_CONTEXT(2) 
PARAMETRIC_REPRESENTATION_CONTEXT() REPRESENTATION_CONTEXT('2D SPACE',''
  ) );
#6067 = PCURVE('',#4716,#6068);
#6068 = DEFINITIONAL_REPRESENTATION('',(#6069),#6073);
#6069 = LINE('',#6070,#6071);
#6070 = CARTESIAN_POINT('',(-0.,0.));
#6071 = VECTOR('',#6072,1.);
#6072 = DIRECTION('',(-0.,-1.));
#6073 = ( GEOMETRIC_REPRESENTATION_CONTEXT(2) 
PARAMETRIC_REPRESENTATION_CONTEXT() REPRESENTATION_CONTEXT('2D SPACE',''
  ) );
#6074 = ORIENTED_EDGE('',*,*,#6075,.T.);
#6075 = EDGE_CURVE('',#6053,#6053,#6076,.T.);
#6076 = SURFACE_CURVE('',#6077,(#6082,#6089),.PCURVE_S1.);
#6077 = CIRCLE('',#6078,2.1);
#6078 = AXIS2_PLACEMENT_3D('',#6079,#6080,#6081);
#6079 = CARTESIAN_POINT('',(13.,13.,5.5));
#6080 = DIRECTION('',(0.,0.,1.));
#6081 = DIRECTION('',(1.,0.,0.));
#6082 = PCURVE('',#4716,#6083);
#6083 = DEFINITIONAL_REPRESENTATION('',(#6084),#6088);
#6084 = LINE('',#6085,#6086);
#6085 = CARTESIAN_POINT('',(-0.,-5.5));
#6086 = VECTOR('',#6087,1.);
#6087 = DIRECTION('',(-1.,0.));
#6088 = ( GEOMETRIC_REPRESENTATION_CONTEXT(2) 
PARAMETRIC_REPRESENTATION_CONTEXT() REPRESENTATION_CONTEXT('2D SPACE',''
  ) );
#6089 = PCURVE('',#6090,#6095);
#6090 = PLANE('',#6091);
#6091 = AXIS2_PLACEMENT_3D('',#6092,#6093,#6094);
#6092 = CARTESIAN_POINT('',(13.,13.,5.5));
#6093 = DIRECTION('',(0.,0.,1.));
#6094 = DIRECTION('',(1.,0.,-0.));
#6095 = DEFINITIONAL_REPRESENTATION('',(#6096),#6100);
#6096 = CIRCLE('',#6097,2.1);
#6097 = AXIS2_PLACEMENT_2D('',#6098,#6099);
#6098 = CARTESIAN_POINT('',(0.,0.));
#6099 = DIRECTION('',(1.,0.));
#6100 = ( GEOMETRIC_REPRESENTATION_CONTEXT(2) 
PARAMETRIC_REPRESENTATION_CONTEXT() REPRESENTATION_CONTEXT('2D SPACE',''
  ) );
#6101 = ORIENTED_EDGE('',*,*,#6052,.F.);
#6102 = ADVANCED_FACE('',(#6103),#4898,.F.);
#6103 = FACE_BOUND('',#6104,.F.);
#6104 = EDGE_LOOP('',(#6105,#6106,#6107,#6128));
#6105 = ORIENTED_EDGE('',*,*,#5243,.F.);
#6106 = ORIENTED_EDGE('',*,*,#4882,.T.);
#6107 = ORIENTED_EDGE('',*,*,#6108,.T.);
#6108 = EDGE_CURVE('',#4855,#5113,#6109,.T.);
#6109 = SURFACE_CURVE('',#6110,(#6114,#6121),.PCURVE_S1.);
#6110 = LINE('',#6111,#6112);
#6111 = CARTESIAN_POINT('',(-28.5,79.,8.));
#6112 = VECTOR('',#6113,1.);
#6113 = DIRECTION('',(0.,0.,1.));
#6114 = PCURVE('',#4898,#6115);
#6115 = DEFINITIONAL_REPRESENTATION('',(#6116),#6120);
#6116 = LINE('',#6117,#6118);
#6117 = CARTESIAN_POINT('',(0.,-18.));
#6118 = VECTOR('',#6119,1.);
#6119 = DIRECTION('',(1.,0.));
#6120 = ( GEOMETRIC_REPRESENTATION_CONTEXT(2) 
PARAMETRIC_REPRESENTATION_CONTEXT() REPRESENTATION_CONTEXT('2D SPACE',''
  ) );
#6121 = PCURVE('',#4870,#6122);
#6122 = DEFINITIONAL_REPRESENTATION('',(#6123),#6127);
#6123 = LINE('',#6124,#6125);
#6124 = CARTESIAN_POINT('',(0.,0.));
#6125 = VECTOR('',#6126,1.);
#6126 = DIRECTION('',(1.,0.));
#6127 = ( GEOMETRIC_REPRESENTATION_CONTEXT(2) 
PARAMETRIC_REPRESENTATION_CONTEXT() REPRESENTATION_CONTEXT('2D SPACE',''
  ) );
#6128 = ORIENTED_EDGE('',*,*,#5135,.F.);
#6129 = ADVANCED_FACE('',(#6130),#4870,.T.);
#6130 = FACE_BOUND('',#6131,.T.);
#6131 = EDGE_LOOP('',(#6132,#6133,#6134,#6135));
#6132 = ORIENTED_EDGE('',*,*,#4854,.F.);
#6133 = ORIENTED_EDGE('',*,*,#6108,.T.);
#6134 = ORIENTED_EDGE('',*,*,#5112,.T.);
#6135 = ORIENTED_EDGE('',*,*,#6136,.F.);
#6136 = EDGE_CURVE('',#4827,#5090,#6137,.T.);
#6137 = SURFACE_CURVE('',#6138,(#6142,#6149),.PCURVE_S1.);
#6138 = LINE('',#6139,#6140);
#6139 = CARTESIAN_POINT('',(28.5,79.,8.));
#6140 = VECTOR('',#6141,1.);
#6141 = DIRECTION('',(0.,0.,1.));
#6142 = PCURVE('',#4870,#6143);
#6143 = DEFINITIONAL_REPRESENTATION('',(#6144),#6148);
#6144 = LINE('',#6145,#6146);
#6145 = CARTESIAN_POINT('',(0.,57.));
#6146 = VECTOR('',#6147,1.);
#6147 = DIRECTION('',(1.,0.));
#6148 = ( GEOMETRIC_REPRESENTATION_CONTEXT(2) 
PARAMETRIC_REPRESENTATION_CONTEXT() REPRESENTATION_CONTEXT('2D SPACE',''
  ) );
#6149 = PCURVE('',#4842,#6150);
#6150 = DEFINITIONAL_REPRESENTATION('',(#6151),#6155);
#6151 = LINE('',#6152,#6153);
#6152 = CARTESIAN_POINT('',(0.,-18.));
#6153 = VECTOR('',#6154,1.);
#6154 = DIRECTION('',(1.,0.));
#6155 = ( GEOMETRIC_REPRESENTATION_CONTEXT(2) 
PARAMETRIC_REPRESENTATION_CONTEXT() REPRESENTATION_CONTEXT('2D SPACE',''
  ) );
#6156 = ADVANCED_FACE('',(#6157),#4842,.T.);
#6157 = FACE_BOUND('',#6158,.T.);
#6158 = EDGE_LOOP('',(#6159,#6160,#6161,#6162));
#6159 = ORIENTED_EDGE('',*,*,#5272,.F.);
#6160 = ORIENTED_EDGE('',*,*,#4826,.T.);
#6161 = ORIENTED_EDGE('',*,*,#6136,.T.);
#6162 = ORIENTED_EDGE('',*,*,#5089,.F.);
#6163 = ADVANCED_FACE('',(#6164),#4954,.F.);
#6164 = FACE_BOUND('',#6165,.T.);
#6165 = EDGE_LOOP('',(#6166,#6167,#6188,#6189));
#6166 = ORIENTED_EDGE('',*,*,#4933,.T.);
#6167 = ORIENTED_EDGE('',*,*,#6168,.T.);
#6168 = EDGE_CURVE('',#4934,#5182,#6169,.T.);
#6169 = SEAM_CURVE('',#6170,(#6174,#6181),.PCURVE_S1.);
#6170 = LINE('',#6171,#6172);
#6171 = CARTESIAN_POINT('',(-20.9,70.,7.));
#6172 = VECTOR('',#6173,1.);
#6173 = DIRECTION('',(0.,0.,1.));
#6174 = PCURVE('',#4954,#6175);
#6175 = DEFINITIONAL_REPRESENTATION('',(#6176),#6180);
#6176 = LINE('',#6177,#6178);
#6177 = CARTESIAN_POINT('',(-6.28318530718,0.));
#6178 = VECTOR('',#6179,1.);
#6179 = DIRECTION('',(-0.,-1.));
#6180 = ( GEOMETRIC_REPRESENTATION_CONTEXT(2) 
PARAMETRIC_REPRESENTATION_CONTEXT() REPRESENTATION_CONTEXT('2D SPACE',''
  ) );
#6181 = PCURVE('',#4954,#6182);
#6182 = DEFINITIONAL_REPRESENTATION('',(#6183),#6187);
#6183 = LINE('',#6184,#6185);
#6184 = CARTESIAN_POINT('',(-0.,0.));
#6185 = VECTOR('',#6186,1.);
#6186 = DIRECTION('',(-0.,-1.));
#6187 = ( GEOMETRIC_REPRESENTATION_CONTEXT(2) 
PARAMETRIC_REPRESENTATION_CONTEXT() REPRESENTATION_CONTEXT('2D SPACE',''
  ) );
#6188 = ORIENTED_EDGE('',*,*,#5181,.F.);
#6189 = ORIENTED_EDGE('',*,*,#6168,.F.);
#6190 = ADVANCED_FACE('',(#6191),#4989,.F.);
#6191 = FACE_BOUND('',#6192,.T.);
#6192 = EDGE_LOOP('',(#6193,#6194,#6215,#6216));
#6193 = ORIENTED_EDGE('',*,*,#4968,.T.);
#6194 = ORIENTED_EDGE('',*,*,#6195,.T.);
#6195 = EDGE_CURVE('',#4969,#5212,#6196,.T.);
#6196 = SEAM_CURVE('',#6197,(#6201,#6208),.PCURVE_S1.);
#6197 = LINE('',#6198,#6199);
#6198 = CARTESIAN_POINT('',(24.1,70.,7.));
#6199 = VECTOR('',#6200,1.);
#6200 = DIRECTION('',(0.,0.,1.));
#6201 = PCURVE('',#4989,#6202);
#6202 = DEFINITIONAL_REPRESENTATION('',(#6203),#6207);
#6203 = LINE('',#6204,#6205);
#6204 = CARTESIAN_POINT('',(-6.28318530718,0.));
#6205 = VECTOR('',#6206,1.);
#6206 = DIRECTION('',(-0.,-1.));
#6207 = ( GEOMETRIC_REPRESENTATION_CONTEXT(2) 
PARAMETRIC_REPRESENTATION_CONTEXT() REPRESENTATION_CONTEXT('2D SPACE',''
  ) );
#6208 = PCURVE('',#4989,#6209);
#6209 = DEFINITIONAL_REPRESENTATION('',(#6210),#6214);
#6210 = LINE('',#6211,#6212);
#6211 = CARTESIAN_POINT('',(-0.,0.));
#6212 = VECTOR('',#6213,1.);
#6213 = DIRECTION('',(-0.,-1.));
#6214 = ( GEOMETRIC_REPRESENTATION_CONTEXT(2) 
PARAMETRIC_REPRESENTATION_CONTEXT() REPRESENTATION_CONTEXT('2D SPACE',''
  ) );
#6215 = ORIENTED_EDGE('',*,*,#5211,.F.);
#6216 = ORIENTED_EDGE('',*,*,#6195,.F.);
#6217 = ADVANCED_FACE('',(#6218),#5425,.F.);
#6218 = FACE_BOUND('',#6219,.T.);
#6219 = EDGE_LOOP('',(#6220,#6243,#6244,#6245));
#6220 = ORIENTED_EDGE('',*,*,#6221,.T.);
#6221 = EDGE_CURVE('',#6222,#5409,#6224,.T.);
#6222 = VERTEX_POINT('',#6223);
#6223 = CARTESIAN_POINT('',(-20.9,-32.,20.5));
#6224 = SEAM_CURVE('',#6225,(#6229,#6236),.PCURVE_S1.);
#6225 = LINE('',#6226,#6227);
#6226 = CARTESIAN_POINT('',(-20.9,-32.,20.5));
#6227 = VECTOR('',#6228,1.);
#6228 = DIRECTION('',(0.,0.,1.));
#6229 = PCURVE('',#5425,#6230);
#6230 = DEFINITIONAL_REPRESENTATION('',(#6231),#6235);
#6231 = LINE('',#6232,#6233);
#6232 = CARTESIAN_POINT('',(-0.,0.));
#6233 = VECTOR('',#6234,1.);
#6234 = DIRECTION('',(-0.,-1.));
#6235 = ( GEOMETRIC_REPRESENTATION_CONTEXT(2) 
PARAMETRIC_REPRESENTATION_CONTEXT() REPRESENTATION_CONTEXT('2D SPACE',''
  ) );
#6236 = PCURVE('',#5425,#6237);
#6237 = DEFINITIONAL_REPRESENTATION('',(#6238),#6242);
#6238 = LINE('',#6239,#6240);
#6239 = CARTESIAN_POINT('',(-6.28318530718,0.));
#6240 = VECTOR('',#6241,1.);
#6241 = DIRECTION('',(-0.,-1.));
#6242 = ( GEOMETRIC_REPRESENTATION_CONTEXT(2) 
PARAMETRIC_REPRESENTATION_CONTEXT() REPRESENTATION_CONTEXT('2D SPACE',''
  ) );
#6243 = ORIENTED_EDGE('',*,*,#5408,.T.);
#6244 = ORIENTED_EDGE('',*,*,#6221,.F.);
#6245 = ORIENTED_EDGE('',*,*,#6246,.F.);
#6246 = EDGE_CURVE('',#6222,#6222,#6247,.T.);
#6247 = SURFACE_CURVE('',#6248,(#6253,#6260),.PCURVE_S1.);
#6248 = CIRCLE('',#6249,2.1);
#6249 = AXIS2_PLACEMENT_3D('',#6250,#6251,#6252);
#6250 = CARTESIAN_POINT('',(-23.,-32.,20.5));
#6251 = DIRECTION('',(0.,0.,1.));
#6252 = DIRECTION('',(1.,0.,0.));
#6253 = PCURVE('',#5425,#6254);
#6254 = DEFINITIONAL_REPRESENTATION('',(#6255),#6259);
#6255 = LINE('',#6256,#6257);
#6256 = CARTESIAN_POINT('',(-0.,0.));
#6257 = VECTOR('',#6258,1.);
#6258 = DIRECTION('',(-1.,0.));
#6259 = ( GEOMETRIC_REPRESENTATION_CONTEXT(2) 
PARAMETRIC_REPRESENTATION_CONTEXT() REPRESENTATION_CONTEXT('2D SPACE',''
  ) );
#6260 = PCURVE('',#6261,#6266);
#6261 = PLANE('',#6262);
#6262 = AXIS2_PLACEMENT_3D('',#6263,#6264,#6265);
#6263 = CARTESIAN_POINT('',(-23.,-32.,20.5));
#6264 = DIRECTION('',(0.,0.,1.));
#6265 = DIRECTION('',(1.,0.,-0.));
#6266 = DEFINITIONAL_REPRESENTATION('',(#6267),#6271);
#6267 = CIRCLE('',#6268,2.1);
#6268 = AXIS2_PLACEMENT_2D('',#6269,#6270);
#6269 = CARTESIAN_POINT('',(0.,0.));
#6270 = DIRECTION('',(1.,0.));
#6271 = ( GEOMETRIC_REPRESENTATION_CONTEXT(2) 
PARAMETRIC_REPRESENTATION_CONTEXT() REPRESENTATION_CONTEXT('2D SPACE',''
  ) );
#6272 = ADVANCED_FACE('',(#6273),#5516,.F.);
#6273 = FACE_BOUND('',#6274,.T.);
#6274 = EDGE_LOOP('',(#6275,#6298,#6299,#6300));
#6275 = ORIENTED_EDGE('',*,*,#6276,.T.);
#6276 = EDGE_CURVE('',#6277,#5500,#6279,.T.);
#6277 = VERTEX_POINT('',#6278);
#6278 = CARTESIAN_POINT('',(-20.9,32.,20.5));
#6279 = SEAM_CURVE('',#6280,(#6284,#6291),.PCURVE_S1.);
#6280 = LINE('',#6281,#6282);
#6281 = CARTESIAN_POINT('',(-20.9,32.,20.5));
#6282 = VECTOR('',#6283,1.);
#6283 = DIRECTION('',(0.,0.,1.));
#6284 = PCURVE('',#5516,#6285);
#6285 = DEFINITIONAL_REPRESENTATION('',(#6286),#6290);
#6286 = LINE('',#6287,#6288);
#6287 = CARTESIAN_POINT('',(-0.,0.));
#6288 = VECTOR('',#6289,1.);
#6289 = DIRECTION('',(-0.,-1.));
#6290 = ( GEOMETRIC_REPRESENTATION_CONTEXT(2) 
PARAMETRIC_REPRESENTATION_CONTEXT() REPRESENTATION_CONTEXT('2D SPACE',''
  ) );
#6291 = PCURVE('',#5516,#6292);
#6292 = DEFINITIONAL_REPRESENTATION('',(#6293),#6297);
#6293 = LINE('',#6294,#6295);
#6294 = CARTESIAN_POINT('',(-6.28318530718,0.));
#6295 = VECTOR('',#6296,1.);
#6296 = DIRECTION('',(-0.,-1.));
#6297 = ( GEOMETRIC_REPRESENTATION_CONTEXT(2) 
PARAMETRIC_REPRESENTATION_CONTEXT() REPRESENTATION_CONTEXT('2D SPACE',''
  ) );
#6298 = ORIENTED_EDGE('',*,*,#5499,.T.);
#6299 = ORIENTED_EDGE('',*,*,#6276,.F.);
#6300 = ORIENTED_EDGE('',*,*,#6301,.F.);
#6301 = EDGE_CURVE('',#6277,#6277,#6302,.T.);
#6302 = SURFACE_CURVE('',#6303,(#6308,#6315),.PCURVE_S1.);
#6303 = CIRCLE('',#6304,2.1);
#6304 = AXIS2_PLACEMENT_3D('',#6305,#6306,#6307);
#6305 = CARTESIAN_POINT('',(-23.,32.,20.5));
#6306 = DIRECTION('',(0.,0.,1.));
#6307 = DIRECTION('',(1.,0.,0.));
#6308 = PCURVE('',#5516,#6309);
#6309 = DEFINITIONAL_REPRESENTATION('',(#6310),#6314);
#6310 = LINE('',#6311,#6312);
#6311 = CARTESIAN_POINT('',(-0.,0.));
#6312 = VECTOR('',#6313,1.);
#6313 = DIRECTION('',(-1.,0.));
#6314 = ( GEOMETRIC_REPRESENTATION_CONTEXT(2) 
PARAMETRIC_REPRESENTATION_CONTEXT() REPRESENTATION_CONTEXT('2D SPACE',''
  ) );
#6315 = PCURVE('',#6316,#6321);
#6316 = PLANE('',#6317);
#6317 = AXIS2_PLACEMENT_3D('',#6318,#6319,#6320);
#6318 = CARTESIAN_POINT('',(-23.,32.,20.5));
#6319 = DIRECTION('',(0.,0.,1.));
#6320 = DIRECTION('',(1.,0.,-0.));
#6321 = DEFINITIONAL_REPRESENTATION('',(#6322),#6326);
#6322 = CIRCLE('',#6323,2.1);
#6323 = AXIS2_PLACEMENT_2D('',#6324,#6325);
#6324 = CARTESIAN_POINT('',(0.,0.));
#6325 = DIRECTION('',(1.,0.));
#6326 = ( GEOMETRIC_REPRESENTATION_CONTEXT(2) 
PARAMETRIC_REPRESENTATION_CONTEXT() REPRESENTATION_CONTEXT('2D SPACE',''
  ) );
#6327 = ADVANCED_FACE('',(#6328),#5720,.F.);
#6328 = FACE_BOUND('',#6329,.T.);
#6329 = EDGE_LOOP('',(#6330,#6353,#6354,#6355));
#6330 = ORIENTED_EDGE('',*,*,#6331,.T.);
#6331 = EDGE_CURVE('',#6332,#5704,#6334,.T.);
#6332 = VERTEX_POINT('',#6333);
#6333 = CARTESIAN_POINT('',(25.1,-32.,20.5));
#6334 = SEAM_CURVE('',#6335,(#6339,#6346),.PCURVE_S1.);
#6335 = LINE('',#6336,#6337);
#6336 = CARTESIAN_POINT('',(25.1,-32.,20.5));
#6337 = VECTOR('',#6338,1.);
#6338 = DIRECTION('',(0.,0.,1.));
#6339 = PCURVE('',#5720,#6340);
#6340 = DEFINITIONAL_REPRESENTATION('',(#6341),#6345);
#6341 = LINE('',#6342,#6343);
#6342 = CARTESIAN_POINT('',(-0.,0.));
#6343 = VECTOR('',#6344,1.);
#6344 = DIRECTION('',(-0.,-1.));
#6345 = ( GEOMETRIC_REPRESENTATION_CONTEXT(2) 
PARAMETRIC_REPRESENTATION_CONTEXT() REPRESENTATION_CONTEXT('2D SPACE',''
  ) );
#6346 = PCURVE('',#5720,#6347);
#6347 = DEFINITIONAL_REPRESENTATION('',(#6348),#6352);
#6348 = LINE('',#6349,#6350);
#6349 = CARTESIAN_POINT('',(-6.28318530718,0.));
#6350 = VECTOR('',#6351,1.);
#6351 = DIRECTION('',(-0.,-1.));
#6352 = ( GEOMETRIC_REPRESENTATION_CONTEXT(2) 
PARAMETRIC_REPRESENTATION_CONTEXT() REPRESENTATION_CONTEXT('2D SPACE',''
  ) );
#6353 = ORIENTED_EDGE('',*,*,#5703,.T.);
#6354 = ORIENTED_EDGE('',*,*,#6331,.F.);
#6355 = ORIENTED_EDGE('',*,*,#6356,.F.);
#6356 = EDGE_CURVE('',#6332,#6332,#6357,.T.);
#6357 = SURFACE_CURVE('',#6358,(#6363,#6370),.PCURVE_S1.);
#6358 = CIRCLE('',#6359,2.1);
#6359 = AXIS2_PLACEMENT_3D('',#6360,#6361,#6362);
#6360 = CARTESIAN_POINT('',(23.,-32.,20.5));
#6361 = DIRECTION('',(0.,0.,1.));
#6362 = DIRECTION('',(1.,0.,0.));
#6363 = PCURVE('',#5720,#6364);
#6364 = DEFINITIONAL_REPRESENTATION('',(#6365),#6369);
#6365 = LINE('',#6366,#6367);
#6366 = CARTESIAN_POINT('',(-0.,0.));
#6367 = VECTOR('',#6368,1.);
#6368 = DIRECTION('',(-1.,0.));
#6369 = ( GEOMETRIC_REPRESENTATION_CONTEXT(2) 
PARAMETRIC_REPRESENTATION_CONTEXT() REPRESENTATION_CONTEXT('2D SPACE',''
  ) );
#6370 = PCURVE('',#6371,#6376);
#6371 = PLANE('',#6372);
#6372 = AXIS2_PLACEMENT_3D('',#6373,#6374,#6375);
#6373 = CARTESIAN_POINT('',(23.,-32.,20.5));
#6374 = DIRECTION('',(0.,0.,1.));
#6375 = DIRECTION('',(1.,0.,-0.));
#6376 = DEFINITIONAL_REPRESENTATION('',(#6377),#6381);
#6377 = CIRCLE('',#6378,2.1);
#6378 = AXIS2_PLACEMENT_2D('',#6379,#6380);
#6379 = CARTESIAN_POINT('',(0.,0.));
#6380 = DIRECTION('',(1.,0.));
#6381 = ( GEOMETRIC_REPRESENTATION_CONTEXT(2) 
PARAMETRIC_REPRESENTATION_CONTEXT() REPRESENTATION_CONTEXT('2D SPACE',''
  ) );
#6382 = ADVANCED_FACE('',(#6383),#5811,.F.);
#6383 = FACE_BOUND('',#6384,.T.);
#6384 = EDGE_LOOP('',(#6385,#6408,#6409,#6410));
#6385 = ORIENTED_EDGE('',*,*,#6386,.T.);
#6386 = EDGE_CURVE('',#6387,#5795,#6389,.T.);
#6387 = VERTEX_POINT('',#6388);
#6388 = CARTESIAN_POINT('',(25.1,32.,20.5));
#6389 = SEAM_CURVE('',#6390,(#6394,#6401),.PCURVE_S1.);
#6390 = LINE('',#6391,#6392);
#6391 = CARTESIAN_POINT('',(25.1,32.,20.5));
#6392 = VECTOR('',#6393,1.);
#6393 = DIRECTION('',(0.,0.,1.));
#6394 = PCURVE('',#5811,#6395);
#6395 = DEFINITIONAL_REPRESENTATION('',(#6396),#6400);
#6396 = LINE('',#6397,#6398);
#6397 = CARTESIAN_POINT('',(-0.,0.));
#6398 = VECTOR('',#6399,1.);
#6399 = DIRECTION('',(-0.,-1.));
#6400 = ( GEOMETRIC_REPRESENTATION_CONTEXT(2) 
PARAMETRIC_REPRESENTATION_CONTEXT() REPRESENTATION_CONTEXT('2D SPACE',''
  ) );
#6401 = PCURVE('',#5811,#6402);
#6402 = DEFINITIONAL_REPRESENTATION('',(#6403),#6407);
#6403 = LINE('',#6404,#6405);
#6404 = CARTESIAN_POINT('',(-6.28318530718,0.));
#6405 = VECTOR('',#6406,1.);
#6406 = DIRECTION('',(-0.,-1.));
#6407 = ( GEOMETRIC_REPRESENTATION_CONTEXT(2) 
PARAMETRIC_REPRESENTATION_CONTEXT() REPRESENTATION_CONTEXT('2D SPACE',''
  ) );
#6408 = ORIENTED_EDGE('',*,*,#5794,.T.);
#6409 = ORIENTED_EDGE('',*,*,#6386,.F.);
#6410 = ORIENTED_EDGE('',*,*,#6411,.F.);
#6411 = EDGE_CURVE('',#6387,#6387,#6412,.T.);
#6412 = SURFACE_CURVE('',#6413,(#6418,#6425),.PCURVE_S1.);
#6413 = CIRCLE('',#6414,2.1);
#6414 = AXIS2_PLACEMENT_3D('',#6415,#6416,#6417);
#6415 = CARTESIAN_POINT('',(23.,32.,20.5));
#6416 = DIRECTION('',(0.,0.,1.));
#6417 = DIRECTION('',(1.,0.,0.));
#6418 = PCURVE('',#5811,#6419);
#6419 = DEFINITIONAL_REPRESENTATION('',(#6420),#6424);
#6420 = LINE('',#6421,#6422);
#6421 = CARTESIAN_POINT('',(-0.,0.));
#6422 = VECTOR('',#6423,1.);
#6423 = DIRECTION('',(-1.,0.));
#6424 = ( GEOMETRIC_REPRESENTATION_CONTEXT(2) 
PARAMETRIC_REPRESENTATION_CONTEXT() REPRESENTATION_CONTEXT('2D SPACE',''
  ) );
#6425 = PCURVE('',#6426,#6431);
#6426 = PLANE('',#6427);
#6427 = AXIS2_PLACEMENT_3D('',#6428,#6429,#6430);
#6428 = CARTESIAN_POINT('',(23.,32.,20.5));
#6429 = DIRECTION('',(0.,0.,1.));
#6430 = DIRECTION('',(1.,0.,-0.));
#6431 = DEFINITIONAL_REPRESENTATION('',(#6432),#6436);
#6432 = CIRCLE('',#6433,2.1);
#6433 = AXIS2_PLACEMENT_2D('',#6434,#6435);
#6434 = CARTESIAN_POINT('',(0.,0.));
#6435 = DIRECTION('',(1.,0.));
#6436 = ( GEOMETRIC_REPRESENTATION_CONTEXT(2) 
PARAMETRIC_REPRESENTATION_CONTEXT() REPRESENTATION_CONTEXT('2D SPACE',''
  ) );
#6437 = ADVANCED_FACE('',(#6438),#5925,.F.);
#6438 = FACE_BOUND('',#6439,.F.);
#6439 = EDGE_LOOP('',(#6440));
#6440 = ORIENTED_EDGE('',*,*,#5910,.T.);
#6441 = ADVANCED_FACE('',(#6442),#5980,.F.);
#6442 = FACE_BOUND('',#6443,.F.);
#6443 = EDGE_LOOP('',(#6444));
#6444 = ORIENTED_EDGE('',*,*,#5965,.T.);
#6445 = ADVANCED_FACE('',(#6446),#6035,.F.);
#6446 = FACE_BOUND('',#6447,.F.);
#6447 = EDGE_LOOP('',(#6448));
#6448 = ORIENTED_EDGE('',*,*,#6020,.T.);
#6449 = ADVANCED_FACE('',(#6450),#6090,.F.);
#6450 = FACE_BOUND('',#6451,.F.);
#6451 = EDGE_LOOP('',(#6452));
#6452 = ORIENTED_EDGE('',*,*,#6075,.T.);
#6453 = ADVANCED_FACE('',(#6454),#6261,.T.);
#6454 = FACE_BOUND('',#6455,.T.);
#6455 = EDGE_LOOP('',(#6456));
#6456 = ORIENTED_EDGE('',*,*,#6246,.T.);
#6457 = ADVANCED_FACE('',(#6458),#6316,.T.);
#6458 = FACE_BOUND('',#6459,.T.);
#6459 = EDGE_LOOP('',(#6460));
#6460 = ORIENTED_EDGE('',*,*,#6301,.T.);
#6461 = ADVANCED_FACE('',(#6462),#6371,.T.);
#6462 = FACE_BOUND('',#6463,.T.);
#6463 = EDGE_LOOP('',(#6464));
#6464 = ORIENTED_EDGE('',*,*,#6356,.T.);
#6465 = ADVANCED_FACE('',(#6466),#6426,.T.);
#6466 = FACE_BOUND('',#6467,.T.);
#6467 = EDGE_LOOP('',(#6468));
#6468 = ORIENTED_EDGE('',*,*,#6411,.T.);
#6469 = ( GEOMETRIC_REPRESENTATION_CONTEXT(3) 
GLOBAL_UNCERTAINTY_ASSIGNED_CONTEXT((#6473)) 
GLOBAL_UNIT_ASSIGNED_CONTEXT((#6470,#6471,#6472)) REPRESENTATION_CONTEXT
('Context #1','3D Context with UNIT and UNCERTAINTY') );
#6470 = ( LENGTH_UNIT() NAMED_UNIT(*) SI_UNIT(.MILLI.,.METRE.) );
#6471 = ( NAMED_UNIT(*) PLANE_ANGLE_UNIT() SI_UNIT($,.RADIAN.) );
#6472 = ( NAMED_UNIT(*) SI_UNIT($,.STERADIAN.) SOLID_ANGLE_UNIT() );
#6473 = UNCERTAINTY_MEASURE_WITH_UNIT(LENGTH_MEASURE(5.E-07),#6470,
  'distance_accuracy_value','confusion accuracy');
#6474 = CONTEXT_DEPENDENT_SHAPE_REPRESENTATION(#6475,#6477);
#6475 = ( REPRESENTATION_RELATIONSHIP('','',#40,#10) 
REPRESENTATION_RELATIONSHIP_WITH_TRANSFORMATION(#6476) 
SHAPE_REPRESENTATION_RELATIONSHIP() );
#6476 = ITEM_DEFINED_TRANSFORMATION('','',#11,#15);
#6477 = PRODUCT_DEFINITION_SHAPE('Placement','Placement of an item',
  #6478);
#6478 = NEXT_ASSEMBLY_USAGE_OCCURRENCE('1','','',#5,#35,$);
#6479 = PRODUCT_RELATED_PRODUCT_CATEGORY('part',$,(#37));
#6480 = SHAPE_DEFINITION_REPRESENTATION(#6481,#6487);
#6481 = PRODUCT_DEFINITION_SHAPE('','',#6482);
#6482 = PRODUCT_DEFINITION('design','',#6483,#6486);
#6483 = PRODUCT_DEFINITION_FORMATION('','',#6484);
#6484 = PRODUCT('Open CASCADE STEP translator 7.9 5.2',
  'Open CASCADE STEP translator 7.9 5.2','',(#6485));
#6485 = PRODUCT_CONTEXT('',#2,'mechanical');
#6486 = PRODUCT_DEFINITION_CONTEXT('part definition',#2,'design');
#6487 = ADVANCED_BREP_SHAPE_REPRESENTATION('',(#11,#6488),#8024);
#6488 = MANIFOLD_SOLID_BREP('',#6489);
#6489 = CLOSED_SHELL('',(#6490,#7023,#7134,#7183,#7268,#7483,#7567,#7616
    ,#7695,#7744,#7799,#7878,#7927,#7954,#7970,#7997));
#6490 = ADVANCED_FACE('',(#6491),#6505,.T.);
#6491 = FACE_BOUND('',#6492,.T.);
#6492 = EDGE_LOOP('',(#6493,#6528,#6556,#6584,#6775,#6803,#6831,#6859,
    #6887,#6915,#6946,#6969,#6997));
#6493 = ORIENTED_EDGE('',*,*,#6494,.F.);
#6494 = EDGE_CURVE('',#6495,#6497,#6499,.T.);
#6495 = VERTEX_POINT('',#6496);
#6496 = CARTESIAN_POINT('',(-18.5,-38.5,31.8));
#6497 = VERTEX_POINT('',#6498);
#6498 = CARTESIAN_POINT('',(-18.5,-26.,31.8));
#6499 = SURFACE_CURVE('',#6500,(#6504,#6516),.PCURVE_S1.);
#6500 = LINE('',#6501,#6502);
#6501 = CARTESIAN_POINT('',(-18.5,-38.5,31.8));
#6502 = VECTOR('',#6503,1.);
#6503 = DIRECTION('',(0.,1.,0.));
#6504 = PCURVE('',#6505,#6510);
#6505 = PLANE('',#6506);
#6506 = AXIS2_PLACEMENT_3D('',#6507,#6508,#6509);
#6507 = CARTESIAN_POINT('',(-18.5,-1.746000824833E-16,26.122357823109));
#6508 = DIRECTION('',(1.,0.,0.));
#6509 = DIRECTION('',(-0.,0.,1.));
#6510 = DEFINITIONAL_REPRESENTATION('',(#6511),#6515);
#6511 = LINE('',#6512,#6513);
#6512 = CARTESIAN_POINT('',(5.677642176891,38.5));
#6513 = VECTOR('',#6514,1.);
#6514 = DIRECTION('',(0.,-1.));
#6515 = ( GEOMETRIC_REPRESENTATION_CONTEXT(2) 
PARAMETRIC_REPRESENTATION_CONTEXT() REPRESENTATION_CONTEXT('2D SPACE',''
  ) );
#6516 = PCURVE('',#6517,#6522);
#6517 = PLANE('',#6518);
#6518 = AXIS2_PLACEMENT_3D('',#6519,#6520,#6521);
#6519 = CARTESIAN_POINT('',(-27.5,-38.5,31.8));
#6520 = DIRECTION('',(0.,0.,1.));
#6521 = DIRECTION('',(1.,0.,0.));
#6522 = DEFINITIONAL_REPRESENTATION('',(#6523),#6527);
#6523 = LINE('',#6524,#6525);
#6524 = CARTESIAN_POINT('',(9.,0.));
#6525 = VECTOR('',#6526,1.);
#6526 = DIRECTION('',(0.,1.));
#6527 = ( GEOMETRIC_REPRESENTATION_CONTEXT(2) 
PARAMETRIC_REPRESENTATION_CONTEXT() REPRESENTATION_CONTEXT('2D SPACE',''
  ) );
#6528 = ORIENTED_EDGE('',*,*,#6529,.F.);
#6529 = EDGE_CURVE('',#6530,#6495,#6532,.T.);
#6530 = VERTEX_POINT('',#6531);
#6531 = CARTESIAN_POINT('',(-18.5,-38.5,26.8));
#6532 = SURFACE_CURVE('',#6533,(#6537,#6544),.PCURVE_S1.);
#6533 = LINE('',#6534,#6535);
#6534 = CARTESIAN_POINT('',(-18.5,-38.5,26.8));
#6535 = VECTOR('',#6536,1.);
#6536 = DIRECTION('',(0.,0.,1.));
#6537 = PCURVE('',#6505,#6538);
#6538 = DEFINITIONAL_REPRESENTATION('',(#6539),#6543);
#6539 = LINE('',#6540,#6541);
#6540 = CARTESIAN_POINT('',(0.677642176891,38.5));
#6541 = VECTOR('',#6542,1.);
#6542 = DIRECTION('',(1.,0.));
#6543 = ( GEOMETRIC_REPRESENTATION_CONTEXT(2) 
PARAMETRIC_REPRESENTATION_CONTEXT() REPRESENTATION_CONTEXT('2D SPACE',''
  ) );
#6544 = PCURVE('',#6545,#6550);
#6545 = PLANE('',#6546);
#6546 = AXIS2_PLACEMENT_3D('',#6547,#6548,#6549);
#6547 = CARTESIAN_POINT('',(-27.5,-38.5,26.8));
#6548 = DIRECTION('',(0.,1.,0.));
#6549 = DIRECTION('',(0.,0.,1.));
#6550 = DEFINITIONAL_REPRESENTATION('',(#6551),#6555);
#6551 = LINE('',#6552,#6553);
#6552 = CARTESIAN_POINT('',(0.,9.));
#6553 = VECTOR('',#6554,1.);
#6554 = DIRECTION('',(1.,0.));
#6555 = ( GEOMETRIC_REPRESENTATION_CONTEXT(2) 
PARAMETRIC_REPRESENTATION_CONTEXT() REPRESENTATION_CONTEXT('2D SPACE',''
  ) );
#6556 = ORIENTED_EDGE('',*,*,#6557,.T.);
#6557 = EDGE_CURVE('',#6530,#6558,#6560,.T.);
#6558 = VERTEX_POINT('',#6559);
#6559 = CARTESIAN_POINT('',(-18.5,-13.26584070051,26.8));
#6560 = SURFACE_CURVE('',#6561,(#6565,#6572),.PCURVE_S1.);
#6561 = LINE('',#6562,#6563);
#6562 = CARTESIAN_POINT('',(-18.5,-38.5,26.8));
#6563 = VECTOR('',#6564,1.);
#6564 = DIRECTION('',(0.,1.,0.));
#6565 = PCURVE('',#6505,#6566);
#6566 = DEFINITIONAL_REPRESENTATION('',(#6567),#6571);
#6567 = LINE('',#6568,#6569);
#6568 = CARTESIAN_POINT('',(0.677642176891,38.5));
#6569 = VECTOR('',#6570,1.);
#6570 = DIRECTION('',(0.,-1.));
#6571 = ( GEOMETRIC_REPRESENTATION_CONTEXT(2) 
PARAMETRIC_REPRESENTATION_CONTEXT() REPRESENTATION_CONTEXT('2D SPACE',''
  ) );
#6572 = PCURVE('',#6573,#6578);
#6573 = PLANE('',#6574);
#6574 = AXIS2_PLACEMENT_3D('',#6575,#6576,#6577);
#6575 = CARTESIAN_POINT('',(-50.,-50.,26.8));
#6576 = DIRECTION('',(0.,0.,1.));
#6577 = DIRECTION('',(1.,0.,0.));
#6578 = DEFINITIONAL_REPRESENTATION('',(#6579),#6583);
#6579 = LINE('',#6580,#6581);
#6580 = CARTESIAN_POINT('',(31.5,11.5));
#6581 = VECTOR('',#6582,1.);
#6582 = DIRECTION('',(0.,1.));
#6583 = ( GEOMETRIC_REPRESENTATION_CONTEXT(2) 
PARAMETRIC_REPRESENTATION_CONTEXT() REPRESENTATION_CONTEXT('2D SPACE',''
  ) );
#6584 = ORIENTED_EDGE('',*,*,#6585,.T.);
#6585 = EDGE_CURVE('',#6558,#6586,#6588,.T.);
#6586 = VERTEX_POINT('',#6587);
#6587 = CARTESIAN_POINT('',(-18.5,13.265840700511,26.8));
#6588 = SURFACE_CURVE('',#6589,(#6640,#6694),.PCURVE_S1.);
#6589 = B_SPLINE_CURVE_WITH_KNOTS('',7,(#6590,#6591,#6592,#6593,#6594,
    #6595,#6596,#6597,#6598,#6599,#6600,#6601,#6602,#6603,#6604,#6605,
    #6606,#6607,#6608,#6609,#6610,#6611,#6612,#6613,#6614,#6615,#6616,
    #6617,#6618,#6619,#6620,#6621,#6622,#6623,#6624,#6625,#6626,#6627,
    #6628,#6629,#6630,#6631,#6632,#6633,#6634,#6635,#6636,#6637,#6638,
    #6639),.UNSPECIFIED.,.F.,.F.,(8,6,6,6,6,6,6,6,8),(0.,0.345628100968,
    0.521168548236,0.689560054595,1.,1.310439945405,1.478831451765,
    1.654371899033,2.000000000001),.UNSPECIFIED.);
#6590 = CARTESIAN_POINT('',(-18.5,-13.26584070051,26.8));
#6591 = CARTESIAN_POINT('',(-18.5,-13.21189088932,27.826733994388));
#6592 = CARTESIAN_POINT('',(-18.5,-13.07713027783,28.849193887064));
#6593 = CARTESIAN_POINT('',(-18.5,-12.86178255434,29.859815565392));
#6594 = CARTESIAN_POINT('',(-18.5,-12.5665622861,30.850858878361));
#6595 = CARTESIAN_POINT('',(-18.5,-12.19277480292,31.814430705203));
#6596 = CARTESIAN_POINT('',(-18.5,-11.74244168164,32.742523799011));
#6597 = CARTESIAN_POINT('',(-18.5,-10.95232354924,34.076322730756));
#6598 = CARTESIAN_POINT('',(-18.5,-10.66720740093,34.514321278723));
#6599 = CARTESIAN_POINT('',(-18.5,-10.36349673385,34.939994978615));
#6600 = CARTESIAN_POINT('',(-18.5,-10.04164967689,35.352264778579));
#6601 = CARTESIAN_POINT('',(-18.5,-9.702198531412,35.750052332992));
#6602 = CARTESIAN_POINT('',(-18.5,-9.345759162464,36.132287689888));
#6603 = CARTESIAN_POINT('',(-18.5,-8.615500708875,36.848655897083));
#6604 = CARTESIAN_POINT('',(-18.5,-8.242975902108,37.184118793114));
#6605 = CARTESIAN_POINT('',(-18.5,-7.856098451812,37.503368501301));
#6606 = CARTESIAN_POINT('',(-18.5,-7.455574052424,37.80549418132));
#6607 = CARTESIAN_POINT('',(-18.5,-7.042185992109,38.08961719114));
#6608 = CARTESIAN_POINT('',(-18.5,-6.616802767174,38.354901529867));
#6609 = CARTESIAN_POINT('',(-18.5,-5.375833575934,39.053471440485));
#6610 = CARTESIAN_POINT('',(-18.5,-4.533483514763,39.439872698358));
#6611 = CARTESIAN_POINT('',(-18.5,-3.659744009914,39.754576214207));
#6612 = CARTESIAN_POINT('',(-18.5,-2.761636792546,39.993589165815));
#6613 = CARTESIAN_POINT('',(-18.5,-1.846748498123,40.154028699762));
#6614 = CARTESIAN_POINT('',(-18.5,-0.92324874504,40.234210526316));
#6615 = CARTESIAN_POINT('',(-18.5,0.923248745041,40.234210526316));
#6616 = CARTESIAN_POINT('',(-18.5,1.846748498118,40.154028699763));
#6617 = CARTESIAN_POINT('',(-18.5,2.761636792552,39.993589165813));
#6618 = CARTESIAN_POINT('',(-18.5,3.659744009907,39.75457621421));
#6619 = CARTESIAN_POINT('',(-18.5,4.533483514764,39.439872698358));
#6620 = CARTESIAN_POINT('',(-18.5,5.375833575932,39.053471440486));
#6621 = CARTESIAN_POINT('',(-18.5,6.616802767172,38.354901529868));
#6622 = CARTESIAN_POINT('',(-18.5,7.042185992108,38.089617191142));
#6623 = CARTESIAN_POINT('',(-18.5,7.455574052423,37.805494181322));
#6624 = CARTESIAN_POINT('',(-18.5,7.85609845181,37.503368501302));
#6625 = CARTESIAN_POINT('',(-18.5,8.242975902107,37.184118793115));
#6626 = CARTESIAN_POINT('',(-18.5,8.615500708874,36.848655897085));
#6627 = CARTESIAN_POINT('',(-18.5,9.345759162463,36.13228768989));
#6628 = CARTESIAN_POINT('',(-18.5,9.702198531411,35.750052332993));
#6629 = CARTESIAN_POINT('',(-18.5,10.041649676896,35.352264778581));
#6630 = CARTESIAN_POINT('',(-18.5,10.363496733858,34.939994978617));
#6631 = CARTESIAN_POINT('',(-18.5,10.667207400932,34.514321278725));
#6632 = CARTESIAN_POINT('',(-18.5,10.952323549244,34.076322730758));
#6633 = CARTESIAN_POINT('',(-18.5,11.742441681646,32.742523799013));
#6634 = CARTESIAN_POINT('',(-18.5,12.192774802926,31.814430705205));
#6635 = CARTESIAN_POINT('',(-18.5,12.566562286101,30.850858878363));
#6636 = CARTESIAN_POINT('',(-18.5,12.861782554348,29.859815565393));
#6637 = CARTESIAN_POINT('',(-18.5,13.077130277838,28.849193887065));
#6638 = CARTESIAN_POINT('',(-18.5,13.211890889329,27.826733994389));
#6639 = CARTESIAN_POINT('',(-18.5,13.265840700511,26.8));
#6640 = PCURVE('',#6505,#6641);
#6641 = DEFINITIONAL_REPRESENTATION('',(#6642),#6693);
#6642 = B_SPLINE_CURVE_WITH_KNOTS('',7,(#6643,#6644,#6645,#6646,#6647,
    #6648,#6649,#6650,#6651,#6652,#6653,#6654,#6655,#6656,#6657,#6658,
    #6659,#6660,#6661,#6662,#6663,#6664,#6665,#6666,#6667,#6668,#6669,
    #6670,#6671,#6672,#6673,#6674,#6675,#6676,#6677,#6678,#6679,#6680,
    #6681,#6682,#6683,#6684,#6685,#6686,#6687,#6688,#6689,#6690,#6691,
    #6692),.UNSPECIFIED.,.F.,.F.,(8,6,6,6,6,6,6,6,8),(0.,0.345628100968,
    0.521168548236,0.689560054595,1.,1.310439945405,1.478831451765,
    1.654371899033,2.000000000001),.UNSPECIFIED.);
#6643 = CARTESIAN_POINT('',(0.677642176891,13.265840700511));
#6644 = CARTESIAN_POINT('',(1.704376171279,13.211890889329));
#6645 = CARTESIAN_POINT('',(2.726836063955,13.077130277838));
#6646 = CARTESIAN_POINT('',(3.737457742283,12.861782554349));
#6647 = CARTESIAN_POINT('',(4.728501055252,12.566562286101));
#6648 = CARTESIAN_POINT('',(5.692072882094,12.192774802927));
#6649 = CARTESIAN_POINT('',(6.620165975902,11.742441681647));
#6650 = CARTESIAN_POINT('',(7.953964907647,10.952323549245));
#6651 = CARTESIAN_POINT('',(8.391963455614,10.667207400933));
#6652 = CARTESIAN_POINT('',(8.817637155506,10.363496733859));
#6653 = CARTESIAN_POINT('',(9.22990695547,10.041649676897));
#6654 = CARTESIAN_POINT('',(9.627694509883,9.702198531412));
#6655 = CARTESIAN_POINT('',(10.009929866779,9.345759162464));
#6656 = CARTESIAN_POINT('',(10.726298073974,8.615500708875));
#6657 = CARTESIAN_POINT('',(11.061760970005,8.242975902108));
#6658 = CARTESIAN_POINT('',(11.381010678192,7.856098451812));
#6659 = CARTESIAN_POINT('',(11.683136358211,7.455574052424));
#6660 = CARTESIAN_POINT('',(11.967259368031,7.042185992109));
#6661 = CARTESIAN_POINT('',(12.232543706758,6.616802767174));
#6662 = CARTESIAN_POINT('',(12.931113617376,5.375833575934));
#6663 = CARTESIAN_POINT('',(13.317514875249,4.533483514763));
#6664 = CARTESIAN_POINT('',(13.632218391098,3.659744009914));
#6665 = CARTESIAN_POINT('',(13.871231342706,2.761636792546));
#6666 = CARTESIAN_POINT('',(14.031670876653,1.846748498123));
#6667 = CARTESIAN_POINT('',(14.111852703207,0.92324874504));
#6668 = CARTESIAN_POINT('',(14.111852703207,-0.923248745041));
#6669 = CARTESIAN_POINT('',(14.031670876654,-1.846748498118));
#6670 = CARTESIAN_POINT('',(13.871231342705,-2.761636792552));
#6671 = CARTESIAN_POINT('',(13.632218391101,-3.659744009907));
#6672 = CARTESIAN_POINT('',(13.317514875249,-4.533483514764));
#6673 = CARTESIAN_POINT('',(12.931113617377,-5.375833575932));
#6674 = CARTESIAN_POINT('',(12.232543706759,-6.616802767172));
#6675 = CARTESIAN_POINT('',(11.967259368033,-7.042185992108));
#6676 = CARTESIAN_POINT('',(11.683136358213,-7.455574052423));
#6677 = CARTESIAN_POINT('',(11.381010678193,-7.85609845181));
#6678 = CARTESIAN_POINT('',(11.061760970006,-8.242975902107));
#6679 = CARTESIAN_POINT('',(10.726298073976,-8.615500708874));
#6680 = CARTESIAN_POINT('',(10.009929866781,-9.345759162463));
#6681 = CARTESIAN_POINT('',(9.627694509884,-9.702198531411));
#6682 = CARTESIAN_POINT('',(9.229906955472,-10.04164967689));
#6683 = CARTESIAN_POINT('',(8.817637155508,-10.36349673385));
#6684 = CARTESIAN_POINT('',(8.391963455616,-10.66720740093));
#6685 = CARTESIAN_POINT('',(7.953964907649,-10.95232354924));
#6686 = CARTESIAN_POINT('',(6.620165975904,-11.74244168164));
#6687 = CARTESIAN_POINT('',(5.692072882096,-12.19277480292));
#6688 = CARTESIAN_POINT('',(4.728501055254,-12.5665622861));
#6689 = CARTESIAN_POINT('',(3.737457742284,-12.86178255434));
#6690 = CARTESIAN_POINT('',(2.726836063956,-13.07713027783));
#6691 = CARTESIAN_POINT('',(1.70437617128,-13.21189088932));
#6692 = CARTESIAN_POINT('',(0.677642176891,-13.26584070051));
#6693 = ( GEOMETRIC_REPRESENTATION_CONTEXT(2) 
PARAMETRIC_REPRESENTATION_CONTEXT() REPRESENTATION_CONTEXT('2D SPACE',''
  ) );
#6694 = PCURVE('',#6695,#6703);
#6695 = SURFACE_OF_LINEAR_EXTRUSION('',#6696,#6701);
#6696 = ELLIPSE('',#6697,14.234210526316,13.286842105263);
#6697 = AXIS2_PLACEMENT_3D('',#6698,#6699,#6700);
#6698 = CARTESIAN_POINT('',(-28.5,0.,26.));
#6699 = DIRECTION('',(1.,0.,-0.));
#6700 = DIRECTION('',(0.,1.110223024625E-16,1.));
#6701 = VECTOR('',#6702,1.);
#6702 = DIRECTION('',(-1.,-0.,-0.));
#6703 = DEFINITIONAL_REPRESENTATION('',(#6704),#6774);
#6704 = B_SPLINE_CURVE_WITH_KNOTS('',3,(#6705,#6706,#6707,#6708,#6709,
    #6710,#6711,#6712,#6713,#6714,#6715,#6716,#6717,#6718,#6719,#6720,
    #6721,#6722,#6723,#6724,#6725,#6726,#6727,#6728,#6729,#6730,#6731,
    #6732,#6733,#6734,#6735,#6736,#6737,#6738,#6739,#6740,#6741,#6742,
    #6743,#6744,#6745,#6746,#6747,#6748,#6749,#6750,#6751,#6752,#6753,
    #6754,#6755,#6756,#6757,#6758,#6759,#6760,#6761,#6762,#6763,#6764,
    #6765,#6766,#6767,#6768,#6769,#6770,#6771,#6772,#6773),
  .UNSPECIFIED.,.F.,.F.,(4,1,1,1,1,1,1,1,1,1,1,1,1,1,1,1,1,1,1,1,1,1,1,1
    ,1,1,1,1,1,1,1,1,1,1,1,1,1,1,1,1,1,1,1,1,1,1,1,1,1,1,1,1,1,1,1,1,1,1
    ,1,1,1,1,1,1,1,1,4),(0.,3.030303030305E-02,6.060606060609E-02,
    9.090909090914E-02,0.121212121212,0.151515151515,0.181818181818,
    0.212121212121,0.242424242424,0.272727272727,0.30303030303,
    0.333333333334,0.363636363637,0.39393939394,0.424242424243,
    0.454545454546,0.484848484849,0.515151515152,0.545454545455,
    0.575757575758,0.606060606061,0.636363636364,0.666666666667,
    0.69696969697,0.727272727273,0.757575757576,0.787878787879,
    0.818181818182,0.848484848485,0.878787878788,0.909090909091,
    0.939393939394,0.969696969697,1.000000000001,1.030303030304,
    1.060606060607,1.09090909091,1.121212121213,1.151515151516,
    1.181818181819,1.212121212122,1.242424242425,1.272727272728,
    1.303030303031,1.333333333334,1.363636363637,1.39393939394,
    1.424242424243,1.454545454546,1.484848484849,1.515151515152,
    1.545454545455,1.575757575758,1.606060606061,1.636363636364,
    1.666666666668,1.696969696971,1.727272727274,1.757575757577,
    1.78787878788,1.818181818183,1.848484848486,1.878787878789,
    1.909090909092,1.939393939395,1.969696969698,2.000000000001),
  .QUASI_UNIFORM_KNOTS.);
#6705 = CARTESIAN_POINT('',(7.797749378383,-10.));
#6706 = CARTESIAN_POINT('',(7.782969726732,-10.));
#6707 = CARTESIAN_POINT('',(7.753405749248,-10.));
#6708 = CARTESIAN_POINT('',(7.709034604145,-10.));
#6709 = CARTESIAN_POINT('',(7.664626952328,-10.));
#6710 = CARTESIAN_POINT('',(7.62017206624,-10.));
#6711 = CARTESIAN_POINT('',(7.575659546762,-10.));
#6712 = CARTESIAN_POINT('',(7.531079342723,-10.));
#6713 = CARTESIAN_POINT('',(7.486421705799,-10.));
#6714 = CARTESIAN_POINT('',(7.441677173971,-10.));
#6715 = CARTESIAN_POINT('',(7.396836570213,-10.));
#6716 = CARTESIAN_POINT('',(7.351890978674,-10.));
#6717 = CARTESIAN_POINT('',(7.3068318634,-10.));
#6718 = CARTESIAN_POINT('',(7.261650706123,-10.));
#6719 = CARTESIAN_POINT('',(7.216343066854,-10.));
#6720 = CARTESIAN_POINT('',(7.170903218721,-10.));
#6721 = CARTESIAN_POINT('',(7.125326560164,-10.));
#6722 = CARTESIAN_POINT('',(7.079609294281,-10.));
#6723 = CARTESIAN_POINT('',(7.0337487519,-10.));
#6724 = CARTESIAN_POINT('',(6.98774318549,-10.));
#6725 = CARTESIAN_POINT('',(6.941592304996,-10.));
#6726 = CARTESIAN_POINT('',(6.895297522044,-10.));
#6727 = CARTESIAN_POINT('',(6.848861201319,-10.));
#6728 = CARTESIAN_POINT('',(6.802286353678,-10.));
#6729 = CARTESIAN_POINT('',(6.755580094234,-10.));
#6730 = CARTESIAN_POINT('',(6.70874025339,-10.));
#6731 = CARTESIAN_POINT('',(6.661779050162,-10.));
#6732 = CARTESIAN_POINT('',(6.614708990882,-10.));
#6733 = CARTESIAN_POINT('',(6.567541616931,-10.));
#6734 = CARTESIAN_POINT('',(6.520288408294,-10.));
#6735 = CARTESIAN_POINT('',(6.472961131206,-10.));
#6736 = CARTESIAN_POINT('',(6.425572262526,-10.));
#6737 = CARTESIAN_POINT('',(6.378135767158,-10.));
#6738 = CARTESIAN_POINT('',(6.33066660362,-10.));
#6739 = CARTESIAN_POINT('',(6.283185307179,-10.));
#6740 = CARTESIAN_POINT('',(6.235704010738,-10.));
#6741 = CARTESIAN_POINT('',(6.188234847199,-10.));
#6742 = CARTESIAN_POINT('',(6.140798351832,-10.));
#6743 = CARTESIAN_POINT('',(6.093409483151,-10.));
#6744 = CARTESIAN_POINT('',(6.046082206064,-10.));
#6745 = CARTESIAN_POINT('',(5.998828997427,-10.));
#6746 = CARTESIAN_POINT('',(5.951661623476,-10.));
#6747 = CARTESIAN_POINT('',(5.904591564196,-10.));
#6748 = CARTESIAN_POINT('',(5.857630360969,-10.));
#6749 = CARTESIAN_POINT('',(5.810790520124,-10.));
#6750 = CARTESIAN_POINT('',(5.76408426068,-10.));
#6751 = CARTESIAN_POINT('',(5.717509413039,-10.));
#6752 = CARTESIAN_POINT('',(5.671073092314,-10.));
#6753 = CARTESIAN_POINT('',(5.624778309362,-10.));
#6754 = CARTESIAN_POINT('',(5.578627428869,-10.));
#6755 = CARTESIAN_POINT('',(5.532621862458,-10.));
#6756 = CARTESIAN_POINT('',(5.486761320078,-10.));
#6757 = CARTESIAN_POINT('',(5.441044054195,-10.));
#6758 = CARTESIAN_POINT('',(5.395467395638,-10.));
#6759 = CARTESIAN_POINT('',(5.350027547504,-10.));
#6760 = CARTESIAN_POINT('',(5.304719908236,-10.));
#6761 = CARTESIAN_POINT('',(5.259538750958,-10.));
#6762 = CARTESIAN_POINT('',(5.214479635685,-10.));
#6763 = CARTESIAN_POINT('',(5.169534044146,-10.));
#6764 = CARTESIAN_POINT('',(5.124693440388,-10.));
#6765 = CARTESIAN_POINT('',(5.07994890856,-10.));
#6766 = CARTESIAN_POINT('',(5.035291271636,-10.));
#6767 = CARTESIAN_POINT('',(4.990711067597,-10.));
#6768 = CARTESIAN_POINT('',(4.946198548119,-10.));
#6769 = CARTESIAN_POINT('',(4.901743662031,-10.));
#6770 = CARTESIAN_POINT('',(4.857336010214,-10.));
#6771 = CARTESIAN_POINT('',(4.812964865111,-10.));
#6772 = CARTESIAN_POINT('',(4.783400887627,-10.));
#6773 = CARTESIAN_POINT('',(4.768621235976,-10.));
#6774 = ( GEOMETRIC_REPRESENTATION_CONTEXT(2) 
PARAMETRIC_REPRESENTATION_CONTEXT() REPRESENTATION_CONTEXT('2D SPACE',''
  ) );
#6775 = ORIENTED_EDGE('',*,*,#6776,.T.);
#6776 = EDGE_CURVE('',#6586,#6777,#6779,.T.);
#6777 = VERTEX_POINT('',#6778);
#6778 = CARTESIAN_POINT('',(-18.5,38.5,26.8));
#6779 = SURFACE_CURVE('',#6780,(#6784,#6791),.PCURVE_S1.);
#6780 = LINE('',#6781,#6782);
#6781 = CARTESIAN_POINT('',(-18.5,-38.5,26.8));
#6782 = VECTOR('',#6783,1.);
#6783 = DIRECTION('',(0.,1.,0.));
#6784 = PCURVE('',#6505,#6785);
#6785 = DEFINITIONAL_REPRESENTATION('',(#6786),#6790);
#6786 = LINE('',#6787,#6788);
#6787 = CARTESIAN_POINT('',(0.677642176891,38.5));
#6788 = VECTOR('',#6789,1.);
#6789 = DIRECTION('',(0.,-1.));
#6790 = ( GEOMETRIC_REPRESENTATION_CONTEXT(2) 
PARAMETRIC_REPRESENTATION_CONTEXT() REPRESENTATION_CONTEXT('2D SPACE',''
  ) );
#6791 = PCURVE('',#6792,#6797);
#6792 = PLANE('',#6793);
#6793 = AXIS2_PLACEMENT_3D('',#6794,#6795,#6796);
#6794 = CARTESIAN_POINT('',(-50.,-50.,26.8));
#6795 = DIRECTION('',(0.,0.,1.));
#6796 = DIRECTION('',(1.,0.,0.));
#6797 = DEFINITIONAL_REPRESENTATION('',(#6798),#6802);
#6798 = LINE('',#6799,#6800);
#6799 = CARTESIAN_POINT('',(31.5,11.5));
#6800 = VECTOR('',#6801,1.);
#6801 = DIRECTION('',(0.,1.));
#6802 = ( GEOMETRIC_REPRESENTATION_CONTEXT(2) 
PARAMETRIC_REPRESENTATION_CONTEXT() REPRESENTATION_CONTEXT('2D SPACE',''
  ) );
#6803 = ORIENTED_EDGE('',*,*,#6804,.T.);
#6804 = EDGE_CURVE('',#6777,#6805,#6807,.T.);
#6805 = VERTEX_POINT('',#6806);
#6806 = CARTESIAN_POINT('',(-18.5,38.5,31.8));
#6807 = SURFACE_CURVE('',#6808,(#6812,#6819),.PCURVE_S1.);
#6808 = LINE('',#6809,#6810);
#6809 = CARTESIAN_POINT('',(-18.5,38.5,26.8));
#6810 = VECTOR('',#6811,1.);
#6811 = DIRECTION('',(0.,0.,1.));
#6812 = PCURVE('',#6505,#6813);
#6813 = DEFINITIONAL_REPRESENTATION('',(#6814),#6818);
#6814 = LINE('',#6815,#6816);
#6815 = CARTESIAN_POINT('',(0.677642176891,-38.5));
#6816 = VECTOR('',#6817,1.);
#6817 = DIRECTION('',(1.,0.));
#6818 = ( GEOMETRIC_REPRESENTATION_CONTEXT(2) 
PARAMETRIC_REPRESENTATION_CONTEXT() REPRESENTATION_CONTEXT('2D SPACE',''
  ) );
#6819 = PCURVE('',#6820,#6825);
#6820 = PLANE('',#6821);
#6821 = AXIS2_PLACEMENT_3D('',#6822,#6823,#6824);
#6822 = CARTESIAN_POINT('',(-27.5,38.5,26.8));
#6823 = DIRECTION('',(0.,1.,0.));
#6824 = DIRECTION('',(0.,0.,1.));
#6825 = DEFINITIONAL_REPRESENTATION('',(#6826),#6830);
#6826 = LINE('',#6827,#6828);
#6827 = CARTESIAN_POINT('',(0.,9.));
#6828 = VECTOR('',#6829,1.);
#6829 = DIRECTION('',(1.,0.));
#6830 = ( GEOMETRIC_REPRESENTATION_CONTEXT(2) 
PARAMETRIC_REPRESENTATION_CONTEXT() REPRESENTATION_CONTEXT('2D SPACE',''
  ) );
#6831 = ORIENTED_EDGE('',*,*,#6832,.F.);
#6832 = EDGE_CURVE('',#6833,#6805,#6835,.T.);
#6833 = VERTEX_POINT('',#6834);
#6834 = CARTESIAN_POINT('',(-18.5,26.,31.8));
#6835 = SURFACE_CURVE('',#6836,(#6840,#6847),.PCURVE_S1.);
#6836 = LINE('',#6837,#6838);
#6837 = CARTESIAN_POINT('',(-18.5,15.,31.8));
#6838 = VECTOR('',#6839,1.);
#6839 = DIRECTION('',(0.,1.,0.));
#6840 = PCURVE('',#6505,#6841);
#6841 = DEFINITIONAL_REPRESENTATION('',(#6842),#6846);
#6842 = LINE('',#6843,#6844);
#6843 = CARTESIAN_POINT('',(5.677642176891,-15.));
#6844 = VECTOR('',#6845,1.);
#6845 = DIRECTION('',(0.,-1.));
#6846 = ( GEOMETRIC_REPRESENTATION_CONTEXT(2) 
PARAMETRIC_REPRESENTATION_CONTEXT() REPRESENTATION_CONTEXT('2D SPACE',''
  ) );
#6847 = PCURVE('',#6848,#6853);
#6848 = PLANE('',#6849);
#6849 = AXIS2_PLACEMENT_3D('',#6850,#6851,#6852);
#6850 = CARTESIAN_POINT('',(-27.5,15.,31.8));
#6851 = DIRECTION('',(0.,0.,1.));
#6852 = DIRECTION('',(1.,0.,0.));
#6853 = DEFINITIONAL_REPRESENTATION('',(#6854),#6858);
#6854 = LINE('',#6855,#6856);
#6855 = CARTESIAN_POINT('',(9.,0.));
#6856 = VECTOR('',#6857,1.);
#6857 = DIRECTION('',(0.,1.));
#6858 = ( GEOMETRIC_REPRESENTATION_CONTEXT(2) 
PARAMETRIC_REPRESENTATION_CONTEXT() REPRESENTATION_CONTEXT('2D SPACE',''
  ) );
#6859 = ORIENTED_EDGE('',*,*,#6860,.T.);
#6860 = EDGE_CURVE('',#6833,#6861,#6863,.T.);
#6861 = VERTEX_POINT('',#6862);
#6862 = CARTESIAN_POINT('',(-18.5,26.,33.8));
#6863 = SURFACE_CURVE('',#6864,(#6868,#6875),.PCURVE_S1.);
#6864 = LINE('',#6865,#6866);
#6865 = CARTESIAN_POINT('',(-18.5,26.,31.8));
#6866 = VECTOR('',#6867,1.);
#6867 = DIRECTION('',(0.,0.,1.));
#6868 = PCURVE('',#6505,#6869);
#6869 = DEFINITIONAL_REPRESENTATION('',(#6870),#6874);
#6870 = LINE('',#6871,#6872);
#6871 = CARTESIAN_POINT('',(5.677642176891,-26.));
#6872 = VECTOR('',#6873,1.);
#6873 = DIRECTION('',(1.,0.));
#6874 = ( GEOMETRIC_REPRESENTATION_CONTEXT(2) 
PARAMETRIC_REPRESENTATION_CONTEXT() REPRESENTATION_CONTEXT('2D SPACE',''
  ) );
#6875 = PCURVE('',#6876,#6881);
#6876 = PLANE('',#6877);
#6877 = AXIS2_PLACEMENT_3D('',#6878,#6879,#6880);
#6878 = CARTESIAN_POINT('',(-27.5,26.,31.8));
#6879 = DIRECTION('',(0.,1.,0.));
#6880 = DIRECTION('',(0.,0.,1.));
#6881 = DEFINITIONAL_REPRESENTATION('',(#6882),#6886);
#6882 = LINE('',#6883,#6884);
#6883 = CARTESIAN_POINT('',(0.,9.));
#6884 = VECTOR('',#6885,1.);
#6885 = DIRECTION('',(1.,0.));
#6886 = ( GEOMETRIC_REPRESENTATION_CONTEXT(2) 
PARAMETRIC_REPRESENTATION_CONTEXT() REPRESENTATION_CONTEXT('2D SPACE',''
  ) );
#6887 = ORIENTED_EDGE('',*,*,#6888,.F.);
#6888 = EDGE_CURVE('',#6889,#6861,#6891,.T.);
#6889 = VERTEX_POINT('',#6890);
#6890 = CARTESIAN_POINT('',(-18.5,15.625384186259,33.8));
#6891 = SURFACE_CURVE('',#6892,(#6896,#6903),.PCURVE_S1.);
#6892 = LINE('',#6893,#6894);
#6893 = CARTESIAN_POINT('',(-18.5,15.,33.8));
#6894 = VECTOR('',#6895,1.);
#6895 = DIRECTION('',(0.,1.,0.));
#6896 = PCURVE('',#6505,#6897);
#6897 = DEFINITIONAL_REPRESENTATION('',(#6898),#6902);
#6898 = LINE('',#6899,#6900);
#6899 = CARTESIAN_POINT('',(7.677642176891,-15.));
#6900 = VECTOR('',#6901,1.);
#6901 = DIRECTION('',(0.,-1.));
#6902 = ( GEOMETRIC_REPRESENTATION_CONTEXT(2) 
PARAMETRIC_REPRESENTATION_CONTEXT() REPRESENTATION_CONTEXT('2D SPACE',''
  ) );
#6903 = PCURVE('',#6904,#6909);
#6904 = PLANE('',#6905);
#6905 = AXIS2_PLACEMENT_3D('',#6906,#6907,#6908);
#6906 = CARTESIAN_POINT('',(-27.5,15.,33.8));
#6907 = DIRECTION('',(0.,0.,1.));
#6908 = DIRECTION('',(1.,0.,0.));
#6909 = DEFINITIONAL_REPRESENTATION('',(#6910),#6914);
#6910 = LINE('',#6911,#6912);
#6911 = CARTESIAN_POINT('',(9.,0.));
#6912 = VECTOR('',#6913,1.);
#6913 = DIRECTION('',(0.,1.));
#6914 = ( GEOMETRIC_REPRESENTATION_CONTEXT(2) 
PARAMETRIC_REPRESENTATION_CONTEXT() REPRESENTATION_CONTEXT('2D SPACE',''
  ) );
#6915 = ORIENTED_EDGE('',*,*,#6916,.T.);
#6916 = EDGE_CURVE('',#6889,#6917,#6919,.T.);
#6917 = VERTEX_POINT('',#6918);
#6918 = CARTESIAN_POINT('',(-18.5,2.024404036218E-15,44.234210526316));
#6919 = SURFACE_CURVE('',#6920,(#6925,#6932),.PCURVE_S1.);
#6920 = ELLIPSE('',#6921,18.234210526316,17.286842105263);
#6921 = AXIS2_PLACEMENT_3D('',#6922,#6923,#6924);
#6922 = CARTESIAN_POINT('',(-18.5,0.,26.));
#6923 = DIRECTION('',(1.,0.,-0.));
#6924 = DIRECTION('',(0.,1.110223024625E-16,1.));
#6925 = PCURVE('',#6505,#6926);
#6926 = DEFINITIONAL_REPRESENTATION('',(#6927),#6931);
#6927 = ELLIPSE('',#6928,18.234210526316,17.286842105263);
#6928 = AXIS2_PLACEMENT_2D('',#6929,#6930);
#6929 = CARTESIAN_POINT('',(-0.122357823109,-1.746000824833E-16));
#6930 = DIRECTION('',(1.,-1.110223024625E-16));
#6931 = ( GEOMETRIC_REPRESENTATION_CONTEXT(2) 
PARAMETRIC_REPRESENTATION_CONTEXT() REPRESENTATION_CONTEXT('2D SPACE',''
  ) );
#6932 = PCURVE('',#6933,#6941);
#6933 = SURFACE_OF_LINEAR_EXTRUSION('',#6934,#6939);
#6934 = ELLIPSE('',#6935,18.234210526316,17.286842105263);
#6935 = AXIS2_PLACEMENT_3D('',#6936,#6937,#6938);
#6936 = CARTESIAN_POINT('',(-27.5,0.,26.));
#6937 = DIRECTION('',(1.,0.,-0.));
#6938 = DIRECTION('',(0.,1.110223024625E-16,1.));
#6939 = VECTOR('',#6940,1.);
#6940 = DIRECTION('',(-1.,-0.,-0.));
#6941 = DEFINITIONAL_REPRESENTATION('',(#6942),#6945);
#6942 = B_SPLINE_CURVE_WITH_KNOTS('',1,(#6943,#6944),.UNSPECIFIED.,.F.,
  .F.,(2,2),(4.756276642726,6.28318530718),.PIECEWISE_BEZIER_KNOTS.);
#6943 = CARTESIAN_POINT('',(4.756276642726,-9.));
#6944 = CARTESIAN_POINT('',(6.28318530718,-9.));
#6945 = ( GEOMETRIC_REPRESENTATION_CONTEXT(2) 
PARAMETRIC_REPRESENTATION_CONTEXT() REPRESENTATION_CONTEXT('2D SPACE',''
  ) );
#6946 = ORIENTED_EDGE('',*,*,#6947,.T.);
#6947 = EDGE_CURVE('',#6917,#6948,#6950,.T.);
#6948 = VERTEX_POINT('',#6949);
#6949 = CARTESIAN_POINT('',(-18.5,-15.62538418625,33.8));
#6950 = SURFACE_CURVE('',#6951,(#6956,#6963),.PCURVE_S1.);
#6951 = ELLIPSE('',#6952,18.234210526316,17.286842105263);
#6952 = AXIS2_PLACEMENT_3D('',#6953,#6954,#6955);
#6953 = CARTESIAN_POINT('',(-18.5,0.,26.));
#6954 = DIRECTION('',(1.,0.,-0.));
#6955 = DIRECTION('',(0.,1.110223024625E-16,1.));
#6956 = PCURVE('',#6505,#6957);
#6957 = DEFINITIONAL_REPRESENTATION('',(#6958),#6962);
#6958 = ELLIPSE('',#6959,18.234210526316,17.286842105263);
#6959 = AXIS2_PLACEMENT_2D('',#6960,#6961);
#6960 = CARTESIAN_POINT('',(-0.122357823109,-1.746000824833E-16));
#6961 = DIRECTION('',(1.,-1.110223024625E-16));
#6962 = ( GEOMETRIC_REPRESENTATION_CONTEXT(2) 
PARAMETRIC_REPRESENTATION_CONTEXT() REPRESENTATION_CONTEXT('2D SPACE',''
  ) );
#6963 = PCURVE('',#6933,#6964);
#6964 = DEFINITIONAL_REPRESENTATION('',(#6965),#6968);
#6965 = B_SPLINE_CURVE_WITH_KNOTS('',1,(#6966,#6967),.UNSPECIFIED.,.F.,
  .F.,(2,2),(0.,1.526908664453),.PIECEWISE_BEZIER_KNOTS.);
#6966 = CARTESIAN_POINT('',(6.28318530718,-9.));
#6967 = CARTESIAN_POINT('',(7.810093971633,-9.));
#6968 = ( GEOMETRIC_REPRESENTATION_CONTEXT(2) 
PARAMETRIC_REPRESENTATION_CONTEXT() REPRESENTATION_CONTEXT('2D SPACE',''
  ) );
#6969 = ORIENTED_EDGE('',*,*,#6970,.F.);
#6970 = EDGE_CURVE('',#6971,#6948,#6973,.T.);
#6971 = VERTEX_POINT('',#6972);
#6972 = CARTESIAN_POINT('',(-18.5,-26.,33.8));
#6973 = SURFACE_CURVE('',#6974,(#6978,#6985),.PCURVE_S1.);
#6974 = LINE('',#6975,#6976);
#6975 = CARTESIAN_POINT('',(-18.5,-26.,33.8));
#6976 = VECTOR('',#6977,1.);
#6977 = DIRECTION('',(0.,1.,0.));
#6978 = PCURVE('',#6505,#6979);
#6979 = DEFINITIONAL_REPRESENTATION('',(#6980),#6984);
#6980 = LINE('',#6981,#6982);
#6981 = CARTESIAN_POINT('',(7.677642176891,26.));
#6982 = VECTOR('',#6983,1.);
#6983 = DIRECTION('',(0.,-1.));
#6984 = ( GEOMETRIC_REPRESENTATION_CONTEXT(2) 
PARAMETRIC_REPRESENTATION_CONTEXT() REPRESENTATION_CONTEXT('2D SPACE',''
  ) );
#6985 = PCURVE('',#6986,#6991);
#6986 = PLANE('',#6987);
#6987 = AXIS2_PLACEMENT_3D('',#6988,#6989,#6990);
#6988 = CARTESIAN_POINT('',(-27.5,-26.,33.8));
#6989 = DIRECTION('',(0.,0.,1.));
#6990 = DIRECTION('',(1.,0.,0.));
#6991 = DEFINITIONAL_REPRESENTATION('',(#6992),#6996);
#6992 = LINE('',#6993,#6994);
#6993 = CARTESIAN_POINT('',(9.,0.));
#6994 = VECTOR('',#6995,1.);
#6995 = DIRECTION('',(0.,1.));
#6996 = ( GEOMETRIC_REPRESENTATION_CONTEXT(2) 
PARAMETRIC_REPRESENTATION_CONTEXT() REPRESENTATION_CONTEXT('2D SPACE',''
  ) );
#6997 = ORIENTED_EDGE('',*,*,#6998,.F.);
#6998 = EDGE_CURVE('',#6497,#6971,#6999,.T.);
#6999 = SURFACE_CURVE('',#7000,(#7004,#7011),.PCURVE_S1.);
#7000 = LINE('',#7001,#7002);
#7001 = CARTESIAN_POINT('',(-18.5,-26.,31.8));
#7002 = VECTOR('',#7003,1.);
#7003 = DIRECTION('',(0.,0.,1.));
#7004 = PCURVE('',#6505,#7005);
#7005 = DEFINITIONAL_REPRESENTATION('',(#7006),#7010);
#7006 = LINE('',#7007,#7008);
#7007 = CARTESIAN_POINT('',(5.677642176891,26.));
#7008 = VECTOR('',#7009,1.);
#7009 = DIRECTION('',(1.,0.));
#7010 = ( GEOMETRIC_REPRESENTATION_CONTEXT(2) 
PARAMETRIC_REPRESENTATION_CONTEXT() REPRESENTATION_CONTEXT('2D SPACE',''
  ) );
#7011 = PCURVE('',#7012,#7017);
#7012 = PLANE('',#7013);
#7013 = AXIS2_PLACEMENT_3D('',#7014,#7015,#7016);
#7014 = CARTESIAN_POINT('',(-27.5,-26.,31.8));
#7015 = DIRECTION('',(0.,1.,0.));
#7016 = DIRECTION('',(0.,0.,1.));
#7017 = DEFINITIONAL_REPRESENTATION('',(#7018),#7022);
#7018 = LINE('',#7019,#7020);
#7019 = CARTESIAN_POINT('',(0.,9.));
#7020 = VECTOR('',#7021,1.);
#7021 = DIRECTION('',(1.,0.));
#7022 = ( GEOMETRIC_REPRESENTATION_CONTEXT(2) 
PARAMETRIC_REPRESENTATION_CONTEXT() REPRESENTATION_CONTEXT('2D SPACE',''
  ) );
#7023 = ADVANCED_FACE('',(#7024,#7099),#6517,.T.);
#7024 = FACE_BOUND('',#7025,.T.);
#7025 = EDGE_LOOP('',(#7026,#7056,#7077,#7078));
#7026 = ORIENTED_EDGE('',*,*,#7027,.F.);
#7027 = EDGE_CURVE('',#7028,#7030,#7032,.T.);
#7028 = VERTEX_POINT('',#7029);
#7029 = CARTESIAN_POINT('',(-27.5,-38.5,31.8));
#7030 = VERTEX_POINT('',#7031);
#7031 = CARTESIAN_POINT('',(-27.5,-26.,31.8));
#7032 = SURFACE_CURVE('',#7033,(#7037,#7044),.PCURVE_S1.);
#7033 = LINE('',#7034,#7035);
#7034 = CARTESIAN_POINT('',(-27.5,-38.5,31.8));
#7035 = VECTOR('',#7036,1.);
#7036 = DIRECTION('',(0.,1.,0.));
#7037 = PCURVE('',#6517,#7038);
#7038 = DEFINITIONAL_REPRESENTATION('',(#7039),#7043);
#7039 = LINE('',#7040,#7041);
#7040 = CARTESIAN_POINT('',(0.,0.));
#7041 = VECTOR('',#7042,1.);
#7042 = DIRECTION('',(0.,1.));
#7043 = ( GEOMETRIC_REPRESENTATION_CONTEXT(2) 
PARAMETRIC_REPRESENTATION_CONTEXT() REPRESENTATION_CONTEXT('2D SPACE',''
  ) );
#7044 = PCURVE('',#7045,#7050);
#7045 = PLANE('',#7046);
#7046 = AXIS2_PLACEMENT_3D('',#7047,#7048,#7049);
#7047 = CARTESIAN_POINT('',(-27.5,-1.746000824833E-16,26.122357823109));
#7048 = DIRECTION('',(1.,0.,0.));
#7049 = DIRECTION('',(-0.,0.,1.));
#7050 = DEFINITIONAL_REPRESENTATION('',(#7051),#7055);
#7051 = LINE('',#7052,#7053);
#7052 = CARTESIAN_POINT('',(5.677642176891,38.5));
#7053 = VECTOR('',#7054,1.);
#7054 = DIRECTION('',(0.,-1.));
#7055 = ( GEOMETRIC_REPRESENTATION_CONTEXT(2) 
PARAMETRIC_REPRESENTATION_CONTEXT() REPRESENTATION_CONTEXT('2D SPACE',''
  ) );
#7056 = ORIENTED_EDGE('',*,*,#7057,.T.);
#7057 = EDGE_CURVE('',#7028,#6495,#7058,.T.);
#7058 = SURFACE_CURVE('',#7059,(#7063,#7070),.PCURVE_S1.);
#7059 = LINE('',#7060,#7061);
#7060 = CARTESIAN_POINT('',(-27.5,-38.5,31.8));
#7061 = VECTOR('',#7062,1.);
#7062 = DIRECTION('',(1.,0.,0.));
#7063 = PCURVE('',#6517,#7064);
#7064 = DEFINITIONAL_REPRESENTATION('',(#7065),#7069);
#7065 = LINE('',#7066,#7067);
#7066 = CARTESIAN_POINT('',(0.,0.));
#7067 = VECTOR('',#7068,1.);
#7068 = DIRECTION('',(1.,0.));
#7069 = ( GEOMETRIC_REPRESENTATION_CONTEXT(2) 
PARAMETRIC_REPRESENTATION_CONTEXT() REPRESENTATION_CONTEXT('2D SPACE',''
  ) );
#7070 = PCURVE('',#6545,#7071);
#7071 = DEFINITIONAL_REPRESENTATION('',(#7072),#7076);
#7072 = LINE('',#7073,#7074);
#7073 = CARTESIAN_POINT('',(5.,0.));
#7074 = VECTOR('',#7075,1.);
#7075 = DIRECTION('',(0.,1.));
#7076 = ( GEOMETRIC_REPRESENTATION_CONTEXT(2) 
PARAMETRIC_REPRESENTATION_CONTEXT() REPRESENTATION_CONTEXT('2D SPACE',''
  ) );
#7077 = ORIENTED_EDGE('',*,*,#6494,.T.);
#7078 = ORIENTED_EDGE('',*,*,#7079,.F.);
#7079 = EDGE_CURVE('',#7030,#6497,#7080,.T.);
#7080 = SURFACE_CURVE('',#7081,(#7085,#7092),.PCURVE_S1.);
#7081 = LINE('',#7082,#7083);
#7082 = CARTESIAN_POINT('',(-27.5,-26.,31.8));
#7083 = VECTOR('',#7084,1.);
#7084 = DIRECTION('',(1.,0.,0.));
#7085 = PCURVE('',#6517,#7086);
#7086 = DEFINITIONAL_REPRESENTATION('',(#7087),#7091);
#7087 = LINE('',#7088,#7089);
#7088 = CARTESIAN_POINT('',(0.,12.5));
#7089 = VECTOR('',#7090,1.);
#7090 = DIRECTION('',(1.,0.));
#7091 = ( GEOMETRIC_REPRESENTATION_CONTEXT(2) 
PARAMETRIC_REPRESENTATION_CONTEXT() REPRESENTATION_CONTEXT('2D SPACE',''
  ) );
#7092 = PCURVE('',#7012,#7093);
#7093 = DEFINITIONAL_REPRESENTATION('',(#7094),#7098);
#7094 = LINE('',#7095,#7096);
#7095 = CARTESIAN_POINT('',(0.,0.));
#7096 = VECTOR('',#7097,1.);
#7097 = DIRECTION('',(0.,1.));
#7098 = ( GEOMETRIC_REPRESENTATION_CONTEXT(2) 
PARAMETRIC_REPRESENTATION_CONTEXT() REPRESENTATION_CONTEXT('2D SPACE',''
  ) );
#7099 = FACE_BOUND('',#7100,.T.);
#7100 = EDGE_LOOP('',(#7101));
#7101 = ORIENTED_EDGE('',*,*,#7102,.T.);
#7102 = EDGE_CURVE('',#7103,#7103,#7105,.T.);
#7103 = VERTEX_POINT('',#7104);
#7104 = CARTESIAN_POINT('',(-21.3,-32.,31.8));
#7105 = SURFACE_CURVE('',#7106,(#7111,#7122),.PCURVE_S1.);
#7106 = CIRCLE('',#7107,1.7);
#7107 = AXIS2_PLACEMENT_3D('',#7108,#7109,#7110);
#7108 = CARTESIAN_POINT('',(-23.,-32.,31.8));
#7109 = DIRECTION('',(0.,0.,-1.));
#7110 = DIRECTION('',(1.,0.,0.));
#7111 = PCURVE('',#6517,#7112);
#7112 = DEFINITIONAL_REPRESENTATION('',(#7113),#7121);
#7113 = ( BOUNDED_CURVE() B_SPLINE_CURVE(2,(#7114,#7115,#7116,#7117,
#7118,#7119,#7120),.UNSPECIFIED.,.T.,.F.) B_SPLINE_CURVE_WITH_KNOTS((1,2
    ,2,2,2,1),(-2.094395102393,0.,2.094395102393,4.188790204786,
6.28318530718,8.377580409573),.UNSPECIFIED.) CURVE() 
GEOMETRIC_REPRESENTATION_ITEM() RATIONAL_B_SPLINE_CURVE((1.,0.5,1.,0.5,
1.,0.5,1.)) REPRESENTATION_ITEM('') );
#7114 = CARTESIAN_POINT('',(6.2,6.5));
#7115 = CARTESIAN_POINT('',(6.2,3.555513627133));
#7116 = CARTESIAN_POINT('',(3.65,5.027756813566));
#7117 = CARTESIAN_POINT('',(1.1,6.5));
#7118 = CARTESIAN_POINT('',(3.65,7.972243186434));
#7119 = CARTESIAN_POINT('',(6.2,9.444486372867));
#7120 = CARTESIAN_POINT('',(6.2,6.5));
#7121 = ( GEOMETRIC_REPRESENTATION_CONTEXT(2) 
PARAMETRIC_REPRESENTATION_CONTEXT() REPRESENTATION_CONTEXT('2D SPACE',''
  ) );
#7122 = PCURVE('',#7123,#7128);
#7123 = CYLINDRICAL_SURFACE('',#7124,1.7);
#7124 = AXIS2_PLACEMENT_3D('',#7125,#7126,#7127);
#7125 = CARTESIAN_POINT('',(-23.,-32.,26.));
#7126 = DIRECTION('',(-0.,-0.,-1.));
#7127 = DIRECTION('',(1.,0.,0.));
#7128 = DEFINITIONAL_REPRESENTATION('',(#7129),#7133);
#7129 = LINE('',#7130,#7131);
#7130 = CARTESIAN_POINT('',(-6.28318530718,-5.8));
#7131 = VECTOR('',#7132,1.);
#7132 = DIRECTION('',(1.,-0.));
#7133 = ( GEOMETRIC_REPRESENTATION_CONTEXT(2) 
PARAMETRIC_REPRESENTATION_CONTEXT() REPRESENTATION_CONTEXT('2D SPACE',''
  ) );
#7134 = ADVANCED_FACE('',(#7135),#6545,.F.);
#7135 = FACE_BOUND('',#7136,.F.);
#7136 = EDGE_LOOP('',(#7137,#7160,#7181,#7182));
#7137 = ORIENTED_EDGE('',*,*,#7138,.F.);
#7138 = EDGE_CURVE('',#7139,#6530,#7141,.T.);
#7139 = VERTEX_POINT('',#7140);
#7140 = CARTESIAN_POINT('',(-27.5,-38.5,26.8));
#7141 = SURFACE_CURVE('',#7142,(#7146,#7153),.PCURVE_S1.);
#7142 = LINE('',#7143,#7144);
#7143 = CARTESIAN_POINT('',(-27.5,-38.5,26.8));
#7144 = VECTOR('',#7145,1.);
#7145 = DIRECTION('',(1.,0.,0.));
#7146 = PCURVE('',#6545,#7147);
#7147 = DEFINITIONAL_REPRESENTATION('',(#7148),#7152);
#7148 = LINE('',#7149,#7150);
#7149 = CARTESIAN_POINT('',(0.,0.));
#7150 = VECTOR('',#7151,1.);
#7151 = DIRECTION('',(0.,1.));
#7152 = ( GEOMETRIC_REPRESENTATION_CONTEXT(2) 
PARAMETRIC_REPRESENTATION_CONTEXT() REPRESENTATION_CONTEXT('2D SPACE',''
  ) );
#7153 = PCURVE('',#6573,#7154);
#7154 = DEFINITIONAL_REPRESENTATION('',(#7155),#7159);
#7155 = LINE('',#7156,#7157);
#7156 = CARTESIAN_POINT('',(22.5,11.5));
#7157 = VECTOR('',#7158,1.);
#7158 = DIRECTION('',(1.,0.));
#7159 = ( GEOMETRIC_REPRESENTATION_CONTEXT(2) 
PARAMETRIC_REPRESENTATION_CONTEXT() REPRESENTATION_CONTEXT('2D SPACE',''
  ) );
#7160 = ORIENTED_EDGE('',*,*,#7161,.T.);
#7161 = EDGE_CURVE('',#7139,#7028,#7162,.T.);
#7162 = SURFACE_CURVE('',#7163,(#7167,#7174),.PCURVE_S1.);
#7163 = LINE('',#7164,#7165);
#7164 = CARTESIAN_POINT('',(-27.5,-38.5,26.8));
#7165 = VECTOR('',#7166,1.);
#7166 = DIRECTION('',(0.,0.,1.));
#7167 = PCURVE('',#6545,#7168);
#7168 = DEFINITIONAL_REPRESENTATION('',(#7169),#7173);
#7169 = LINE('',#7170,#7171);
#7170 = CARTESIAN_POINT('',(0.,0.));
#7171 = VECTOR('',#7172,1.);
#7172 = DIRECTION('',(1.,0.));
#7173 = ( GEOMETRIC_REPRESENTATION_CONTEXT(2) 
PARAMETRIC_REPRESENTATION_CONTEXT() REPRESENTATION_CONTEXT('2D SPACE',''
  ) );
#7174 = PCURVE('',#7045,#7175);
#7175 = DEFINITIONAL_REPRESENTATION('',(#7176),#7180);
#7176 = LINE('',#7177,#7178);
#7177 = CARTESIAN_POINT('',(0.677642176891,38.5));
#7178 = VECTOR('',#7179,1.);
#7179 = DIRECTION('',(1.,0.));
#7180 = ( GEOMETRIC_REPRESENTATION_CONTEXT(2) 
PARAMETRIC_REPRESENTATION_CONTEXT() REPRESENTATION_CONTEXT('2D SPACE',''
  ) );
#7181 = ORIENTED_EDGE('',*,*,#7057,.T.);
#7182 = ORIENTED_EDGE('',*,*,#6529,.F.);
#7183 = ADVANCED_FACE('',(#7184,#7238),#6573,.F.);
#7184 = FACE_BOUND('',#7185,.F.);
#7185 = EDGE_LOOP('',(#7186,#7209,#7210,#7211));
#7186 = ORIENTED_EDGE('',*,*,#7187,.F.);
#7187 = EDGE_CURVE('',#7139,#7188,#7190,.T.);
#7188 = VERTEX_POINT('',#7189);
#7189 = CARTESIAN_POINT('',(-27.5,-13.26584070051,26.8));
#7190 = SURFACE_CURVE('',#7191,(#7195,#7202),.PCURVE_S1.);
#7191 = LINE('',#7192,#7193);
#7192 = CARTESIAN_POINT('',(-27.5,-38.5,26.8));
#7193 = VECTOR('',#7194,1.);
#7194 = DIRECTION('',(0.,1.,0.));
#7195 = PCURVE('',#6573,#7196);
#7196 = DEFINITIONAL_REPRESENTATION('',(#7197),#7201);
#7197 = LINE('',#7198,#7199);
#7198 = CARTESIAN_POINT('',(22.5,11.5));
#7199 = VECTOR('',#7200,1.);
#7200 = DIRECTION('',(0.,1.));
#7201 = ( GEOMETRIC_REPRESENTATION_CONTEXT(2) 
PARAMETRIC_REPRESENTATION_CONTEXT() REPRESENTATION_CONTEXT('2D SPACE',''
  ) );
#7202 = PCURVE('',#7045,#7203);
#7203 = DEFINITIONAL_REPRESENTATION('',(#7204),#7208);
#7204 = LINE('',#7205,#7206);
#7205 = CARTESIAN_POINT('',(0.677642176891,38.5));
#7206 = VECTOR('',#7207,1.);
#7207 = DIRECTION('',(0.,-1.));
#7208 = ( GEOMETRIC_REPRESENTATION_CONTEXT(2) 
PARAMETRIC_REPRESENTATION_CONTEXT() REPRESENTATION_CONTEXT('2D SPACE',''
  ) );
#7209 = ORIENTED_EDGE('',*,*,#7138,.T.);
#7210 = ORIENTED_EDGE('',*,*,#6557,.T.);
#7211 = ORIENTED_EDGE('',*,*,#7212,.T.);
#7212 = EDGE_CURVE('',#6558,#7188,#7213,.T.);
#7213 = SURFACE_CURVE('',#7214,(#7220,#7229),.PCURVE_S1.);
#7214 = B_SPLINE_CURVE_WITH_KNOTS('',4,(#7215,#7216,#7217,#7218,#7219),
  .UNSPECIFIED.,.F.,.F.,(5,5),(0.,1.),.PIECEWISE_BEZIER_KNOTS.);
#7215 = CARTESIAN_POINT('',(-18.5,-13.26584070051,26.8));
#7216 = CARTESIAN_POINT('',(-20.75,-13.26584070051,26.8));
#7217 = CARTESIAN_POINT('',(-23.,-13.26584070051,26.8));
#7218 = CARTESIAN_POINT('',(-25.25,-13.26584070051,26.8));
#7219 = CARTESIAN_POINT('',(-27.5,-13.26584070051,26.8));
#7220 = PCURVE('',#6573,#7221);
#7221 = DEFINITIONAL_REPRESENTATION('',(#7222),#7228);
#7222 = B_SPLINE_CURVE_WITH_KNOTS('',4,(#7223,#7224,#7225,#7226,#7227),
  .UNSPECIFIED.,.F.,.F.,(5,5),(0.,1.),.PIECEWISE_BEZIER_KNOTS.);
#7223 = CARTESIAN_POINT('',(31.5,36.734159299489));
#7224 = CARTESIAN_POINT('',(29.25,36.734159299489));
#7225 = CARTESIAN_POINT('',(27.,36.734159299489));
#7226 = CARTESIAN_POINT('',(24.75,36.734159299489));
#7227 = CARTESIAN_POINT('',(22.5,36.734159299489));
#7228 = ( GEOMETRIC_REPRESENTATION_CONTEXT(2) 
PARAMETRIC_REPRESENTATION_CONTEXT() REPRESENTATION_CONTEXT('2D SPACE',''
  ) );
#7229 = PCURVE('',#6695,#7230);
#7230 = DEFINITIONAL_REPRESENTATION('',(#7231),#7237);
#7231 = B_SPLINE_CURVE_WITH_KNOTS('',4,(#7232,#7233,#7234,#7235,#7236),
  .UNSPECIFIED.,.F.,.F.,(5,5),(0.,1.),.PIECEWISE_BEZIER_KNOTS.);
#7232 = CARTESIAN_POINT('',(7.797749378383,-10.));
#7233 = CARTESIAN_POINT('',(7.797749378383,-7.75));
#7234 = CARTESIAN_POINT('',(7.797749378383,-5.5));
#7235 = CARTESIAN_POINT('',(7.797749378383,-3.25));
#7236 = CARTESIAN_POINT('',(7.797749378383,-1.));
#7237 = ( GEOMETRIC_REPRESENTATION_CONTEXT(2) 
PARAMETRIC_REPRESENTATION_CONTEXT() REPRESENTATION_CONTEXT('2D SPACE',''
  ) );
#7238 = FACE_BOUND('',#7239,.F.);
#7239 = EDGE_LOOP('',(#7240));
#7240 = ORIENTED_EDGE('',*,*,#7241,.T.);
#7241 = EDGE_CURVE('',#7242,#7242,#7244,.T.);
#7242 = VERTEX_POINT('',#7243);
#7243 = CARTESIAN_POINT('',(-21.3,-32.,26.8));
#7244 = SURFACE_CURVE('',#7245,(#7250,#7261),.PCURVE_S1.);
#7245 = CIRCLE('',#7246,1.7);
#7246 = AXIS2_PLACEMENT_3D('',#7247,#7248,#7249);
#7247 = CARTESIAN_POINT('',(-23.,-32.,26.8));
#7248 = DIRECTION('',(0.,0.,-1.));
#7249 = DIRECTION('',(1.,0.,0.));
#7250 = PCURVE('',#6573,#7251);
#7251 = DEFINITIONAL_REPRESENTATION('',(#7252),#7260);
#7252 = ( BOUNDED_CURVE() B_SPLINE_CURVE(2,(#7253,#7254,#7255,#7256,
#7257,#7258,#7259),.UNSPECIFIED.,.T.,.F.) B_SPLINE_CURVE_WITH_KNOTS((1,2
    ,2,2,2,1),(-2.094395102393,0.,2.094395102393,4.188790204786,
6.28318530718,8.377580409573),.UNSPECIFIED.) CURVE() 
GEOMETRIC_REPRESENTATION_ITEM() RATIONAL_B_SPLINE_CURVE((1.,0.5,1.,0.5,
1.,0.5,1.)) REPRESENTATION_ITEM('') );
#7253 = CARTESIAN_POINT('',(28.7,18.));
#7254 = CARTESIAN_POINT('',(28.7,15.055513627133));
#7255 = CARTESIAN_POINT('',(26.15,16.527756813566));
#7256 = CARTESIAN_POINT('',(23.6,18.));
#7257 = CARTESIAN_POINT('',(26.15,19.472243186434));
#7258 = CARTESIAN_POINT('',(28.7,20.944486372867));
#7259 = CARTESIAN_POINT('',(28.7,18.));
#7260 = ( GEOMETRIC_REPRESENTATION_CONTEXT(2) 
PARAMETRIC_REPRESENTATION_CONTEXT() REPRESENTATION_CONTEXT('2D SPACE',''
  ) );
#7261 = PCURVE('',#7123,#7262);
#7262 = DEFINITIONAL_REPRESENTATION('',(#7263),#7267);
#7263 = LINE('',#7264,#7265);
#7264 = CARTESIAN_POINT('',(-6.28318530718,-0.8));
#7265 = VECTOR('',#7266,1.);
#7266 = DIRECTION('',(1.,-0.));
#7267 = ( GEOMETRIC_REPRESENTATION_CONTEXT(2) 
PARAMETRIC_REPRESENTATION_CONTEXT() REPRESENTATION_CONTEXT('2D SPACE',''
  ) );
#7268 = ADVANCED_FACE('',(#7269),#6695,.T.);
#7269 = FACE_BOUND('',#7270,.T.);
#7270 = EDGE_LOOP('',(#7271,#7272,#7273,#7456));
#7271 = ORIENTED_EDGE('',*,*,#6585,.F.);
#7272 = ORIENTED_EDGE('',*,*,#7212,.T.);
#7273 = ORIENTED_EDGE('',*,*,#7274,.T.);
#7274 = EDGE_CURVE('',#7188,#7275,#7277,.T.);
#7275 = VERTEX_POINT('',#7276);
#7276 = CARTESIAN_POINT('',(-27.5,13.265840700511,26.8));
#7277 = SURFACE_CURVE('',#7278,(#7329,#7402),.PCURVE_S1.);
#7278 = B_SPLINE_CURVE_WITH_KNOTS('',7,(#7279,#7280,#7281,#7282,#7283,
    #7284,#7285,#7286,#7287,#7288,#7289,#7290,#7291,#7292,#7293,#7294,
    #7295,#7296,#7297,#7298,#7299,#7300,#7301,#7302,#7303,#7304,#7305,
    #7306,#7307,#7308,#7309,#7310,#7311,#7312,#7313,#7314,#7315,#7316,
    #7317,#7318,#7319,#7320,#7321,#7322,#7323,#7324,#7325,#7326,#7327,
    #7328),.UNSPECIFIED.,.F.,.F.,(8,6,6,6,6,6,6,6,8),(0.,0.345628100968,
    0.521168548236,0.689560054595,1.,1.310439945405,1.478831451765,
    1.654371899033,2.000000000001),.UNSPECIFIED.);
#7279 = CARTESIAN_POINT('',(-27.5,-13.26584070051,26.8));
#7280 = CARTESIAN_POINT('',(-27.5,-13.21189088932,27.826733994388));
#7281 = CARTESIAN_POINT('',(-27.5,-13.07713027783,28.849193887064));
#7282 = CARTESIAN_POINT('',(-27.5,-12.86178255434,29.859815565392));
#7283 = CARTESIAN_POINT('',(-27.5,-12.5665622861,30.850858878361));
#7284 = CARTESIAN_POINT('',(-27.5,-12.19277480292,31.814430705203));
#7285 = CARTESIAN_POINT('',(-27.5,-11.74244168164,32.742523799011));
#7286 = CARTESIAN_POINT('',(-27.5,-10.95232354924,34.076322730756));
#7287 = CARTESIAN_POINT('',(-27.5,-10.66720740093,34.514321278723));
#7288 = CARTESIAN_POINT('',(-27.5,-10.36349673385,34.939994978615));
#7289 = CARTESIAN_POINT('',(-27.5,-10.04164967689,35.352264778579));
#7290 = CARTESIAN_POINT('',(-27.5,-9.702198531412,35.750052332992));
#7291 = CARTESIAN_POINT('',(-27.5,-9.345759162464,36.132287689888));
#7292 = CARTESIAN_POINT('',(-27.5,-8.615500708875,36.848655897083));
#7293 = CARTESIAN_POINT('',(-27.5,-8.242975902108,37.184118793114));
#7294 = CARTESIAN_POINT('',(-27.5,-7.856098451812,37.503368501301));
#7295 = CARTESIAN_POINT('',(-27.5,-7.455574052424,37.80549418132));
#7296 = CARTESIAN_POINT('',(-27.5,-7.042185992109,38.08961719114));
#7297 = CARTESIAN_POINT('',(-27.5,-6.616802767174,38.354901529867));
#7298 = CARTESIAN_POINT('',(-27.5,-5.375833575934,39.053471440485));
#7299 = CARTESIAN_POINT('',(-27.5,-4.533483514763,39.439872698358));
#7300 = CARTESIAN_POINT('',(-27.5,-3.659744009914,39.754576214207));
#7301 = CARTESIAN_POINT('',(-27.5,-2.761636792546,39.993589165815));
#7302 = CARTESIAN_POINT('',(-27.5,-1.846748498123,40.154028699762));
#7303 = CARTESIAN_POINT('',(-27.5,-0.92324874504,40.234210526316));
#7304 = CARTESIAN_POINT('',(-27.5,0.923248745041,40.234210526316));
#7305 = CARTESIAN_POINT('',(-27.5,1.846748498118,40.154028699763));
#7306 = CARTESIAN_POINT('',(-27.5,2.761636792552,39.993589165813));
#7307 = CARTESIAN_POINT('',(-27.5,3.659744009907,39.75457621421));
#7308 = CARTESIAN_POINT('',(-27.5,4.533483514764,39.439872698358));
#7309 = CARTESIAN_POINT('',(-27.5,5.375833575932,39.053471440486));
#7310 = CARTESIAN_POINT('',(-27.5,6.616802767172,38.354901529868));
#7311 = CARTESIAN_POINT('',(-27.5,7.042185992108,38.089617191142));
#7312 = CARTESIAN_POINT('',(-27.5,7.455574052423,37.805494181322));
#7313 = CARTESIAN_POINT('',(-27.5,7.85609845181,37.503368501302));
#7314 = CARTESIAN_POINT('',(-27.5,8.242975902107,37.184118793115));
#7315 = CARTESIAN_POINT('',(-27.5,8.615500708874,36.848655897085));
#7316 = CARTESIAN_POINT('',(-27.5,9.345759162463,36.13228768989));
#7317 = CARTESIAN_POINT('',(-27.5,9.702198531411,35.750052332993));
#7318 = CARTESIAN_POINT('',(-27.5,10.041649676896,35.352264778581));
#7319 = CARTESIAN_POINT('',(-27.5,10.363496733858,34.939994978617));
#7320 = CARTESIAN_POINT('',(-27.5,10.667207400932,34.514321278725));
#7321 = CARTESIAN_POINT('',(-27.5,10.952323549244,34.076322730758));
#7322 = CARTESIAN_POINT('',(-27.5,11.742441681646,32.742523799013));
#7323 = CARTESIAN_POINT('',(-27.5,12.192774802926,31.814430705205));
#7324 = CARTESIAN_POINT('',(-27.5,12.566562286101,30.850858878363));
#7325 = CARTESIAN_POINT('',(-27.5,12.861782554348,29.859815565393));
#7326 = CARTESIAN_POINT('',(-27.5,13.077130277838,28.849193887065));
#7327 = CARTESIAN_POINT('',(-27.5,13.211890889329,27.826733994389));
#7328 = CARTESIAN_POINT('',(-27.5,13.265840700511,26.8));
#7329 = PCURVE('',#6695,#7330);
#7330 = DEFINITIONAL_REPRESENTATION('',(#7331),#7401);
#7331 = B_SPLINE_CURVE_WITH_KNOTS('',3,(#7332,#7333,#7334,#7335,#7336,
    #7337,#7338,#7339,#7340,#7341,#7342,#7343,#7344,#7345,#7346,#7347,
    #7348,#7349,#7350,#7351,#7352,#7353,#7354,#7355,#7356,#7357,#7358,
    #7359,#7360,#7361,#7362,#7363,#7364,#7365,#7366,#7367,#7368,#7369,
    #7370,#7371,#7372,#7373,#7374,#7375,#7376,#7377,#7378,#7379,#7380,
    #7381,#7382,#7383,#7384,#7385,#7386,#7387,#7388,#7389,#7390,#7391,
    #7392,#7393,#7394,#7395,#7396,#7397,#7398,#7399,#7400),
  .UNSPECIFIED.,.F.,.F.,(4,1,1,1,1,1,1,1,1,1,1,1,1,1,1,1,1,1,1,1,1,1,1,1
    ,1,1,1,1,1,1,1,1,1,1,1,1,1,1,1,1,1,1,1,1,1,1,1,1,1,1,1,1,1,1,1,1,1,1
    ,1,1,1,1,1,1,1,1,4),(0.,3.030303030305E-02,6.060606060609E-02,
    9.090909090914E-02,0.121212121212,0.151515151515,0.181818181818,
    0.212121212121,0.242424242424,0.272727272727,0.30303030303,
    0.333333333334,0.363636363637,0.39393939394,0.424242424243,
    0.454545454546,0.484848484849,0.515151515152,0.545454545455,
    0.575757575758,0.606060606061,0.636363636364,0.666666666667,
    0.69696969697,0.727272727273,0.757575757576,0.787878787879,
    0.818181818182,0.848484848485,0.878787878788,0.909090909091,
    0.939393939394,0.969696969697,1.000000000001,1.030303030304,
    1.060606060607,1.09090909091,1.121212121213,1.151515151516,
    1.181818181819,1.212121212122,1.242424242425,1.272727272728,
    1.303030303031,1.333333333334,1.363636363637,1.39393939394,
    1.424242424243,1.454545454546,1.484848484849,1.515151515152,
    1.545454545455,1.575757575758,1.606060606061,1.636363636364,
    1.666666666668,1.696969696971,1.727272727274,1.757575757577,
    1.78787878788,1.818181818183,1.848484848486,1.878787878789,
    1.909090909092,1.939393939395,1.969696969698,2.000000000001),
  .QUASI_UNIFORM_KNOTS.);
#7332 = CARTESIAN_POINT('',(7.797749378383,-1.));
#7333 = CARTESIAN_POINT('',(7.782969726732,-1.));
#7334 = CARTESIAN_POINT('',(7.753405749248,-1.));
#7335 = CARTESIAN_POINT('',(7.709034604145,-1.));
#7336 = CARTESIAN_POINT('',(7.664626952328,-1.));
#7337 = CARTESIAN_POINT('',(7.62017206624,-1.));
#7338 = CARTESIAN_POINT('',(7.575659546762,-1.));
#7339 = CARTESIAN_POINT('',(7.531079342723,-1.));
#7340 = CARTESIAN_POINT('',(7.486421705799,-1.));
#7341 = CARTESIAN_POINT('',(7.441677173971,-1.));
#7342 = CARTESIAN_POINT('',(7.396836570213,-1.));
#7343 = CARTESIAN_POINT('',(7.351890978674,-1.));
#7344 = CARTESIAN_POINT('',(7.3068318634,-1.));
#7345 = CARTESIAN_POINT('',(7.261650706123,-1.));
#7346 = CARTESIAN_POINT('',(7.216343066854,-1.));
#7347 = CARTESIAN_POINT('',(7.170903218721,-1.));
#7348 = CARTESIAN_POINT('',(7.125326560164,-1.));
#7349 = CARTESIAN_POINT('',(7.079609294281,-1.));
#7350 = CARTESIAN_POINT('',(7.0337487519,-1.));
#7351 = CARTESIAN_POINT('',(6.98774318549,-1.));
#7352 = CARTESIAN_POINT('',(6.941592304996,-1.));
#7353 = CARTESIAN_POINT('',(6.895297522044,-1.));
#7354 = CARTESIAN_POINT('',(6.848861201319,-1.));
#7355 = CARTESIAN_POINT('',(6.802286353678,-1.));
#7356 = CARTESIAN_POINT('',(6.755580094234,-1.));
#7357 = CARTESIAN_POINT('',(6.70874025339,-1.));
#7358 = CARTESIAN_POINT('',(6.661779050162,-1.));
#7359 = CARTESIAN_POINT('',(6.614708990882,-1.));
#7360 = CARTESIAN_POINT('',(6.567541616931,-1.));
#7361 = CARTESIAN_POINT('',(6.520288408294,-1.));
#7362 = CARTESIAN_POINT('',(6.472961131206,-1.));
#7363 = CARTESIAN_POINT('',(6.425572262526,-1.));
#7364 = CARTESIAN_POINT('',(6.378135767158,-1.));
#7365 = CARTESIAN_POINT('',(6.33066660362,-1.));
#7366 = CARTESIAN_POINT('',(6.283185307179,-1.));
#7367 = CARTESIAN_POINT('',(6.235704010738,-1.));
#7368 = CARTESIAN_POINT('',(6.188234847199,-1.));
#7369 = CARTESIAN_POINT('',(6.140798351832,-1.));
#7370 = CARTESIAN_POINT('',(6.093409483151,-1.));
#7371 = CARTESIAN_POINT('',(6.046082206064,-1.));
#7372 = CARTESIAN_POINT('',(5.998828997427,-1.));
#7373 = CARTESIAN_POINT('',(5.951661623476,-1.));
#7374 = CARTESIAN_POINT('',(5.904591564196,-1.));
#7375 = CARTESIAN_POINT('',(5.857630360969,-1.));
#7376 = CARTESIAN_POINT('',(5.810790520124,-1.));
#7377 = CARTESIAN_POINT('',(5.76408426068,-1.));
#7378 = CARTESIAN_POINT('',(5.717509413039,-1.));
#7379 = CARTESIAN_POINT('',(5.671073092314,-1.));
#7380 = CARTESIAN_POINT('',(5.624778309362,-1.));
#7381 = CARTESIAN_POINT('',(5.578627428869,-1.));
#7382 = CARTESIAN_POINT('',(5.532621862458,-1.));
#7383 = CARTESIAN_POINT('',(5.486761320078,-1.));
#7384 = CARTESIAN_POINT('',(5.441044054195,-1.));
#7385 = CARTESIAN_POINT('',(5.395467395638,-1.));
#7386 = CARTESIAN_POINT('',(5.350027547504,-1.));
#7387 = CARTESIAN_POINT('',(5.304719908236,-1.));
#7388 = CARTESIAN_POINT('',(5.259538750958,-1.));
#7389 = CARTESIAN_POINT('',(5.214479635685,-1.));
#7390 = CARTESIAN_POINT('',(5.169534044146,-1.));
#7391 = CARTESIAN_POINT('',(5.124693440388,-1.));
#7392 = CARTESIAN_POINT('',(5.07994890856,-1.));
#7393 = CARTESIAN_POINT('',(5.035291271636,-1.));
#7394 = CARTESIAN_POINT('',(4.990711067597,-1.));
#7395 = CARTESIAN_POINT('',(4.946198548119,-1.));
#7396 = CARTESIAN_POINT('',(4.901743662031,-1.));
#7397 = CARTESIAN_POINT('',(4.857336010214,-1.));
#7398 = CARTESIAN_POINT('',(4.812964865111,-1.));
#7399 = CARTESIAN_POINT('',(4.783400887627,-1.));
#7400 = CARTESIAN_POINT('',(4.768621235976,-1.));
#7401 = ( GEOMETRIC_REPRESENTATION_CONTEXT(2) 
PARAMETRIC_REPRESENTATION_CONTEXT() REPRESENTATION_CONTEXT('2D SPACE',''
  ) );
#7402 = PCURVE('',#7045,#7403);
#7403 = DEFINITIONAL_REPRESENTATION('',(#7404),#7455);
#7404 = B_SPLINE_CURVE_WITH_KNOTS('',7,(#7405,#7406,#7407,#7408,#7409,
    #7410,#7411,#7412,#7413,#7414,#7415,#7416,#7417,#7418,#7419,#7420,
    #7421,#7422,#7423,#7424,#7425,#7426,#7427,#7428,#7429,#7430,#7431,
    #7432,#7433,#7434,#7435,#7436,#7437,#7438,#7439,#7440,#7441,#7442,
    #7443,#7444,#7445,#7446,#7447,#7448,#7449,#7450,#7451,#7452,#7453,
    #7454),.UNSPECIFIED.,.F.,.F.,(8,6,6,6,6,6,6,6,8),(0.,0.345628100968,
    0.521168548236,0.689560054595,1.,1.310439945405,1.478831451765,
    1.654371899033,2.000000000001),.UNSPECIFIED.);
#7405 = CARTESIAN_POINT('',(0.677642176891,13.265840700511));
#7406 = CARTESIAN_POINT('',(1.704376171279,13.211890889329));
#7407 = CARTESIAN_POINT('',(2.726836063955,13.077130277838));
#7408 = CARTESIAN_POINT('',(3.737457742283,12.861782554349));
#7409 = CARTESIAN_POINT('',(4.728501055252,12.566562286101));
#7410 = CARTESIAN_POINT('',(5.692072882094,12.192774802927));
#7411 = CARTESIAN_POINT('',(6.620165975902,11.742441681647));
#7412 = CARTESIAN_POINT('',(7.953964907647,10.952323549245));
#7413 = CARTESIAN_POINT('',(8.391963455614,10.667207400933));
#7414 = CARTESIAN_POINT('',(8.817637155506,10.363496733859));
#7415 = CARTESIAN_POINT('',(9.22990695547,10.041649676897));
#7416 = CARTESIAN_POINT('',(9.627694509883,9.702198531412));
#7417 = CARTESIAN_POINT('',(10.009929866779,9.345759162464));
#7418 = CARTESIAN_POINT('',(10.726298073974,8.615500708875));
#7419 = CARTESIAN_POINT('',(11.061760970005,8.242975902108));
#7420 = CARTESIAN_POINT('',(11.381010678192,7.856098451812));
#7421 = CARTESIAN_POINT('',(11.683136358211,7.455574052424));
#7422 = CARTESIAN_POINT('',(11.967259368031,7.042185992109));
#7423 = CARTESIAN_POINT('',(12.232543706758,6.616802767174));
#7424 = CARTESIAN_POINT('',(12.931113617376,5.375833575934));
#7425 = CARTESIAN_POINT('',(13.317514875249,4.533483514763));
#7426 = CARTESIAN_POINT('',(13.632218391098,3.659744009914));
#7427 = CARTESIAN_POINT('',(13.871231342706,2.761636792546));
#7428 = CARTESIAN_POINT('',(14.031670876653,1.846748498123));
#7429 = CARTESIAN_POINT('',(14.111852703207,0.92324874504));
#7430 = CARTESIAN_POINT('',(14.111852703207,-0.923248745041));
#7431 = CARTESIAN_POINT('',(14.031670876654,-1.846748498118));
#7432 = CARTESIAN_POINT('',(13.871231342705,-2.761636792552));
#7433 = CARTESIAN_POINT('',(13.632218391101,-3.659744009907));
#7434 = CARTESIAN_POINT('',(13.317514875249,-4.533483514764));
#7435 = CARTESIAN_POINT('',(12.931113617377,-5.375833575932));
#7436 = CARTESIAN_POINT('',(12.232543706759,-6.616802767172));
#7437 = CARTESIAN_POINT('',(11.967259368033,-7.042185992108));
#7438 = CARTESIAN_POINT('',(11.683136358213,-7.455574052423));
#7439 = CARTESIAN_POINT('',(11.381010678193,-7.85609845181));
#7440 = CARTESIAN_POINT('',(11.061760970006,-8.242975902107));
#7441 = CARTESIAN_POINT('',(10.726298073976,-8.615500708874));
#7442 = CARTESIAN_POINT('',(10.009929866781,-9.345759162463));
#7443 = CARTESIAN_POINT('',(9.627694509884,-9.702198531411));
#7444 = CARTESIAN_POINT('',(9.229906955472,-10.04164967689));
#7445 = CARTESIAN_POINT('',(8.817637155508,-10.36349673385));
#7446 = CARTESIAN_POINT('',(8.391963455616,-10.66720740093));
#7447 = CARTESIAN_POINT('',(7.953964907649,-10.95232354924));
#7448 = CARTESIAN_POINT('',(6.620165975904,-11.74244168164));
#7449 = CARTESIAN_POINT('',(5.692072882096,-12.19277480292));
#7450 = CARTESIAN_POINT('',(4.728501055254,-12.5665622861));
#7451 = CARTESIAN_POINT('',(3.737457742284,-12.86178255434));
#7452 = CARTESIAN_POINT('',(2.726836063956,-13.07713027783));
#7453 = CARTESIAN_POINT('',(1.70437617128,-13.21189088932));
#7454 = CARTESIAN_POINT('',(0.677642176891,-13.26584070051));
#7455 = ( GEOMETRIC_REPRESENTATION_CONTEXT(2) 
PARAMETRIC_REPRESENTATION_CONTEXT() REPRESENTATION_CONTEXT('2D SPACE',''
  ) );
#7456 = ORIENTED_EDGE('',*,*,#7457,.F.);
#7457 = EDGE_CURVE('',#6586,#7275,#7458,.T.);
#7458 = SURFACE_CURVE('',#7459,(#7465,#7474),.PCURVE_S1.);
#7459 = B_SPLINE_CURVE_WITH_KNOTS('',4,(#7460,#7461,#7462,#7463,#7464),
  .UNSPECIFIED.,.F.,.F.,(5,5),(0.,1.),.PIECEWISE_BEZIER_KNOTS.);
#7460 = CARTESIAN_POINT('',(-18.5,13.265840700511,26.8));
#7461 = CARTESIAN_POINT('',(-20.75,13.265840700511,26.8));
#7462 = CARTESIAN_POINT('',(-23.,13.265840700511,26.8));
#7463 = CARTESIAN_POINT('',(-25.25,13.265840700511,26.8));
#7464 = CARTESIAN_POINT('',(-27.5,13.265840700511,26.8));
#7465 = PCURVE('',#6695,#7466);
#7466 = DEFINITIONAL_REPRESENTATION('',(#7467),#7473);
#7467 = B_SPLINE_CURVE_WITH_KNOTS('',4,(#7468,#7469,#7470,#7471,#7472),
  .UNSPECIFIED.,.F.,.F.,(5,5),(0.,1.),.PIECEWISE_BEZIER_KNOTS.);
#7468 = CARTESIAN_POINT('',(4.768621235976,-10.));
#7469 = CARTESIAN_POINT('',(4.768621235976,-7.75));
#7470 = CARTESIAN_POINT('',(4.768621235976,-5.5));
#7471 = CARTESIAN_POINT('',(4.768621235976,-3.25));
#7472 = CARTESIAN_POINT('',(4.768621235976,-1.));
#7473 = ( GEOMETRIC_REPRESENTATION_CONTEXT(2) 
PARAMETRIC_REPRESENTATION_CONTEXT() REPRESENTATION_CONTEXT('2D SPACE',''
  ) );
#7474 = PCURVE('',#6792,#7475);
#7475 = DEFINITIONAL_REPRESENTATION('',(#7476),#7482);
#7476 = B_SPLINE_CURVE_WITH_KNOTS('',4,(#7477,#7478,#7479,#7480,#7481),
  .UNSPECIFIED.,.F.,.F.,(5,5),(0.,1.),.PIECEWISE_BEZIER_KNOTS.);
#7477 = CARTESIAN_POINT('',(31.5,63.265840700511));
#7478 = CARTESIAN_POINT('',(29.25,63.265840700511));
#7479 = CARTESIAN_POINT('',(27.,63.265840700511));
#7480 = CARTESIAN_POINT('',(24.75,63.265840700511));
#7481 = CARTESIAN_POINT('',(22.5,63.265840700511));
#7482 = ( GEOMETRIC_REPRESENTATION_CONTEXT(2) 
PARAMETRIC_REPRESENTATION_CONTEXT() REPRESENTATION_CONTEXT('2D SPACE',''
  ) );
#7483 = ADVANCED_FACE('',(#7484,#7532),#6792,.F.);
#7484 = FACE_BOUND('',#7485,.F.);
#7485 = EDGE_LOOP('',(#7486,#7509,#7510,#7511));
#7486 = ORIENTED_EDGE('',*,*,#7487,.F.);
#7487 = EDGE_CURVE('',#7275,#7488,#7490,.T.);
#7488 = VERTEX_POINT('',#7489);
#7489 = CARTESIAN_POINT('',(-27.5,38.5,26.8));
#7490 = SURFACE_CURVE('',#7491,(#7495,#7502),.PCURVE_S1.);
#7491 = LINE('',#7492,#7493);
#7492 = CARTESIAN_POINT('',(-27.5,-38.5,26.8));
#7493 = VECTOR('',#7494,1.);
#7494 = DIRECTION('',(0.,1.,0.));
#7495 = PCURVE('',#6792,#7496);
#7496 = DEFINITIONAL_REPRESENTATION('',(#7497),#7501);
#7497 = LINE('',#7498,#7499);
#7498 = CARTESIAN_POINT('',(22.5,11.5));
#7499 = VECTOR('',#7500,1.);
#7500 = DIRECTION('',(0.,1.));
#7501 = ( GEOMETRIC_REPRESENTATION_CONTEXT(2) 
PARAMETRIC_REPRESENTATION_CONTEXT() REPRESENTATION_CONTEXT('2D SPACE',''
  ) );
#7502 = PCURVE('',#7045,#7503);
#7503 = DEFINITIONAL_REPRESENTATION('',(#7504),#7508);
#7504 = LINE('',#7505,#7506);
#7505 = CARTESIAN_POINT('',(0.677642176891,38.5));
#7506 = VECTOR('',#7507,1.);
#7507 = DIRECTION('',(0.,-1.));
#7508 = ( GEOMETRIC_REPRESENTATION_CONTEXT(2) 
PARAMETRIC_REPRESENTATION_CONTEXT() REPRESENTATION_CONTEXT('2D SPACE',''
  ) );
#7509 = ORIENTED_EDGE('',*,*,#7457,.F.);
#7510 = ORIENTED_EDGE('',*,*,#6776,.T.);
#7511 = ORIENTED_EDGE('',*,*,#7512,.F.);
#7512 = EDGE_CURVE('',#7488,#6777,#7513,.T.);
#7513 = SURFACE_CURVE('',#7514,(#7518,#7525),.PCURVE_S1.);
#7514 = LINE('',#7515,#7516);
#7515 = CARTESIAN_POINT('',(-27.5,38.5,26.8));
#7516 = VECTOR('',#7517,1.);
#7517 = DIRECTION('',(1.,0.,0.));
#7518 = PCURVE('',#6792,#7519);
#7519 = DEFINITIONAL_REPRESENTATION('',(#7520),#7524);
#7520 = LINE('',#7521,#7522);
#7521 = CARTESIAN_POINT('',(22.5,88.5));
#7522 = VECTOR('',#7523,1.);
#7523 = DIRECTION('',(1.,0.));
#7524 = ( GEOMETRIC_REPRESENTATION_CONTEXT(2) 
PARAMETRIC_REPRESENTATION_CONTEXT() REPRESENTATION_CONTEXT('2D SPACE',''
  ) );
#7525 = PCURVE('',#6820,#7526);
#7526 = DEFINITIONAL_REPRESENTATION('',(#7527),#7531);
#7527 = LINE('',#7528,#7529);
#7528 = CARTESIAN_POINT('',(0.,0.));
#7529 = VECTOR('',#7530,1.);
#7530 = DIRECTION('',(0.,1.));
#7531 = ( GEOMETRIC_REPRESENTATION_CONTEXT(2) 
PARAMETRIC_REPRESENTATION_CONTEXT() REPRESENTATION_CONTEXT('2D SPACE',''
  ) );
#7532 = FACE_BOUND('',#7533,.F.);
#7533 = EDGE_LOOP('',(#7534));
#7534 = ORIENTED_EDGE('',*,*,#7535,.T.);
#7535 = EDGE_CURVE('',#7536,#7536,#7538,.T.);
#7536 = VERTEX_POINT('',#7537);
#7537 = CARTESIAN_POINT('',(-21.3,32.,26.8));
#7538 = SURFACE_CURVE('',#7539,(#7544,#7555),.PCURVE_S1.);
#7539 = CIRCLE('',#7540,1.7);
#7540 = AXIS2_PLACEMENT_3D('',#7541,#7542,#7543);
#7541 = CARTESIAN_POINT('',(-23.,32.,26.8));
#7542 = DIRECTION('',(0.,0.,-1.));
#7543 = DIRECTION('',(1.,0.,0.));
#7544 = PCURVE('',#6792,#7545);
#7545 = DEFINITIONAL_REPRESENTATION('',(#7546),#7554);
#7546 = ( BOUNDED_CURVE() B_SPLINE_CURVE(2,(#7547,#7548,#7549,#7550,
#7551,#7552,#7553),.UNSPECIFIED.,.T.,.F.) B_SPLINE_CURVE_WITH_KNOTS((1,2
    ,2,2,2,1),(-2.094395102393,0.,2.094395102393,4.188790204786,
6.28318530718,8.377580409573),.UNSPECIFIED.) CURVE() 
GEOMETRIC_REPRESENTATION_ITEM() RATIONAL_B_SPLINE_CURVE((1.,0.5,1.,0.5,
1.,0.5,1.)) REPRESENTATION_ITEM('') );
#7547 = CARTESIAN_POINT('',(28.7,82.));
#7548 = CARTESIAN_POINT('',(28.7,79.055513627133));
#7549 = CARTESIAN_POINT('',(26.15,80.527756813566));
#7550 = CARTESIAN_POINT('',(23.6,82.));
#7551 = CARTESIAN_POINT('',(26.15,83.472243186434));
#7552 = CARTESIAN_POINT('',(28.7,84.944486372867));
#7553 = CARTESIAN_POINT('',(28.7,82.));
#7554 = ( GEOMETRIC_REPRESENTATION_CONTEXT(2) 
PARAMETRIC_REPRESENTATION_CONTEXT() REPRESENTATION_CONTEXT('2D SPACE',''
  ) );
#7555 = PCURVE('',#7556,#7561);
#7556 = CYLINDRICAL_SURFACE('',#7557,1.7);
#7557 = AXIS2_PLACEMENT_3D('',#7558,#7559,#7560);
#7558 = CARTESIAN_POINT('',(-23.,32.,26.));
#7559 = DIRECTION('',(-0.,-0.,-1.));
#7560 = DIRECTION('',(1.,0.,0.));
#7561 = DEFINITIONAL_REPRESENTATION('',(#7562),#7566);
#7562 = LINE('',#7563,#7564);
#7563 = CARTESIAN_POINT('',(-6.28318530718,-0.8));
#7564 = VECTOR('',#7565,1.);
#7565 = DIRECTION('',(1.,-0.));
#7566 = ( GEOMETRIC_REPRESENTATION_CONTEXT(2) 
PARAMETRIC_REPRESENTATION_CONTEXT() REPRESENTATION_CONTEXT('2D SPACE',''
  ) );
#7567 = ADVANCED_FACE('',(#7568),#6820,.T.);
#7568 = FACE_BOUND('',#7569,.T.);
#7569 = EDGE_LOOP('',(#7570,#7571,#7594,#7615));
#7570 = ORIENTED_EDGE('',*,*,#7512,.F.);
#7571 = ORIENTED_EDGE('',*,*,#7572,.T.);
#7572 = EDGE_CURVE('',#7488,#7573,#7575,.T.);
#7573 = VERTEX_POINT('',#7574);
#7574 = CARTESIAN_POINT('',(-27.5,38.5,31.8));
#7575 = SURFACE_CURVE('',#7576,(#7580,#7587),.PCURVE_S1.);
#7576 = LINE('',#7577,#7578);
#7577 = CARTESIAN_POINT('',(-27.5,38.5,26.8));
#7578 = VECTOR('',#7579,1.);
#7579 = DIRECTION('',(0.,0.,1.));
#7580 = PCURVE('',#6820,#7581);
#7581 = DEFINITIONAL_REPRESENTATION('',(#7582),#7586);
#7582 = LINE('',#7583,#7584);
#7583 = CARTESIAN_POINT('',(0.,0.));
#7584 = VECTOR('',#7585,1.);
#7585 = DIRECTION('',(1.,0.));
#7586 = ( GEOMETRIC_REPRESENTATION_CONTEXT(2) 
PARAMETRIC_REPRESENTATION_CONTEXT() REPRESENTATION_CONTEXT('2D SPACE',''
  ) );
#7587 = PCURVE('',#7045,#7588);
#7588 = DEFINITIONAL_REPRESENTATION('',(#7589),#7593);
#7589 = LINE('',#7590,#7591);
#7590 = CARTESIAN_POINT('',(0.677642176891,-38.5));
#7591 = VECTOR('',#7592,1.);
#7592 = DIRECTION('',(1.,0.));
#7593 = ( GEOMETRIC_REPRESENTATION_CONTEXT(2) 
PARAMETRIC_REPRESENTATION_CONTEXT() REPRESENTATION_CONTEXT('2D SPACE',''
  ) );
#7594 = ORIENTED_EDGE('',*,*,#7595,.T.);
#7595 = EDGE_CURVE('',#7573,#6805,#7596,.T.);
#7596 = SURFACE_CURVE('',#7597,(#7601,#7608),.PCURVE_S1.);
#7597 = LINE('',#7598,#7599);
#7598 = CARTESIAN_POINT('',(-27.5,38.5,31.8));
#7599 = VECTOR('',#7600,1.);
#7600 = DIRECTION('',(1.,0.,0.));
#7601 = PCURVE('',#6820,#7602);
#7602 = DEFINITIONAL_REPRESENTATION('',(#7603),#7607);
#7603 = LINE('',#7604,#7605);
#7604 = CARTESIAN_POINT('',(5.,0.));
#7605 = VECTOR('',#7606,1.);
#7606 = DIRECTION('',(0.,1.));
#7607 = ( GEOMETRIC_REPRESENTATION_CONTEXT(2) 
PARAMETRIC_REPRESENTATION_CONTEXT() REPRESENTATION_CONTEXT('2D SPACE',''
  ) );
#7608 = PCURVE('',#6848,#7609);
#7609 = DEFINITIONAL_REPRESENTATION('',(#7610),#7614);
#7610 = LINE('',#7611,#7612);
#7611 = CARTESIAN_POINT('',(0.,23.5));
#7612 = VECTOR('',#7613,1.);
#7613 = DIRECTION('',(1.,0.));
#7614 = ( GEOMETRIC_REPRESENTATION_CONTEXT(2) 
PARAMETRIC_REPRESENTATION_CONTEXT() REPRESENTATION_CONTEXT('2D SPACE',''
  ) );
#7615 = ORIENTED_EDGE('',*,*,#6804,.F.);
#7616 = ADVANCED_FACE('',(#7617,#7665),#6848,.T.);
#7617 = FACE_BOUND('',#7618,.T.);
#7618 = EDGE_LOOP('',(#7619,#7642,#7663,#7664));
#7619 = ORIENTED_EDGE('',*,*,#7620,.F.);
#7620 = EDGE_CURVE('',#7621,#7573,#7623,.T.);
#7621 = VERTEX_POINT('',#7622);
#7622 = CARTESIAN_POINT('',(-27.5,26.,31.8));
#7623 = SURFACE_CURVE('',#7624,(#7628,#7635),.PCURVE_S1.);
#7624 = LINE('',#7625,#7626);
#7625 = CARTESIAN_POINT('',(-27.5,15.,31.8));
#7626 = VECTOR('',#7627,1.);
#7627 = DIRECTION('',(0.,1.,0.));
#7628 = PCURVE('',#6848,#7629);
#7629 = DEFINITIONAL_REPRESENTATION('',(#7630),#7634);
#7630 = LINE('',#7631,#7632);
#7631 = CARTESIAN_POINT('',(0.,0.));
#7632 = VECTOR('',#7633,1.);
#7633 = DIRECTION('',(0.,1.));
#7634 = ( GEOMETRIC_REPRESENTATION_CONTEXT(2) 
PARAMETRIC_REPRESENTATION_CONTEXT() REPRESENTATION_CONTEXT('2D SPACE',''
  ) );
#7635 = PCURVE('',#7045,#7636);
#7636 = DEFINITIONAL_REPRESENTATION('',(#7637),#7641);
#7637 = LINE('',#7638,#7639);
#7638 = CARTESIAN_POINT('',(5.677642176891,-15.));
#7639 = VECTOR('',#7640,1.);
#7640 = DIRECTION('',(0.,-1.));
#7641 = ( GEOMETRIC_REPRESENTATION_CONTEXT(2) 
PARAMETRIC_REPRESENTATION_CONTEXT() REPRESENTATION_CONTEXT('2D SPACE',''
  ) );
#7642 = ORIENTED_EDGE('',*,*,#7643,.T.);
#7643 = EDGE_CURVE('',#7621,#6833,#7644,.T.);
#7644 = SURFACE_CURVE('',#7645,(#7649,#7656),.PCURVE_S1.);
#7645 = LINE('',#7646,#7647);
#7646 = CARTESIAN_POINT('',(-27.5,26.,31.8));
#7647 = VECTOR('',#7648,1.);
#7648 = DIRECTION('',(1.,0.,0.));
#7649 = PCURVE('',#6848,#7650);
#7650 = DEFINITIONAL_REPRESENTATION('',(#7651),#7655);
#7651 = LINE('',#7652,#7653);
#7652 = CARTESIAN_POINT('',(0.,11.));
#7653 = VECTOR('',#7654,1.);
#7654 = DIRECTION('',(1.,0.));
#7655 = ( GEOMETRIC_REPRESENTATION_CONTEXT(2) 
PARAMETRIC_REPRESENTATION_CONTEXT() REPRESENTATION_CONTEXT('2D SPACE',''
  ) );
#7656 = PCURVE('',#6876,#7657);
#7657 = DEFINITIONAL_REPRESENTATION('',(#7658),#7662);
#7658 = LINE('',#7659,#7660);
#7659 = CARTESIAN_POINT('',(0.,0.));
#7660 = VECTOR('',#7661,1.);
#7661 = DIRECTION('',(0.,1.));
#7662 = ( GEOMETRIC_REPRESENTATION_CONTEXT(2) 
PARAMETRIC_REPRESENTATION_CONTEXT() REPRESENTATION_CONTEXT('2D SPACE',''
  ) );
#7663 = ORIENTED_EDGE('',*,*,#6832,.T.);
#7664 = ORIENTED_EDGE('',*,*,#7595,.F.);
#7665 = FACE_BOUND('',#7666,.T.);
#7666 = EDGE_LOOP('',(#7667));
#7667 = ORIENTED_EDGE('',*,*,#7668,.T.);
#7668 = EDGE_CURVE('',#7669,#7669,#7671,.T.);
#7669 = VERTEX_POINT('',#7670);
#7670 = CARTESIAN_POINT('',(-21.3,32.,31.8));
#7671 = SURFACE_CURVE('',#7672,(#7677,#7688),.PCURVE_S1.);
#7672 = CIRCLE('',#7673,1.7);
#7673 = AXIS2_PLACEMENT_3D('',#7674,#7675,#7676);
#7674 = CARTESIAN_POINT('',(-23.,32.,31.8));
#7675 = DIRECTION('',(0.,0.,-1.));
#7676 = DIRECTION('',(1.,0.,0.));
#7677 = PCURVE('',#6848,#7678);
#7678 = DEFINITIONAL_REPRESENTATION('',(#7679),#7687);
#7679 = ( BOUNDED_CURVE() B_SPLINE_CURVE(2,(#7680,#7681,#7682,#7683,
#7684,#7685,#7686),.UNSPECIFIED.,.T.,.F.) B_SPLINE_CURVE_WITH_KNOTS((1,2
    ,2,2,2,1),(-2.094395102393,0.,2.094395102393,4.188790204786,
6.28318530718,8.377580409573),.UNSPECIFIED.) CURVE() 
GEOMETRIC_REPRESENTATION_ITEM() RATIONAL_B_SPLINE_CURVE((1.,0.5,1.,0.5,
1.,0.5,1.)) REPRESENTATION_ITEM('') );
#7680 = CARTESIAN_POINT('',(6.2,17.));
#7681 = CARTESIAN_POINT('',(6.2,14.055513627133));
#7682 = CARTESIAN_POINT('',(3.65,15.527756813566));
#7683 = CARTESIAN_POINT('',(1.1,17.));
#7684 = CARTESIAN_POINT('',(3.65,18.472243186434));
#7685 = CARTESIAN_POINT('',(6.2,19.944486372867));
#7686 = CARTESIAN_POINT('',(6.2,17.));
#7687 = ( GEOMETRIC_REPRESENTATION_CONTEXT(2) 
PARAMETRIC_REPRESENTATION_CONTEXT() REPRESENTATION_CONTEXT('2D SPACE',''
  ) );
#7688 = PCURVE('',#7556,#7689);
#7689 = DEFINITIONAL_REPRESENTATION('',(#7690),#7694);
#7690 = LINE('',#7691,#7692);
#7691 = CARTESIAN_POINT('',(-6.28318530718,-5.8));
#7692 = VECTOR('',#7693,1.);
#7693 = DIRECTION('',(1.,-0.));
#7694 = ( GEOMETRIC_REPRESENTATION_CONTEXT(2) 
PARAMETRIC_REPRESENTATION_CONTEXT() REPRESENTATION_CONTEXT('2D SPACE',''
  ) );
#7695 = ADVANCED_FACE('',(#7696),#6876,.T.);
#7696 = FACE_BOUND('',#7697,.T.);
#7697 = EDGE_LOOP('',(#7698,#7699,#7722,#7743));
#7698 = ORIENTED_EDGE('',*,*,#7643,.F.);
#7699 = ORIENTED_EDGE('',*,*,#7700,.T.);
#7700 = EDGE_CURVE('',#7621,#7701,#7703,.T.);
#7701 = VERTEX_POINT('',#7702);
#7702 = CARTESIAN_POINT('',(-27.5,26.,33.8));
#7703 = SURFACE_CURVE('',#7704,(#7708,#7715),.PCURVE_S1.);
#7704 = LINE('',#7705,#7706);
#7705 = CARTESIAN_POINT('',(-27.5,26.,31.8));
#7706 = VECTOR('',#7707,1.);
#7707 = DIRECTION('',(0.,0.,1.));
#7708 = PCURVE('',#6876,#7709);
#7709 = DEFINITIONAL_REPRESENTATION('',(#7710),#7714);
#7710 = LINE('',#7711,#7712);
#7711 = CARTESIAN_POINT('',(0.,0.));
#7712 = VECTOR('',#7713,1.);
#7713 = DIRECTION('',(1.,0.));
#7714 = ( GEOMETRIC_REPRESENTATION_CONTEXT(2) 
PARAMETRIC_REPRESENTATION_CONTEXT() REPRESENTATION_CONTEXT('2D SPACE',''
  ) );
#7715 = PCURVE('',#7045,#7716);
#7716 = DEFINITIONAL_REPRESENTATION('',(#7717),#7721);
#7717 = LINE('',#7718,#7719);
#7718 = CARTESIAN_POINT('',(5.677642176891,-26.));
#7719 = VECTOR('',#7720,1.);
#7720 = DIRECTION('',(1.,0.));
#7721 = ( GEOMETRIC_REPRESENTATION_CONTEXT(2) 
PARAMETRIC_REPRESENTATION_CONTEXT() REPRESENTATION_CONTEXT('2D SPACE',''
  ) );
#7722 = ORIENTED_EDGE('',*,*,#7723,.T.);
#7723 = EDGE_CURVE('',#7701,#6861,#7724,.T.);
#7724 = SURFACE_CURVE('',#7725,(#7729,#7736),.PCURVE_S1.);
#7725 = LINE('',#7726,#7727);
#7726 = CARTESIAN_POINT('',(-27.5,26.,33.8));
#7727 = VECTOR('',#7728,1.);
#7728 = DIRECTION('',(1.,0.,0.));
#7729 = PCURVE('',#6876,#7730);
#7730 = DEFINITIONAL_REPRESENTATION('',(#7731),#7735);
#7731 = LINE('',#7732,#7733);
#7732 = CARTESIAN_POINT('',(2.,0.));
#7733 = VECTOR('',#7734,1.);
#7734 = DIRECTION('',(0.,1.));
#7735 = ( GEOMETRIC_REPRESENTATION_CONTEXT(2) 
PARAMETRIC_REPRESENTATION_CONTEXT() REPRESENTATION_CONTEXT('2D SPACE',''
  ) );
#7736 = PCURVE('',#6904,#7737);
#7737 = DEFINITIONAL_REPRESENTATION('',(#7738),#7742);
#7738 = LINE('',#7739,#7740);
#7739 = CARTESIAN_POINT('',(0.,11.));
#7740 = VECTOR('',#7741,1.);
#7741 = DIRECTION('',(1.,0.));
#7742 = ( GEOMETRIC_REPRESENTATION_CONTEXT(2) 
PARAMETRIC_REPRESENTATION_CONTEXT() REPRESENTATION_CONTEXT('2D SPACE',''
  ) );
#7743 = ORIENTED_EDGE('',*,*,#6860,.F.);
#7744 = ADVANCED_FACE('',(#7745),#6904,.T.);
#7745 = FACE_BOUND('',#7746,.T.);
#7746 = EDGE_LOOP('',(#7747,#7770,#7797,#7798));
#7747 = ORIENTED_EDGE('',*,*,#7748,.F.);
#7748 = EDGE_CURVE('',#7749,#7701,#7751,.T.);
#7749 = VERTEX_POINT('',#7750);
#7750 = CARTESIAN_POINT('',(-27.5,15.625384186259,33.8));
#7751 = SURFACE_CURVE('',#7752,(#7756,#7763),.PCURVE_S1.);
#7752 = LINE('',#7753,#7754);
#7753 = CARTESIAN_POINT('',(-27.5,15.,33.8));
#7754 = VECTOR('',#7755,1.);
#7755 = DIRECTION('',(0.,1.,0.));
#7756 = PCURVE('',#6904,#7757);
#7757 = DEFINITIONAL_REPRESENTATION('',(#7758),#7762);
#7758 = LINE('',#7759,#7760);
#7759 = CARTESIAN_POINT('',(0.,0.));
#7760 = VECTOR('',#7761,1.);
#7761 = DIRECTION('',(0.,1.));
#7762 = ( GEOMETRIC_REPRESENTATION_CONTEXT(2) 
PARAMETRIC_REPRESENTATION_CONTEXT() REPRESENTATION_CONTEXT('2D SPACE',''
  ) );
#7763 = PCURVE('',#7045,#7764);
#7764 = DEFINITIONAL_REPRESENTATION('',(#7765),#7769);
#7765 = LINE('',#7766,#7767);
#7766 = CARTESIAN_POINT('',(7.677642176891,-15.));
#7767 = VECTOR('',#7768,1.);
#7768 = DIRECTION('',(0.,-1.));
#7769 = ( GEOMETRIC_REPRESENTATION_CONTEXT(2) 
PARAMETRIC_REPRESENTATION_CONTEXT() REPRESENTATION_CONTEXT('2D SPACE',''
  ) );
#7770 = ORIENTED_EDGE('',*,*,#7771,.F.);
#7771 = EDGE_CURVE('',#6889,#7749,#7772,.T.);
#7772 = SURFACE_CURVE('',#7773,(#7779,#7788),.PCURVE_S1.);
#7773 = B_SPLINE_CURVE_WITH_KNOTS('',4,(#7774,#7775,#7776,#7777,#7778),
  .UNSPECIFIED.,.F.,.F.,(5,5),(0.,1.),.PIECEWISE_BEZIER_KNOTS.);
#7774 = CARTESIAN_POINT('',(-18.5,15.625384186259,33.8));
#7775 = CARTESIAN_POINT('',(-20.74999999977,15.625384186259,33.8));
#7776 = CARTESIAN_POINT('',(-23.00000000001,15.625384186259,33.8));
#7777 = CARTESIAN_POINT('',(-25.25000000022,15.625384186259,33.8));
#7778 = CARTESIAN_POINT('',(-27.5,15.625384186259,33.8));
#7779 = PCURVE('',#6904,#7780);
#7780 = DEFINITIONAL_REPRESENTATION('',(#7781),#7787);
#7781 = B_SPLINE_CURVE_WITH_KNOTS('',4,(#7782,#7783,#7784,#7785,#7786),
  .UNSPECIFIED.,.F.,.F.,(5,5),(0.,1.),.PIECEWISE_BEZIER_KNOTS.);
#7782 = CARTESIAN_POINT('',(9.,0.625384186259));
#7783 = CARTESIAN_POINT('',(6.750000000225,0.625384186259));
#7784 = CARTESIAN_POINT('',(4.499999999981,0.625384186259));
#7785 = CARTESIAN_POINT('',(2.249999999775,0.625384186259));
#7786 = CARTESIAN_POINT('',(0.,0.625384186259));
#7787 = ( GEOMETRIC_REPRESENTATION_CONTEXT(2) 
PARAMETRIC_REPRESENTATION_CONTEXT() REPRESENTATION_CONTEXT('2D SPACE',''
  ) );
#7788 = PCURVE('',#6933,#7789);
#7789 = DEFINITIONAL_REPRESENTATION('',(#7790),#7796);
#7790 = B_SPLINE_CURVE_WITH_KNOTS('',4,(#7791,#7792,#7793,#7794,#7795),
  .UNSPECIFIED.,.F.,.F.,(5,5),(0.,1.),.PIECEWISE_BEZIER_KNOTS.);
#7791 = CARTESIAN_POINT('',(5.154410265294,-8.9999999991));
#7792 = CARTESIAN_POINT('',(5.154410265294,-6.749999999325));
#7793 = CARTESIAN_POINT('',(5.154410265294,-4.500000000019));
#7794 = CARTESIAN_POINT('',(5.154410265294,-2.250000000675));
#7795 = CARTESIAN_POINT('',(5.154410265294,-8.999396783338E-10));
#7796 = ( GEOMETRIC_REPRESENTATION_CONTEXT(2) 
PARAMETRIC_REPRESENTATION_CONTEXT() REPRESENTATION_CONTEXT('2D SPACE',''
  ) );
#7797 = ORIENTED_EDGE('',*,*,#6888,.T.);
#7798 = ORIENTED_EDGE('',*,*,#7723,.F.);
#7799 = ADVANCED_FACE('',(#7800),#6933,.F.);
#7800 = FACE_BOUND('',#7801,.F.);
#7801 = EDGE_LOOP('',(#7802,#7803,#7804,#7805,#7834,#7857));
#7802 = ORIENTED_EDGE('',*,*,#7771,.F.);
#7803 = ORIENTED_EDGE('',*,*,#6916,.T.);
#7804 = ORIENTED_EDGE('',*,*,#6947,.T.);
#7805 = ORIENTED_EDGE('',*,*,#7806,.T.);
#7806 = EDGE_CURVE('',#6948,#7807,#7809,.T.);
#7807 = VERTEX_POINT('',#7808);
#7808 = CARTESIAN_POINT('',(-27.5,-15.62538418625,33.8));
#7809 = SURFACE_CURVE('',#7810,(#7816,#7825),.PCURVE_S1.);
#7810 = B_SPLINE_CURVE_WITH_KNOTS('',4,(#7811,#7812,#7813,#7814,#7815),
  .UNSPECIFIED.,.F.,.F.,(5,5),(0.,1.),.PIECEWISE_BEZIER_KNOTS.);
#7811 = CARTESIAN_POINT('',(-18.5,-15.62538418625,33.8));
#7812 = CARTESIAN_POINT('',(-20.74999999977,-15.62538418625,33.8));
#7813 = CARTESIAN_POINT('',(-23.00000000001,-15.62538418625,33.8));
#7814 = CARTESIAN_POINT('',(-25.25000000022,-15.62538418625,33.8));
#7815 = CARTESIAN_POINT('',(-27.5,-15.62538418625,33.8));
#7816 = PCURVE('',#6933,#7817);
#7817 = DEFINITIONAL_REPRESENTATION('',(#7818),#7824);
#7818 = B_SPLINE_CURVE_WITH_KNOTS('',4,(#7819,#7820,#7821,#7822,#7823),
  .UNSPECIFIED.,.F.,.F.,(5,5),(0.,1.),.PIECEWISE_BEZIER_KNOTS.);
#7819 = CARTESIAN_POINT('',(7.411960349066,-8.9999999991));
#7820 = CARTESIAN_POINT('',(7.411960349066,-6.749999999325));
#7821 = CARTESIAN_POINT('',(7.411960349066,-4.500000000019));
#7822 = CARTESIAN_POINT('',(7.411960349066,-2.250000000675));
#7823 = CARTESIAN_POINT('',(7.411960349066,-8.999396783338E-10));
#7824 = ( GEOMETRIC_REPRESENTATION_CONTEXT(2) 
PARAMETRIC_REPRESENTATION_CONTEXT() REPRESENTATION_CONTEXT('2D SPACE',''
  ) );
#7825 = PCURVE('',#6986,#7826);
#7826 = DEFINITIONAL_REPRESENTATION('',(#7827),#7833);
#7827 = B_SPLINE_CURVE_WITH_KNOTS('',4,(#7828,#7829,#7830,#7831,#7832),
  .UNSPECIFIED.,.F.,.F.,(5,5),(0.,1.),.PIECEWISE_BEZIER_KNOTS.);
#7828 = CARTESIAN_POINT('',(9.,10.374615813741));
#7829 = CARTESIAN_POINT('',(6.750000000225,10.374615813741));
#7830 = CARTESIAN_POINT('',(4.499999999981,10.374615813741));
#7831 = CARTESIAN_POINT('',(2.249999999775,10.374615813741));
#7832 = CARTESIAN_POINT('',(0.,10.374615813741));
#7833 = ( GEOMETRIC_REPRESENTATION_CONTEXT(2) 
PARAMETRIC_REPRESENTATION_CONTEXT() REPRESENTATION_CONTEXT('2D SPACE',''
  ) );
#7834 = ORIENTED_EDGE('',*,*,#7835,.F.);
#7835 = EDGE_CURVE('',#7836,#7807,#7838,.T.);
#7836 = VERTEX_POINT('',#7837);
#7837 = CARTESIAN_POINT('',(-27.5,2.024404036218E-15,44.234210526316));
#7838 = SURFACE_CURVE('',#7839,(#7844,#7850),.PCURVE_S1.);
#7839 = ELLIPSE('',#7840,18.234210526316,17.286842105263);
#7840 = AXIS2_PLACEMENT_3D('',#7841,#7842,#7843);
#7841 = CARTESIAN_POINT('',(-27.5,0.,26.));
#7842 = DIRECTION('',(1.,0.,-0.));
#7843 = DIRECTION('',(0.,1.110223024625E-16,1.));
#7844 = PCURVE('',#6933,#7845);
#7845 = DEFINITIONAL_REPRESENTATION('',(#7846),#7849);
#7846 = B_SPLINE_CURVE_WITH_KNOTS('',1,(#7847,#7848),.UNSPECIFIED.,.F.,
  .F.,(2,2),(0.,1.526908664453),.PIECEWISE_BEZIER_KNOTS.);
#7847 = CARTESIAN_POINT('',(6.28318530718,0.));
#7848 = CARTESIAN_POINT('',(7.810093971633,0.));
#7849 = ( GEOMETRIC_REPRESENTATION_CONTEXT(2) 
PARAMETRIC_REPRESENTATION_CONTEXT() REPRESENTATION_CONTEXT('2D SPACE',''
  ) );
#7850 = PCURVE('',#7045,#7851);
#7851 = DEFINITIONAL_REPRESENTATION('',(#7852),#7856);
#7852 = ELLIPSE('',#7853,18.234210526316,17.286842105263);
#7853 = AXIS2_PLACEMENT_2D('',#7854,#7855);
#7854 = CARTESIAN_POINT('',(-0.122357823109,-1.746000824833E-16));
#7855 = DIRECTION('',(1.,-1.110223024625E-16));
#7856 = ( GEOMETRIC_REPRESENTATION_CONTEXT(2) 
PARAMETRIC_REPRESENTATION_CONTEXT() REPRESENTATION_CONTEXT('2D SPACE',''
  ) );
#7857 = ORIENTED_EDGE('',*,*,#7858,.F.);
#7858 = EDGE_CURVE('',#7749,#7836,#7859,.T.);
#7859 = SURFACE_CURVE('',#7860,(#7865,#7871),.PCURVE_S1.);
#7860 = ELLIPSE('',#7861,18.234210526316,17.286842105263);
#7861 = AXIS2_PLACEMENT_3D('',#7862,#7863,#7864);
#7862 = CARTESIAN_POINT('',(-27.5,0.,26.));
#7863 = DIRECTION('',(1.,0.,-0.));
#7864 = DIRECTION('',(0.,1.110223024625E-16,1.));
#7865 = PCURVE('',#6933,#7866);
#7866 = DEFINITIONAL_REPRESENTATION('',(#7867),#7870);
#7867 = B_SPLINE_CURVE_WITH_KNOTS('',1,(#7868,#7869),.UNSPECIFIED.,.F.,
  .F.,(2,2),(4.756276642726,6.28318530718),.PIECEWISE_BEZIER_KNOTS.);
#7868 = CARTESIAN_POINT('',(4.756276642726,0.));
#7869 = CARTESIAN_POINT('',(6.28318530718,0.));
#7870 = ( GEOMETRIC_REPRESENTATION_CONTEXT(2) 
PARAMETRIC_REPRESENTATION_CONTEXT() REPRESENTATION_CONTEXT('2D SPACE',''
  ) );
#7871 = PCURVE('',#7045,#7872);
#7872 = DEFINITIONAL_REPRESENTATION('',(#7873),#7877);
#7873 = ELLIPSE('',#7874,18.234210526316,17.286842105263);
#7874 = AXIS2_PLACEMENT_2D('',#7875,#7876);
#7875 = CARTESIAN_POINT('',(-0.122357823109,-1.746000824833E-16));
#7876 = DIRECTION('',(1.,-1.110223024625E-16));
#7877 = ( GEOMETRIC_REPRESENTATION_CONTEXT(2) 
PARAMETRIC_REPRESENTATION_CONTEXT() REPRESENTATION_CONTEXT('2D SPACE',''
  ) );
#7878 = ADVANCED_FACE('',(#7879),#6986,.T.);
#7879 = FACE_BOUND('',#7880,.T.);
#7880 = EDGE_LOOP('',(#7881,#7904,#7925,#7926));
#7881 = ORIENTED_EDGE('',*,*,#7882,.F.);
#7882 = EDGE_CURVE('',#7883,#7807,#7885,.T.);
#7883 = VERTEX_POINT('',#7884);
#7884 = CARTESIAN_POINT('',(-27.5,-26.,33.8));
#7885 = SURFACE_CURVE('',#7886,(#7890,#7897),.PCURVE_S1.);
#7886 = LINE('',#7887,#7888);
#7887 = CARTESIAN_POINT('',(-27.5,-26.,33.8));
#7888 = VECTOR('',#7889,1.);
#7889 = DIRECTION('',(0.,1.,0.));
#7890 = PCURVE('',#6986,#7891);
#7891 = DEFINITIONAL_REPRESENTATION('',(#7892),#7896);
#7892 = LINE('',#7893,#7894);
#7893 = CARTESIAN_POINT('',(0.,0.));
#7894 = VECTOR('',#7895,1.);
#7895 = DIRECTION('',(0.,1.));
#7896 = ( GEOMETRIC_REPRESENTATION_CONTEXT(2) 
PARAMETRIC_REPRESENTATION_CONTEXT() REPRESENTATION_CONTEXT('2D SPACE',''
  ) );
#7897 = PCURVE('',#7045,#7898);
#7898 = DEFINITIONAL_REPRESENTATION('',(#7899),#7903);
#7899 = LINE('',#7900,#7901);
#7900 = CARTESIAN_POINT('',(7.677642176891,26.));
#7901 = VECTOR('',#7902,1.);
#7902 = DIRECTION('',(0.,-1.));
#7903 = ( GEOMETRIC_REPRESENTATION_CONTEXT(2) 
PARAMETRIC_REPRESENTATION_CONTEXT() REPRESENTATION_CONTEXT('2D SPACE',''
  ) );
#7904 = ORIENTED_EDGE('',*,*,#7905,.T.);
#7905 = EDGE_CURVE('',#7883,#6971,#7906,.T.);
#7906 = SURFACE_CURVE('',#7907,(#7911,#7918),.PCURVE_S1.);
#7907 = LINE('',#7908,#7909);
#7908 = CARTESIAN_POINT('',(-27.5,-26.,33.8));
#7909 = VECTOR('',#7910,1.);
#7910 = DIRECTION('',(1.,0.,0.));
#7911 = PCURVE('',#6986,#7912);
#7912 = DEFINITIONAL_REPRESENTATION('',(#7913),#7917);
#7913 = LINE('',#7914,#7915);
#7914 = CARTESIAN_POINT('',(0.,0.));
#7915 = VECTOR('',#7916,1.);
#7916 = DIRECTION('',(1.,0.));
#7917 = ( GEOMETRIC_REPRESENTATION_CONTEXT(2) 
PARAMETRIC_REPRESENTATION_CONTEXT() REPRESENTATION_CONTEXT('2D SPACE',''
  ) );
#7918 = PCURVE('',#7012,#7919);
#7919 = DEFINITIONAL_REPRESENTATION('',(#7920),#7924);
#7920 = LINE('',#7921,#7922);
#7921 = CARTESIAN_POINT('',(2.,0.));
#7922 = VECTOR('',#7923,1.);
#7923 = DIRECTION('',(0.,1.));
#7924 = ( GEOMETRIC_REPRESENTATION_CONTEXT(2) 
PARAMETRIC_REPRESENTATION_CONTEXT() REPRESENTATION_CONTEXT('2D SPACE',''
  ) );
#7925 = ORIENTED_EDGE('',*,*,#6970,.T.);
#7926 = ORIENTED_EDGE('',*,*,#7806,.T.);
#7927 = ADVANCED_FACE('',(#7928),#7012,.F.);
#7928 = FACE_BOUND('',#7929,.F.);
#7929 = EDGE_LOOP('',(#7930,#7931,#7952,#7953));
#7930 = ORIENTED_EDGE('',*,*,#7079,.F.);
#7931 = ORIENTED_EDGE('',*,*,#7932,.T.);
#7932 = EDGE_CURVE('',#7030,#7883,#7933,.T.);
#7933 = SURFACE_CURVE('',#7934,(#7938,#7945),.PCURVE_S1.);
#7934 = LINE('',#7935,#7936);
#7935 = CARTESIAN_POINT('',(-27.5,-26.,31.8));
#7936 = VECTOR('',#7937,1.);
#7937 = DIRECTION('',(0.,0.,1.));
#7938 = PCURVE('',#7012,#7939);
#7939 = DEFINITIONAL_REPRESENTATION('',(#7940),#7944);
#7940 = LINE('',#7941,#7942);
#7941 = CARTESIAN_POINT('',(0.,0.));
#7942 = VECTOR('',#7943,1.);
#7943 = DIRECTION('',(1.,0.));
#7944 = ( GEOMETRIC_REPRESENTATION_CONTEXT(2) 
PARAMETRIC_REPRESENTATION_CONTEXT() REPRESENTATION_CONTEXT('2D SPACE',''
  ) );
#7945 = PCURVE('',#7045,#7946);
#7946 = DEFINITIONAL_REPRESENTATION('',(#7947),#7951);
#7947 = LINE('',#7948,#7949);
#7948 = CARTESIAN_POINT('',(5.677642176891,26.));
#7949 = VECTOR('',#7950,1.);
#7950 = DIRECTION('',(1.,0.));
#7951 = ( GEOMETRIC_REPRESENTATION_CONTEXT(2) 
PARAMETRIC_REPRESENTATION_CONTEXT() REPRESENTATION_CONTEXT('2D SPACE',''
  ) );
#7952 = ORIENTED_EDGE('',*,*,#7905,.T.);
#7953 = ORIENTED_EDGE('',*,*,#6998,.F.);
#7954 = ADVANCED_FACE('',(#7955),#7045,.F.);
#7955 = FACE_BOUND('',#7956,.F.);
#7956 = EDGE_LOOP('',(#7957,#7958,#7959,#7960,#7961,#7962,#7963,#7964,
    #7965,#7966,#7967,#7968,#7969));
#7957 = ORIENTED_EDGE('',*,*,#7027,.F.);
#7958 = ORIENTED_EDGE('',*,*,#7161,.F.);
#7959 = ORIENTED_EDGE('',*,*,#7187,.T.);
#7960 = ORIENTED_EDGE('',*,*,#7274,.T.);
#7961 = ORIENTED_EDGE('',*,*,#7487,.T.);
#7962 = ORIENTED_EDGE('',*,*,#7572,.T.);
#7963 = ORIENTED_EDGE('',*,*,#7620,.F.);
#7964 = ORIENTED_EDGE('',*,*,#7700,.T.);
#7965 = ORIENTED_EDGE('',*,*,#7748,.F.);
#7966 = ORIENTED_EDGE('',*,*,#7858,.T.);
#7967 = ORIENTED_EDGE('',*,*,#7835,.T.);
#7968 = ORIENTED_EDGE('',*,*,#7882,.F.);
#7969 = ORIENTED_EDGE('',*,*,#7932,.F.);
#7970 = ADVANCED_FACE('',(#7971),#7123,.F.);
#7971 = FACE_BOUND('',#7972,.T.);
#7972 = EDGE_LOOP('',(#7973,#7974,#7995,#7996));
#7973 = ORIENTED_EDGE('',*,*,#7241,.T.);
#7974 = ORIENTED_EDGE('',*,*,#7975,.T.);
#7975 = EDGE_CURVE('',#7242,#7103,#7976,.T.);
#7976 = SEAM_CURVE('',#7977,(#7981,#7988),.PCURVE_S1.);
#7977 = LINE('',#7978,#7979);
#7978 = CARTESIAN_POINT('',(-21.3,-32.,26.));
#7979 = VECTOR('',#7980,1.);
#7980 = DIRECTION('',(0.,0.,1.));
#7981 = PCURVE('',#7123,#7982);
#7982 = DEFINITIONAL_REPRESENTATION('',(#7983),#7987);
#7983 = LINE('',#7984,#7985);
#7984 = CARTESIAN_POINT('',(-6.28318530718,0.));
#7985 = VECTOR('',#7986,1.);
#7986 = DIRECTION('',(-0.,-1.));
#7987 = ( GEOMETRIC_REPRESENTATION_CONTEXT(2) 
PARAMETRIC_REPRESENTATION_CONTEXT() REPRESENTATION_CONTEXT('2D SPACE',''
  ) );
#7988 = PCURVE('',#7123,#7989);
#7989 = DEFINITIONAL_REPRESENTATION('',(#7990),#7994);
#7990 = LINE('',#7991,#7992);
#7991 = CARTESIAN_POINT('',(-0.,0.));
#7992 = VECTOR('',#7993,1.);
#7993 = DIRECTION('',(-0.,-1.));
#7994 = ( GEOMETRIC_REPRESENTATION_CONTEXT(2) 
PARAMETRIC_REPRESENTATION_CONTEXT() REPRESENTATION_CONTEXT('2D SPACE',''
  ) );
#7995 = ORIENTED_EDGE('',*,*,#7102,.F.);
#7996 = ORIENTED_EDGE('',*,*,#7975,.F.);
#7997 = ADVANCED_FACE('',(#7998),#7556,.F.);
#7998 = FACE_BOUND('',#7999,.T.);
#7999 = EDGE_LOOP('',(#8000,#8001,#8022,#8023));
#8000 = ORIENTED_EDGE('',*,*,#7535,.T.);
#8001 = ORIENTED_EDGE('',*,*,#8002,.T.);
#8002 = EDGE_CURVE('',#7536,#7669,#8003,.T.);
#8003 = SEAM_CURVE('',#8004,(#8008,#8015),.PCURVE_S1.);
#8004 = LINE('',#8005,#8006);
#8005 = CARTESIAN_POINT('',(-21.3,32.,26.));
#8006 = VECTOR('',#8007,1.);
#8007 = DIRECTION('',(0.,0.,1.));
#8008 = PCURVE('',#7556,#8009);
#8009 = DEFINITIONAL_REPRESENTATION('',(#8010),#8014);
#8010 = LINE('',#8011,#8012);
#8011 = CARTESIAN_POINT('',(-6.28318530718,0.));
#8012 = VECTOR('',#8013,1.);
#8013 = DIRECTION('',(-0.,-1.));
#8014 = ( GEOMETRIC_REPRESENTATION_CONTEXT(2) 
PARAMETRIC_REPRESENTATION_CONTEXT() REPRESENTATION_CONTEXT('2D SPACE',''
  ) );
#8015 = PCURVE('',#7556,#8016);
#8016 = DEFINITIONAL_REPRESENTATION('',(#8017),#8021);
#8017 = LINE('',#8018,#8019);
#8018 = CARTESIAN_POINT('',(-0.,0.));
#8019 = VECTOR('',#8020,1.);
#8020 = DIRECTION('',(-0.,-1.));
#8021 = ( GEOMETRIC_REPRESENTATION_CONTEXT(2) 
PARAMETRIC_REPRESENTATION_CONTEXT() REPRESENTATION_CONTEXT('2D SPACE',''
  ) );
#8022 = ORIENTED_EDGE('',*,*,#7668,.F.);
#8023 = ORIENTED_EDGE('',*,*,#8002,.F.);
#8024 = ( GEOMETRIC_REPRESENTATION_CONTEXT(3) 
GLOBAL_UNCERTAINTY_ASSIGNED_CONTEXT((#8028)) 
GLOBAL_UNIT_ASSIGNED_CONTEXT((#8025,#8026,#8027)) REPRESENTATION_CONTEXT
('Context #1','3D Context with UNIT and UNCERTAINTY') );
#8025 = ( LENGTH_UNIT() NAMED_UNIT(*) SI_UNIT(.MILLI.,.METRE.) );
#8026 = ( NAMED_UNIT(*) PLANE_ANGLE_UNIT() SI_UNIT($,.RADIAN.) );
#8027 = ( NAMED_UNIT(*) SI_UNIT($,.STERADIAN.) SOLID_ANGLE_UNIT() );
#8028 = UNCERTAINTY_MEASURE_WITH_UNIT(LENGTH_MEASURE(1.E-06),#8025,
  'distance_accuracy_value','confusion accuracy');
#8029 = CONTEXT_DEPENDENT_SHAPE_REPRESENTATION(#8030,#8032);
#8030 = ( REPRESENTATION_RELATIONSHIP('','',#6487,#10) 
REPRESENTATION_RELATIONSHIP_WITH_TRANSFORMATION(#8031) 
SHAPE_REPRESENTATION_RELATIONSHIP() );
#8031 = ITEM_DEFINED_TRANSFORMATION('','',#11,#19);
#8032 = PRODUCT_DEFINITION_SHAPE('Placement','Placement of an item',
  #8033);
#8033 = NEXT_ASSEMBLY_USAGE_OCCURRENCE('2','','',#5,#6482,$);
#8034 = PRODUCT_RELATED_PRODUCT_CATEGORY('part',$,(#6484));
#8035 = SHAPE_DEFINITION_REPRESENTATION(#8036,#8042);
#8036 = PRODUCT_DEFINITION_SHAPE('','',#8037);
#8037 = PRODUCT_DEFINITION('design','',#8038,#8041);
#8038 = PRODUCT_DEFINITION_FORMATION('','',#8039);
#8039 = PRODUCT('Open CASCADE STEP translator 7.9 5.3',
  'Open CASCADE STEP translator 7.9 5.3','',(#8040));
#8040 = PRODUCT_CONTEXT('',#2,'mechanical');
#8041 = PRODUCT_DEFINITION_CONTEXT('part definition',#2,'design');
#8042 = ADVANCED_BREP_SHAPE_REPRESENTATION('',(#11,#8043),#9735);
#8043 = MANIFOLD_SOLID_BREP('',#8044);
#8044 = CLOSED_SHELL('',(#8045,#8226,#8746,#8795,#9235,#9262,#9350,#9377
    ,#9434,#9461,#9468,#9495,#9522,#9584,#9611,#9674,#9681,#9708));
#8045 = ADVANCED_FACE('',(#8046),#8061,.F.);
#8046 = FACE_BOUND('',#8047,.F.);
#8047 = EDGE_LOOP('',(#8048,#8086,#8109,#8143,#8171,#8194));
#8048 = ORIENTED_EDGE('',*,*,#8049,.F.);
#8049 = EDGE_CURVE('',#8050,#8052,#8054,.T.);
#8050 = VERTEX_POINT('',#8051);
#8051 = CARTESIAN_POINT('',(18.5,1.943766784956E-15,43.507894736842));
#8052 = VERTEX_POINT('',#8053);
#8053 = CARTESIAN_POINT('',(18.5,-15.,33.660529888417));
#8054 = SURFACE_CURVE('',#8055,(#8060,#8074),.PCURVE_S1.);
#8055 = ELLIPSE('',#8056,17.507894736842,16.681578947368);
#8056 = AXIS2_PLACEMENT_3D('',#8057,#8058,#8059);
#8057 = CARTESIAN_POINT('',(18.5,0.,26.));
#8058 = DIRECTION('',(1.,0.,-0.));
#8059 = DIRECTION('',(0.,1.110223024625E-16,1.));
#8060 = PCURVE('',#8061,#8069);
#8061 = SURFACE_OF_LINEAR_EXTRUSION('',#8062,#8067);
#8062 = ELLIPSE('',#8063,17.507894736842,16.681578947368);
#8063 = AXIS2_PLACEMENT_3D('',#8064,#8065,#8066);
#8064 = CARTESIAN_POINT('',(18.5,0.,26.));
#8065 = DIRECTION('',(1.,0.,-0.));
#8066 = DIRECTION('',(0.,1.110223024625E-16,1.));
#8067 = VECTOR('',#8068,1.);
#8068 = DIRECTION('',(-1.,-0.,-0.));
#8069 = DEFINITIONAL_REPRESENTATION('',(#8070),#8073);
#8070 = B_SPLINE_CURVE_WITH_KNOTS('',1,(#8071,#8072),.UNSPECIFIED.,.F.,
  .F.,(2,2),(0.,1.525086739084),.PIECEWISE_BEZIER_KNOTS.);
#8071 = CARTESIAN_POINT('',(6.28318530718,0.));
#8072 = CARTESIAN_POINT('',(7.808272046263,0.));
#8073 = ( GEOMETRIC_REPRESENTATION_CONTEXT(2) 
PARAMETRIC_REPRESENTATION_CONTEXT() REPRESENTATION_CONTEXT('2D SPACE',''
  ) );
#8074 = PCURVE('',#8075,#8080);
#8075 = PLANE('',#8076);
#8076 = AXIS2_PLACEMENT_3D('',#8077,#8078,#8079);
#8077 = CARTESIAN_POINT('',(18.5,-2.625415892908E-16,26.106401974852));
#8078 = DIRECTION('',(1.,0.,0.));
#8079 = DIRECTION('',(-0.,0.,1.));
#8080 = DEFINITIONAL_REPRESENTATION('',(#8081),#8085);
#8081 = ELLIPSE('',#8082,17.507894736842,16.681578947368);
#8082 = AXIS2_PLACEMENT_2D('',#8083,#8084);
#8083 = CARTESIAN_POINT('',(-0.106401974852,-2.625415892908E-16));
#8084 = DIRECTION('',(1.,-1.110223024625E-16));
#8085 = ( GEOMETRIC_REPRESENTATION_CONTEXT(2) 
PARAMETRIC_REPRESENTATION_CONTEXT() REPRESENTATION_CONTEXT('2D SPACE',''
  ) );
#8086 = ORIENTED_EDGE('',*,*,#8087,.F.);
#8087 = EDGE_CURVE('',#8088,#8050,#8090,.T.);
#8088 = VERTEX_POINT('',#8089);
#8089 = CARTESIAN_POINT('',(18.5,15.,33.660529888417));
#8090 = SURFACE_CURVE('',#8091,(#8096,#8102),.PCURVE_S1.);
#8091 = ELLIPSE('',#8092,17.507894736842,16.681578947368);
#8092 = AXIS2_PLACEMENT_3D('',#8093,#8094,#8095);
#8093 = CARTESIAN_POINT('',(18.5,0.,26.));
#8094 = DIRECTION('',(1.,0.,-0.));
#8095 = DIRECTION('',(0.,1.110223024625E-16,1.));
#8096 = PCURVE('',#8061,#8097);
#8097 = DEFINITIONAL_REPRESENTATION('',(#8098),#8101);
#8098 = B_SPLINE_CURVE_WITH_KNOTS('',1,(#8099,#8100),.UNSPECIFIED.,.F.,
  .F.,(2,2),(4.758098568096,6.28318530718),.PIECEWISE_BEZIER_KNOTS.);
#8099 = CARTESIAN_POINT('',(4.758098568096,0.));
#8100 = CARTESIAN_POINT('',(6.28318530718,0.));
#8101 = ( GEOMETRIC_REPRESENTATION_CONTEXT(2) 
PARAMETRIC_REPRESENTATION_CONTEXT() REPRESENTATION_CONTEXT('2D SPACE',''
  ) );
#8102 = PCURVE('',#8075,#8103);
#8103 = DEFINITIONAL_REPRESENTATION('',(#8104),#8108);
#8104 = ELLIPSE('',#8105,17.507894736842,16.681578947368);
#8105 = AXIS2_PLACEMENT_2D('',#8106,#8107);
#8106 = CARTESIAN_POINT('',(-0.106401974852,-2.625415892908E-16));
#8107 = DIRECTION('',(1.,-1.110223024625E-16));
#8108 = ( GEOMETRIC_REPRESENTATION_CONTEXT(2) 
PARAMETRIC_REPRESENTATION_CONTEXT() REPRESENTATION_CONTEXT('2D SPACE',''
  ) );
#8109 = ORIENTED_EDGE('',*,*,#8110,.F.);
#8110 = EDGE_CURVE('',#8111,#8088,#8113,.T.);
#8111 = VERTEX_POINT('',#8112);
#8112 = CARTESIAN_POINT('',(27.5,15.,33.660529888417));
#8113 = SURFACE_CURVE('',#8114,(#8120,#8129),.PCURVE_S1.);
#8114 = B_SPLINE_CURVE_WITH_KNOTS('',4,(#8115,#8116,#8117,#8118,#8119),
  .UNSPECIFIED.,.F.,.F.,(5,5),(0.,1.),.PIECEWISE_BEZIER_KNOTS.);
#8115 = CARTESIAN_POINT('',(27.5,15.,33.660529888418));
#8116 = CARTESIAN_POINT('',(25.250000000225,15.,33.660529888418));
#8117 = CARTESIAN_POINT('',(22.999999999981,15.,33.660529888418));
#8118 = CARTESIAN_POINT('',(20.749999999775,15.,33.660529888418));
#8119 = CARTESIAN_POINT('',(18.5,15.,33.660529888418));
#8120 = PCURVE('',#8061,#8121);
#8121 = DEFINITIONAL_REPRESENTATION('',(#8122),#8128);
#8122 = B_SPLINE_CURVE_WITH_KNOTS('',4,(#8123,#8124,#8125,#8126,#8127),
  .UNSPECIFIED.,.F.,.F.,(5,5),(0.,1.),.PIECEWISE_BEZIER_KNOTS.);
#8123 = CARTESIAN_POINT('',(5.165258038414,-8.9999999991));
#8124 = CARTESIAN_POINT('',(5.165258038414,-6.749999999325));
#8125 = CARTESIAN_POINT('',(5.165258038414,-4.500000000019));
#8126 = CARTESIAN_POINT('',(5.165258038414,-2.250000000675));
#8127 = CARTESIAN_POINT('',(5.165258038414,-8.999396783338E-10));
#8128 = ( GEOMETRIC_REPRESENTATION_CONTEXT(2) 
PARAMETRIC_REPRESENTATION_CONTEXT() REPRESENTATION_CONTEXT('2D SPACE',''
  ) );
#8129 = PCURVE('',#8130,#8135);
#8130 = PLANE('',#8131);
#8131 = AXIS2_PLACEMENT_3D('',#8132,#8133,#8134);
#8132 = CARTESIAN_POINT('',(18.5,15.,31.8));
#8133 = DIRECTION('',(0.,1.,0.));
#8134 = DIRECTION('',(0.,0.,1.));
#8135 = DEFINITIONAL_REPRESENTATION('',(#8136),#8142);
#8136 = B_SPLINE_CURVE_WITH_KNOTS('',4,(#8137,#8138,#8139,#8140,#8141),
  .UNSPECIFIED.,.F.,.F.,(5,5),(0.,1.),.PIECEWISE_BEZIER_KNOTS.);
#8137 = CARTESIAN_POINT('',(1.860529888418,9.));
#8138 = CARTESIAN_POINT('',(1.860529888418,6.750000000225));
#8139 = CARTESIAN_POINT('',(1.860529888418,4.499999999981));
#8140 = CARTESIAN_POINT('',(1.860529888418,2.249999999775));
#8141 = CARTESIAN_POINT('',(1.860529888418,0.));
#8142 = ( GEOMETRIC_REPRESENTATION_CONTEXT(2) 
PARAMETRIC_REPRESENTATION_CONTEXT() REPRESENTATION_CONTEXT('2D SPACE',''
  ) );
#8143 = ORIENTED_EDGE('',*,*,#8144,.T.);
#8144 = EDGE_CURVE('',#8111,#8145,#8147,.T.);
#8145 = VERTEX_POINT('',#8146);
#8146 = CARTESIAN_POINT('',(27.5,1.943766784956E-15,43.507894736842));
#8147 = SURFACE_CURVE('',#8148,(#8153,#8159),.PCURVE_S1.);
#8148 = ELLIPSE('',#8149,17.507894736842,16.681578947368);
#8149 = AXIS2_PLACEMENT_3D('',#8150,#8151,#8152);
#8150 = CARTESIAN_POINT('',(27.5,0.,26.));
#8151 = DIRECTION('',(1.,0.,-0.));
#8152 = DIRECTION('',(0.,1.110223024625E-16,1.));
#8153 = PCURVE('',#8061,#8154);
#8154 = DEFINITIONAL_REPRESENTATION('',(#8155),#8158);
#8155 = B_SPLINE_CURVE_WITH_KNOTS('',1,(#8156,#8157),.UNSPECIFIED.,.F.,
  .F.,(2,2),(4.758098568096,6.28318530718),.PIECEWISE_BEZIER_KNOTS.);
#8156 = CARTESIAN_POINT('',(4.758098568096,-9.));
#8157 = CARTESIAN_POINT('',(6.28318530718,-9.));
#8158 = ( GEOMETRIC_REPRESENTATION_CONTEXT(2) 
PARAMETRIC_REPRESENTATION_CONTEXT() REPRESENTATION_CONTEXT('2D SPACE',''
  ) );
#8159 = PCURVE('',#8160,#8165);
#8160 = PLANE('',#8161);
#8161 = AXIS2_PLACEMENT_3D('',#8162,#8163,#8164);
#8162 = CARTESIAN_POINT('',(27.5,-2.625415892908E-16,26.106401974852));
#8163 = DIRECTION('',(1.,0.,0.));
#8164 = DIRECTION('',(-0.,0.,1.));
#8165 = DEFINITIONAL_REPRESENTATION('',(#8166),#8170);
#8166 = ELLIPSE('',#8167,17.507894736842,16.681578947368);
#8167 = AXIS2_PLACEMENT_2D('',#8168,#8169);
#8168 = CARTESIAN_POINT('',(-0.106401974852,-2.625415892908E-16));
#8169 = DIRECTION('',(1.,-1.110223024625E-16));
#8170 = ( GEOMETRIC_REPRESENTATION_CONTEXT(2) 
PARAMETRIC_REPRESENTATION_CONTEXT() REPRESENTATION_CONTEXT('2D SPACE',''
  ) );
#8171 = ORIENTED_EDGE('',*,*,#8172,.T.);
#8172 = EDGE_CURVE('',#8145,#8173,#8175,.T.);
#8173 = VERTEX_POINT('',#8174);
#8174 = CARTESIAN_POINT('',(27.5,-15.,33.660529888417));
#8175 = SURFACE_CURVE('',#8176,(#8181,#8187),.PCURVE_S1.);
#8176 = ELLIPSE('',#8177,17.507894736842,16.681578947368);
#8177 = AXIS2_PLACEMENT_3D('',#8178,#8179,#8180);
#8178 = CARTESIAN_POINT('',(27.5,0.,26.));
#8179 = DIRECTION('',(1.,0.,-0.));
#8180 = DIRECTION('',(0.,1.110223024625E-16,1.));
#8181 = PCURVE('',#8061,#8182);
#8182 = DEFINITIONAL_REPRESENTATION('',(#8183),#8186);
#8183 = B_SPLINE_CURVE_WITH_KNOTS('',1,(#8184,#8185),.UNSPECIFIED.,.F.,
  .F.,(2,2),(0.,1.525086739084),.PIECEWISE_BEZIER_KNOTS.);
#8184 = CARTESIAN_POINT('',(6.28318530718,-9.));
#8185 = CARTESIAN_POINT('',(7.808272046263,-9.));
#8186 = ( GEOMETRIC_REPRESENTATION_CONTEXT(2) 
PARAMETRIC_REPRESENTATION_CONTEXT() REPRESENTATION_CONTEXT('2D SPACE',''
  ) );
#8187 = PCURVE('',#8160,#8188);
#8188 = DEFINITIONAL_REPRESENTATION('',(#8189),#8193);
#8189 = ELLIPSE('',#8190,17.507894736842,16.681578947368);
#8190 = AXIS2_PLACEMENT_2D('',#8191,#8192);
#8191 = CARTESIAN_POINT('',(-0.106401974852,-2.625415892908E-16));
#8192 = DIRECTION('',(1.,-1.110223024625E-16));
#8193 = ( GEOMETRIC_REPRESENTATION_CONTEXT(2) 
PARAMETRIC_REPRESENTATION_CONTEXT() REPRESENTATION_CONTEXT('2D SPACE',''
  ) );
#8194 = ORIENTED_EDGE('',*,*,#8195,.T.);
#8195 = EDGE_CURVE('',#8173,#8052,#8196,.T.);
#8196 = SURFACE_CURVE('',#8197,(#8203,#8212),.PCURVE_S1.);
#8197 = B_SPLINE_CURVE_WITH_KNOTS('',4,(#8198,#8199,#8200,#8201,#8202),
  .UNSPECIFIED.,.F.,.F.,(5,5),(0.,1.),.PIECEWISE_BEZIER_KNOTS.);
#8198 = CARTESIAN_POINT('',(27.5,-15.,33.660529888418));
#8199 = CARTESIAN_POINT('',(25.250000000225,-15.,33.660529888418));
#8200 = CARTESIAN_POINT('',(22.999999999981,-15.,33.660529888418));
#8201 = CARTESIAN_POINT('',(20.749999999775,-15.,33.660529888418));
#8202 = CARTESIAN_POINT('',(18.5,-15.,33.660529888418));
#8203 = PCURVE('',#8061,#8204);
#8204 = DEFINITIONAL_REPRESENTATION('',(#8205),#8211);
#8205 = B_SPLINE_CURVE_WITH_KNOTS('',4,(#8206,#8207,#8208,#8209,#8210),
  .UNSPECIFIED.,.F.,.F.,(5,5),(0.,1.),.PIECEWISE_BEZIER_KNOTS.);
#8206 = CARTESIAN_POINT('',(7.401112575945,-8.9999999991));
#8207 = CARTESIAN_POINT('',(7.401112575945,-6.749999999325));
#8208 = CARTESIAN_POINT('',(7.401112575945,-4.500000000019));
#8209 = CARTESIAN_POINT('',(7.401112575945,-2.250000000675));
#8210 = CARTESIAN_POINT('',(7.401112575945,-8.999396783338E-10));
#8211 = ( GEOMETRIC_REPRESENTATION_CONTEXT(2) 
PARAMETRIC_REPRESENTATION_CONTEXT() REPRESENTATION_CONTEXT('2D SPACE',''
  ) );
#8212 = PCURVE('',#8213,#8218);
#8213 = PLANE('',#8214);
#8214 = AXIS2_PLACEMENT_3D('',#8215,#8216,#8217);
#8215 = CARTESIAN_POINT('',(18.5,-15.,31.8));
#8216 = DIRECTION('',(0.,1.,0.));
#8217 = DIRECTION('',(0.,0.,1.));
#8218 = DEFINITIONAL_REPRESENTATION('',(#8219),#8225);
#8219 = B_SPLINE_CURVE_WITH_KNOTS('',4,(#8220,#8221,#8222,#8223,#8224),
  .UNSPECIFIED.,.F.,.F.,(5,5),(0.,1.),.PIECEWISE_BEZIER_KNOTS.);
#8220 = CARTESIAN_POINT('',(1.860529888418,9.));
#8221 = CARTESIAN_POINT('',(1.860529888418,6.750000000225));
#8222 = CARTESIAN_POINT('',(1.860529888418,4.499999999981));
#8223 = CARTESIAN_POINT('',(1.860529888418,2.249999999775));
#8224 = CARTESIAN_POINT('',(1.860529888418,0.));
#8225 = ( GEOMETRIC_REPRESENTATION_CONTEXT(2) 
PARAMETRIC_REPRESENTATION_CONTEXT() REPRESENTATION_CONTEXT('2D SPACE',''
  ) );
#8226 = ADVANCED_FACE('',(#8227),#8075,.F.);
#8227 = FACE_BOUND('',#8228,.F.);
#8228 = EDGE_LOOP('',(#8229,#8259,#8287,#8315,#8343,#8371,#8392,#8393,
    #8394,#8417,#8445,#8473,#8501,#8529,#8557));
#8229 = ORIENTED_EDGE('',*,*,#8230,.F.);
#8230 = EDGE_CURVE('',#8231,#8233,#8235,.T.);
#8231 = VERTEX_POINT('',#8232);
#8232 = CARTESIAN_POINT('',(18.5,38.5,26.8));
#8233 = VERTEX_POINT('',#8234);
#8234 = CARTESIAN_POINT('',(18.5,12.659318735032,26.8));
#8235 = SURFACE_CURVE('',#8236,(#8240,#8247),.PCURVE_S1.);
#8236 = LINE('',#8237,#8238);
#8237 = CARTESIAN_POINT('',(18.5,38.5,26.8));
#8238 = VECTOR('',#8239,1.);
#8239 = DIRECTION('',(0.,-1.,0.));
#8240 = PCURVE('',#8075,#8241);
#8241 = DEFINITIONAL_REPRESENTATION('',(#8242),#8246);
#8242 = LINE('',#8243,#8244);
#8243 = CARTESIAN_POINT('',(0.693598025148,-38.5));
#8244 = VECTOR('',#8245,1.);
#8245 = DIRECTION('',(0.,1.));
#8246 = ( GEOMETRIC_REPRESENTATION_CONTEXT(2) 
PARAMETRIC_REPRESENTATION_CONTEXT() REPRESENTATION_CONTEXT('2D SPACE',''
  ) );
#8247 = PCURVE('',#8248,#8253);
#8248 = PLANE('',#8249);
#8249 = AXIS2_PLACEMENT_3D('',#8250,#8251,#8252);
#8250 = CARTESIAN_POINT('',(-50.,-50.,26.8));
#8251 = DIRECTION('',(0.,0.,1.));
#8252 = DIRECTION('',(1.,0.,0.));
#8253 = DEFINITIONAL_REPRESENTATION('',(#8254),#8258);
#8254 = LINE('',#8255,#8256);
#8255 = CARTESIAN_POINT('',(68.5,88.5));
#8256 = VECTOR('',#8257,1.);
#8257 = DIRECTION('',(0.,-1.));
#8258 = ( GEOMETRIC_REPRESENTATION_CONTEXT(2) 
PARAMETRIC_REPRESENTATION_CONTEXT() REPRESENTATION_CONTEXT('2D SPACE',''
  ) );
#8259 = ORIENTED_EDGE('',*,*,#8260,.T.);
#8260 = EDGE_CURVE('',#8231,#8261,#8263,.T.);
#8261 = VERTEX_POINT('',#8262);
#8262 = CARTESIAN_POINT('',(18.5,38.5,31.8));
#8263 = SURFACE_CURVE('',#8264,(#8268,#8275),.PCURVE_S1.);
#8264 = LINE('',#8265,#8266);
#8265 = CARTESIAN_POINT('',(18.5,38.5,26.8));
#8266 = VECTOR('',#8267,1.);
#8267 = DIRECTION('',(0.,0.,1.));
#8268 = PCURVE('',#8075,#8269);
#8269 = DEFINITIONAL_REPRESENTATION('',(#8270),#8274);
#8270 = LINE('',#8271,#8272);
#8271 = CARTESIAN_POINT('',(0.693598025148,-38.5));
#8272 = VECTOR('',#8273,1.);
#8273 = DIRECTION('',(1.,0.));
#8274 = ( GEOMETRIC_REPRESENTATION_CONTEXT(2) 
PARAMETRIC_REPRESENTATION_CONTEXT() REPRESENTATION_CONTEXT('2D SPACE',''
  ) );
#8275 = PCURVE('',#8276,#8281);
#8276 = PLANE('',#8277);
#8277 = AXIS2_PLACEMENT_3D('',#8278,#8279,#8280);
#8278 = CARTESIAN_POINT('',(18.5,38.5,26.8));
#8279 = DIRECTION('',(0.,1.,0.));
#8280 = DIRECTION('',(0.,0.,1.));
#8281 = DEFINITIONAL_REPRESENTATION('',(#8282),#8286);
#8282 = LINE('',#8283,#8284);
#8283 = CARTESIAN_POINT('',(0.,0.));
#8284 = VECTOR('',#8285,1.);
#8285 = DIRECTION('',(1.,0.));
#8286 = ( GEOMETRIC_REPRESENTATION_CONTEXT(2) 
PARAMETRIC_REPRESENTATION_CONTEXT() REPRESENTATION_CONTEXT('2D SPACE',''
  ) );
#8287 = ORIENTED_EDGE('',*,*,#8288,.F.);
#8288 = EDGE_CURVE('',#8289,#8261,#8291,.T.);
#8289 = VERTEX_POINT('',#8290);
#8290 = CARTESIAN_POINT('',(18.5,26.,31.8));
#8291 = SURFACE_CURVE('',#8292,(#8296,#8303),.PCURVE_S1.);
#8292 = LINE('',#8293,#8294);
#8293 = CARTESIAN_POINT('',(18.5,15.,31.8));
#8294 = VECTOR('',#8295,1.);
#8295 = DIRECTION('',(0.,1.,0.));
#8296 = PCURVE('',#8075,#8297);
#8297 = DEFINITIONAL_REPRESENTATION('',(#8298),#8302);
#8298 = LINE('',#8299,#8300);
#8299 = CARTESIAN_POINT('',(5.693598025148,-15.));
#8300 = VECTOR('',#8301,1.);
#8301 = DIRECTION('',(0.,-1.));
#8302 = ( GEOMETRIC_REPRESENTATION_CONTEXT(2) 
PARAMETRIC_REPRESENTATION_CONTEXT() REPRESENTATION_CONTEXT('2D SPACE',''
  ) );
#8303 = PCURVE('',#8304,#8309);
#8304 = PLANE('',#8305);
#8305 = AXIS2_PLACEMENT_3D('',#8306,#8307,#8308);
#8306 = CARTESIAN_POINT('',(18.5,15.,31.8));
#8307 = DIRECTION('',(0.,0.,1.));
#8308 = DIRECTION('',(1.,0.,0.));
#8309 = DEFINITIONAL_REPRESENTATION('',(#8310),#8314);
#8310 = LINE('',#8311,#8312);
#8311 = CARTESIAN_POINT('',(0.,0.));
#8312 = VECTOR('',#8313,1.);
#8313 = DIRECTION('',(0.,1.));
#8314 = ( GEOMETRIC_REPRESENTATION_CONTEXT(2) 
PARAMETRIC_REPRESENTATION_CONTEXT() REPRESENTATION_CONTEXT('2D SPACE',''
  ) );
#8315 = ORIENTED_EDGE('',*,*,#8316,.T.);
#8316 = EDGE_CURVE('',#8289,#8317,#8319,.T.);
#8317 = VERTEX_POINT('',#8318);
#8318 = CARTESIAN_POINT('',(18.5,26.,33.8));
#8319 = SURFACE_CURVE('',#8320,(#8324,#8331),.PCURVE_S1.);
#8320 = LINE('',#8321,#8322);
#8321 = CARTESIAN_POINT('',(18.5,26.,31.8));
#8322 = VECTOR('',#8323,1.);
#8323 = DIRECTION('',(0.,0.,1.));
#8324 = PCURVE('',#8075,#8325);
#8325 = DEFINITIONAL_REPRESENTATION('',(#8326),#8330);
#8326 = LINE('',#8327,#8328);
#8327 = CARTESIAN_POINT('',(5.693598025148,-26.));
#8328 = VECTOR('',#8329,1.);
#8329 = DIRECTION('',(1.,0.));
#8330 = ( GEOMETRIC_REPRESENTATION_CONTEXT(2) 
PARAMETRIC_REPRESENTATION_CONTEXT() REPRESENTATION_CONTEXT('2D SPACE',''
  ) );
#8331 = PCURVE('',#8332,#8337);
#8332 = PLANE('',#8333);
#8333 = AXIS2_PLACEMENT_3D('',#8334,#8335,#8336);
#8334 = CARTESIAN_POINT('',(18.5,26.,31.8));
#8335 = DIRECTION('',(0.,1.,0.));
#8336 = DIRECTION('',(0.,0.,1.));
#8337 = DEFINITIONAL_REPRESENTATION('',(#8338),#8342);
#8338 = LINE('',#8339,#8340);
#8339 = CARTESIAN_POINT('',(0.,0.));
#8340 = VECTOR('',#8341,1.);
#8341 = DIRECTION('',(1.,0.));
#8342 = ( GEOMETRIC_REPRESENTATION_CONTEXT(2) 
PARAMETRIC_REPRESENTATION_CONTEXT() REPRESENTATION_CONTEXT('2D SPACE',''
  ) );
#8343 = ORIENTED_EDGE('',*,*,#8344,.F.);
#8344 = EDGE_CURVE('',#8345,#8317,#8347,.T.);
#8345 = VERTEX_POINT('',#8346);
#8346 = CARTESIAN_POINT('',(18.5,15.,33.8));
#8347 = SURFACE_CURVE('',#8348,(#8352,#8359),.PCURVE_S1.);
#8348 = LINE('',#8349,#8350);
#8349 = CARTESIAN_POINT('',(18.5,15.,33.8));
#8350 = VECTOR('',#8351,1.);
#8351 = DIRECTION('',(0.,1.,0.));
#8352 = PCURVE('',#8075,#8353);
#8353 = DEFINITIONAL_REPRESENTATION('',(#8354),#8358);
#8354 = LINE('',#8355,#8356);
#8355 = CARTESIAN_POINT('',(7.693598025148,-15.));
#8356 = VECTOR('',#8357,1.);
#8357 = DIRECTION('',(0.,-1.));
#8358 = ( GEOMETRIC_REPRESENTATION_CONTEXT(2) 
PARAMETRIC_REPRESENTATION_CONTEXT() REPRESENTATION_CONTEXT('2D SPACE',''
  ) );
#8359 = PCURVE('',#8360,#8365);
#8360 = PLANE('',#8361);
#8361 = AXIS2_PLACEMENT_3D('',#8362,#8363,#8364);
#8362 = CARTESIAN_POINT('',(18.5,15.,33.8));
#8363 = DIRECTION('',(0.,0.,1.));
#8364 = DIRECTION('',(1.,0.,0.));
#8365 = DEFINITIONAL_REPRESENTATION('',(#8366),#8370);
#8366 = LINE('',#8367,#8368);
#8367 = CARTESIAN_POINT('',(0.,0.));
#8368 = VECTOR('',#8369,1.);
#8369 = DIRECTION('',(0.,1.));
#8370 = ( GEOMETRIC_REPRESENTATION_CONTEXT(2) 
PARAMETRIC_REPRESENTATION_CONTEXT() REPRESENTATION_CONTEXT('2D SPACE',''
  ) );
#8371 = ORIENTED_EDGE('',*,*,#8372,.F.);
#8372 = EDGE_CURVE('',#8088,#8345,#8373,.T.);
#8373 = SURFACE_CURVE('',#8374,(#8378,#8385),.PCURVE_S1.);
#8374 = LINE('',#8375,#8376);
#8375 = CARTESIAN_POINT('',(18.5,15.,31.8));
#8376 = VECTOR('',#8377,1.);
#8377 = DIRECTION('',(0.,0.,1.));
#8378 = PCURVE('',#8075,#8379);
#8379 = DEFINITIONAL_REPRESENTATION('',(#8380),#8384);
#8380 = LINE('',#8381,#8382);
#8381 = CARTESIAN_POINT('',(5.693598025148,-15.));
#8382 = VECTOR('',#8383,1.);
#8383 = DIRECTION('',(1.,0.));
#8384 = ( GEOMETRIC_REPRESENTATION_CONTEXT(2) 
PARAMETRIC_REPRESENTATION_CONTEXT() REPRESENTATION_CONTEXT('2D SPACE',''
  ) );
#8385 = PCURVE('',#8130,#8386);
#8386 = DEFINITIONAL_REPRESENTATION('',(#8387),#8391);
#8387 = LINE('',#8388,#8389);
#8388 = CARTESIAN_POINT('',(0.,0.));
#8389 = VECTOR('',#8390,1.);
#8390 = DIRECTION('',(1.,0.));
#8391 = ( GEOMETRIC_REPRESENTATION_CONTEXT(2) 
PARAMETRIC_REPRESENTATION_CONTEXT() REPRESENTATION_CONTEXT('2D SPACE',''
  ) );
#8392 = ORIENTED_EDGE('',*,*,#8087,.T.);
#8393 = ORIENTED_EDGE('',*,*,#8049,.T.);
#8394 = ORIENTED_EDGE('',*,*,#8395,.T.);
#8395 = EDGE_CURVE('',#8052,#8396,#8398,.T.);
#8396 = VERTEX_POINT('',#8397);
#8397 = CARTESIAN_POINT('',(18.5,-15.,33.8));
#8398 = SURFACE_CURVE('',#8399,(#8403,#8410),.PCURVE_S1.);
#8399 = LINE('',#8400,#8401);
#8400 = CARTESIAN_POINT('',(18.5,-15.,31.8));
#8401 = VECTOR('',#8402,1.);
#8402 = DIRECTION('',(0.,0.,1.));
#8403 = PCURVE('',#8075,#8404);
#8404 = DEFINITIONAL_REPRESENTATION('',(#8405),#8409);
#8405 = LINE('',#8406,#8407);
#8406 = CARTESIAN_POINT('',(5.693598025148,15.));
#8407 = VECTOR('',#8408,1.);
#8408 = DIRECTION('',(1.,0.));
#8409 = ( GEOMETRIC_REPRESENTATION_CONTEXT(2) 
PARAMETRIC_REPRESENTATION_CONTEXT() REPRESENTATION_CONTEXT('2D SPACE',''
  ) );
#8410 = PCURVE('',#8213,#8411);
#8411 = DEFINITIONAL_REPRESENTATION('',(#8412),#8416);
#8412 = LINE('',#8413,#8414);
#8413 = CARTESIAN_POINT('',(0.,0.));
#8414 = VECTOR('',#8415,1.);
#8415 = DIRECTION('',(1.,0.));
#8416 = ( GEOMETRIC_REPRESENTATION_CONTEXT(2) 
PARAMETRIC_REPRESENTATION_CONTEXT() REPRESENTATION_CONTEXT('2D SPACE',''
  ) );
#8417 = ORIENTED_EDGE('',*,*,#8418,.F.);
#8418 = EDGE_CURVE('',#8419,#8396,#8421,.T.);
#8419 = VERTEX_POINT('',#8420);
#8420 = CARTESIAN_POINT('',(18.5,-26.,33.8));
#8421 = SURFACE_CURVE('',#8422,(#8426,#8433),.PCURVE_S1.);
#8422 = LINE('',#8423,#8424);
#8423 = CARTESIAN_POINT('',(18.5,-26.,33.8));
#8424 = VECTOR('',#8425,1.);
#8425 = DIRECTION('',(0.,1.,0.));
#8426 = PCURVE('',#8075,#8427);
#8427 = DEFINITIONAL_REPRESENTATION('',(#8428),#8432);
#8428 = LINE('',#8429,#8430);
#8429 = CARTESIAN_POINT('',(7.693598025148,26.));
#8430 = VECTOR('',#8431,1.);
#8431 = DIRECTION('',(0.,-1.));
#8432 = ( GEOMETRIC_REPRESENTATION_CONTEXT(2) 
PARAMETRIC_REPRESENTATION_CONTEXT() REPRESENTATION_CONTEXT('2D SPACE',''
  ) );
#8433 = PCURVE('',#8434,#8439);
#8434 = PLANE('',#8435);
#8435 = AXIS2_PLACEMENT_3D('',#8436,#8437,#8438);
#8436 = CARTESIAN_POINT('',(18.5,-26.,33.8));
#8437 = DIRECTION('',(0.,0.,1.));
#8438 = DIRECTION('',(1.,0.,0.));
#8439 = DEFINITIONAL_REPRESENTATION('',(#8440),#8444);
#8440 = LINE('',#8441,#8442);
#8441 = CARTESIAN_POINT('',(0.,0.));
#8442 = VECTOR('',#8443,1.);
#8443 = DIRECTION('',(0.,1.));
#8444 = ( GEOMETRIC_REPRESENTATION_CONTEXT(2) 
PARAMETRIC_REPRESENTATION_CONTEXT() REPRESENTATION_CONTEXT('2D SPACE',''
  ) );
#8445 = ORIENTED_EDGE('',*,*,#8446,.F.);
#8446 = EDGE_CURVE('',#8447,#8419,#8449,.T.);
#8447 = VERTEX_POINT('',#8448);
#8448 = CARTESIAN_POINT('',(18.5,-26.,31.8));
#8449 = SURFACE_CURVE('',#8450,(#8454,#8461),.PCURVE_S1.);
#8450 = LINE('',#8451,#8452);
#8451 = CARTESIAN_POINT('',(18.5,-26.,31.8));
#8452 = VECTOR('',#8453,1.);
#8453 = DIRECTION('',(0.,0.,1.));
#8454 = PCURVE('',#8075,#8455);
#8455 = DEFINITIONAL_REPRESENTATION('',(#8456),#8460);
#8456 = LINE('',#8457,#8458);
#8457 = CARTESIAN_POINT('',(5.693598025148,26.));
#8458 = VECTOR('',#8459,1.);
#8459 = DIRECTION('',(1.,0.));
#8460 = ( GEOMETRIC_REPRESENTATION_CONTEXT(2) 
PARAMETRIC_REPRESENTATION_CONTEXT() REPRESENTATION_CONTEXT('2D SPACE',''
  ) );
#8461 = PCURVE('',#8462,#8467);
#8462 = PLANE('',#8463);
#8463 = AXIS2_PLACEMENT_3D('',#8464,#8465,#8466);
#8464 = CARTESIAN_POINT('',(18.5,-26.,31.8));
#8465 = DIRECTION('',(0.,1.,0.));
#8466 = DIRECTION('',(0.,0.,1.));
#8467 = DEFINITIONAL_REPRESENTATION('',(#8468),#8472);
#8468 = LINE('',#8469,#8470);
#8469 = CARTESIAN_POINT('',(0.,0.));
#8470 = VECTOR('',#8471,1.);
#8471 = DIRECTION('',(1.,0.));
#8472 = ( GEOMETRIC_REPRESENTATION_CONTEXT(2) 
PARAMETRIC_REPRESENTATION_CONTEXT() REPRESENTATION_CONTEXT('2D SPACE',''
  ) );
#8473 = ORIENTED_EDGE('',*,*,#8474,.F.);
#8474 = EDGE_CURVE('',#8475,#8447,#8477,.T.);
#8475 = VERTEX_POINT('',#8476);
#8476 = CARTESIAN_POINT('',(18.5,-38.5,31.8));
#8477 = SURFACE_CURVE('',#8478,(#8482,#8489),.PCURVE_S1.);
#8478 = LINE('',#8479,#8480);
#8479 = CARTESIAN_POINT('',(18.5,-38.5,31.8));
#8480 = VECTOR('',#8481,1.);
#8481 = DIRECTION('',(0.,1.,0.));
#8482 = PCURVE('',#8075,#8483);
#8483 = DEFINITIONAL_REPRESENTATION('',(#8484),#8488);
#8484 = LINE('',#8485,#8486);
#8485 = CARTESIAN_POINT('',(5.693598025148,38.5));
#8486 = VECTOR('',#8487,1.);
#8487 = DIRECTION('',(0.,-1.));
#8488 = ( GEOMETRIC_REPRESENTATION_CONTEXT(2) 
PARAMETRIC_REPRESENTATION_CONTEXT() REPRESENTATION_CONTEXT('2D SPACE',''
  ) );
#8489 = PCURVE('',#8490,#8495);
#8490 = PLANE('',#8491);
#8491 = AXIS2_PLACEMENT_3D('',#8492,#8493,#8494);
#8492 = CARTESIAN_POINT('',(18.5,-38.5,31.8));
#8493 = DIRECTION('',(0.,0.,1.));
#8494 = DIRECTION('',(1.,0.,0.));
#8495 = DEFINITIONAL_REPRESENTATION('',(#8496),#8500);
#8496 = LINE('',#8497,#8498);
#8497 = CARTESIAN_POINT('',(0.,0.));
#8498 = VECTOR('',#8499,1.);
#8499 = DIRECTION('',(0.,1.));
#8500 = ( GEOMETRIC_REPRESENTATION_CONTEXT(2) 
PARAMETRIC_REPRESENTATION_CONTEXT() REPRESENTATION_CONTEXT('2D SPACE',''
  ) );
#8501 = ORIENTED_EDGE('',*,*,#8502,.F.);
#8502 = EDGE_CURVE('',#8503,#8475,#8505,.T.);
#8503 = VERTEX_POINT('',#8504);
#8504 = CARTESIAN_POINT('',(18.5,-38.5,26.8));
#8505 = SURFACE_CURVE('',#8506,(#8510,#8517),.PCURVE_S1.);
#8506 = LINE('',#8507,#8508);
#8507 = CARTESIAN_POINT('',(18.5,-38.5,26.8));
#8508 = VECTOR('',#8509,1.);
#8509 = DIRECTION('',(0.,0.,1.));
#8510 = PCURVE('',#8075,#8511);
#8511 = DEFINITIONAL_REPRESENTATION('',(#8512),#8516);
#8512 = LINE('',#8513,#8514);
#8513 = CARTESIAN_POINT('',(0.693598025148,38.5));
#8514 = VECTOR('',#8515,1.);
#8515 = DIRECTION('',(1.,0.));
#8516 = ( GEOMETRIC_REPRESENTATION_CONTEXT(2) 
PARAMETRIC_REPRESENTATION_CONTEXT() REPRESENTATION_CONTEXT('2D SPACE',''
  ) );
#8517 = PCURVE('',#8518,#8523);
#8518 = PLANE('',#8519);
#8519 = AXIS2_PLACEMENT_3D('',#8520,#8521,#8522);
#8520 = CARTESIAN_POINT('',(18.5,-38.5,26.8));
#8521 = DIRECTION('',(0.,1.,0.));
#8522 = DIRECTION('',(0.,0.,1.));
#8523 = DEFINITIONAL_REPRESENTATION('',(#8524),#8528);
#8524 = LINE('',#8525,#8526);
#8525 = CARTESIAN_POINT('',(0.,0.));
#8526 = VECTOR('',#8527,1.);
#8527 = DIRECTION('',(1.,0.));
#8528 = ( GEOMETRIC_REPRESENTATION_CONTEXT(2) 
PARAMETRIC_REPRESENTATION_CONTEXT() REPRESENTATION_CONTEXT('2D SPACE',''
  ) );
#8529 = ORIENTED_EDGE('',*,*,#8530,.F.);
#8530 = EDGE_CURVE('',#8531,#8503,#8533,.T.);
#8531 = VERTEX_POINT('',#8532);
#8532 = CARTESIAN_POINT('',(18.5,-12.65931873503,26.8));
#8533 = SURFACE_CURVE('',#8534,(#8538,#8545),.PCURVE_S1.);
#8534 = LINE('',#8535,#8536);
#8535 = CARTESIAN_POINT('',(18.5,38.5,26.8));
#8536 = VECTOR('',#8537,1.);
#8537 = DIRECTION('',(0.,-1.,0.));
#8538 = PCURVE('',#8075,#8539);
#8539 = DEFINITIONAL_REPRESENTATION('',(#8540),#8544);
#8540 = LINE('',#8541,#8542);
#8541 = CARTESIAN_POINT('',(0.693598025148,-38.5));
#8542 = VECTOR('',#8543,1.);
#8543 = DIRECTION('',(0.,1.));
#8544 = ( GEOMETRIC_REPRESENTATION_CONTEXT(2) 
PARAMETRIC_REPRESENTATION_CONTEXT() REPRESENTATION_CONTEXT('2D SPACE',''
  ) );
#8545 = PCURVE('',#8546,#8551);
#8546 = PLANE('',#8547);
#8547 = AXIS2_PLACEMENT_3D('',#8548,#8549,#8550);
#8548 = CARTESIAN_POINT('',(-50.,-50.,26.8));
#8549 = DIRECTION('',(0.,0.,1.));
#8550 = DIRECTION('',(1.,0.,0.));
#8551 = DEFINITIONAL_REPRESENTATION('',(#8552),#8556);
#8552 = LINE('',#8553,#8554);
#8553 = CARTESIAN_POINT('',(68.5,88.5));
#8554 = VECTOR('',#8555,1.);
#8555 = DIRECTION('',(0.,-1.));
#8556 = ( GEOMETRIC_REPRESENTATION_CONTEXT(2) 
PARAMETRIC_REPRESENTATION_CONTEXT() REPRESENTATION_CONTEXT('2D SPACE',''
  ) );
#8557 = ORIENTED_EDGE('',*,*,#8558,.F.);
#8558 = EDGE_CURVE('',#8233,#8531,#8559,.T.);
#8559 = SURFACE_CURVE('',#8560,(#8611,#8665),.PCURVE_S1.);
#8560 = B_SPLINE_CURVE_WITH_KNOTS('',7,(#8561,#8562,#8563,#8564,#8565,
    #8566,#8567,#8568,#8569,#8570,#8571,#8572,#8573,#8574,#8575,#8576,
    #8577,#8578,#8579,#8580,#8581,#8582,#8583,#8584,#8585,#8586,#8587,
    #8588,#8589,#8590,#8591,#8592,#8593,#8594,#8595,#8596,#8597,#8598,
    #8599,#8600,#8601,#8602,#8603,#8604,#8605,#8606,#8607,#8608,#8609,
    #8610),.UNSPECIFIED.,.F.,.F.,(8,6,6,6,6,6,6,6,8),(0.,0.339268537252,
    0.515126365107,0.684070212938,1.,1.315929787062,1.484873634892,
    1.660731462747,2.),.UNSPECIFIED.);
#8561 = CARTESIAN_POINT('',(18.5,12.659318735032,26.8));
#8562 = CARTESIAN_POINT('',(18.5,12.606014485543,27.756997617361));
#8563 = CARTESIAN_POINT('',(18.5,12.478288042415,28.709836642301));
#8564 = CARTESIAN_POINT('',(18.5,12.276368662387,29.651608554742));
#8565 = CARTESIAN_POINT('',(18.5,12.00096765597,30.575284418486));
#8566 = CARTESIAN_POINT('',(18.5,11.653346592262,31.473730606434));
#8567 = CARTESIAN_POINT('',(18.5,11.235420300511,32.339741510232));
#8568 = CARTESIAN_POINT('',(18.5,10.498225345568,33.594421660884));
#8569 = CARTESIAN_POINT('',(18.5,10.228401698808,34.01208312032));
#8570 = CARTESIAN_POINT('',(18.5,9.940812048135,34.418055136863));
#8571 = CARTESIAN_POINT('',(18.5,9.635906137378,34.811316822739));
#8572 = CARTESIAN_POINT('',(18.5,9.314203363356,35.190851601668));
#8573 = CARTESIAN_POINT('',(18.5,8.976301005056,35.555653932358));
#8574 = CARTESIAN_POINT('',(18.5,8.28335881122,36.240093711793));
#8575 = CARTESIAN_POINT('',(18.5,7.929510320825,36.560947509418));
#8576 = CARTESIAN_POINT('',(18.5,7.561949392246,36.86641699389));
#8577 = CARTESIAN_POINT('',(18.5,7.181354275813,37.155646356102));
#8578 = CARTESIAN_POINT('',(18.5,6.788475498618,37.427813554904));
#8579 = CARTESIAN_POINT('',(18.5,6.384142301596,37.682139463181));
#8580 = CARTESIAN_POINT('',(18.5,5.193444379115,38.358770320412));
#8581 = CARTESIAN_POINT('',(18.5,4.38047315776,38.734874861645));
#8582 = CARTESIAN_POINT('',(18.5,3.536683734418,39.041157251475));
#8583 = CARTESIAN_POINT('',(18.5,2.668996735925,39.273750898301));
#8584 = CARTESIAN_POINT('',(18.5,1.784869999043,39.429871153108));
#8585 = CARTESIAN_POINT('',(18.5,0.892314784638,39.507894736842));
#8586 = CARTESIAN_POINT('',(18.5,-0.892314784637,39.507894736842));
#8587 = CARTESIAN_POINT('',(18.5,-1.784869999049,39.429871153106));
#8588 = CARTESIAN_POINT('',(18.5,-2.668996735916,39.273750898305));
#8589 = CARTESIAN_POINT('',(18.5,-3.536683734429,39.041157251469));
#8590 = CARTESIAN_POINT('',(18.5,-4.380473157755,38.734874861648));
#8591 = CARTESIAN_POINT('',(18.5,-5.193444379118,38.35877032041));
#8592 = CARTESIAN_POINT('',(18.5,-6.384142301598,37.68213946318));
#8593 = CARTESIAN_POINT('',(18.5,-6.78847549862,37.427813554903));
#8594 = CARTESIAN_POINT('',(18.5,-7.181354275814,37.155646356101));
#8595 = CARTESIAN_POINT('',(18.5,-7.561949392248,36.866416993889));
#8596 = CARTESIAN_POINT('',(18.5,-7.929510320826,36.560947509417));
#8597 = CARTESIAN_POINT('',(18.5,-8.283358811222,36.240093711791));
#8598 = CARTESIAN_POINT('',(18.5,-8.976301005058,35.555653932356));
#8599 = CARTESIAN_POINT('',(18.5,-9.314203363358,35.190851601666));
#8600 = CARTESIAN_POINT('',(18.5,-9.635906137379,34.811316822737));
#8601 = CARTESIAN_POINT('',(18.5,-9.940812048137,34.418055136861));
#8602 = CARTESIAN_POINT('',(18.5,-10.22840169881,34.012083120318));
#8603 = CARTESIAN_POINT('',(18.5,-10.49822534556,33.594421660882));
#8604 = CARTESIAN_POINT('',(18.5,-11.23542030051,32.33974151023));
#8605 = CARTESIAN_POINT('',(18.5,-11.65334659226,31.473730606432));
#8606 = CARTESIAN_POINT('',(18.5,-12.00096765597,30.575284418485));
#8607 = CARTESIAN_POINT('',(18.5,-12.27636866238,29.651608554741));
#8608 = CARTESIAN_POINT('',(18.5,-12.47828804241,28.7098366423));
#8609 = CARTESIAN_POINT('',(18.5,-12.60601448554,27.756997617361));
#8610 = CARTESIAN_POINT('',(18.5,-12.65931873503,26.8));
#8611 = PCURVE('',#8075,#8612);
#8612 = DEFINITIONAL_REPRESENTATION('',(#8613),#8664);
#8613 = B_SPLINE_CURVE_WITH_KNOTS('',7,(#8614,#8615,#8616,#8617,#8618,
    #8619,#8620,#8621,#8622,#8623,#8624,#8625,#8626,#8627,#8628,#8629,
    #8630,#8631,#8632,#8633,#8634,#8635,#8636,#8637,#8638,#8639,#8640,
    #8641,#8642,#8643,#8644,#8645,#8646,#8647,#8648,#8649,#8650,#8651,
    #8652,#8653,#8654,#8655,#8656,#8657,#8658,#8659,#8660,#8661,#8662,
    #8663),.UNSPECIFIED.,.F.,.F.,(8,6,6,6,6,6,6,6,8),(0.,0.339268537252,
    0.515126365107,0.684070212938,1.,1.315929787062,1.484873634892,
    1.660731462747,2.),.UNSPECIFIED.);
#8614 = CARTESIAN_POINT('',(0.693598025148,-12.65931873503));
#8615 = CARTESIAN_POINT('',(1.650595642509,-12.60601448554));
#8616 = CARTESIAN_POINT('',(2.603434667448,-12.47828804241));
#8617 = CARTESIAN_POINT('',(3.54520657989,-12.27636866238));
#8618 = CARTESIAN_POINT('',(4.468882443634,-12.00096765597));
#8619 = CARTESIAN_POINT('',(5.367328631582,-11.65334659226));
#8620 = CARTESIAN_POINT('',(6.233339535379,-11.23542030051));
#8621 = CARTESIAN_POINT('',(7.488019686032,-10.49822534556));
#8622 = CARTESIAN_POINT('',(7.905681145467,-10.2284016988));
#8623 = CARTESIAN_POINT('',(8.311653162011,-9.940812048135));
#8624 = CARTESIAN_POINT('',(8.704914847887,-9.635906137378));
#8625 = CARTESIAN_POINT('',(9.084449626815,-9.314203363356));
#8626 = CARTESIAN_POINT('',(9.449251957506,-8.976301005056));
#8627 = CARTESIAN_POINT('',(10.13369173694,-8.28335881122));
#8628 = CARTESIAN_POINT('',(10.454545534566,-7.929510320825));
#8629 = CARTESIAN_POINT('',(10.760015019037,-7.561949392246));
#8630 = CARTESIAN_POINT('',(11.049244381249,-7.181354275813));
#8631 = CARTESIAN_POINT('',(11.321411580052,-6.788475498618));
#8632 = CARTESIAN_POINT('',(11.575737488329,-6.384142301596));
#8633 = CARTESIAN_POINT('',(12.252368345559,-5.193444379115));
#8634 = CARTESIAN_POINT('',(12.628472886792,-4.38047315776));
#8635 = CARTESIAN_POINT('',(12.934755276622,-3.536683734418));
#8636 = CARTESIAN_POINT('',(13.167348923449,-2.668996735925));
#8637 = CARTESIAN_POINT('',(13.323469178255,-1.784869999043));
#8638 = CARTESIAN_POINT('',(13.40149276199,-0.892314784638));
#8639 = CARTESIAN_POINT('',(13.40149276199,0.892314784637));
#8640 = CARTESIAN_POINT('',(13.323469178254,1.784869999049));
#8641 = CARTESIAN_POINT('',(13.167348923453,2.668996735916));
#8642 = CARTESIAN_POINT('',(12.934755276617,3.536683734429));
#8643 = CARTESIAN_POINT('',(12.628472886795,4.380473157755));
#8644 = CARTESIAN_POINT('',(12.252368345558,5.193444379118));
#8645 = CARTESIAN_POINT('',(11.575737488328,6.384142301598));
#8646 = CARTESIAN_POINT('',(11.321411580051,6.78847549862));
#8647 = CARTESIAN_POINT('',(11.049244381248,7.181354275814));
#8648 = CARTESIAN_POINT('',(10.760015019036,7.561949392248));
#8649 = CARTESIAN_POINT('',(10.454545534564,7.929510320826));
#8650 = CARTESIAN_POINT('',(10.133691736939,8.283358811222));
#8651 = CARTESIAN_POINT('',(9.449251957504,8.976301005058));
#8652 = CARTESIAN_POINT('',(9.084449626814,9.314203363358));
#8653 = CARTESIAN_POINT('',(8.704914847885,9.635906137379));
#8654 = CARTESIAN_POINT('',(8.311653162009,9.940812048137));
#8655 = CARTESIAN_POINT('',(7.905681145465,10.22840169881));
#8656 = CARTESIAN_POINT('',(7.48801968603,10.498225345569));
#8657 = CARTESIAN_POINT('',(6.233339535377,11.235420300512));
#8658 = CARTESIAN_POINT('',(5.36732863158,11.653346592263));
#8659 = CARTESIAN_POINT('',(4.468882443632,12.00096765597));
#8660 = CARTESIAN_POINT('',(3.545206579889,12.276368662387));
#8661 = CARTESIAN_POINT('',(2.603434667447,12.478288042415));
#8662 = CARTESIAN_POINT('',(1.650595642508,12.606014485543));
#8663 = CARTESIAN_POINT('',(0.693598025148,12.659318735032));
#8664 = ( GEOMETRIC_REPRESENTATION_CONTEXT(2) 
PARAMETRIC_REPRESENTATION_CONTEXT() REPRESENTATION_CONTEXT('2D SPACE',''
  ) );
#8665 = PCURVE('',#8666,#8674);
#8666 = SURFACE_OF_LINEAR_EXTRUSION('',#8667,#8672);
#8667 = ELLIPSE('',#8668,13.507894736842,12.681578947368);
#8668 = AXIS2_PLACEMENT_3D('',#8669,#8670,#8671);
#8669 = CARTESIAN_POINT('',(17.5,0.,26.));
#8670 = DIRECTION('',(1.,0.,-0.));
#8671 = DIRECTION('',(0.,1.110223024625E-16,1.));
#8672 = VECTOR('',#8673,1.);
#8673 = DIRECTION('',(-1.,-0.,-0.));
#8674 = DEFINITIONAL_REPRESENTATION('',(#8675),#8745);
#8675 = B_SPLINE_CURVE_WITH_KNOTS('',3,(#8676,#8677,#8678,#8679,#8680,
    #8681,#8682,#8683,#8684,#8685,#8686,#8687,#8688,#8689,#8690,#8691,
    #8692,#8693,#8694,#8695,#8696,#8697,#8698,#8699,#8700,#8701,#8702,
    #8703,#8704,#8705,#8706,#8707,#8708,#8709,#8710,#8711,#8712,#8713,
    #8714,#8715,#8716,#8717,#8718,#8719,#8720,#8721,#8722,#8723,#8724,
    #8725,#8726,#8727,#8728,#8729,#8730,#8731,#8732,#8733,#8734,#8735,
    #8736,#8737,#8738,#8739,#8740,#8741,#8742,#8743,#8744),
  .UNSPECIFIED.,.F.,.F.,(4,1,1,1,1,1,1,1,1,1,1,1,1,1,1,1,1,1,1,1,1,1,1,1
    ,1,1,1,1,1,1,1,1,1,1,1,1,1,1,1,1,1,1,1,1,1,1,1,1,1,1,1,1,1,1,1,1,1,1
    ,1,1,1,1,1,1,1,1,4),(0.,3.030303030302E-02,6.060606060605E-02,
    9.090909090907E-02,0.121212121212,0.151515151515,0.181818181818,
    0.212121212121,0.242424242424,0.272727272727,0.30303030303,
    0.333333333333,0.363636363636,0.393939393939,0.424242424242,
    0.454545454545,0.484848484848,0.515151515151,0.545454545454,
    0.575757575757,0.60606060606,0.636363636364,0.666666666667,
    0.69696969697,0.727272727273,0.757575757576,0.787878787879,
    0.818181818182,0.848484848485,0.878787878788,0.909090909091,
    0.939393939394,0.969696969697,1.,1.030303030303,1.060606060606,
    1.090909090909,1.121212121212,1.151515151515,1.181818181818,
    1.212121212121,1.242424242424,1.272727272727,1.30303030303,
    1.333333333333,1.363636363636,1.393939393939,1.424242424242,
    1.454545454545,1.484848484848,1.515151515151,1.545454545454,
    1.575757575757,1.60606060606,1.636363636363,1.666666666666,
    1.696969696969,1.727272727272,1.757575757575,1.787878787878,
    1.818181818181,1.848484848485,1.878787878788,1.909090909091,
    1.939393939394,1.969696969697,2.),.QUASI_UNIFORM_KNOTS.);
#8676 = CARTESIAN_POINT('',(4.771648282406,-1.));
#8677 = CARTESIAN_POINT('',(4.786439519912,-1.));
#8678 = CARTESIAN_POINT('',(4.816026610787,-1.));
#8679 = CARTESIAN_POINT('',(4.86043127917,-1.));
#8680 = CARTESIAN_POINT('',(4.904870304932,-1.));
#8681 = CARTESIAN_POINT('',(4.949353520499,-1.));
#8682 = CARTESIAN_POINT('',(4.99389047586,-1.));
#8683 = CARTESIAN_POINT('',(5.038490412917,-1.));
#8684 = CARTESIAN_POINT('',(5.083162292512,-1.));
#8685 = CARTESIAN_POINT('',(5.12791479191,-1.));
#8686 = CARTESIAN_POINT('',(5.172756306371,-1.));
#8687 = CARTESIAN_POINT('',(5.217694897159,-1.));
#8688 = CARTESIAN_POINT('',(5.262738379134,-1.));
#8689 = CARTESIAN_POINT('',(5.307893830894,-1.));
#8690 = CARTESIAN_POINT('',(5.353165498158,-1.));
#8691 = CARTESIAN_POINT('',(5.398558544988,-1.));
#8692 = CARTESIAN_POINT('',(5.444076996829,-1.));
#8693 = CARTESIAN_POINT('',(5.489724170282,-1.));
#8694 = CARTESIAN_POINT('',(5.535502235881,-1.));
#8695 = CARTESIAN_POINT('',(5.581412710338,-1.));
#8696 = CARTESIAN_POINT('',(5.627455413711,-1.));
#8697 = CARTESIAN_POINT('',(5.673628970179,-1.));
#8698 = CARTESIAN_POINT('',(5.719931105612,-1.));
#8699 = CARTESIAN_POINT('',(5.766358705806,-1.));
#8700 = CARTESIAN_POINT('',(5.812905760812,-1.));
#8701 = CARTESIAN_POINT('',(5.859574663158,-1.));
#8702 = CARTESIAN_POINT('',(5.906352201078,-1.));
#8703 = CARTESIAN_POINT('',(5.953227731226,-1.));
#8704 = CARTESIAN_POINT('',(6.000190749593,-1.));
#8705 = CARTESIAN_POINT('',(6.047231011722,-1.));
#8706 = CARTESIAN_POINT('',(6.094337949782,-1.));
#8707 = CARTESIAN_POINT('',(6.141500349617,-1.));
#8708 = CARTESIAN_POINT('',(6.188705597648,-1.));
#8709 = CARTESIAN_POINT('',(6.235940189605,-1.));
#8710 = CARTESIAN_POINT('',(6.283185307179,-1.));
#8711 = CARTESIAN_POINT('',(6.330430424754,-1.));
#8712 = CARTESIAN_POINT('',(6.377665016711,-1.));
#8713 = CARTESIAN_POINT('',(6.424870264742,-1.));
#8714 = CARTESIAN_POINT('',(6.472032664577,-1.));
#8715 = CARTESIAN_POINT('',(6.519139602637,-1.));
#8716 = CARTESIAN_POINT('',(6.566179864766,-1.));
#8717 = CARTESIAN_POINT('',(6.613142883133,-1.));
#8718 = CARTESIAN_POINT('',(6.660018413281,-1.));
#8719 = CARTESIAN_POINT('',(6.706795951201,-1.));
#8720 = CARTESIAN_POINT('',(6.753464853548,-1.));
#8721 = CARTESIAN_POINT('',(6.800011908554,-1.));
#8722 = CARTESIAN_POINT('',(6.846439508747,-1.));
#8723 = CARTESIAN_POINT('',(6.892741644181,-1.));
#8724 = CARTESIAN_POINT('',(6.938915200649,-1.));
#8725 = CARTESIAN_POINT('',(6.984957904021,-1.));
#8726 = CARTESIAN_POINT('',(7.030868378478,-1.));
#8727 = CARTESIAN_POINT('',(7.076646444078,-1.));
#8728 = CARTESIAN_POINT('',(7.122293617531,-1.));
#8729 = CARTESIAN_POINT('',(7.167812069371,-1.));
#8730 = CARTESIAN_POINT('',(7.213205116201,-1.));
#8731 = CARTESIAN_POINT('',(7.258476783466,-1.));
#8732 = CARTESIAN_POINT('',(7.303632235225,-1.));
#8733 = CARTESIAN_POINT('',(7.348675717201,-1.));
#8734 = CARTESIAN_POINT('',(7.393614307988,-1.));
#8735 = CARTESIAN_POINT('',(7.438455822449,-1.));
#8736 = CARTESIAN_POINT('',(7.483208321847,-1.));
#8737 = CARTESIAN_POINT('',(7.527880201442,-1.));
#8738 = CARTESIAN_POINT('',(7.572480138499,-1.));
#8739 = CARTESIAN_POINT('',(7.61701709386,-1.));
#8740 = CARTESIAN_POINT('',(7.661500309427,-1.));
#8741 = CARTESIAN_POINT('',(7.70593933519,-1.));
#8742 = CARTESIAN_POINT('',(7.750344003573,-1.));
#8743 = CARTESIAN_POINT('',(7.779931094447,-1.));
#8744 = CARTESIAN_POINT('',(7.794722331953,-1.));
#8745 = ( GEOMETRIC_REPRESENTATION_CONTEXT(2) 
PARAMETRIC_REPRESENTATION_CONTEXT() REPRESENTATION_CONTEXT('2D SPACE',''
  ) );
#8746 = ADVANCED_FACE('',(#8747),#8213,.T.);
#8747 = FACE_BOUND('',#8748,.T.);
#8748 = EDGE_LOOP('',(#8749,#8772,#8773,#8774));
#8749 = ORIENTED_EDGE('',*,*,#8750,.F.);
#8750 = EDGE_CURVE('',#8173,#8751,#8753,.T.);
#8751 = VERTEX_POINT('',#8752);
#8752 = CARTESIAN_POINT('',(27.5,-15.,33.8));
#8753 = SURFACE_CURVE('',#8754,(#8758,#8765),.PCURVE_S1.);
#8754 = LINE('',#8755,#8756);
#8755 = CARTESIAN_POINT('',(27.5,-15.,31.8));
#8756 = VECTOR('',#8757,1.);
#8757 = DIRECTION('',(0.,0.,1.));
#8758 = PCURVE('',#8213,#8759);
#8759 = DEFINITIONAL_REPRESENTATION('',(#8760),#8764);
#8760 = LINE('',#8761,#8762);
#8761 = CARTESIAN_POINT('',(0.,9.));
#8762 = VECTOR('',#8763,1.);
#8763 = DIRECTION('',(1.,0.));
#8764 = ( GEOMETRIC_REPRESENTATION_CONTEXT(2) 
PARAMETRIC_REPRESENTATION_CONTEXT() REPRESENTATION_CONTEXT('2D SPACE',''
  ) );
#8765 = PCURVE('',#8160,#8766);
#8766 = DEFINITIONAL_REPRESENTATION('',(#8767),#8771);
#8767 = LINE('',#8768,#8769);
#8768 = CARTESIAN_POINT('',(5.693598025148,15.));
#8769 = VECTOR('',#8770,1.);
#8770 = DIRECTION('',(1.,0.));
#8771 = ( GEOMETRIC_REPRESENTATION_CONTEXT(2) 
PARAMETRIC_REPRESENTATION_CONTEXT() REPRESENTATION_CONTEXT('2D SPACE',''
  ) );
#8772 = ORIENTED_EDGE('',*,*,#8195,.T.);
#8773 = ORIENTED_EDGE('',*,*,#8395,.T.);
#8774 = ORIENTED_EDGE('',*,*,#8775,.T.);
#8775 = EDGE_CURVE('',#8396,#8751,#8776,.T.);
#8776 = SURFACE_CURVE('',#8777,(#8781,#8788),.PCURVE_S1.);
#8777 = LINE('',#8778,#8779);
#8778 = CARTESIAN_POINT('',(18.5,-15.,33.8));
#8779 = VECTOR('',#8780,1.);
#8780 = DIRECTION('',(1.,0.,0.));
#8781 = PCURVE('',#8213,#8782);
#8782 = DEFINITIONAL_REPRESENTATION('',(#8783),#8787);
#8783 = LINE('',#8784,#8785);
#8784 = CARTESIAN_POINT('',(2.,0.));
#8785 = VECTOR('',#8786,1.);
#8786 = DIRECTION('',(0.,1.));
#8787 = ( GEOMETRIC_REPRESENTATION_CONTEXT(2) 
PARAMETRIC_REPRESENTATION_CONTEXT() REPRESENTATION_CONTEXT('2D SPACE',''
  ) );
#8788 = PCURVE('',#8434,#8789);
#8789 = DEFINITIONAL_REPRESENTATION('',(#8790),#8794);
#8790 = LINE('',#8791,#8792);
#8791 = CARTESIAN_POINT('',(0.,11.));
#8792 = VECTOR('',#8793,1.);
#8793 = DIRECTION('',(1.,0.));
#8794 = ( GEOMETRIC_REPRESENTATION_CONTEXT(2) 
PARAMETRIC_REPRESENTATION_CONTEXT() REPRESENTATION_CONTEXT('2D SPACE',''
  ) );
#8795 = ADVANCED_FACE('',(#8796),#8160,.T.);
#8796 = FACE_BOUND('',#8797,.T.);
#8797 = EDGE_LOOP('',(#8798,#8823,#8846,#8869,#9052,#9075,#9098,#9121,
    #9144,#9167,#9188,#9189,#9190,#9191,#9214));
#8798 = ORIENTED_EDGE('',*,*,#8799,.F.);
#8799 = EDGE_CURVE('',#8800,#8802,#8804,.T.);
#8800 = VERTEX_POINT('',#8801);
#8801 = CARTESIAN_POINT('',(27.5,-38.5,31.8));
#8802 = VERTEX_POINT('',#8803);
#8803 = CARTESIAN_POINT('',(27.5,-26.,31.8));
#8804 = SURFACE_CURVE('',#8805,(#8809,#8816),.PCURVE_S1.);
#8805 = LINE('',#8806,#8807);
#8806 = CARTESIAN_POINT('',(27.5,-38.5,31.8));
#8807 = VECTOR('',#8808,1.);
#8808 = DIRECTION('',(0.,1.,0.));
#8809 = PCURVE('',#8160,#8810);
#8810 = DEFINITIONAL_REPRESENTATION('',(#8811),#8815);
#8811 = LINE('',#8812,#8813);
#8812 = CARTESIAN_POINT('',(5.693598025148,38.5));
#8813 = VECTOR('',#8814,1.);
#8814 = DIRECTION('',(0.,-1.));
#8815 = ( GEOMETRIC_REPRESENTATION_CONTEXT(2) 
PARAMETRIC_REPRESENTATION_CONTEXT() REPRESENTATION_CONTEXT('2D SPACE',''
  ) );
#8816 = PCURVE('',#8490,#8817);
#8817 = DEFINITIONAL_REPRESENTATION('',(#8818),#8822);
#8818 = LINE('',#8819,#8820);
#8819 = CARTESIAN_POINT('',(9.,0.));
#8820 = VECTOR('',#8821,1.);
#8821 = DIRECTION('',(0.,1.));
#8822 = ( GEOMETRIC_REPRESENTATION_CONTEXT(2) 
PARAMETRIC_REPRESENTATION_CONTEXT() REPRESENTATION_CONTEXT('2D SPACE',''
  ) );
#8823 = ORIENTED_EDGE('',*,*,#8824,.F.);
#8824 = EDGE_CURVE('',#8825,#8800,#8827,.T.);
#8825 = VERTEX_POINT('',#8826);
#8826 = CARTESIAN_POINT('',(27.5,-38.5,26.8));
#8827 = SURFACE_CURVE('',#8828,(#8832,#8839),.PCURVE_S1.);
#8828 = LINE('',#8829,#8830);
#8829 = CARTESIAN_POINT('',(27.5,-38.5,26.8));
#8830 = VECTOR('',#8831,1.);
#8831 = DIRECTION('',(0.,0.,1.));
#8832 = PCURVE('',#8160,#8833);
#8833 = DEFINITIONAL_REPRESENTATION('',(#8834),#8838);
#8834 = LINE('',#8835,#8836);
#8835 = CARTESIAN_POINT('',(0.693598025148,38.5));
#8836 = VECTOR('',#8837,1.);
#8837 = DIRECTION('',(1.,0.));
#8838 = ( GEOMETRIC_REPRESENTATION_CONTEXT(2) 
PARAMETRIC_REPRESENTATION_CONTEXT() REPRESENTATION_CONTEXT('2D SPACE',''
  ) );
#8839 = PCURVE('',#8518,#8840);
#8840 = DEFINITIONAL_REPRESENTATION('',(#8841),#8845);
#8841 = LINE('',#8842,#8843);
#8842 = CARTESIAN_POINT('',(0.,9.));
#8843 = VECTOR('',#8844,1.);
#8844 = DIRECTION('',(1.,0.));
#8845 = ( GEOMETRIC_REPRESENTATION_CONTEXT(2) 
PARAMETRIC_REPRESENTATION_CONTEXT() REPRESENTATION_CONTEXT('2D SPACE',''
  ) );
#8846 = ORIENTED_EDGE('',*,*,#8847,.T.);
#8847 = EDGE_CURVE('',#8825,#8848,#8850,.T.);
#8848 = VERTEX_POINT('',#8849);
#8849 = CARTESIAN_POINT('',(27.5,-12.65931873503,26.8));
#8850 = SURFACE_CURVE('',#8851,(#8855,#8862),.PCURVE_S1.);
#8851 = LINE('',#8852,#8853);
#8852 = CARTESIAN_POINT('',(27.5,-38.5,26.8));
#8853 = VECTOR('',#8854,1.);
#8854 = DIRECTION('',(0.,1.,0.));
#8855 = PCURVE('',#8160,#8856);
#8856 = DEFINITIONAL_REPRESENTATION('',(#8857),#8861);
#8857 = LINE('',#8858,#8859);
#8858 = CARTESIAN_POINT('',(0.693598025148,38.5));
#8859 = VECTOR('',#8860,1.);
#8860 = DIRECTION('',(0.,-1.));
#8861 = ( GEOMETRIC_REPRESENTATION_CONTEXT(2) 
PARAMETRIC_REPRESENTATION_CONTEXT() REPRESENTATION_CONTEXT('2D SPACE',''
  ) );
#8862 = PCURVE('',#8546,#8863);
#8863 = DEFINITIONAL_REPRESENTATION('',(#8864),#8868);
#8864 = LINE('',#8865,#8866);
#8865 = CARTESIAN_POINT('',(77.5,11.5));
#8866 = VECTOR('',#8867,1.);
#8867 = DIRECTION('',(0.,1.));
#8868 = ( GEOMETRIC_REPRESENTATION_CONTEXT(2) 
PARAMETRIC_REPRESENTATION_CONTEXT() REPRESENTATION_CONTEXT('2D SPACE',''
  ) );
#8869 = ORIENTED_EDGE('',*,*,#8870,.T.);
#8870 = EDGE_CURVE('',#8848,#8871,#8873,.T.);
#8871 = VERTEX_POINT('',#8872);
#8872 = CARTESIAN_POINT('',(27.5,12.659318735032,26.8));
#8873 = SURFACE_CURVE('',#8874,(#8925,#8979),.PCURVE_S1.);
#8874 = B_SPLINE_CURVE_WITH_KNOTS('',7,(#8875,#8876,#8877,#8878,#8879,
    #8880,#8881,#8882,#8883,#8884,#8885,#8886,#8887,#8888,#8889,#8890,
    #8891,#8892,#8893,#8894,#8895,#8896,#8897,#8898,#8899,#8900,#8901,
    #8902,#8903,#8904,#8905,#8906,#8907,#8908,#8909,#8910,#8911,#8912,
    #8913,#8914,#8915,#8916,#8917,#8918,#8919,#8920,#8921,#8922,#8923,
    #8924),.UNSPECIFIED.,.F.,.F.,(8,6,6,6,6,6,6,6,8),(0.,0.339268537252,
    0.515126365107,0.684070212938,1.,1.315929787062,1.484873634893,
    1.660731462748,2.),.UNSPECIFIED.);
#8875 = CARTESIAN_POINT('',(27.5,-12.65931873503,26.8));
#8876 = CARTESIAN_POINT('',(27.5,-12.60601448554,27.756997617361));
#8877 = CARTESIAN_POINT('',(27.5,-12.47828804241,28.7098366423));
#8878 = CARTESIAN_POINT('',(27.5,-12.27636866238,29.651608554741));
#8879 = CARTESIAN_POINT('',(27.5,-12.00096765597,30.575284418485));
#8880 = CARTESIAN_POINT('',(27.5,-11.65334659226,31.473730606432));
#8881 = CARTESIAN_POINT('',(27.5,-11.23542030051,32.33974151023));
#8882 = CARTESIAN_POINT('',(27.5,-10.49822534556,33.594421660882));
#8883 = CARTESIAN_POINT('',(27.5,-10.22840169881,34.012083120318));
#8884 = CARTESIAN_POINT('',(27.5,-9.940812048137,34.418055136861));
#8885 = CARTESIAN_POINT('',(27.5,-9.635906137379,34.811316822737));
#8886 = CARTESIAN_POINT('',(27.5,-9.314203363358,35.190851601666));
#8887 = CARTESIAN_POINT('',(27.5,-8.976301005058,35.555653932356));
#8888 = CARTESIAN_POINT('',(27.5,-8.283358811222,36.240093711791));
#8889 = CARTESIAN_POINT('',(27.5,-7.929510320826,36.560947509417));
#8890 = CARTESIAN_POINT('',(27.5,-7.561949392248,36.866416993889));
#8891 = CARTESIAN_POINT('',(27.5,-7.181354275814,37.155646356101));
#8892 = CARTESIAN_POINT('',(27.5,-6.78847549862,37.427813554903));
#8893 = CARTESIAN_POINT('',(27.5,-6.384142301598,37.68213946318));
#8894 = CARTESIAN_POINT('',(27.5,-5.193444379118,38.35877032041));
#8895 = CARTESIAN_POINT('',(27.5,-4.380473157755,38.734874861648));
#8896 = CARTESIAN_POINT('',(27.5,-3.536683734429,39.041157251469));
#8897 = CARTESIAN_POINT('',(27.5,-2.668996735916,39.273750898305));
#8898 = CARTESIAN_POINT('',(27.5,-1.784869999049,39.429871153106));
#8899 = CARTESIAN_POINT('',(27.5,-0.892314784637,39.507894736842));
#8900 = CARTESIAN_POINT('',(27.5,0.892314784638,39.507894736842));
#8901 = CARTESIAN_POINT('',(27.5,1.784869999043,39.429871153108));
#8902 = CARTESIAN_POINT('',(27.5,2.668996735925,39.273750898301));
#8903 = CARTESIAN_POINT('',(27.5,3.536683734418,39.041157251475));
#8904 = CARTESIAN_POINT('',(27.5,4.38047315776,38.734874861645));
#8905 = CARTESIAN_POINT('',(27.5,5.193444379115,38.358770320412));
#8906 = CARTESIAN_POINT('',(27.5,6.384142301596,37.682139463181));
#8907 = CARTESIAN_POINT('',(27.5,6.788475498618,37.427813554904));
#8908 = CARTESIAN_POINT('',(27.5,7.181354275813,37.155646356102));
#8909 = CARTESIAN_POINT('',(27.5,7.561949392246,36.86641699389));
#8910 = CARTESIAN_POINT('',(27.5,7.929510320825,36.560947509418));
#8911 = CARTESIAN_POINT('',(27.5,8.28335881122,36.240093711793));
#8912 = CARTESIAN_POINT('',(27.5,8.976301005056,35.555653932358));
#8913 = CARTESIAN_POINT('',(27.5,9.314203363356,35.190851601668));
#8914 = CARTESIAN_POINT('',(27.5,9.635906137378,34.811316822739));
#8915 = CARTESIAN_POINT('',(27.5,9.940812048135,34.418055136863));
#8916 = CARTESIAN_POINT('',(27.5,10.228401698808,34.01208312032));
#8917 = CARTESIAN_POINT('',(27.5,10.498225345568,33.594421660884));
#8918 = CARTESIAN_POINT('',(27.5,11.235420300511,32.339741510232));
#8919 = CARTESIAN_POINT('',(27.5,11.653346592262,31.473730606434));
#8920 = CARTESIAN_POINT('',(27.5,12.00096765597,30.575284418486));
#8921 = CARTESIAN_POINT('',(27.5,12.276368662387,29.651608554742));
#8922 = CARTESIAN_POINT('',(27.5,12.478288042415,28.709836642301));
#8923 = CARTESIAN_POINT('',(27.5,12.606014485543,27.756997617361));
#8924 = CARTESIAN_POINT('',(27.5,12.659318735032,26.8));
#8925 = PCURVE('',#8160,#8926);
#8926 = DEFINITIONAL_REPRESENTATION('',(#8927),#8978);
#8927 = B_SPLINE_CURVE_WITH_KNOTS('',7,(#8928,#8929,#8930,#8931,#8932,
    #8933,#8934,#8935,#8936,#8937,#8938,#8939,#8940,#8941,#8942,#8943,
    #8944,#8945,#8946,#8947,#8948,#8949,#8950,#8951,#8952,#8953,#8954,
    #8955,#8956,#8957,#8958,#8959,#8960,#8961,#8962,#8963,#8964,#8965,
    #8966,#8967,#8968,#8969,#8970,#8971,#8972,#8973,#8974,#8975,#8976,
    #8977),.UNSPECIFIED.,.F.,.F.,(8,6,6,6,6,6,6,6,8),(0.,0.339268537252,
    0.515126365107,0.684070212938,1.,1.315929787062,1.484873634893,
    1.660731462748,2.),.UNSPECIFIED.);
#8928 = CARTESIAN_POINT('',(0.693598025148,12.659318735032));
#8929 = CARTESIAN_POINT('',(1.650595642508,12.606014485543));
#8930 = CARTESIAN_POINT('',(2.603434667447,12.478288042415));
#8931 = CARTESIAN_POINT('',(3.545206579889,12.276368662387));
#8932 = CARTESIAN_POINT('',(4.468882443632,12.00096765597));
#8933 = CARTESIAN_POINT('',(5.36732863158,11.653346592263));
#8934 = CARTESIAN_POINT('',(6.233339535377,11.235420300512));
#8935 = CARTESIAN_POINT('',(7.48801968603,10.498225345569));
#8936 = CARTESIAN_POINT('',(7.905681145465,10.22840169881));
#8937 = CARTESIAN_POINT('',(8.311653162009,9.940812048137));
#8938 = CARTESIAN_POINT('',(8.704914847885,9.635906137379));
#8939 = CARTESIAN_POINT('',(9.084449626814,9.314203363358));
#8940 = CARTESIAN_POINT('',(9.449251957504,8.976301005058));
#8941 = CARTESIAN_POINT('',(10.133691736939,8.283358811222));
#8942 = CARTESIAN_POINT('',(10.454545534564,7.929510320826));
#8943 = CARTESIAN_POINT('',(10.760015019036,7.561949392248));
#8944 = CARTESIAN_POINT('',(11.049244381248,7.181354275814));
#8945 = CARTESIAN_POINT('',(11.321411580051,6.78847549862));
#8946 = CARTESIAN_POINT('',(11.575737488328,6.384142301598));
#8947 = CARTESIAN_POINT('',(12.252368345558,5.193444379118));
#8948 = CARTESIAN_POINT('',(12.628472886795,4.380473157755));
#8949 = CARTESIAN_POINT('',(12.934755276617,3.536683734429));
#8950 = CARTESIAN_POINT('',(13.167348923453,2.668996735916));
#8951 = CARTESIAN_POINT('',(13.323469178254,1.784869999049));
#8952 = CARTESIAN_POINT('',(13.40149276199,0.892314784637));
#8953 = CARTESIAN_POINT('',(13.40149276199,-0.892314784638));
#8954 = CARTESIAN_POINT('',(13.323469178255,-1.784869999043));
#8955 = CARTESIAN_POINT('',(13.167348923449,-2.668996735925));
#8956 = CARTESIAN_POINT('',(12.934755276622,-3.536683734418));
#8957 = CARTESIAN_POINT('',(12.628472886792,-4.38047315776));
#8958 = CARTESIAN_POINT('',(12.252368345559,-5.193444379115));
#8959 = CARTESIAN_POINT('',(11.575737488329,-6.384142301596));
#8960 = CARTESIAN_POINT('',(11.321411580052,-6.788475498618));
#8961 = CARTESIAN_POINT('',(11.049244381249,-7.181354275813));
#8962 = CARTESIAN_POINT('',(10.760015019037,-7.561949392246));
#8963 = CARTESIAN_POINT('',(10.454545534566,-7.929510320825));
#8964 = CARTESIAN_POINT('',(10.13369173694,-8.28335881122));
#8965 = CARTESIAN_POINT('',(9.449251957506,-8.976301005056));
#8966 = CARTESIAN_POINT('',(9.084449626815,-9.314203363356));
#8967 = CARTESIAN_POINT('',(8.704914847887,-9.635906137378));
#8968 = CARTESIAN_POINT('',(8.311653162011,-9.940812048135));
#8969 = CARTESIAN_POINT('',(7.905681145467,-10.2284016988));
#8970 = CARTESIAN_POINT('',(7.488019686032,-10.49822534556));
#8971 = CARTESIAN_POINT('',(6.233339535379,-11.23542030051));
#8972 = CARTESIAN_POINT('',(5.367328631582,-11.65334659226));
#8973 = CARTESIAN_POINT('',(4.468882443634,-12.00096765597));
#8974 = CARTESIAN_POINT('',(3.54520657989,-12.27636866238));
#8975 = CARTESIAN_POINT('',(2.603434667448,-12.47828804241));
#8976 = CARTESIAN_POINT('',(1.650595642509,-12.60601448554));
#8977 = CARTESIAN_POINT('',(0.693598025148,-12.65931873503));
#8978 = ( GEOMETRIC_REPRESENTATION_CONTEXT(2) 
PARAMETRIC_REPRESENTATION_CONTEXT() REPRESENTATION_CONTEXT('2D SPACE',''
  ) );
#8979 = PCURVE('',#8666,#8980);
#8980 = DEFINITIONAL_REPRESENTATION('',(#8981),#9051);
#8981 = B_SPLINE_CURVE_WITH_KNOTS('',3,(#8982,#8983,#8984,#8985,#8986,
    #8987,#8988,#8989,#8990,#8991,#8992,#8993,#8994,#8995,#8996,#8997,
    #8998,#8999,#9000,#9001,#9002,#9003,#9004,#9005,#9006,#9007,#9008,
    #9009,#9010,#9011,#9012,#9013,#9014,#9015,#9016,#9017,#9018,#9019,
    #9020,#9021,#9022,#9023,#9024,#9025,#9026,#9027,#9028,#9029,#9030,
    #9031,#9032,#9033,#9034,#9035,#9036,#9037,#9038,#9039,#9040,#9041,
    #9042,#9043,#9044,#9045,#9046,#9047,#9048,#9049,#9050),
  .UNSPECIFIED.,.F.,.F.,(4,1,1,1,1,1,1,1,1,1,1,1,1,1,1,1,1,1,1,1,1,1,1,1
    ,1,1,1,1,1,1,1,1,1,1,1,1,1,1,1,1,1,1,1,1,1,1,1,1,1,1,1,1,1,1,1,1,1,1
    ,1,1,1,1,1,1,1,1,4),(0.,3.030303030304E-02,6.060606060607E-02,
    9.090909090911E-02,0.121212121212,0.151515151515,0.181818181818,
    0.212121212121,0.242424242424,0.272727272727,0.30303030303,
    0.333333333333,0.363636363636,0.393939393939,0.424242424242,
    0.454545454546,0.484848484849,0.515151515152,0.545454545455,
    0.575757575758,0.606060606061,0.636363636364,0.666666666667,
    0.69696969697,0.727272727273,0.757575757576,0.787878787879,
    0.818181818182,0.848484848485,0.878787878788,0.909090909091,
    0.939393939394,0.969696969697,1.,1.030303030303,1.060606060606,
    1.090909090909,1.121212121212,1.151515151515,1.181818181818,
    1.212121212121,1.242424242424,1.272727272727,1.303030303031,
    1.333333333334,1.363636363637,1.39393939394,1.424242424243,
    1.454545454546,1.484848484849,1.515151515152,1.545454545455,
    1.575757575758,1.606060606061,1.636363636364,1.666666666667,
    1.69696969697,1.727272727273,1.757575757576,1.787878787879,
    1.818181818182,1.848484848485,1.878787878788,1.909090909091,
    1.939393939394,1.969696969697,2.),.QUASI_UNIFORM_KNOTS.);
#8982 = CARTESIAN_POINT('',(7.794722331953,-10.));
#8983 = CARTESIAN_POINT('',(7.779931094447,-10.));
#8984 = CARTESIAN_POINT('',(7.750344003573,-10.));
#8985 = CARTESIAN_POINT('',(7.70593933519,-10.));
#8986 = CARTESIAN_POINT('',(7.661500309427,-10.));
#8987 = CARTESIAN_POINT('',(7.61701709386,-10.));
#8988 = CARTESIAN_POINT('',(7.572480138499,-10.));
#8989 = CARTESIAN_POINT('',(7.527880201442,-10.));
#8990 = CARTESIAN_POINT('',(7.483208321847,-10.));
#8991 = CARTESIAN_POINT('',(7.438455822449,-10.));
#8992 = CARTESIAN_POINT('',(7.393614307988,-10.));
#8993 = CARTESIAN_POINT('',(7.348675717201,-10.));
#8994 = CARTESIAN_POINT('',(7.303632235225,-10.));
#8995 = CARTESIAN_POINT('',(7.258476783466,-10.));
#8996 = CARTESIAN_POINT('',(7.213205116201,-10.));
#8997 = CARTESIAN_POINT('',(7.167812069371,-10.));
#8998 = CARTESIAN_POINT('',(7.122293617531,-10.));
#8999 = CARTESIAN_POINT('',(7.076646444078,-10.));
#9000 = CARTESIAN_POINT('',(7.030868378478,-10.));
#9001 = CARTESIAN_POINT('',(6.984957904021,-10.));
#9002 = CARTESIAN_POINT('',(6.938915200649,-10.));
#9003 = CARTESIAN_POINT('',(6.892741644181,-10.));
#9004 = CARTESIAN_POINT('',(6.846439508747,-10.));
#9005 = CARTESIAN_POINT('',(6.800011908554,-10.));
#9006 = CARTESIAN_POINT('',(6.753464853548,-10.));
#9007 = CARTESIAN_POINT('',(6.706795951201,-10.));
#9008 = CARTESIAN_POINT('',(6.660018413281,-10.));
#9009 = CARTESIAN_POINT('',(6.613142883133,-10.));
#9010 = CARTESIAN_POINT('',(6.566179864766,-10.));
#9011 = CARTESIAN_POINT('',(6.519139602637,-10.));
#9012 = CARTESIAN_POINT('',(6.472032664577,-10.));
#9013 = CARTESIAN_POINT('',(6.424870264742,-10.));
#9014 = CARTESIAN_POINT('',(6.377665016711,-10.));
#9015 = CARTESIAN_POINT('',(6.330430424754,-10.));
#9016 = CARTESIAN_POINT('',(6.283185307179,-10.));
#9017 = CARTESIAN_POINT('',(6.235940189605,-10.));
#9018 = CARTESIAN_POINT('',(6.188705597648,-10.));
#9019 = CARTESIAN_POINT('',(6.141500349617,-10.));
#9020 = CARTESIAN_POINT('',(6.094337949782,-10.));
#9021 = CARTESIAN_POINT('',(6.047231011722,-10.));
#9022 = CARTESIAN_POINT('',(6.000190749593,-10.));
#9023 = CARTESIAN_POINT('',(5.953227731226,-10.));
#9024 = CARTESIAN_POINT('',(5.906352201078,-10.));
#9025 = CARTESIAN_POINT('',(5.859574663158,-10.));
#9026 = CARTESIAN_POINT('',(5.812905760812,-10.));
#9027 = CARTESIAN_POINT('',(5.766358705806,-10.));
#9028 = CARTESIAN_POINT('',(5.719931105612,-10.));
#9029 = CARTESIAN_POINT('',(5.673628970179,-10.));
#9030 = CARTESIAN_POINT('',(5.627455413711,-10.));
#9031 = CARTESIAN_POINT('',(5.581412710338,-10.));
#9032 = CARTESIAN_POINT('',(5.535502235881,-10.));
#9033 = CARTESIAN_POINT('',(5.489724170282,-10.));
#9034 = CARTESIAN_POINT('',(5.444076996829,-10.));
#9035 = CARTESIAN_POINT('',(5.398558544988,-10.));
#9036 = CARTESIAN_POINT('',(5.353165498158,-10.));
#9037 = CARTESIAN_POINT('',(5.307893830894,-10.));
#9038 = CARTESIAN_POINT('',(5.262738379134,-10.));
#9039 = CARTESIAN_POINT('',(5.217694897159,-10.));
#9040 = CARTESIAN_POINT('',(5.172756306371,-10.));
#9041 = CARTESIAN_POINT('',(5.12791479191,-10.));
#9042 = CARTESIAN_POINT('',(5.083162292512,-10.));
#9043 = CARTESIAN_POINT('',(5.038490412917,-10.));
#9044 = CARTESIAN_POINT('',(4.99389047586,-10.));
#9045 = CARTESIAN_POINT('',(4.949353520499,-10.));
#9046 = CARTESIAN_POINT('',(4.904870304932,-10.));
#9047 = CARTESIAN_POINT('',(4.86043127917,-10.));
#9048 = CARTESIAN_POINT('',(4.816026610787,-10.));
#9049 = CARTESIAN_POINT('',(4.786439519912,-10.));
#9050 = CARTESIAN_POINT('',(4.771648282406,-10.));
#9051 = ( GEOMETRIC_REPRESENTATION_CONTEXT(2) 
PARAMETRIC_REPRESENTATION_CONTEXT() REPRESENTATION_CONTEXT('2D SPACE',''
  ) );
#9052 = ORIENTED_EDGE('',*,*,#9053,.T.);
#9053 = EDGE_CURVE('',#8871,#9054,#9056,.T.);
#9054 = VERTEX_POINT('',#9055);
#9055 = CARTESIAN_POINT('',(27.5,38.5,26.8));
#9056 = SURFACE_CURVE('',#9057,(#9061,#9068),.PCURVE_S1.);
#9057 = LINE('',#9058,#9059);
#9058 = CARTESIAN_POINT('',(27.5,-38.5,26.8));
#9059 = VECTOR('',#9060,1.);
#9060 = DIRECTION('',(0.,1.,0.));
#9061 = PCURVE('',#8160,#9062);
#9062 = DEFINITIONAL_REPRESENTATION('',(#9063),#9067);
#9063 = LINE('',#9064,#9065);
#9064 = CARTESIAN_POINT('',(0.693598025148,38.5));
#9065 = VECTOR('',#9066,1.);
#9066 = DIRECTION('',(0.,-1.));
#9067 = ( GEOMETRIC_REPRESENTATION_CONTEXT(2) 
PARAMETRIC_REPRESENTATION_CONTEXT() REPRESENTATION_CONTEXT('2D SPACE',''
  ) );
#9068 = PCURVE('',#8248,#9069);
#9069 = DEFINITIONAL_REPRESENTATION('',(#9070),#9074);
#9070 = LINE('',#9071,#9072);
#9071 = CARTESIAN_POINT('',(77.5,11.5));
#9072 = VECTOR('',#9073,1.);
#9073 = DIRECTION('',(0.,1.));
#9074 = ( GEOMETRIC_REPRESENTATION_CONTEXT(2) 
PARAMETRIC_REPRESENTATION_CONTEXT() REPRESENTATION_CONTEXT('2D SPACE',''
  ) );
#9075 = ORIENTED_EDGE('',*,*,#9076,.T.);
#9076 = EDGE_CURVE('',#9054,#9077,#9079,.T.);
#9077 = VERTEX_POINT('',#9078);
#9078 = CARTESIAN_POINT('',(27.5,38.5,31.8));
#9079 = SURFACE_CURVE('',#9080,(#9084,#9091),.PCURVE_S1.);
#9080 = LINE('',#9081,#9082);
#9081 = CARTESIAN_POINT('',(27.5,38.5,26.8));
#9082 = VECTOR('',#9083,1.);
#9083 = DIRECTION('',(0.,0.,1.));
#9084 = PCURVE('',#8160,#9085);
#9085 = DEFINITIONAL_REPRESENTATION('',(#9086),#9090);
#9086 = LINE('',#9087,#9088);
#9087 = CARTESIAN_POINT('',(0.693598025148,-38.5));
#9088 = VECTOR('',#9089,1.);
#9089 = DIRECTION('',(1.,0.));
#9090 = ( GEOMETRIC_REPRESENTATION_CONTEXT(2) 
PARAMETRIC_REPRESENTATION_CONTEXT() REPRESENTATION_CONTEXT('2D SPACE',''
  ) );
#9091 = PCURVE('',#8276,#9092);
#9092 = DEFINITIONAL_REPRESENTATION('',(#9093),#9097);
#9093 = LINE('',#9094,#9095);
#9094 = CARTESIAN_POINT('',(0.,9.));
#9095 = VECTOR('',#9096,1.);
#9096 = DIRECTION('',(1.,0.));
#9097 = ( GEOMETRIC_REPRESENTATION_CONTEXT(2) 
PARAMETRIC_REPRESENTATION_CONTEXT() REPRESENTATION_CONTEXT('2D SPACE',''
  ) );
#9098 = ORIENTED_EDGE('',*,*,#9099,.F.);
#9099 = EDGE_CURVE('',#9100,#9077,#9102,.T.);
#9100 = VERTEX_POINT('',#9101);
#9101 = CARTESIAN_POINT('',(27.5,26.,31.8));
#9102 = SURFACE_CURVE('',#9103,(#9107,#9114),.PCURVE_S1.);
#9103 = LINE('',#9104,#9105);
#9104 = CARTESIAN_POINT('',(27.5,15.,31.8));
#9105 = VECTOR('',#9106,1.);
#9106 = DIRECTION('',(0.,1.,0.));
#9107 = PCURVE('',#8160,#9108);
#9108 = DEFINITIONAL_REPRESENTATION('',(#9109),#9113);
#9109 = LINE('',#9110,#9111);
#9110 = CARTESIAN_POINT('',(5.693598025148,-15.));
#9111 = VECTOR('',#9112,1.);
#9112 = DIRECTION('',(0.,-1.));
#9113 = ( GEOMETRIC_REPRESENTATION_CONTEXT(2) 
PARAMETRIC_REPRESENTATION_CONTEXT() REPRESENTATION_CONTEXT('2D SPACE',''
  ) );
#9114 = PCURVE('',#8304,#9115);
#9115 = DEFINITIONAL_REPRESENTATION('',(#9116),#9120);
#9116 = LINE('',#9117,#9118);
#9117 = CARTESIAN_POINT('',(9.,0.));
#9118 = VECTOR('',#9119,1.);
#9119 = DIRECTION('',(0.,1.));
#9120 = ( GEOMETRIC_REPRESENTATION_CONTEXT(2) 
PARAMETRIC_REPRESENTATION_CONTEXT() REPRESENTATION_CONTEXT('2D SPACE',''
  ) );
#9121 = ORIENTED_EDGE('',*,*,#9122,.T.);
#9122 = EDGE_CURVE('',#9100,#9123,#9125,.T.);
#9123 = VERTEX_POINT('',#9124);
#9124 = CARTESIAN_POINT('',(27.5,26.,33.8));
#9125 = SURFACE_CURVE('',#9126,(#9130,#9137),.PCURVE_S1.);
#9126 = LINE('',#9127,#9128);
#9127 = CARTESIAN_POINT('',(27.5,26.,31.8));
#9128 = VECTOR('',#9129,1.);
#9129 = DIRECTION('',(0.,0.,1.));
#9130 = PCURVE('',#8160,#9131);
#9131 = DEFINITIONAL_REPRESENTATION('',(#9132),#9136);
#9132 = LINE('',#9133,#9134);
#9133 = CARTESIAN_POINT('',(5.693598025148,-26.));
#9134 = VECTOR('',#9135,1.);
#9135 = DIRECTION('',(1.,0.));
#9136 = ( GEOMETRIC_REPRESENTATION_CONTEXT(2) 
PARAMETRIC_REPRESENTATION_CONTEXT() REPRESENTATION_CONTEXT('2D SPACE',''
  ) );
#9137 = PCURVE('',#8332,#9138);
#9138 = DEFINITIONAL_REPRESENTATION('',(#9139),#9143);
#9139 = LINE('',#9140,#9141);
#9140 = CARTESIAN_POINT('',(0.,9.));
#9141 = VECTOR('',#9142,1.);
#9142 = DIRECTION('',(1.,0.));
#9143 = ( GEOMETRIC_REPRESENTATION_CONTEXT(2) 
PARAMETRIC_REPRESENTATION_CONTEXT() REPRESENTATION_CONTEXT('2D SPACE',''
  ) );
#9144 = ORIENTED_EDGE('',*,*,#9145,.F.);
#9145 = EDGE_CURVE('',#9146,#9123,#9148,.T.);
#9146 = VERTEX_POINT('',#9147);
#9147 = CARTESIAN_POINT('',(27.5,15.,33.8));
#9148 = SURFACE_CURVE('',#9149,(#9153,#9160),.PCURVE_S1.);
#9149 = LINE('',#9150,#9151);
#9150 = CARTESIAN_POINT('',(27.5,15.,33.8));
#9151 = VECTOR('',#9152,1.);
#9152 = DIRECTION('',(0.,1.,0.));
#9153 = PCURVE('',#8160,#9154);
#9154 = DEFINITIONAL_REPRESENTATION('',(#9155),#9159);
#9155 = LINE('',#9156,#9157);
#9156 = CARTESIAN_POINT('',(7.693598025148,-15.));
#9157 = VECTOR('',#9158,1.);
#9158 = DIRECTION('',(0.,-1.));
#9159 = ( GEOMETRIC_REPRESENTATION_CONTEXT(2) 
PARAMETRIC_REPRESENTATION_CONTEXT() REPRESENTATION_CONTEXT('2D SPACE',''
  ) );
#9160 = PCURVE('',#8360,#9161);
#9161 = DEFINITIONAL_REPRESENTATION('',(#9162),#9166);
#9162 = LINE('',#9163,#9164);
#9163 = CARTESIAN_POINT('',(9.,0.));
#9164 = VECTOR('',#9165,1.);
#9165 = DIRECTION('',(0.,1.));
#9166 = ( GEOMETRIC_REPRESENTATION_CONTEXT(2) 
PARAMETRIC_REPRESENTATION_CONTEXT() REPRESENTATION_CONTEXT('2D SPACE',''
  ) );
#9167 = ORIENTED_EDGE('',*,*,#9168,.F.);
#9168 = EDGE_CURVE('',#8111,#9146,#9169,.T.);
#9169 = SURFACE_CURVE('',#9170,(#9174,#9181),.PCURVE_S1.);
#9170 = LINE('',#9171,#9172);
#9171 = CARTESIAN_POINT('',(27.5,15.,31.8));
#9172 = VECTOR('',#9173,1.);
#9173 = DIRECTION('',(0.,0.,1.));
#9174 = PCURVE('',#8160,#9175);
#9175 = DEFINITIONAL_REPRESENTATION('',(#9176),#9180);
#9176 = LINE('',#9177,#9178);
#9177 = CARTESIAN_POINT('',(5.693598025148,-15.));
#9178 = VECTOR('',#9179,1.);
#9179 = DIRECTION('',(1.,0.));
#9180 = ( GEOMETRIC_REPRESENTATION_CONTEXT(2) 
PARAMETRIC_REPRESENTATION_CONTEXT() REPRESENTATION_CONTEXT('2D SPACE',''
  ) );
#9181 = PCURVE('',#8130,#9182);
#9182 = DEFINITIONAL_REPRESENTATION('',(#9183),#9187);
#9183 = LINE('',#9184,#9185);
#9184 = CARTESIAN_POINT('',(0.,9.));
#9185 = VECTOR('',#9186,1.);
#9186 = DIRECTION('',(1.,0.));
#9187 = ( GEOMETRIC_REPRESENTATION_CONTEXT(2) 
PARAMETRIC_REPRESENTATION_CONTEXT() REPRESENTATION_CONTEXT('2D SPACE',''
  ) );
#9188 = ORIENTED_EDGE('',*,*,#8144,.T.);
#9189 = ORIENTED_EDGE('',*,*,#8172,.T.);
#9190 = ORIENTED_EDGE('',*,*,#8750,.T.);
#9191 = ORIENTED_EDGE('',*,*,#9192,.F.);
#9192 = EDGE_CURVE('',#9193,#8751,#9195,.T.);
#9193 = VERTEX_POINT('',#9194);
#9194 = CARTESIAN_POINT('',(27.5,-26.,33.8));
#9195 = SURFACE_CURVE('',#9196,(#9200,#9207),.PCURVE_S1.);
#9196 = LINE('',#9197,#9198);
#9197 = CARTESIAN_POINT('',(27.5,-26.,33.8));
#9198 = VECTOR('',#9199,1.);
#9199 = DIRECTION('',(0.,1.,0.));
#9200 = PCURVE('',#8160,#9201);
#9201 = DEFINITIONAL_REPRESENTATION('',(#9202),#9206);
#9202 = LINE('',#9203,#9204);
#9203 = CARTESIAN_POINT('',(7.693598025148,26.));
#9204 = VECTOR('',#9205,1.);
#9205 = DIRECTION('',(0.,-1.));
#9206 = ( GEOMETRIC_REPRESENTATION_CONTEXT(2) 
PARAMETRIC_REPRESENTATION_CONTEXT() REPRESENTATION_CONTEXT('2D SPACE',''
  ) );
#9207 = PCURVE('',#8434,#9208);
#9208 = DEFINITIONAL_REPRESENTATION('',(#9209),#9213);
#9209 = LINE('',#9210,#9211);
#9210 = CARTESIAN_POINT('',(9.,0.));
#9211 = VECTOR('',#9212,1.);
#9212 = DIRECTION('',(0.,1.));
#9213 = ( GEOMETRIC_REPRESENTATION_CONTEXT(2) 
PARAMETRIC_REPRESENTATION_CONTEXT() REPRESENTATION_CONTEXT('2D SPACE',''
  ) );
#9214 = ORIENTED_EDGE('',*,*,#9215,.F.);
#9215 = EDGE_CURVE('',#8802,#9193,#9216,.T.);
#9216 = SURFACE_CURVE('',#9217,(#9221,#9228),.PCURVE_S1.);
#9217 = LINE('',#9218,#9219);
#9218 = CARTESIAN_POINT('',(27.5,-26.,31.8));
#9219 = VECTOR('',#9220,1.);
#9220 = DIRECTION('',(0.,0.,1.));
#9221 = PCURVE('',#8160,#9222);
#9222 = DEFINITIONAL_REPRESENTATION('',(#9223),#9227);
#9223 = LINE('',#9224,#9225);
#9224 = CARTESIAN_POINT('',(5.693598025148,26.));
#9225 = VECTOR('',#9226,1.);
#9226 = DIRECTION('',(1.,0.));
#9227 = ( GEOMETRIC_REPRESENTATION_CONTEXT(2) 
PARAMETRIC_REPRESENTATION_CONTEXT() REPRESENTATION_CONTEXT('2D SPACE',''
  ) );
#9228 = PCURVE('',#8462,#9229);
#9229 = DEFINITIONAL_REPRESENTATION('',(#9230),#9234);
#9230 = LINE('',#9231,#9232);
#9231 = CARTESIAN_POINT('',(0.,9.));
#9232 = VECTOR('',#9233,1.);
#9233 = DIRECTION('',(1.,0.));
#9234 = ( GEOMETRIC_REPRESENTATION_CONTEXT(2) 
PARAMETRIC_REPRESENTATION_CONTEXT() REPRESENTATION_CONTEXT('2D SPACE',''
  ) );
#9235 = ADVANCED_FACE('',(#9236),#8130,.F.);
#9236 = FACE_BOUND('',#9237,.F.);
#9237 = EDGE_LOOP('',(#9238,#9239,#9240,#9241));
#9238 = ORIENTED_EDGE('',*,*,#9168,.F.);
#9239 = ORIENTED_EDGE('',*,*,#8110,.T.);
#9240 = ORIENTED_EDGE('',*,*,#8372,.T.);
#9241 = ORIENTED_EDGE('',*,*,#9242,.T.);
#9242 = EDGE_CURVE('',#8345,#9146,#9243,.T.);
#9243 = SURFACE_CURVE('',#9244,(#9248,#9255),.PCURVE_S1.);
#9244 = LINE('',#9245,#9246);
#9245 = CARTESIAN_POINT('',(18.5,15.,33.8));
#9246 = VECTOR('',#9247,1.);
#9247 = DIRECTION('',(1.,0.,0.));
#9248 = PCURVE('',#8130,#9249);
#9249 = DEFINITIONAL_REPRESENTATION('',(#9250),#9254);
#9250 = LINE('',#9251,#9252);
#9251 = CARTESIAN_POINT('',(2.,0.));
#9252 = VECTOR('',#9253,1.);
#9253 = DIRECTION('',(0.,1.));
#9254 = ( GEOMETRIC_REPRESENTATION_CONTEXT(2) 
PARAMETRIC_REPRESENTATION_CONTEXT() REPRESENTATION_CONTEXT('2D SPACE',''
  ) );
#9255 = PCURVE('',#8360,#9256);
#9256 = DEFINITIONAL_REPRESENTATION('',(#9257),#9261);
#9257 = LINE('',#9258,#9259);
#9258 = CARTESIAN_POINT('',(0.,0.));
#9259 = VECTOR('',#9260,1.);
#9260 = DIRECTION('',(1.,0.));
#9261 = ( GEOMETRIC_REPRESENTATION_CONTEXT(2) 
PARAMETRIC_REPRESENTATION_CONTEXT() REPRESENTATION_CONTEXT('2D SPACE',''
  ) );
#9262 = ADVANCED_FACE('',(#9263,#9315),#8248,.F.);
#9263 = FACE_BOUND('',#9264,.F.);
#9264 = EDGE_LOOP('',(#9265,#9292,#9293,#9314));
#9265 = ORIENTED_EDGE('',*,*,#9266,.F.);
#9266 = EDGE_CURVE('',#8871,#8233,#9267,.T.);
#9267 = SURFACE_CURVE('',#9268,(#9274,#9283),.PCURVE_S1.);
#9268 = B_SPLINE_CURVE_WITH_KNOTS('',4,(#9269,#9270,#9271,#9272,#9273),
  .UNSPECIFIED.,.F.,.F.,(5,5),(0.,1.),.PIECEWISE_BEZIER_KNOTS.);
#9269 = CARTESIAN_POINT('',(27.5,12.659318735032,26.8));
#9270 = CARTESIAN_POINT('',(25.25,12.659318735032,26.8));
#9271 = CARTESIAN_POINT('',(23.,12.659318735032,26.8));
#9272 = CARTESIAN_POINT('',(20.75,12.659318735032,26.8));
#9273 = CARTESIAN_POINT('',(18.5,12.659318735032,26.8));
#9274 = PCURVE('',#8248,#9275);
#9275 = DEFINITIONAL_REPRESENTATION('',(#9276),#9282);
#9276 = B_SPLINE_CURVE_WITH_KNOTS('',4,(#9277,#9278,#9279,#9280,#9281),
  .UNSPECIFIED.,.F.,.F.,(5,5),(0.,1.),.PIECEWISE_BEZIER_KNOTS.);
#9277 = CARTESIAN_POINT('',(77.5,62.659318735032));
#9278 = CARTESIAN_POINT('',(75.25,62.659318735032));
#9279 = CARTESIAN_POINT('',(73.,62.659318735032));
#9280 = CARTESIAN_POINT('',(70.75,62.659318735032));
#9281 = CARTESIAN_POINT('',(68.5,62.659318735032));
#9282 = ( GEOMETRIC_REPRESENTATION_CONTEXT(2) 
PARAMETRIC_REPRESENTATION_CONTEXT() REPRESENTATION_CONTEXT('2D SPACE',''
  ) );
#9283 = PCURVE('',#8666,#9284);
#9284 = DEFINITIONAL_REPRESENTATION('',(#9285),#9291);
#9285 = B_SPLINE_CURVE_WITH_KNOTS('',4,(#9286,#9287,#9288,#9289,#9290),
  .UNSPECIFIED.,.F.,.F.,(5,5),(0.,1.),.PIECEWISE_BEZIER_KNOTS.);
#9286 = CARTESIAN_POINT('',(4.771648282406,-10.));
#9287 = CARTESIAN_POINT('',(4.771648282406,-7.75));
#9288 = CARTESIAN_POINT('',(4.771648282406,-5.5));
#9289 = CARTESIAN_POINT('',(4.771648282406,-3.25));
#9290 = CARTESIAN_POINT('',(4.771648282406,-1.));
#9291 = ( GEOMETRIC_REPRESENTATION_CONTEXT(2) 
PARAMETRIC_REPRESENTATION_CONTEXT() REPRESENTATION_CONTEXT('2D SPACE',''
  ) );
#9292 = ORIENTED_EDGE('',*,*,#9053,.T.);
#9293 = ORIENTED_EDGE('',*,*,#9294,.F.);
#9294 = EDGE_CURVE('',#8231,#9054,#9295,.T.);
#9295 = SURFACE_CURVE('',#9296,(#9300,#9307),.PCURVE_S1.);
#9296 = LINE('',#9297,#9298);
#9297 = CARTESIAN_POINT('',(18.5,38.5,26.8));
#9298 = VECTOR('',#9299,1.);
#9299 = DIRECTION('',(1.,0.,0.));
#9300 = PCURVE('',#8248,#9301);
#9301 = DEFINITIONAL_REPRESENTATION('',(#9302),#9306);
#9302 = LINE('',#9303,#9304);
#9303 = CARTESIAN_POINT('',(68.5,88.5));
#9304 = VECTOR('',#9305,1.);
#9305 = DIRECTION('',(1.,0.));
#9306 = ( GEOMETRIC_REPRESENTATION_CONTEXT(2) 
PARAMETRIC_REPRESENTATION_CONTEXT() REPRESENTATION_CONTEXT('2D SPACE',''
  ) );
#9307 = PCURVE('',#8276,#9308);
#9308 = DEFINITIONAL_REPRESENTATION('',(#9309),#9313);
#9309 = LINE('',#9310,#9311);
#9310 = CARTESIAN_POINT('',(0.,0.));
#9311 = VECTOR('',#9312,1.);
#9312 = DIRECTION('',(0.,1.));
#9313 = ( GEOMETRIC_REPRESENTATION_CONTEXT(2) 
PARAMETRIC_REPRESENTATION_CONTEXT() REPRESENTATION_CONTEXT('2D SPACE',''
  ) );
#9314 = ORIENTED_EDGE('',*,*,#8230,.T.);
#9315 = FACE_BOUND('',#9316,.F.);
#9316 = EDGE_LOOP('',(#9317));
#9317 = ORIENTED_EDGE('',*,*,#9318,.T.);
#9318 = EDGE_CURVE('',#9319,#9319,#9321,.T.);
#9319 = VERTEX_POINT('',#9320);
#9320 = CARTESIAN_POINT('',(24.7,32.,26.8));
#9321 = SURFACE_CURVE('',#9322,(#9327,#9338),.PCURVE_S1.);
#9322 = CIRCLE('',#9323,1.7);
#9323 = AXIS2_PLACEMENT_3D('',#9324,#9325,#9326);
#9324 = CARTESIAN_POINT('',(23.,32.,26.8));
#9325 = DIRECTION('',(0.,0.,-1.));
#9326 = DIRECTION('',(1.,0.,0.));
#9327 = PCURVE('',#8248,#9328);
#9328 = DEFINITIONAL_REPRESENTATION('',(#9329),#9337);
#9329 = ( BOUNDED_CURVE() B_SPLINE_CURVE(2,(#9330,#9331,#9332,#9333,
#9334,#9335,#9336),.UNSPECIFIED.,.T.,.F.) B_SPLINE_CURVE_WITH_KNOTS((1,2
    ,2,2,2,1),(-2.094395102393,0.,2.094395102393,4.188790204786,
6.28318530718,8.377580409573),.UNSPECIFIED.) CURVE() 
GEOMETRIC_REPRESENTATION_ITEM() RATIONAL_B_SPLINE_CURVE((1.,0.5,1.,0.5,
1.,0.5,1.)) REPRESENTATION_ITEM('') );
#9330 = CARTESIAN_POINT('',(74.7,82.));
#9331 = CARTESIAN_POINT('',(74.7,79.055513627133));
#9332 = CARTESIAN_POINT('',(72.15,80.527756813566));
#9333 = CARTESIAN_POINT('',(69.6,82.));
#9334 = CARTESIAN_POINT('',(72.15,83.472243186434));
#9335 = CARTESIAN_POINT('',(74.7,84.944486372867));
#9336 = CARTESIAN_POINT('',(74.7,82.));
#9337 = ( GEOMETRIC_REPRESENTATION_CONTEXT(2) 
PARAMETRIC_REPRESENTATION_CONTEXT() REPRESENTATION_CONTEXT('2D SPACE',''
  ) );
#9338 = PCURVE('',#9339,#9344);
#9339 = CYLINDRICAL_SURFACE('',#9340,1.7);
#9340 = AXIS2_PLACEMENT_3D('',#9341,#9342,#9343);
#9341 = CARTESIAN_POINT('',(23.,32.,26.));
#9342 = DIRECTION('',(-0.,-0.,-1.));
#9343 = DIRECTION('',(1.,0.,0.));
#9344 = DEFINITIONAL_REPRESENTATION('',(#9345),#9349);
#9345 = LINE('',#9346,#9347);
#9346 = CARTESIAN_POINT('',(-6.28318530718,-0.8));
#9347 = VECTOR('',#9348,1.);
#9348 = DIRECTION('',(1.,-0.));
#9349 = ( GEOMETRIC_REPRESENTATION_CONTEXT(2) 
PARAMETRIC_REPRESENTATION_CONTEXT() REPRESENTATION_CONTEXT('2D SPACE',''
  ) );
#9350 = ADVANCED_FACE('',(#9351),#8276,.T.);
#9351 = FACE_BOUND('',#9352,.T.);
#9352 = EDGE_LOOP('',(#9353,#9354,#9355,#9376));
#9353 = ORIENTED_EDGE('',*,*,#9294,.F.);
#9354 = ORIENTED_EDGE('',*,*,#8260,.T.);
#9355 = ORIENTED_EDGE('',*,*,#9356,.T.);
#9356 = EDGE_CURVE('',#8261,#9077,#9357,.T.);
#9357 = SURFACE_CURVE('',#9358,(#9362,#9369),.PCURVE_S1.);
#9358 = LINE('',#9359,#9360);
#9359 = CARTESIAN_POINT('',(18.5,38.5,31.8));
#9360 = VECTOR('',#9361,1.);
#9361 = DIRECTION('',(1.,0.,0.));
#9362 = PCURVE('',#8276,#9363);
#9363 = DEFINITIONAL_REPRESENTATION('',(#9364),#9368);
#9364 = LINE('',#9365,#9366);
#9365 = CARTESIAN_POINT('',(5.,0.));
#9366 = VECTOR('',#9367,1.);
#9367 = DIRECTION('',(0.,1.));
#9368 = ( GEOMETRIC_REPRESENTATION_CONTEXT(2) 
PARAMETRIC_REPRESENTATION_CONTEXT() REPRESENTATION_CONTEXT('2D SPACE',''
  ) );
#9369 = PCURVE('',#8304,#9370);
#9370 = DEFINITIONAL_REPRESENTATION('',(#9371),#9375);
#9371 = LINE('',#9372,#9373);
#9372 = CARTESIAN_POINT('',(0.,23.5));
#9373 = VECTOR('',#9374,1.);
#9374 = DIRECTION('',(1.,0.));
#9375 = ( GEOMETRIC_REPRESENTATION_CONTEXT(2) 
PARAMETRIC_REPRESENTATION_CONTEXT() REPRESENTATION_CONTEXT('2D SPACE',''
  ) );
#9376 = ORIENTED_EDGE('',*,*,#9076,.F.);
#9377 = ADVANCED_FACE('',(#9378,#9404),#8304,.T.);
#9378 = FACE_BOUND('',#9379,.T.);
#9379 = EDGE_LOOP('',(#9380,#9381,#9402,#9403));
#9380 = ORIENTED_EDGE('',*,*,#8288,.F.);
#9381 = ORIENTED_EDGE('',*,*,#9382,.T.);
#9382 = EDGE_CURVE('',#8289,#9100,#9383,.T.);
#9383 = SURFACE_CURVE('',#9384,(#9388,#9395),.PCURVE_S1.);
#9384 = LINE('',#9385,#9386);
#9385 = CARTESIAN_POINT('',(18.5,26.,31.8));
#9386 = VECTOR('',#9387,1.);
#9387 = DIRECTION('',(1.,0.,0.));
#9388 = PCURVE('',#8304,#9389);
#9389 = DEFINITIONAL_REPRESENTATION('',(#9390),#9394);
#9390 = LINE('',#9391,#9392);
#9391 = CARTESIAN_POINT('',(0.,11.));
#9392 = VECTOR('',#9393,1.);
#9393 = DIRECTION('',(1.,0.));
#9394 = ( GEOMETRIC_REPRESENTATION_CONTEXT(2) 
PARAMETRIC_REPRESENTATION_CONTEXT() REPRESENTATION_CONTEXT('2D SPACE',''
  ) );
#9395 = PCURVE('',#8332,#9396);
#9396 = DEFINITIONAL_REPRESENTATION('',(#9397),#9401);
#9397 = LINE('',#9398,#9399);
#9398 = CARTESIAN_POINT('',(0.,0.));
#9399 = VECTOR('',#9400,1.);
#9400 = DIRECTION('',(0.,1.));
#9401 = ( GEOMETRIC_REPRESENTATION_CONTEXT(2) 
PARAMETRIC_REPRESENTATION_CONTEXT() REPRESENTATION_CONTEXT('2D SPACE',''
  ) );
#9402 = ORIENTED_EDGE('',*,*,#9099,.T.);
#9403 = ORIENTED_EDGE('',*,*,#9356,.F.);
#9404 = FACE_BOUND('',#9405,.T.);
#9405 = EDGE_LOOP('',(#9406));
#9406 = ORIENTED_EDGE('',*,*,#9407,.T.);
#9407 = EDGE_CURVE('',#9408,#9408,#9410,.T.);
#9408 = VERTEX_POINT('',#9409);
#9409 = CARTESIAN_POINT('',(24.7,32.,31.8));
#9410 = SURFACE_CURVE('',#9411,(#9416,#9427),.PCURVE_S1.);
#9411 = CIRCLE('',#9412,1.7);
#9412 = AXIS2_PLACEMENT_3D('',#9413,#9414,#9415);
#9413 = CARTESIAN_POINT('',(23.,32.,31.8));
#9414 = DIRECTION('',(0.,0.,-1.));
#9415 = DIRECTION('',(1.,0.,0.));
#9416 = PCURVE('',#8304,#9417);
#9417 = DEFINITIONAL_REPRESENTATION('',(#9418),#9426);
#9418 = ( BOUNDED_CURVE() B_SPLINE_CURVE(2,(#9419,#9420,#9421,#9422,
#9423,#9424,#9425),.UNSPECIFIED.,.T.,.F.) B_SPLINE_CURVE_WITH_KNOTS((1,2
    ,2,2,2,1),(-2.094395102393,0.,2.094395102393,4.188790204786,
6.28318530718,8.377580409573),.UNSPECIFIED.) CURVE() 
GEOMETRIC_REPRESENTATION_ITEM() RATIONAL_B_SPLINE_CURVE((1.,0.5,1.,0.5,
1.,0.5,1.)) REPRESENTATION_ITEM('') );
#9419 = CARTESIAN_POINT('',(6.2,17.));
#9420 = CARTESIAN_POINT('',(6.2,14.055513627133));
#9421 = CARTESIAN_POINT('',(3.65,15.527756813566));
#9422 = CARTESIAN_POINT('',(1.1,17.));
#9423 = CARTESIAN_POINT('',(3.65,18.472243186434));
#9424 = CARTESIAN_POINT('',(6.2,19.944486372867));
#9425 = CARTESIAN_POINT('',(6.2,17.));
#9426 = ( GEOMETRIC_REPRESENTATION_CONTEXT(2) 
PARAMETRIC_REPRESENTATION_CONTEXT() REPRESENTATION_CONTEXT('2D SPACE',''
  ) );
#9427 = PCURVE('',#9339,#9428);
#9428 = DEFINITIONAL_REPRESENTATION('',(#9429),#9433);
#9429 = LINE('',#9430,#9431);
#9430 = CARTESIAN_POINT('',(-6.28318530718,-5.8));
#9431 = VECTOR('',#9432,1.);
#9432 = DIRECTION('',(1.,-0.));
#9433 = ( GEOMETRIC_REPRESENTATION_CONTEXT(2) 
PARAMETRIC_REPRESENTATION_CONTEXT() REPRESENTATION_CONTEXT('2D SPACE',''
  ) );
#9434 = ADVANCED_FACE('',(#9435),#8332,.T.);
#9435 = FACE_BOUND('',#9436,.T.);
#9436 = EDGE_LOOP('',(#9437,#9438,#9439,#9460));
#9437 = ORIENTED_EDGE('',*,*,#9382,.F.);
#9438 = ORIENTED_EDGE('',*,*,#8316,.T.);
#9439 = ORIENTED_EDGE('',*,*,#9440,.T.);
#9440 = EDGE_CURVE('',#8317,#9123,#9441,.T.);
#9441 = SURFACE_CURVE('',#9442,(#9446,#9453),.PCURVE_S1.);
#9442 = LINE('',#9443,#9444);
#9443 = CARTESIAN_POINT('',(18.5,26.,33.8));
#9444 = VECTOR('',#9445,1.);
#9445 = DIRECTION('',(1.,0.,0.));
#9446 = PCURVE('',#8332,#9447);
#9447 = DEFINITIONAL_REPRESENTATION('',(#9448),#9452);
#9448 = LINE('',#9449,#9450);
#9449 = CARTESIAN_POINT('',(2.,0.));
#9450 = VECTOR('',#9451,1.);
#9451 = DIRECTION('',(0.,1.));
#9452 = ( GEOMETRIC_REPRESENTATION_CONTEXT(2) 
PARAMETRIC_REPRESENTATION_CONTEXT() REPRESENTATION_CONTEXT('2D SPACE',''
  ) );
#9453 = PCURVE('',#8360,#9454);
#9454 = DEFINITIONAL_REPRESENTATION('',(#9455),#9459);
#9455 = LINE('',#9456,#9457);
#9456 = CARTESIAN_POINT('',(0.,11.));
#9457 = VECTOR('',#9458,1.);
#9458 = DIRECTION('',(1.,0.));
#9459 = ( GEOMETRIC_REPRESENTATION_CONTEXT(2) 
PARAMETRIC_REPRESENTATION_CONTEXT() REPRESENTATION_CONTEXT('2D SPACE',''
  ) );
#9460 = ORIENTED_EDGE('',*,*,#9122,.F.);
#9461 = ADVANCED_FACE('',(#9462),#8360,.T.);
#9462 = FACE_BOUND('',#9463,.T.);
#9463 = EDGE_LOOP('',(#9464,#9465,#9466,#9467));
#9464 = ORIENTED_EDGE('',*,*,#8344,.F.);
#9465 = ORIENTED_EDGE('',*,*,#9242,.T.);
#9466 = ORIENTED_EDGE('',*,*,#9145,.T.);
#9467 = ORIENTED_EDGE('',*,*,#9440,.F.);
#9468 = ADVANCED_FACE('',(#9469),#8434,.T.);
#9469 = FACE_BOUND('',#9470,.T.);
#9470 = EDGE_LOOP('',(#9471,#9472,#9493,#9494));
#9471 = ORIENTED_EDGE('',*,*,#8418,.F.);
#9472 = ORIENTED_EDGE('',*,*,#9473,.T.);
#9473 = EDGE_CURVE('',#8419,#9193,#9474,.T.);
#9474 = SURFACE_CURVE('',#9475,(#9479,#9486),.PCURVE_S1.);
#9475 = LINE('',#9476,#9477);
#9476 = CARTESIAN_POINT('',(18.5,-26.,33.8));
#9477 = VECTOR('',#9478,1.);
#9478 = DIRECTION('',(1.,0.,0.));
#9479 = PCURVE('',#8434,#9480);
#9480 = DEFINITIONAL_REPRESENTATION('',(#9481),#9485);
#9481 = LINE('',#9482,#9483);
#9482 = CARTESIAN_POINT('',(0.,0.));
#9483 = VECTOR('',#9484,1.);
#9484 = DIRECTION('',(1.,0.));
#9485 = ( GEOMETRIC_REPRESENTATION_CONTEXT(2) 
PARAMETRIC_REPRESENTATION_CONTEXT() REPRESENTATION_CONTEXT('2D SPACE',''
  ) );
#9486 = PCURVE('',#8462,#9487);
#9487 = DEFINITIONAL_REPRESENTATION('',(#9488),#9492);
#9488 = LINE('',#9489,#9490);
#9489 = CARTESIAN_POINT('',(2.,0.));
#9490 = VECTOR('',#9491,1.);
#9491 = DIRECTION('',(0.,1.));
#9492 = ( GEOMETRIC_REPRESENTATION_CONTEXT(2) 
PARAMETRIC_REPRESENTATION_CONTEXT() REPRESENTATION_CONTEXT('2D SPACE',''
  ) );
#9493 = ORIENTED_EDGE('',*,*,#9192,.T.);
#9494 = ORIENTED_EDGE('',*,*,#8775,.F.);
#9495 = ADVANCED_FACE('',(#9496),#8462,.F.);
#9496 = FACE_BOUND('',#9497,.F.);
#9497 = EDGE_LOOP('',(#9498,#9519,#9520,#9521));
#9498 = ORIENTED_EDGE('',*,*,#9499,.F.);
#9499 = EDGE_CURVE('',#8447,#8802,#9500,.T.);
#9500 = SURFACE_CURVE('',#9501,(#9505,#9512),.PCURVE_S1.);
#9501 = LINE('',#9502,#9503);
#9502 = CARTESIAN_POINT('',(18.5,-26.,31.8));
#9503 = VECTOR('',#9504,1.);
#9504 = DIRECTION('',(1.,0.,0.));
#9505 = PCURVE('',#8462,#9506);
#9506 = DEFINITIONAL_REPRESENTATION('',(#9507),#9511);
#9507 = LINE('',#9508,#9509);
#9508 = CARTESIAN_POINT('',(0.,0.));
#9509 = VECTOR('',#9510,1.);
#9510 = DIRECTION('',(0.,1.));
#9511 = ( GEOMETRIC_REPRESENTATION_CONTEXT(2) 
PARAMETRIC_REPRESENTATION_CONTEXT() REPRESENTATION_CONTEXT('2D SPACE',''
  ) );
#9512 = PCURVE('',#8490,#9513);
#9513 = DEFINITIONAL_REPRESENTATION('',(#9514),#9518);
#9514 = LINE('',#9515,#9516);
#9515 = CARTESIAN_POINT('',(0.,12.5));
#9516 = VECTOR('',#9517,1.);
#9517 = DIRECTION('',(1.,0.));
#9518 = ( GEOMETRIC_REPRESENTATION_CONTEXT(2) 
PARAMETRIC_REPRESENTATION_CONTEXT() REPRESENTATION_CONTEXT('2D SPACE',''
  ) );
#9519 = ORIENTED_EDGE('',*,*,#8446,.T.);
#9520 = ORIENTED_EDGE('',*,*,#9473,.T.);
#9521 = ORIENTED_EDGE('',*,*,#9215,.F.);
#9522 = ADVANCED_FACE('',(#9523,#9549),#8490,.T.);
#9523 = FACE_BOUND('',#9524,.T.);
#9524 = EDGE_LOOP('',(#9525,#9526,#9547,#9548));
#9525 = ORIENTED_EDGE('',*,*,#8474,.F.);
#9526 = ORIENTED_EDGE('',*,*,#9527,.T.);
#9527 = EDGE_CURVE('',#8475,#8800,#9528,.T.);
#9528 = SURFACE_CURVE('',#9529,(#9533,#9540),.PCURVE_S1.);
#9529 = LINE('',#9530,#9531);
#9530 = CARTESIAN_POINT('',(18.5,-38.5,31.8));
#9531 = VECTOR('',#9532,1.);
#9532 = DIRECTION('',(1.,0.,0.));
#9533 = PCURVE('',#8490,#9534);
#9534 = DEFINITIONAL_REPRESENTATION('',(#9535),#9539);
#9535 = LINE('',#9536,#9537);
#9536 = CARTESIAN_POINT('',(0.,0.));
#9537 = VECTOR('',#9538,1.);
#9538 = DIRECTION('',(1.,0.));
#9539 = ( GEOMETRIC_REPRESENTATION_CONTEXT(2) 
PARAMETRIC_REPRESENTATION_CONTEXT() REPRESENTATION_CONTEXT('2D SPACE',''
  ) );
#9540 = PCURVE('',#8518,#9541);
#9541 = DEFINITIONAL_REPRESENTATION('',(#9542),#9546);
#9542 = LINE('',#9543,#9544);
#9543 = CARTESIAN_POINT('',(5.,0.));
#9544 = VECTOR('',#9545,1.);
#9545 = DIRECTION('',(0.,1.));
#9546 = ( GEOMETRIC_REPRESENTATION_CONTEXT(2) 
PARAMETRIC_REPRESENTATION_CONTEXT() REPRESENTATION_CONTEXT('2D SPACE',''
  ) );
#9547 = ORIENTED_EDGE('',*,*,#8799,.T.);
#9548 = ORIENTED_EDGE('',*,*,#9499,.F.);
#9549 = FACE_BOUND('',#9550,.T.);
#9550 = EDGE_LOOP('',(#9551));
#9551 = ORIENTED_EDGE('',*,*,#9552,.T.);
#9552 = EDGE_CURVE('',#9553,#9553,#9555,.T.);
#9553 = VERTEX_POINT('',#9554);
#9554 = CARTESIAN_POINT('',(24.7,-32.,31.8));
#9555 = SURFACE_CURVE('',#9556,(#9561,#9572),.PCURVE_S1.);
#9556 = CIRCLE('',#9557,1.7);
#9557 = AXIS2_PLACEMENT_3D('',#9558,#9559,#9560);
#9558 = CARTESIAN_POINT('',(23.,-32.,31.8));
#9559 = DIRECTION('',(0.,0.,-1.));
#9560 = DIRECTION('',(1.,0.,0.));
#9561 = PCURVE('',#8490,#9562);
#9562 = DEFINITIONAL_REPRESENTATION('',(#9563),#9571);
#9563 = ( BOUNDED_CURVE() B_SPLINE_CURVE(2,(#9564,#9565,#9566,#9567,
#9568,#9569,#9570),.UNSPECIFIED.,.T.,.F.) B_SPLINE_CURVE_WITH_KNOTS((1,2
    ,2,2,2,1),(-2.094395102393,0.,2.094395102393,4.188790204786,
6.28318530718,8.377580409573),.UNSPECIFIED.) CURVE() 
GEOMETRIC_REPRESENTATION_ITEM() RATIONAL_B_SPLINE_CURVE((1.,0.5,1.,0.5,
1.,0.5,1.)) REPRESENTATION_ITEM('') );
#9564 = CARTESIAN_POINT('',(6.2,6.5));
#9565 = CARTESIAN_POINT('',(6.2,3.555513627133));
#9566 = CARTESIAN_POINT('',(3.65,5.027756813566));
#9567 = CARTESIAN_POINT('',(1.1,6.5));
#9568 = CARTESIAN_POINT('',(3.65,7.972243186434));
#9569 = CARTESIAN_POINT('',(6.2,9.444486372867));
#9570 = CARTESIAN_POINT('',(6.2,6.5));
#9571 = ( GEOMETRIC_REPRESENTATION_CONTEXT(2) 
PARAMETRIC_REPRESENTATION_CONTEXT() REPRESENTATION_CONTEXT('2D SPACE',''
  ) );
#9572 = PCURVE('',#9573,#9578);
#9573 = CYLINDRICAL_SURFACE('',#9574,1.7);
#9574 = AXIS2_PLACEMENT_3D('',#9575,#9576,#9577);
#9575 = CARTESIAN_POINT('',(23.,-32.,26.));
#9576 = DIRECTION('',(-0.,-0.,-1.));
#9577 = DIRECTION('',(1.,0.,0.));
#9578 = DEFINITIONAL_REPRESENTATION('',(#9579),#9583);
#9579 = LINE('',#9580,#9581);
#9580 = CARTESIAN_POINT('',(-6.28318530718,-5.8));
#9581 = VECTOR('',#9582,1.);
#9582 = DIRECTION('',(1.,-0.));
#9583 = ( GEOMETRIC_REPRESENTATION_CONTEXT(2) 
PARAMETRIC_REPRESENTATION_CONTEXT() REPRESENTATION_CONTEXT('2D SPACE',''
  ) );
#9584 = ADVANCED_FACE('',(#9585),#8518,.F.);
#9585 = FACE_BOUND('',#9586,.F.);
#9586 = EDGE_LOOP('',(#9587,#9608,#9609,#9610));
#9587 = ORIENTED_EDGE('',*,*,#9588,.F.);
#9588 = EDGE_CURVE('',#8503,#8825,#9589,.T.);
#9589 = SURFACE_CURVE('',#9590,(#9594,#9601),.PCURVE_S1.);
#9590 = LINE('',#9591,#9592);
#9591 = CARTESIAN_POINT('',(18.5,-38.5,26.8));
#9592 = VECTOR('',#9593,1.);
#9593 = DIRECTION('',(1.,0.,0.));
#9594 = PCURVE('',#8518,#9595);
#9595 = DEFINITIONAL_REPRESENTATION('',(#9596),#9600);
#9596 = LINE('',#9597,#9598);
#9597 = CARTESIAN_POINT('',(0.,0.));
#9598 = VECTOR('',#9599,1.);
#9599 = DIRECTION('',(0.,1.));
#9600 = ( GEOMETRIC_REPRESENTATION_CONTEXT(2) 
PARAMETRIC_REPRESENTATION_CONTEXT() REPRESENTATION_CONTEXT('2D SPACE',''
  ) );
#9601 = PCURVE('',#8546,#9602);
#9602 = DEFINITIONAL_REPRESENTATION('',(#9603),#9607);
#9603 = LINE('',#9604,#9605);
#9604 = CARTESIAN_POINT('',(68.5,11.5));
#9605 = VECTOR('',#9606,1.);
#9606 = DIRECTION('',(1.,0.));
#9607 = ( GEOMETRIC_REPRESENTATION_CONTEXT(2) 
PARAMETRIC_REPRESENTATION_CONTEXT() REPRESENTATION_CONTEXT('2D SPACE',''
  ) );
#9608 = ORIENTED_EDGE('',*,*,#8502,.T.);
#9609 = ORIENTED_EDGE('',*,*,#9527,.T.);
#9610 = ORIENTED_EDGE('',*,*,#8824,.F.);
#9611 = ADVANCED_FACE('',(#9612,#9644),#8546,.F.);
#9612 = FACE_BOUND('',#9613,.F.);
#9613 = EDGE_LOOP('',(#9614,#9615,#9616,#9643));
#9614 = ORIENTED_EDGE('',*,*,#9588,.T.);
#9615 = ORIENTED_EDGE('',*,*,#8847,.T.);
#9616 = ORIENTED_EDGE('',*,*,#9617,.T.);
#9617 = EDGE_CURVE('',#8848,#8531,#9618,.T.);
#9618 = SURFACE_CURVE('',#9619,(#9625,#9634),.PCURVE_S1.);
#9619 = B_SPLINE_CURVE_WITH_KNOTS('',4,(#9620,#9621,#9622,#9623,#9624),
  .UNSPECIFIED.,.F.,.F.,(5,5),(0.,1.),.PIECEWISE_BEZIER_KNOTS.);
#9620 = CARTESIAN_POINT('',(27.5,-12.65931873503,26.8));
#9621 = CARTESIAN_POINT('',(25.25,-12.65931873503,26.8));
#9622 = CARTESIAN_POINT('',(23.,-12.65931873503,26.8));
#9623 = CARTESIAN_POINT('',(20.75,-12.65931873503,26.8));
#9624 = CARTESIAN_POINT('',(18.5,-12.65931873503,26.8));
#9625 = PCURVE('',#8546,#9626);
#9626 = DEFINITIONAL_REPRESENTATION('',(#9627),#9633);
#9627 = B_SPLINE_CURVE_WITH_KNOTS('',4,(#9628,#9629,#9630,#9631,#9632),
  .UNSPECIFIED.,.F.,.F.,(5,5),(0.,1.),.PIECEWISE_BEZIER_KNOTS.);
#9628 = CARTESIAN_POINT('',(77.5,37.340681264968));
#9629 = CARTESIAN_POINT('',(75.25,37.340681264968));
#9630 = CARTESIAN_POINT('',(73.,37.340681264968));
#9631 = CARTESIAN_POINT('',(70.75,37.340681264968));
#9632 = CARTESIAN_POINT('',(68.5,37.340681264968));
#9633 = ( GEOMETRIC_REPRESENTATION_CONTEXT(2) 
PARAMETRIC_REPRESENTATION_CONTEXT() REPRESENTATION_CONTEXT('2D SPACE',''
  ) );
#9634 = PCURVE('',#8666,#9635);
#9635 = DEFINITIONAL_REPRESENTATION('',(#9636),#9642);
#9636 = B_SPLINE_CURVE_WITH_KNOTS('',4,(#9637,#9638,#9639,#9640,#9641),
  .UNSPECIFIED.,.F.,.F.,(5,5),(0.,1.),.PIECEWISE_BEZIER_KNOTS.);
#9637 = CARTESIAN_POINT('',(7.794722331953,-10.));
#9638 = CARTESIAN_POINT('',(7.794722331953,-7.75));
#9639 = CARTESIAN_POINT('',(7.794722331953,-5.5));
#9640 = CARTESIAN_POINT('',(7.794722331953,-3.25));
#9641 = CARTESIAN_POINT('',(7.794722331953,-1.));
#9642 = ( GEOMETRIC_REPRESENTATION_CONTEXT(2) 
PARAMETRIC_REPRESENTATION_CONTEXT() REPRESENTATION_CONTEXT('2D SPACE',''
  ) );
#9643 = ORIENTED_EDGE('',*,*,#8530,.T.);
#9644 = FACE_BOUND('',#9645,.F.);
#9645 = EDGE_LOOP('',(#9646));
#9646 = ORIENTED_EDGE('',*,*,#9647,.T.);
#9647 = EDGE_CURVE('',#9648,#9648,#9650,.T.);
#9648 = VERTEX_POINT('',#9649);
#9649 = CARTESIAN_POINT('',(24.7,-32.,26.8));
#9650 = SURFACE_CURVE('',#9651,(#9656,#9667),.PCURVE_S1.);
#9651 = CIRCLE('',#9652,1.7);
#9652 = AXIS2_PLACEMENT_3D('',#9653,#9654,#9655);
#9653 = CARTESIAN_POINT('',(23.,-32.,26.8));
#9654 = DIRECTION('',(0.,0.,-1.));
#9655 = DIRECTION('',(1.,0.,0.));
#9656 = PCURVE('',#8546,#9657);
#9657 = DEFINITIONAL_REPRESENTATION('',(#9658),#9666);
#9658 = ( BOUNDED_CURVE() B_SPLINE_CURVE(2,(#9659,#9660,#9661,#9662,
#9663,#9664,#9665),.UNSPECIFIED.,.T.,.F.) B_SPLINE_CURVE_WITH_KNOTS((1,2
    ,2,2,2,1),(-2.094395102393,0.,2.094395102393,4.188790204786,
6.28318530718,8.377580409573),.UNSPECIFIED.) CURVE() 
GEOMETRIC_REPRESENTATION_ITEM() RATIONAL_B_SPLINE_CURVE((1.,0.5,1.,0.5,
1.,0.5,1.)) REPRESENTATION_ITEM('') );
#9659 = CARTESIAN_POINT('',(74.7,18.));
#9660 = CARTESIAN_POINT('',(74.7,15.055513627133));
#9661 = CARTESIAN_POINT('',(72.15,16.527756813566));
#9662 = CARTESIAN_POINT('',(69.6,18.));
#9663 = CARTESIAN_POINT('',(72.15,19.472243186434));
#9664 = CARTESIAN_POINT('',(74.7,20.944486372867));
#9665 = CARTESIAN_POINT('',(74.7,18.));
#9666 = ( GEOMETRIC_REPRESENTATION_CONTEXT(2) 
PARAMETRIC_REPRESENTATION_CONTEXT() REPRESENTATION_CONTEXT('2D SPACE',''
  ) );
#9667 = PCURVE('',#9573,#9668);
#9668 = DEFINITIONAL_REPRESENTATION('',(#9669),#9673);
#9669 = LINE('',#9670,#9671);
#9670 = CARTESIAN_POINT('',(-6.28318530718,-0.8));
#9671 = VECTOR('',#9672,1.);
#9672 = DIRECTION('',(1.,-0.));
#9673 = ( GEOMETRIC_REPRESENTATION_CONTEXT(2) 
PARAMETRIC_REPRESENTATION_CONTEXT() REPRESENTATION_CONTEXT('2D SPACE',''
  ) );
#9674 = ADVANCED_FACE('',(#9675),#8666,.T.);
#9675 = FACE_BOUND('',#9676,.T.);
#9676 = EDGE_LOOP('',(#9677,#9678,#9679,#9680));
#9677 = ORIENTED_EDGE('',*,*,#8870,.F.);
#9678 = ORIENTED_EDGE('',*,*,#9617,.T.);
#9679 = ORIENTED_EDGE('',*,*,#8558,.F.);
#9680 = ORIENTED_EDGE('',*,*,#9266,.F.);
#9681 = ADVANCED_FACE('',(#9682),#9339,.F.);
#9682 = FACE_BOUND('',#9683,.T.);
#9683 = EDGE_LOOP('',(#9684,#9685,#9706,#9707));
#9684 = ORIENTED_EDGE('',*,*,#9318,.T.);
#9685 = ORIENTED_EDGE('',*,*,#9686,.T.);
#9686 = EDGE_CURVE('',#9319,#9408,#9687,.T.);
#9687 = SEAM_CURVE('',#9688,(#9692,#9699),.PCURVE_S1.);
#9688 = LINE('',#9689,#9690);
#9689 = CARTESIAN_POINT('',(24.7,32.,26.));
#9690 = VECTOR('',#9691,1.);
#9691 = DIRECTION('',(0.,0.,1.));
#9692 = PCURVE('',#9339,#9693);
#9693 = DEFINITIONAL_REPRESENTATION('',(#9694),#9698);
#9694 = LINE('',#9695,#9696);
#9695 = CARTESIAN_POINT('',(-6.28318530718,0.));
#9696 = VECTOR('',#9697,1.);
#9697 = DIRECTION('',(-0.,-1.));
#9698 = ( GEOMETRIC_REPRESENTATION_CONTEXT(2) 
PARAMETRIC_REPRESENTATION_CONTEXT() REPRESENTATION_CONTEXT('2D SPACE',''
  ) );
#9699 = PCURVE('',#9339,#9700);
#9700 = DEFINITIONAL_REPRESENTATION('',(#9701),#9705);
#9701 = LINE('',#9702,#9703);
#9702 = CARTESIAN_POINT('',(-0.,0.));
#9703 = VECTOR('',#9704,1.);
#9704 = DIRECTION('',(-0.,-1.));
#9705 = ( GEOMETRIC_REPRESENTATION_CONTEXT(2) 
PARAMETRIC_REPRESENTATION_CONTEXT() REPRESENTATION_CONTEXT('2D SPACE',''
  ) );
#9706 = ORIENTED_EDGE('',*,*,#9407,.F.);
#9707 = ORIENTED_EDGE('',*,*,#9686,.F.);
#9708 = ADVANCED_FACE('',(#9709),#9573,.F.);
#9709 = FACE_BOUND('',#9710,.T.);
#9710 = EDGE_LOOP('',(#9711,#9712,#9733,#9734));
#9711 = ORIENTED_EDGE('',*,*,#9647,.T.);
#9712 = ORIENTED_EDGE('',*,*,#9713,.T.);
#9713 = EDGE_CURVE('',#9648,#9553,#9714,.T.);
#9714 = SEAM_CURVE('',#9715,(#9719,#9726),.PCURVE_S1.);
#9715 = LINE('',#9716,#9717);
#9716 = CARTESIAN_POINT('',(24.7,-32.,26.));
#9717 = VECTOR('',#9718,1.);
#9718 = DIRECTION('',(0.,0.,1.));
#9719 = PCURVE('',#9573,#9720);
#9720 = DEFINITIONAL_REPRESENTATION('',(#9721),#9725);
#9721 = LINE('',#9722,#9723);
#9722 = CARTESIAN_POINT('',(-6.28318530718,0.));
#9723 = VECTOR('',#9724,1.);
#9724 = DIRECTION('',(-0.,-1.));
#9725 = ( GEOMETRIC_REPRESENTATION_CONTEXT(2) 
PARAMETRIC_REPRESENTATION_CONTEXT() REPRESENTATION_CONTEXT('2D SPACE',''
  ) );
#9726 = PCURVE('',#9573,#9727);
#9727 = DEFINITIONAL_REPRESENTATION('',(#9728),#9732);
#9728 = LINE('',#9729,#9730);
#9729 = CARTESIAN_POINT('',(-0.,0.));
#9730 = VECTOR('',#9731,1.);
#9731 = DIRECTION('',(-0.,-1.));
#9732 = ( GEOMETRIC_REPRESENTATION_CONTEXT(2) 
PARAMETRIC_REPRESENTATION_CONTEXT() REPRESENTATION_CONTEXT('2D SPACE',''
  ) );
#9733 = ORIENTED_EDGE('',*,*,#9552,.F.);
#9734 = ORIENTED_EDGE('',*,*,#9713,.F.);
#9735 = ( GEOMETRIC_REPRESENTATION_CONTEXT(3) 
GLOBAL_UNCERTAINTY_ASSIGNED_CONTEXT((#9739)) 
GLOBAL_UNIT_ASSIGNED_CONTEXT((#9736,#9737,#9738)) REPRESENTATION_CONTEXT
('Context #1','3D Context with UNIT and UNCERTAINTY') );
#9736 = ( LENGTH_UNIT() NAMED_UNIT(*) SI_UNIT(.MILLI.,.METRE.) );
#9737 = ( NAMED_UNIT(*) PLANE_ANGLE_UNIT() SI_UNIT($,.RADIAN.) );
#9738 = ( NAMED_UNIT(*) SI_UNIT($,.STERADIAN.) SOLID_ANGLE_UNIT() );
#9739 = UNCERTAINTY_MEASURE_WITH_UNIT(LENGTH_MEASURE(1.E-06),#9736,
  'distance_accuracy_value','confusion accuracy');
#9740 = CONTEXT_DEPENDENT_SHAPE_REPRESENTATION(#9741,#9743);
#9741 = ( REPRESENTATION_RELATIONSHIP('','',#8042,#10) 
REPRESENTATION_RELATIONSHIP_WITH_TRANSFORMATION(#9742) 
SHAPE_REPRESENTATION_RELATIONSHIP() );
#9742 = ITEM_DEFINED_TRANSFORMATION('','',#11,#23);
#9743 = PRODUCT_DEFINITION_SHAPE('Placement','Placement of an item',
  #9744);
#9744 = NEXT_ASSEMBLY_USAGE_OCCURRENCE('3','','',#5,#8037,$);
#9745 = PRODUCT_RELATED_PRODUCT_CATEGORY('part',$,(#8039));
ENDSEC;
END-ISO-10303-21;
