ISO-10303-21;
HEADER;
FILE_DESCRIPTION(('Open CASCADE Model'),'2;1');
FILE_NAME('Open CASCADE Shape Model','2026-09-24T11:22:09',('Author'),(
    'Open CASCADE'),'Open CASCADE STEP processor 7.9','Open CASCADE 7.9'
  ,'Unknown');
FILE_SCHEMA(('AUTOMOTIVE_DESIGN { 1 0 10303 214 1 1 1 1 }'));
ENDSEC;
DATA;
#1 = APPLICATION_PROTOCOL_DEFINITION('international standard',
  'automotive_design',2000,#2);
#2 = APPLICATION_CONTEXT(
  'core data for automotive mechanical design processes');
#3 = SHAPE_DEFINITION_REPRESENTATION(#4,#10);
#4 = PRODUCT_DEFINITION_SHAPE('','',#5);
#5 = PRODUCT_DEFINITION('design','',#6,#9);
#6 = PRODUCT_DEFINITION_FORMATION('','',#7);
#7 = PRODUCT('Open CASCADE STEP translator 7.9 6',
  'Open CASCADE STEP translator 7.9 6','',(#8));
#8 = PRODUCT_CONTEXT('',#2,'mechanical');
#9 = PRODUCT_DEFINITION_CONTEXT('part definition',#2,'design');
#10 = SHAPE_REPRESENTATION('',(#11,#15,#19,#23,#27,#31,#35,#39),#43);
#11 = AXIS2_PLACEMENT_3D('',#12,#13,#14);
#12 = CARTESIAN_POINT('',(0.,0.,0.));
#13 = DIRECTION('',(0.,0.,1.));
#14 = DIRECTION('',(1.,0.,-0.));
#15 = AXIS2_PLACEMENT_3D('',#16,#17,#18);
#16 = CARTESIAN_POINT('',(0.,0.,0.));
#17 = DIRECTION('',(0.,0.,1.));
#18 = DIRECTION('',(1.,0.,-0.));
#19 = AXIS2_PLACEMENT_3D('',#20,#21,#22);
#20 = CARTESIAN_POINT('',(0.,0.,0.));
#21 = DIRECTION('',(0.,0.,1.));
#22 = DIRECTION('',(1.,0.,-0.));
#23 = AXIS2_PLACEMENT_3D('',#24,#25,#26);
#24 = CARTESIAN_POINT('',(0.,0.,0.));
#25 = DIRECTION('',(0.,0.,1.));
#26 = DIRECTION('',(1.,0.,-0.));
#27 = AXIS2_PLACEMENT_3D('',#28,#29,#30);
#28 = CARTESIAN_POINT('',(0.,0.,0.));
#29 = DIRECTION('',(0.,0.,1.));
#30 = DIRECTION('',(1.,0.,-0.));
#31 = AXIS2_PLACEMENT_3D('',#32,#33,#34);
#32 = CARTESIAN_POINT('',(0.,0.,0.));
#33 = DIRECTION('',(0.,0.,1.));
#34 = DIRECTION('',(1.,0.,-0.));
#35 = AXIS2_PLACEMENT_3D('',#36,#37,#38);
#36 = CARTESIAN_POINT('',(0.,0.,0.));
#37 = DIRECTION('',(0.,0.,1.));
#38 = DIRECTION('',(1.,0.,0.));
#39 = AXIS2_PLACEMENT_3D('',#40,#41,#42);
#40 = CARTESIAN_POINT('',(0.,0.,0.));
#41 = DIRECTION('',(0.,0.,1.));
#42 = DIRECTION('',(1.,0.,0.));
#43 = ( GEOMETRIC_REPRESENTATION_CONTEXT(3) 
GLOBAL_UNCERTAINTY_ASSIGNED_CONTEXT((#47)) GLOBAL_UNIT_ASSIGNED_CONTEXT(
(#44,#45,#46)) REPRESENTATION_CONTEXT('Context #1',
  '3D Context with UNIT and UNCERTAINTY') );
#44 = ( LENGTH_UNIT() NAMED_UNIT(*) SI_UNIT(.MILLI.,.METRE.) );
#45 = ( NAMED_UNIT(*) PLANE_ANGLE_UNIT() SI_UNIT($,.RADIAN.) );
#46 = ( NAMED_UNIT(*) SI_UNIT($,.STERADIAN.) SOLID_ANGLE_UNIT() );
#47 = UNCERTAINTY_MEASURE_WITH_UNIT(LENGTH_MEASURE(5.E-07),#44,
  'distance_accuracy_value','confusion accuracy');
#48 = PRODUCT_RELATED_PRODUCT_CATEGORY('part',$,(#7));
#49 = SHAPE_DEFINITION_REPRESENTATION(#50,#56);
#50 = PRODUCT_DEFINITION_SHAPE('','',#51);
#51 = PRODUCT_DEFINITION('design','',#52,#55);
#52 = PRODUCT_DEFINITION_FORMATION('','',#53);
#53 = PRODUCT('Open CASCADE STEP translator 7.9 6.1',
  'Open CASCADE STEP translator 7.9 6.1','',(#54));
#54 = PRODUCT_CONTEXT('',#2,'mechanical');
#55 = PRODUCT_DEFINITION_CONTEXT('part definition',#2,'design');
#56 = ADVANCED_BREP_SHAPE_REPRESENTATION('',(#11,#57),#6485);
#57 = MANIFOLD_SOLID_BREP('',#58);
#58 = CLOSED_SHELL('',(#59,#179,#1138,#1188,#1242,#1491,#1646,#1748,
    #1797,#1872,#1899,#1926,#1953,#1960,#2036,#2085,#2134,#2166,#2598,
    #2645,#2692,#3052,#3128,#3177,#3226,#3258,#3690,#3737,#3784,#4144,
    #4215,#4264,#4313,#4340,#4411,#4460,#4509,#4536,#4588,#4640,#4692,
    #4744,#5016,#5042,#5069,#5075,#5254,#5281,#5308,#5359,#5388,#5452,
    #5485,#5543,#5592,#5603,#5654,#5683,#5747,#5780,#5838,#5887,#5898,
    #5953,#6008,#6063,#6118,#6145,#6172,#6179,#6206,#6233,#6288,#6343,
    #6398,#6453,#6457,#6461,#6465,#6469,#6473,#6477,#6481));
#59 = ADVANCED_FACE('',(#60),#74,.F.);
#60 = FACE_BOUND('',#61,.F.);
#61 = EDGE_LOOP('',(#62,#97,#125,#153));
#62 = ORIENTED_EDGE('',*,*,#63,.F.);
#63 = EDGE_CURVE('',#64,#66,#68,.T.);
#64 = VERTEX_POINT('',#65);
#65 = CARTESIAN_POINT('',(-34.,-20.,8.));
#66 = VERTEX_POINT('',#67);
#67 = CARTESIAN_POINT('',(-34.,20.,8.));
#68 = SURFACE_CURVE('',#69,(#73,#85),.PCURVE_S1.);
#69 = LINE('',#70,#71);
#70 = CARTESIAN_POINT('',(-34.,-23.,8.));
#71 = VECTOR('',#72,1.);
#72 = DIRECTION('',(0.,1.,0.));
#73 = PCURVE('',#74,#79);
#74 = PLANE('',#75);
#75 = AXIS2_PLACEMENT_3D('',#76,#77,#78);
#76 = CARTESIAN_POINT('',(-34.,-23.,0.));
#77 = DIRECTION('',(1.,0.,0.));
#78 = DIRECTION('',(0.,0.,1.));
#79 = DEFINITIONAL_REPRESENTATION('',(#80),#84);
#80 = LINE('',#81,#82);
#81 = CARTESIAN_POINT('',(8.,0.));
#82 = VECTOR('',#83,1.);
#83 = DIRECTION('',(0.,-1.));
#84 = ( GEOMETRIC_REPRESENTATION_CONTEXT(2) 
PARAMETRIC_REPRESENTATION_CONTEXT() REPRESENTATION_CONTEXT('2D SPACE',''
  ) );
#85 = PCURVE('',#86,#91);
#86 = PLANE('',#87);
#87 = AXIS2_PLACEMENT_3D('',#88,#89,#90);
#88 = CARTESIAN_POINT('',(-34.,-23.,8.));
#89 = DIRECTION('',(0.,0.,1.));
#90 = DIRECTION('',(1.,0.,0.));
#91 = DEFINITIONAL_REPRESENTATION('',(#92),#96);
#92 = LINE('',#93,#94);
#93 = CARTESIAN_POINT('',(0.,0.));
#94 = VECTOR('',#95,1.);
#95 = DIRECTION('',(0.,1.));
#96 = ( GEOMETRIC_REPRESENTATION_CONTEXT(2) 
PARAMETRIC_REPRESENTATION_CONTEXT() REPRESENTATION_CONTEXT('2D SPACE',''
  ) );
#97 = ORIENTED_EDGE('',*,*,#98,.F.);
#98 = EDGE_CURVE('',#99,#64,#101,.T.);
#99 = VERTEX_POINT('',#100);
#100 = CARTESIAN_POINT('',(-34.,-20.,0.));
#101 = SURFACE_CURVE('',#102,(#106,#113),.PCURVE_S1.);
#102 = LINE('',#103,#104);
#103 = CARTESIAN_POINT('',(-34.,-20.,0.));
#104 = VECTOR('',#105,1.);
#105 = DIRECTION('',(0.,0.,1.));
#106 = PCURVE('',#74,#107);
#107 = DEFINITIONAL_REPRESENTATION('',(#108),#112);
#108 = LINE('',#109,#110);
#109 = CARTESIAN_POINT('',(0.,-3.));
#110 = VECTOR('',#111,1.);
#111 = DIRECTION('',(1.,0.));
#112 = ( GEOMETRIC_REPRESENTATION_CONTEXT(2) 
PARAMETRIC_REPRESENTATION_CONTEXT() REPRESENTATION_CONTEXT('2D SPACE',''
  ) );
#113 = PCURVE('',#114,#119);
#114 = CYLINDRICAL_SURFACE('',#115,3.);
#115 = AXIS2_PLACEMENT_3D('',#116,#117,#118);
#116 = CARTESIAN_POINT('',(-31.,-20.,0.));
#117 = DIRECTION('',(0.,0.,1.));
#118 = DIRECTION('',(-1.,-0.,0.));
#119 = DEFINITIONAL_REPRESENTATION('',(#120),#124);
#120 = LINE('',#121,#122);
#121 = CARTESIAN_POINT('',(0.,0.));
#122 = VECTOR('',#123,1.);
#123 = DIRECTION('',(0.,1.));
#124 = ( GEOMETRIC_REPRESENTATION_CONTEXT(2) 
PARAMETRIC_REPRESENTATION_CONTEXT() REPRESENTATION_CONTEXT('2D SPACE',''
  ) );
#125 = ORIENTED_EDGE('',*,*,#126,.T.);
#126 = EDGE_CURVE('',#99,#127,#129,.T.);
#127 = VERTEX_POINT('',#128);
#128 = CARTESIAN_POINT('',(-34.,20.,0.));
#129 = SURFACE_CURVE('',#130,(#134,#141),.PCURVE_S1.);
#130 = LINE('',#131,#132);
#131 = CARTESIAN_POINT('',(-34.,-23.,0.));
#132 = VECTOR('',#133,1.);
#133 = DIRECTION('',(0.,1.,0.));
#134 = PCURVE('',#74,#135);
#135 = DEFINITIONAL_REPRESENTATION('',(#136),#140);
#136 = LINE('',#137,#138);
#137 = CARTESIAN_POINT('',(0.,0.));
#138 = VECTOR('',#139,1.);
#139 = DIRECTION('',(0.,-1.));
#140 = ( GEOMETRIC_REPRESENTATION_CONTEXT(2) 
PARAMETRIC_REPRESENTATION_CONTEXT() REPRESENTATION_CONTEXT('2D SPACE',''
  ) );
#141 = PCURVE('',#142,#147);
#142 = PLANE('',#143);
#143 = AXIS2_PLACEMENT_3D('',#144,#145,#146);
#144 = CARTESIAN_POINT('',(-34.,-23.,0.));
#145 = DIRECTION('',(0.,0.,1.));
#146 = DIRECTION('',(1.,0.,0.));
#147 = DEFINITIONAL_REPRESENTATION('',(#148),#152);
#148 = LINE('',#149,#150);
#149 = CARTESIAN_POINT('',(0.,0.));
#150 = VECTOR('',#151,1.);
#151 = DIRECTION('',(0.,1.));
#152 = ( GEOMETRIC_REPRESENTATION_CONTEXT(2) 
PARAMETRIC_REPRESENTATION_CONTEXT() REPRESENTATION_CONTEXT('2D SPACE',''
  ) );
#153 = ORIENTED_EDGE('',*,*,#154,.T.);
#154 = EDGE_CURVE('',#127,#66,#155,.T.);
#155 = SURFACE_CURVE('',#156,(#160,#167),.PCURVE_S1.);
#156 = LINE('',#157,#158);
#157 = CARTESIAN_POINT('',(-34.,20.,0.));
#158 = VECTOR('',#159,1.);
#159 = DIRECTION('',(0.,0.,1.));
#160 = PCURVE('',#74,#161);
#161 = DEFINITIONAL_REPRESENTATION('',(#162),#166);
#162 = LINE('',#163,#164);
#163 = CARTESIAN_POINT('',(0.,-43.));
#164 = VECTOR('',#165,1.);
#165 = DIRECTION('',(1.,0.));
#166 = ( GEOMETRIC_REPRESENTATION_CONTEXT(2) 
PARAMETRIC_REPRESENTATION_CONTEXT() REPRESENTATION_CONTEXT('2D SPACE',''
  ) );
#167 = PCURVE('',#168,#173);
#168 = CYLINDRICAL_SURFACE('',#169,3.);
#169 = AXIS2_PLACEMENT_3D('',#170,#171,#172);
#170 = CARTESIAN_POINT('',(-31.,20.,0.));
#171 = DIRECTION('',(0.,0.,1.));
#172 = DIRECTION('',(-1.,-0.,0.));
#173 = DEFINITIONAL_REPRESENTATION('',(#174),#178);
#174 = LINE('',#175,#176);
#175 = CARTESIAN_POINT('',(-0.,0.));
#176 = VECTOR('',#177,1.);
#177 = DIRECTION('',(-0.,1.));
#178 = ( GEOMETRIC_REPRESENTATION_CONTEXT(2) 
PARAMETRIC_REPRESENTATION_CONTEXT() REPRESENTATION_CONTEXT('2D SPACE',''
  ) );
#179 = ADVANCED_FACE('',(#180,#486,#592,#706,#812,#926,#1032),#86,.T.);
#180 = FACE_BOUND('',#181,.T.);
#181 = EDGE_LOOP('',(#182,#183,#207,#235,#268,#296,#325,#353,#381,#409,
    #437,#460));
#182 = ORIENTED_EDGE('',*,*,#63,.F.);
#183 = ORIENTED_EDGE('',*,*,#184,.T.);
#184 = EDGE_CURVE('',#64,#185,#187,.T.);
#185 = VERTEX_POINT('',#186);
#186 = CARTESIAN_POINT('',(-31.,-23.,8.));
#187 = SURFACE_CURVE('',#188,(#193,#200),.PCURVE_S1.);
#188 = CIRCLE('',#189,3.);
#189 = AXIS2_PLACEMENT_3D('',#190,#191,#192);
#190 = CARTESIAN_POINT('',(-31.,-20.,8.));
#191 = DIRECTION('',(0.,0.,1.));
#192 = DIRECTION('',(0.,-1.,0.));
#193 = PCURVE('',#86,#194);
#194 = DEFINITIONAL_REPRESENTATION('',(#195),#199);
#195 = CIRCLE('',#196,3.);
#196 = AXIS2_PLACEMENT_2D('',#197,#198);
#197 = CARTESIAN_POINT('',(3.,3.));
#198 = DIRECTION('',(0.,-1.));
#199 = ( GEOMETRIC_REPRESENTATION_CONTEXT(2) 
PARAMETRIC_REPRESENTATION_CONTEXT() REPRESENTATION_CONTEXT('2D SPACE',''
  ) );
#200 = PCURVE('',#114,#201);
#201 = DEFINITIONAL_REPRESENTATION('',(#202),#206);
#202 = LINE('',#203,#204);
#203 = CARTESIAN_POINT('',(-4.712388980385,8.));
#204 = VECTOR('',#205,1.);
#205 = DIRECTION('',(1.,0.));
#206 = ( GEOMETRIC_REPRESENTATION_CONTEXT(2) 
PARAMETRIC_REPRESENTATION_CONTEXT() REPRESENTATION_CONTEXT('2D SPACE',''
  ) );
#207 = ORIENTED_EDGE('',*,*,#208,.T.);
#208 = EDGE_CURVE('',#185,#209,#211,.T.);
#209 = VERTEX_POINT('',#210);
#210 = CARTESIAN_POINT('',(31.,-23.,8.));
#211 = SURFACE_CURVE('',#212,(#216,#223),.PCURVE_S1.);
#212 = LINE('',#213,#214);
#213 = CARTESIAN_POINT('',(-34.,-23.,8.));
#214 = VECTOR('',#215,1.);
#215 = DIRECTION('',(1.,0.,0.));
#216 = PCURVE('',#86,#217);
#217 = DEFINITIONAL_REPRESENTATION('',(#218),#222);
#218 = LINE('',#219,#220);
#219 = CARTESIAN_POINT('',(0.,0.));
#220 = VECTOR('',#221,1.);
#221 = DIRECTION('',(1.,0.));
#222 = ( GEOMETRIC_REPRESENTATION_CONTEXT(2) 
PARAMETRIC_REPRESENTATION_CONTEXT() REPRESENTATION_CONTEXT('2D SPACE',''
  ) );
#223 = PCURVE('',#224,#229);
#224 = PLANE('',#225);
#225 = AXIS2_PLACEMENT_3D('',#226,#227,#228);
#226 = CARTESIAN_POINT('',(-34.,-23.,0.));
#227 = DIRECTION('',(0.,1.,0.));
#228 = DIRECTION('',(0.,0.,1.));
#229 = DEFINITIONAL_REPRESENTATION('',(#230),#234);
#230 = LINE('',#231,#232);
#231 = CARTESIAN_POINT('',(8.,0.));
#232 = VECTOR('',#233,1.);
#233 = DIRECTION('',(0.,1.));
#234 = ( GEOMETRIC_REPRESENTATION_CONTEXT(2) 
PARAMETRIC_REPRESENTATION_CONTEXT() REPRESENTATION_CONTEXT('2D SPACE',''
  ) );
#235 = ORIENTED_EDGE('',*,*,#236,.F.);
#236 = EDGE_CURVE('',#237,#209,#239,.T.);
#237 = VERTEX_POINT('',#238);
#238 = CARTESIAN_POINT('',(34.,-20.,8.));
#239 = SURFACE_CURVE('',#240,(#245,#256),.PCURVE_S1.);
#240 = CIRCLE('',#241,3.);
#241 = AXIS2_PLACEMENT_3D('',#242,#243,#244);
#242 = CARTESIAN_POINT('',(31.,-20.,8.));
#243 = DIRECTION('',(-0.,-0.,-1.));
#244 = DIRECTION('',(0.,-1.,0.));
#245 = PCURVE('',#86,#246);
#246 = DEFINITIONAL_REPRESENTATION('',(#247),#255);
#247 = ( BOUNDED_CURVE() B_SPLINE_CURVE(2,(#248,#249,#250,#251,#252,#253
,#254),.UNSPECIFIED.,.T.,.F.) B_SPLINE_CURVE_WITH_KNOTS((1,2,2,2,2,1),(
    -2.094395102393,0.,2.094395102393,4.188790204786,6.28318530718,
8.377580409573),.UNSPECIFIED.) CURVE() GEOMETRIC_REPRESENTATION_ITEM() 
RATIONAL_B_SPLINE_CURVE((1.,0.5,1.,0.5,1.,0.5,1.)) REPRESENTATION_ITEM(
  '') );
#248 = CARTESIAN_POINT('',(65.,0.));
#249 = CARTESIAN_POINT('',(59.803847577293,0.));
#250 = CARTESIAN_POINT('',(62.401923788647,4.5));
#251 = CARTESIAN_POINT('',(65.,9.));
#252 = CARTESIAN_POINT('',(67.598076211353,4.5));
#253 = CARTESIAN_POINT('',(70.196152422707,4.440892098501E-15));
#254 = CARTESIAN_POINT('',(65.,0.));
#255 = ( GEOMETRIC_REPRESENTATION_CONTEXT(2) 
PARAMETRIC_REPRESENTATION_CONTEXT() REPRESENTATION_CONTEXT('2D SPACE',''
  ) );
#256 = PCURVE('',#257,#262);
#257 = CYLINDRICAL_SURFACE('',#258,3.);
#258 = AXIS2_PLACEMENT_3D('',#259,#260,#261);
#259 = CARTESIAN_POINT('',(31.,-20.,0.));
#260 = DIRECTION('',(0.,0.,1.));
#261 = DIRECTION('',(1.,0.,-0.));
#262 = DEFINITIONAL_REPRESENTATION('',(#263),#267);
#263 = LINE('',#264,#265);
#264 = CARTESIAN_POINT('',(4.712388980385,8.));
#265 = VECTOR('',#266,1.);
#266 = DIRECTION('',(-1.,0.));
#267 = ( GEOMETRIC_REPRESENTATION_CONTEXT(2) 
PARAMETRIC_REPRESENTATION_CONTEXT() REPRESENTATION_CONTEXT('2D SPACE',''
  ) );
#268 = ORIENTED_EDGE('',*,*,#269,.T.);
#269 = EDGE_CURVE('',#237,#270,#272,.T.);
#270 = VERTEX_POINT('',#271);
#271 = CARTESIAN_POINT('',(34.,20.,8.));
#272 = SURFACE_CURVE('',#273,(#277,#284),.PCURVE_S1.);
#273 = LINE('',#274,#275);
#274 = CARTESIAN_POINT('',(34.,-23.,8.));
#275 = VECTOR('',#276,1.);
#276 = DIRECTION('',(0.,1.,0.));
#277 = PCURVE('',#86,#278);
#278 = DEFINITIONAL_REPRESENTATION('',(#279),#283);
#279 = LINE('',#280,#281);
#280 = CARTESIAN_POINT('',(68.,0.));
#281 = VECTOR('',#282,1.);
#282 = DIRECTION('',(0.,1.));
#283 = ( GEOMETRIC_REPRESENTATION_CONTEXT(2) 
PARAMETRIC_REPRESENTATION_CONTEXT() REPRESENTATION_CONTEXT('2D SPACE',''
  ) );
#284 = PCURVE('',#285,#290);
#285 = PLANE('',#286);
#286 = AXIS2_PLACEMENT_3D('',#287,#288,#289);
#287 = CARTESIAN_POINT('',(34.,-23.,0.));
#288 = DIRECTION('',(1.,0.,0.));
#289 = DIRECTION('',(0.,0.,1.));
#290 = DEFINITIONAL_REPRESENTATION('',(#291),#295);
#291 = LINE('',#292,#293);
#292 = CARTESIAN_POINT('',(8.,0.));
#293 = VECTOR('',#294,1.);
#294 = DIRECTION('',(0.,-1.));
#295 = ( GEOMETRIC_REPRESENTATION_CONTEXT(2) 
PARAMETRIC_REPRESENTATION_CONTEXT() REPRESENTATION_CONTEXT('2D SPACE',''
  ) );
#296 = ORIENTED_EDGE('',*,*,#297,.T.);
#297 = EDGE_CURVE('',#270,#298,#300,.T.);
#298 = VERTEX_POINT('',#299);
#299 = CARTESIAN_POINT('',(31.,23.,8.));
#300 = SURFACE_CURVE('',#301,(#306,#313),.PCURVE_S1.);
#301 = CIRCLE('',#302,3.);
#302 = AXIS2_PLACEMENT_3D('',#303,#304,#305);
#303 = CARTESIAN_POINT('',(31.,20.,8.));
#304 = DIRECTION('',(0.,0.,1.));
#305 = DIRECTION('',(0.,-1.,0.));
#306 = PCURVE('',#86,#307);
#307 = DEFINITIONAL_REPRESENTATION('',(#308),#312);
#308 = CIRCLE('',#309,3.);
#309 = AXIS2_PLACEMENT_2D('',#310,#311);
#310 = CARTESIAN_POINT('',(65.,43.));
#311 = DIRECTION('',(0.,-1.));
#312 = ( GEOMETRIC_REPRESENTATION_CONTEXT(2) 
PARAMETRIC_REPRESENTATION_CONTEXT() REPRESENTATION_CONTEXT('2D SPACE',''
  ) );
#313 = PCURVE('',#314,#319);
#314 = CYLINDRICAL_SURFACE('',#315,3.);
#315 = AXIS2_PLACEMENT_3D('',#316,#317,#318);
#316 = CARTESIAN_POINT('',(31.,20.,0.));
#317 = DIRECTION('',(0.,0.,1.));
#318 = DIRECTION('',(1.,0.,-0.));
#319 = DEFINITIONAL_REPRESENTATION('',(#320),#324);
#320 = LINE('',#321,#322);
#321 = CARTESIAN_POINT('',(-1.570796326795,8.));
#322 = VECTOR('',#323,1.);
#323 = DIRECTION('',(1.,0.));
#324 = ( GEOMETRIC_REPRESENTATION_CONTEXT(2) 
PARAMETRIC_REPRESENTATION_CONTEXT() REPRESENTATION_CONTEXT('2D SPACE',''
  ) );
#325 = ORIENTED_EDGE('',*,*,#326,.F.);
#326 = EDGE_CURVE('',#327,#298,#329,.T.);
#327 = VERTEX_POINT('',#328);
#328 = CARTESIAN_POINT('',(8.,23.,8.));
#329 = SURFACE_CURVE('',#330,(#334,#341),.PCURVE_S1.);
#330 = LINE('',#331,#332);
#331 = CARTESIAN_POINT('',(-34.,23.,8.));
#332 = VECTOR('',#333,1.);
#333 = DIRECTION('',(1.,0.,0.));
#334 = PCURVE('',#86,#335);
#335 = DEFINITIONAL_REPRESENTATION('',(#336),#340);
#336 = LINE('',#337,#338);
#337 = CARTESIAN_POINT('',(0.,46.));
#338 = VECTOR('',#339,1.);
#339 = DIRECTION('',(1.,0.));
#340 = ( GEOMETRIC_REPRESENTATION_CONTEXT(2) 
PARAMETRIC_REPRESENTATION_CONTEXT() REPRESENTATION_CONTEXT('2D SPACE',''
  ) );
#341 = PCURVE('',#342,#347);
#342 = PLANE('',#343);
#343 = AXIS2_PLACEMENT_3D('',#344,#345,#346);
#344 = CARTESIAN_POINT('',(-34.,23.,0.));
#345 = DIRECTION('',(0.,1.,0.));
#346 = DIRECTION('',(0.,0.,1.));
#347 = DEFINITIONAL_REPRESENTATION('',(#348),#352);
#348 = LINE('',#349,#350);
#349 = CARTESIAN_POINT('',(8.,0.));
#350 = VECTOR('',#351,1.);
#351 = DIRECTION('',(0.,1.));
#352 = ( GEOMETRIC_REPRESENTATION_CONTEXT(2) 
PARAMETRIC_REPRESENTATION_CONTEXT() REPRESENTATION_CONTEXT('2D SPACE',''
  ) );
#353 = ORIENTED_EDGE('',*,*,#354,.F.);
#354 = EDGE_CURVE('',#355,#327,#357,.T.);
#355 = VERTEX_POINT('',#356);
#356 = CARTESIAN_POINT('',(8.,16.,8.));
#357 = SURFACE_CURVE('',#358,(#362,#369),.PCURVE_S1.);
#358 = LINE('',#359,#360);
#359 = CARTESIAN_POINT('',(8.,16.,8.));
#360 = VECTOR('',#361,1.);
#361 = DIRECTION('',(0.,1.,0.));
#362 = PCURVE('',#86,#363);
#363 = DEFINITIONAL_REPRESENTATION('',(#364),#368);
#364 = LINE('',#365,#366);
#365 = CARTESIAN_POINT('',(42.,39.));
#366 = VECTOR('',#367,1.);
#367 = DIRECTION('',(0.,1.));
#368 = ( GEOMETRIC_REPRESENTATION_CONTEXT(2) 
PARAMETRIC_REPRESENTATION_CONTEXT() REPRESENTATION_CONTEXT('2D SPACE',''
  ) );
#369 = PCURVE('',#370,#375);
#370 = PLANE('',#371);
#371 = AXIS2_PLACEMENT_3D('',#372,#373,#374);
#372 = CARTESIAN_POINT('',(8.,16.,8.));
#373 = DIRECTION('',(1.,0.,0.));
#374 = DIRECTION('',(0.,0.,1.));
#375 = DEFINITIONAL_REPRESENTATION('',(#376),#380);
#376 = LINE('',#377,#378);
#377 = CARTESIAN_POINT('',(0.,0.));
#378 = VECTOR('',#379,1.);
#379 = DIRECTION('',(0.,-1.));
#380 = ( GEOMETRIC_REPRESENTATION_CONTEXT(2) 
PARAMETRIC_REPRESENTATION_CONTEXT() REPRESENTATION_CONTEXT('2D SPACE',''
  ) );
#381 = ORIENTED_EDGE('',*,*,#382,.F.);
#382 = EDGE_CURVE('',#383,#355,#385,.T.);
#383 = VERTEX_POINT('',#384);
#384 = CARTESIAN_POINT('',(-8.,16.,8.));
#385 = SURFACE_CURVE('',#386,(#390,#397),.PCURVE_S1.);
#386 = LINE('',#387,#388);
#387 = CARTESIAN_POINT('',(-8.,16.,8.));
#388 = VECTOR('',#389,1.);
#389 = DIRECTION('',(1.,0.,0.));
#390 = PCURVE('',#86,#391);
#391 = DEFINITIONAL_REPRESENTATION('',(#392),#396);
#392 = LINE('',#393,#394);
#393 = CARTESIAN_POINT('',(26.,39.));
#394 = VECTOR('',#395,1.);
#395 = DIRECTION('',(1.,0.));
#396 = ( GEOMETRIC_REPRESENTATION_CONTEXT(2) 
PARAMETRIC_REPRESENTATION_CONTEXT() REPRESENTATION_CONTEXT('2D SPACE',''
  ) );
#397 = PCURVE('',#398,#403);
#398 = PLANE('',#399);
#399 = AXIS2_PLACEMENT_3D('',#400,#401,#402);
#400 = CARTESIAN_POINT('',(-8.,16.,8.));
#401 = DIRECTION('',(0.,1.,0.));
#402 = DIRECTION('',(0.,0.,1.));
#403 = DEFINITIONAL_REPRESENTATION('',(#404),#408);
#404 = LINE('',#405,#406);
#405 = CARTESIAN_POINT('',(0.,0.));
#406 = VECTOR('',#407,1.);
#407 = DIRECTION('',(0.,1.));
#408 = ( GEOMETRIC_REPRESENTATION_CONTEXT(2) 
PARAMETRIC_REPRESENTATION_CONTEXT() REPRESENTATION_CONTEXT('2D SPACE',''
  ) );
#409 = ORIENTED_EDGE('',*,*,#410,.T.);
#410 = EDGE_CURVE('',#383,#411,#413,.T.);
#411 = VERTEX_POINT('',#412);
#412 = CARTESIAN_POINT('',(-8.,23.,8.));
#413 = SURFACE_CURVE('',#414,(#418,#425),.PCURVE_S1.);
#414 = LINE('',#415,#416);
#415 = CARTESIAN_POINT('',(-8.,16.,8.));
#416 = VECTOR('',#417,1.);
#417 = DIRECTION('',(0.,1.,0.));
#418 = PCURVE('',#86,#419);
#419 = DEFINITIONAL_REPRESENTATION('',(#420),#424);
#420 = LINE('',#421,#422);
#421 = CARTESIAN_POINT('',(26.,39.));
#422 = VECTOR('',#423,1.);
#423 = DIRECTION('',(0.,1.));
#424 = ( GEOMETRIC_REPRESENTATION_CONTEXT(2) 
PARAMETRIC_REPRESENTATION_CONTEXT() REPRESENTATION_CONTEXT('2D SPACE',''
  ) );
#425 = PCURVE('',#426,#431);
#426 = PLANE('',#427);
#427 = AXIS2_PLACEMENT_3D('',#428,#429,#430);
#428 = CARTESIAN_POINT('',(-8.,16.,8.));
#429 = DIRECTION('',(1.,0.,0.));
#430 = DIRECTION('',(0.,0.,1.));
#431 = DEFINITIONAL_REPRESENTATION('',(#432),#436);
#432 = LINE('',#433,#434);
#433 = CARTESIAN_POINT('',(0.,0.));
#434 = VECTOR('',#435,1.);
#435 = DIRECTION('',(0.,-1.));
#436 = ( GEOMETRIC_REPRESENTATION_CONTEXT(2) 
PARAMETRIC_REPRESENTATION_CONTEXT() REPRESENTATION_CONTEXT('2D SPACE',''
  ) );
#437 = ORIENTED_EDGE('',*,*,#438,.F.);
#438 = EDGE_CURVE('',#439,#411,#441,.T.);
#439 = VERTEX_POINT('',#440);
#440 = CARTESIAN_POINT('',(-31.,23.,8.));
#441 = SURFACE_CURVE('',#442,(#446,#453),.PCURVE_S1.);
#442 = LINE('',#443,#444);
#443 = CARTESIAN_POINT('',(-34.,23.,8.));
#444 = VECTOR('',#445,1.);
#445 = DIRECTION('',(1.,0.,0.));
#446 = PCURVE('',#86,#447);
#447 = DEFINITIONAL_REPRESENTATION('',(#448),#452);
#448 = LINE('',#449,#450);
#449 = CARTESIAN_POINT('',(0.,46.));
#450 = VECTOR('',#451,1.);
#451 = DIRECTION('',(1.,0.));
#452 = ( GEOMETRIC_REPRESENTATION_CONTEXT(2) 
PARAMETRIC_REPRESENTATION_CONTEXT() REPRESENTATION_CONTEXT('2D SPACE',''
  ) );
#453 = PCURVE('',#342,#454);
#454 = DEFINITIONAL_REPRESENTATION('',(#455),#459);
#455 = LINE('',#456,#457);
#456 = CARTESIAN_POINT('',(8.,0.));
#457 = VECTOR('',#458,1.);
#458 = DIRECTION('',(0.,1.));
#459 = ( GEOMETRIC_REPRESENTATION_CONTEXT(2) 
PARAMETRIC_REPRESENTATION_CONTEXT() REPRESENTATION_CONTEXT('2D SPACE',''
  ) );
#460 = ORIENTED_EDGE('',*,*,#461,.F.);
#461 = EDGE_CURVE('',#66,#439,#462,.T.);
#462 = SURFACE_CURVE('',#463,(#468,#479),.PCURVE_S1.);
#463 = CIRCLE('',#464,3.);
#464 = AXIS2_PLACEMENT_3D('',#465,#466,#467);
#465 = CARTESIAN_POINT('',(-31.,20.,8.));
#466 = DIRECTION('',(-0.,-0.,-1.));
#467 = DIRECTION('',(0.,-1.,0.));
#468 = PCURVE('',#86,#469);
#469 = DEFINITIONAL_REPRESENTATION('',(#470),#478);
#470 = ( BOUNDED_CURVE() B_SPLINE_CURVE(2,(#471,#472,#473,#474,#475,#476
,#477),.UNSPECIFIED.,.T.,.F.) B_SPLINE_CURVE_WITH_KNOTS((1,2,2,2,2,1),(
    -2.094395102393,0.,2.094395102393,4.188790204786,6.28318530718,
8.377580409573),.UNSPECIFIED.) CURVE() GEOMETRIC_REPRESENTATION_ITEM() 
RATIONAL_B_SPLINE_CURVE((1.,0.5,1.,0.5,1.,0.5,1.)) REPRESENTATION_ITEM(
  '') );
#471 = CARTESIAN_POINT('',(3.,40.));
#472 = CARTESIAN_POINT('',(-2.196152422707,40.));
#473 = CARTESIAN_POINT('',(0.401923788647,44.5));
#474 = CARTESIAN_POINT('',(3.,49.));
#475 = CARTESIAN_POINT('',(5.598076211353,44.5));
#476 = CARTESIAN_POINT('',(8.196152422707,40.));
#477 = CARTESIAN_POINT('',(3.,40.));
#478 = ( GEOMETRIC_REPRESENTATION_CONTEXT(2) 
PARAMETRIC_REPRESENTATION_CONTEXT() REPRESENTATION_CONTEXT('2D SPACE',''
  ) );
#479 = PCURVE('',#168,#480);
#480 = DEFINITIONAL_REPRESENTATION('',(#481),#485);
#481 = LINE('',#482,#483);
#482 = CARTESIAN_POINT('',(1.570796326795,8.));
#483 = VECTOR('',#484,1.);
#484 = DIRECTION('',(-1.,0.));
#485 = ( GEOMETRIC_REPRESENTATION_CONTEXT(2) 
PARAMETRIC_REPRESENTATION_CONTEXT() REPRESENTATION_CONTEXT('2D SPACE',''
  ) );
#486 = FACE_BOUND('',#487,.T.);
#487 = EDGE_LOOP('',(#488,#516,#542,#568));
#488 = ORIENTED_EDGE('',*,*,#489,.F.);
#489 = EDGE_CURVE('',#490,#492,#494,.T.);
#490 = VERTEX_POINT('',#491);
#491 = CARTESIAN_POINT('',(-20.,-18.,8.));
#492 = VERTEX_POINT('',#493);
#493 = CARTESIAN_POINT('',(-26.,-18.,8.));
#494 = SURFACE_CURVE('',#495,(#499,#505),.PCURVE_S1.);
#495 = LINE('',#496,#497);
#496 = CARTESIAN_POINT('',(-30.,-18.,8.));
#497 = VECTOR('',#498,1.);
#498 = DIRECTION('',(-1.,-0.,0.));
#499 = PCURVE('',#86,#500);
#500 = DEFINITIONAL_REPRESENTATION('',(#501),#504);
#501 = B_SPLINE_CURVE_WITH_KNOTS('',1,(#502,#503),.UNSPECIFIED.,.F.,.F.,
  (2,2),(-10.,-4.),.PIECEWISE_BEZIER_KNOTS.);
#502 = CARTESIAN_POINT('',(14.,5.));
#503 = CARTESIAN_POINT('',(8.,5.));
#504 = ( GEOMETRIC_REPRESENTATION_CONTEXT(2) 
PARAMETRIC_REPRESENTATION_CONTEXT() REPRESENTATION_CONTEXT('2D SPACE',''
  ) );
#505 = PCURVE('',#506,#511);
#506 = PLANE('',#507);
#507 = AXIS2_PLACEMENT_3D('',#508,#509,#510);
#508 = CARTESIAN_POINT('',(-26.,-18.,16.));
#509 = DIRECTION('',(-0.,1.,0.));
#510 = DIRECTION('',(0.,0.,-1.));
#511 = DEFINITIONAL_REPRESENTATION('',(#512),#515);
#512 = B_SPLINE_CURVE_WITH_KNOTS('',1,(#513,#514),.UNSPECIFIED.,.F.,.F.,
  (2,2),(-10.,-4.),.PIECEWISE_BEZIER_KNOTS.);
#513 = CARTESIAN_POINT('',(8.,-6.));
#514 = CARTESIAN_POINT('',(8.,0.));
#515 = ( GEOMETRIC_REPRESENTATION_CONTEXT(2) 
PARAMETRIC_REPRESENTATION_CONTEXT() REPRESENTATION_CONTEXT('2D SPACE',''
  ) );
#516 = ORIENTED_EDGE('',*,*,#517,.T.);
#517 = EDGE_CURVE('',#490,#518,#520,.T.);
#518 = VERTEX_POINT('',#519);
#519 = CARTESIAN_POINT('',(-20.,-20.27777777777,8.));
#520 = SURFACE_CURVE('',#521,(#525,#531),.PCURVE_S1.);
#521 = LINE('',#522,#523);
#522 = CARTESIAN_POINT('',(-20.,-24.73607664715,8.));
#523 = VECTOR('',#524,1.);
#524 = DIRECTION('',(0.,-1.,0.));
#525 = PCURVE('',#86,#526);
#526 = DEFINITIONAL_REPRESENTATION('',(#527),#530);
#527 = B_SPLINE_CURVE_WITH_KNOTS('',1,(#528,#529),.UNSPECIFIED.,.F.,.F.,
  (2,2),(-6.736076647155,-1.736076647155),.PIECEWISE_BEZIER_KNOTS.);
#528 = CARTESIAN_POINT('',(14.,5.));
#529 = CARTESIAN_POINT('',(14.,0.));
#530 = ( GEOMETRIC_REPRESENTATION_CONTEXT(2) 
PARAMETRIC_REPRESENTATION_CONTEXT() REPRESENTATION_CONTEXT('2D SPACE',''
  ) );
#531 = PCURVE('',#532,#537);
#532 = PLANE('',#533);
#533 = AXIS2_PLACEMENT_3D('',#534,#535,#536);
#534 = CARTESIAN_POINT('',(-20.,-26.47215329431,13.27784670569));
#535 = DIRECTION('',(-1.,-0.,-0.));
#536 = DIRECTION('',(0.,0.,-1.));
#537 = DEFINITIONAL_REPRESENTATION('',(#538),#541);
#538 = B_SPLINE_CURVE_WITH_KNOTS('',1,(#539,#540),.UNSPECIFIED.,.F.,.F.,
  (2,2),(-6.736076647155,-1.736076647155),.PIECEWISE_BEZIER_KNOTS.);
#539 = CARTESIAN_POINT('',(5.27784670569,-8.47215329431));
#540 = CARTESIAN_POINT('',(5.27784670569,-3.47215329431));
#541 = ( GEOMETRIC_REPRESENTATION_CONTEXT(2) 
PARAMETRIC_REPRESENTATION_CONTEXT() REPRESENTATION_CONTEXT('2D SPACE',''
  ) );
#542 = ORIENTED_EDGE('',*,*,#543,.F.);
#543 = EDGE_CURVE('',#544,#518,#546,.T.);
#544 = VERTEX_POINT('',#545);
#545 = CARTESIAN_POINT('',(-26.,-20.27777777777,8.));
#546 = SURFACE_CURVE('',#547,(#551,#557),.PCURVE_S1.);
#547 = LINE('',#548,#549);
#548 = CARTESIAN_POINT('',(-30.,-20.27777777777,8.));
#549 = VECTOR('',#550,1.);
#550 = DIRECTION('',(1.,0.,-0.));
#551 = PCURVE('',#86,#552);
#552 = DEFINITIONAL_REPRESENTATION('',(#553),#556);
#553 = B_SPLINE_CURVE_WITH_KNOTS('',1,(#554,#555),.UNSPECIFIED.,.F.,.F.,
  (2,2),(4.,10.),.PIECEWISE_BEZIER_KNOTS.);
#554 = CARTESIAN_POINT('',(8.,2.722222222222));
#555 = CARTESIAN_POINT('',(14.,2.722222222222));
#556 = ( GEOMETRIC_REPRESENTATION_CONTEXT(2) 
PARAMETRIC_REPRESENTATION_CONTEXT() REPRESENTATION_CONTEXT('2D SPACE',''
  ) );
#557 = PCURVE('',#558,#563);
#558 = PLANE('',#559);
#559 = AXIS2_PLACEMENT_3D('',#560,#561,#562);
#560 = CARTESIAN_POINT('',(-26.,-18.,7.));
#561 = DIRECTION('',(0.,-0.401990062035,-0.915644030191));
#562 = DIRECTION('',(0.,-0.915644030191,0.401990062035));
#563 = DEFINITIONAL_REPRESENTATION('',(#564),#567);
#564 = B_SPLINE_CURVE_WITH_KNOTS('',1,(#565,#566),.UNSPECIFIED.,.F.,.F.,
  (2,2),(4.,10.),.PIECEWISE_BEZIER_KNOTS.);
#565 = CARTESIAN_POINT('',(2.48762368636,0.));
#566 = CARTESIAN_POINT('',(2.48762368636,-6.));
#567 = ( GEOMETRIC_REPRESENTATION_CONTEXT(2) 
PARAMETRIC_REPRESENTATION_CONTEXT() REPRESENTATION_CONTEXT('2D SPACE',''
  ) );
#568 = ORIENTED_EDGE('',*,*,#569,.F.);
#569 = EDGE_CURVE('',#492,#544,#570,.T.);
#570 = SURFACE_CURVE('',#571,(#575,#581),.PCURVE_S1.);
#571 = LINE('',#572,#573);
#572 = CARTESIAN_POINT('',(-26.,-24.73607664715,8.));
#573 = VECTOR('',#574,1.);
#574 = DIRECTION('',(0.,-1.,0.));
#575 = PCURVE('',#86,#576);
#576 = DEFINITIONAL_REPRESENTATION('',(#577),#580);
#577 = B_SPLINE_CURVE_WITH_KNOTS('',1,(#578,#579),.UNSPECIFIED.,.F.,.F.,
  (2,2),(-6.736076647155,-1.736076647155),.PIECEWISE_BEZIER_KNOTS.);
#578 = CARTESIAN_POINT('',(8.,5.));
#579 = CARTESIAN_POINT('',(8.,0.));
#580 = ( GEOMETRIC_REPRESENTATION_CONTEXT(2) 
PARAMETRIC_REPRESENTATION_CONTEXT() REPRESENTATION_CONTEXT('2D SPACE',''
  ) );
#581 = PCURVE('',#582,#587);
#582 = PLANE('',#583);
#583 = AXIS2_PLACEMENT_3D('',#584,#585,#586);
#584 = CARTESIAN_POINT('',(-26.,-26.47215329431,13.27784670569));
#585 = DIRECTION('',(-1.,-0.,-0.));
#586 = DIRECTION('',(0.,0.,-1.));
#587 = DEFINITIONAL_REPRESENTATION('',(#588),#591);
#588 = B_SPLINE_CURVE_WITH_KNOTS('',1,(#589,#590),.UNSPECIFIED.,.F.,.F.,
  (2,2),(-6.736076647155,-1.736076647155),.PIECEWISE_BEZIER_KNOTS.);
#589 = CARTESIAN_POINT('',(5.27784670569,-8.47215329431));
#590 = CARTESIAN_POINT('',(5.27784670569,-3.47215329431));
#591 = ( GEOMETRIC_REPRESENTATION_CONTEXT(2) 
PARAMETRIC_REPRESENTATION_CONTEXT() REPRESENTATION_CONTEXT('2D SPACE',''
  ) );
#592 = FACE_BOUND('',#593,.T.);
#593 = EDGE_LOOP('',(#594,#624,#652,#680));
#594 = ORIENTED_EDGE('',*,*,#595,.F.);
#595 = EDGE_CURVE('',#596,#598,#600,.T.);
#596 = VERTEX_POINT('',#597);
#597 = CARTESIAN_POINT('',(-27.5,17.286842105263,8.));
#598 = VERTEX_POINT('',#599);
#599 = CARTESIAN_POINT('',(-27.5,-17.28684210526,8.));
#600 = SURFACE_CURVE('',#601,(#605,#612),.PCURVE_S1.);
#601 = LINE('',#602,#603);
#602 = CARTESIAN_POINT('',(-27.5,17.286842105263,8.));
#603 = VECTOR('',#604,1.);
#604 = DIRECTION('',(0.,-1.,0.));
#605 = PCURVE('',#86,#606);
#606 = DEFINITIONAL_REPRESENTATION('',(#607),#611);
#607 = LINE('',#608,#609);
#608 = CARTESIAN_POINT('',(6.5,40.286842105263));
#609 = VECTOR('',#610,1.);
#610 = DIRECTION('',(0.,-1.));
#611 = ( GEOMETRIC_REPRESENTATION_CONTEXT(2) 
PARAMETRIC_REPRESENTATION_CONTEXT() REPRESENTATION_CONTEXT('2D SPACE',''
  ) );
#612 = PCURVE('',#613,#618);
#613 = PLANE('',#614);
#614 = AXIS2_PLACEMENT_3D('',#615,#616,#617);
#615 = CARTESIAN_POINT('',(-27.5,-1.746000824833E-16,26.122357823109));
#616 = DIRECTION('',(1.,0.,0.));
#617 = DIRECTION('',(-0.,0.,1.));
#618 = DEFINITIONAL_REPRESENTATION('',(#619),#623);
#619 = LINE('',#620,#621);
#620 = CARTESIAN_POINT('',(-18.1223578231,-17.28684210526));
#621 = VECTOR('',#622,1.);
#622 = DIRECTION('',(0.,1.));
#623 = ( GEOMETRIC_REPRESENTATION_CONTEXT(2) 
PARAMETRIC_REPRESENTATION_CONTEXT() REPRESENTATION_CONTEXT('2D SPACE',''
  ) );
#624 = ORIENTED_EDGE('',*,*,#625,.T.);
#625 = EDGE_CURVE('',#596,#626,#628,.T.);
#626 = VERTEX_POINT('',#627);
#627 = CARTESIAN_POINT('',(-18.5,17.286842105263,8.));
#628 = SURFACE_CURVE('',#629,(#633,#640),.PCURVE_S1.);
#629 = LINE('',#630,#631);
#630 = CARTESIAN_POINT('',(-27.5,17.286842105263,8.));
#631 = VECTOR('',#632,1.);
#632 = DIRECTION('',(1.,0.,0.));
#633 = PCURVE('',#86,#634);
#634 = DEFINITIONAL_REPRESENTATION('',(#635),#639);
#635 = LINE('',#636,#637);
#636 = CARTESIAN_POINT('',(6.5,40.286842105263));
#637 = VECTOR('',#638,1.);
#638 = DIRECTION('',(1.,0.));
#639 = ( GEOMETRIC_REPRESENTATION_CONTEXT(2) 
PARAMETRIC_REPRESENTATION_CONTEXT() REPRESENTATION_CONTEXT('2D SPACE',''
  ) );
#640 = PCURVE('',#641,#646);
#641 = PLANE('',#642);
#642 = AXIS2_PLACEMENT_3D('',#643,#644,#645);
#643 = CARTESIAN_POINT('',(-27.5,17.286842105263,8.));
#644 = DIRECTION('',(0.,1.,0.));
#645 = DIRECTION('',(0.,0.,1.));
#646 = DEFINITIONAL_REPRESENTATION('',(#647),#651);
#647 = LINE('',#648,#649);
#648 = CARTESIAN_POINT('',(0.,0.));
#649 = VECTOR('',#650,1.);
#650 = DIRECTION('',(0.,1.));
#651 = ( GEOMETRIC_REPRESENTATION_CONTEXT(2) 
PARAMETRIC_REPRESENTATION_CONTEXT() REPRESENTATION_CONTEXT('2D SPACE',''
  ) );
#652 = ORIENTED_EDGE('',*,*,#653,.T.);
#653 = EDGE_CURVE('',#626,#654,#656,.T.);
#654 = VERTEX_POINT('',#655);
#655 = CARTESIAN_POINT('',(-18.5,-17.28684210526,8.));
#656 = SURFACE_CURVE('',#657,(#661,#668),.PCURVE_S1.);
#657 = LINE('',#658,#659);
#658 = CARTESIAN_POINT('',(-18.5,17.286842105263,8.));
#659 = VECTOR('',#660,1.);
#660 = DIRECTION('',(0.,-1.,0.));
#661 = PCURVE('',#86,#662);
#662 = DEFINITIONAL_REPRESENTATION('',(#663),#667);
#663 = LINE('',#664,#665);
#664 = CARTESIAN_POINT('',(15.5,40.286842105263));
#665 = VECTOR('',#666,1.);
#666 = DIRECTION('',(0.,-1.));
#667 = ( GEOMETRIC_REPRESENTATION_CONTEXT(2) 
PARAMETRIC_REPRESENTATION_CONTEXT() REPRESENTATION_CONTEXT('2D SPACE',''
  ) );
#668 = PCURVE('',#669,#674);
#669 = PLANE('',#670);
#670 = AXIS2_PLACEMENT_3D('',#671,#672,#673);
#671 = CARTESIAN_POINT('',(-18.5,-1.746000824833E-16,26.122357823109));
#672 = DIRECTION('',(1.,0.,0.));
#673 = DIRECTION('',(-0.,0.,1.));
#674 = DEFINITIONAL_REPRESENTATION('',(#675),#679);
#675 = LINE('',#676,#677);
#676 = CARTESIAN_POINT('',(-18.1223578231,-17.28684210526));
#677 = VECTOR('',#678,1.);
#678 = DIRECTION('',(0.,1.));
#679 = ( GEOMETRIC_REPRESENTATION_CONTEXT(2) 
PARAMETRIC_REPRESENTATION_CONTEXT() REPRESENTATION_CONTEXT('2D SPACE',''
  ) );
#680 = ORIENTED_EDGE('',*,*,#681,.F.);
#681 = EDGE_CURVE('',#598,#654,#682,.T.);
#682 = SURFACE_CURVE('',#683,(#687,#694),.PCURVE_S1.);
#683 = LINE('',#684,#685);
#684 = CARTESIAN_POINT('',(-27.5,-17.28684210526,8.));
#685 = VECTOR('',#686,1.);
#686 = DIRECTION('',(1.,0.,0.));
#687 = PCURVE('',#86,#688);
#688 = DEFINITIONAL_REPRESENTATION('',(#689),#693);
#689 = LINE('',#690,#691);
#690 = CARTESIAN_POINT('',(6.5,5.713157894737));
#691 = VECTOR('',#692,1.);
#692 = DIRECTION('',(1.,0.));
#693 = ( GEOMETRIC_REPRESENTATION_CONTEXT(2) 
PARAMETRIC_REPRESENTATION_CONTEXT() REPRESENTATION_CONTEXT('2D SPACE',''
  ) );
#694 = PCURVE('',#695,#700);
#695 = PLANE('',#696);
#696 = AXIS2_PLACEMENT_3D('',#697,#698,#699);
#697 = CARTESIAN_POINT('',(-27.5,-17.28684210526,8.));
#698 = DIRECTION('',(0.,1.,0.));
#699 = DIRECTION('',(0.,0.,1.));
#700 = DEFINITIONAL_REPRESENTATION('',(#701),#705);
#701 = LINE('',#702,#703);
#702 = CARTESIAN_POINT('',(0.,0.));
#703 = VECTOR('',#704,1.);
#704 = DIRECTION('',(0.,1.));
#705 = ( GEOMETRIC_REPRESENTATION_CONTEXT(2) 
PARAMETRIC_REPRESENTATION_CONTEXT() REPRESENTATION_CONTEXT('2D SPACE',''
  ) );
#706 = FACE_BOUND('',#707,.T.);
#707 = EDGE_LOOP('',(#708,#736,#762,#788));
#708 = ORIENTED_EDGE('',*,*,#709,.F.);
#709 = EDGE_CURVE('',#710,#712,#714,.T.);
#710 = VERTEX_POINT('',#711);
#711 = CARTESIAN_POINT('',(26.,-18.,8.));
#712 = VERTEX_POINT('',#713);
#713 = CARTESIAN_POINT('',(20.,-18.,8.));
#714 = SURFACE_CURVE('',#715,(#719,#725),.PCURVE_S1.);
#715 = LINE('',#716,#717);
#716 = CARTESIAN_POINT('',(-7.,-18.,8.));
#717 = VECTOR('',#718,1.);
#718 = DIRECTION('',(-1.,-0.,0.));
#719 = PCURVE('',#86,#720);
#720 = DEFINITIONAL_REPRESENTATION('',(#721),#724);
#721 = B_SPLINE_CURVE_WITH_KNOTS('',1,(#722,#723),.UNSPECIFIED.,.F.,.F.,
  (2,2),(-33.,-27.),.PIECEWISE_BEZIER_KNOTS.);
#722 = CARTESIAN_POINT('',(60.,5.));
#723 = CARTESIAN_POINT('',(54.,5.));
#724 = ( GEOMETRIC_REPRESENTATION_CONTEXT(2) 
PARAMETRIC_REPRESENTATION_CONTEXT() REPRESENTATION_CONTEXT('2D SPACE',''
  ) );
#725 = PCURVE('',#726,#731);
#726 = PLANE('',#727);
#727 = AXIS2_PLACEMENT_3D('',#728,#729,#730);
#728 = CARTESIAN_POINT('',(20.,-18.,16.));
#729 = DIRECTION('',(-0.,1.,0.));
#730 = DIRECTION('',(0.,0.,-1.));
#731 = DEFINITIONAL_REPRESENTATION('',(#732),#735);
#732 = B_SPLINE_CURVE_WITH_KNOTS('',1,(#733,#734),.UNSPECIFIED.,.F.,.F.,
  (2,2),(-33.,-27.),.PIECEWISE_BEZIER_KNOTS.);
#733 = CARTESIAN_POINT('',(8.,-6.));
#734 = CARTESIAN_POINT('',(8.,0.));
#735 = ( GEOMETRIC_REPRESENTATION_CONTEXT(2) 
PARAMETRIC_REPRESENTATION_CONTEXT() REPRESENTATION_CONTEXT('2D SPACE',''
  ) );
#736 = ORIENTED_EDGE('',*,*,#737,.T.);
#737 = EDGE_CURVE('',#710,#738,#740,.T.);
#738 = VERTEX_POINT('',#739);
#739 = CARTESIAN_POINT('',(26.,-20.27777777777,8.));
#740 = SURFACE_CURVE('',#741,(#745,#751),.PCURVE_S1.);
#741 = LINE('',#742,#743);
#742 = CARTESIAN_POINT('',(26.,-24.73607664715,8.));
#743 = VECTOR('',#744,1.);
#744 = DIRECTION('',(0.,-1.,0.));
#745 = PCURVE('',#86,#746);
#746 = DEFINITIONAL_REPRESENTATION('',(#747),#750);
#747 = B_SPLINE_CURVE_WITH_KNOTS('',1,(#748,#749),.UNSPECIFIED.,.F.,.F.,
  (2,2),(-6.736076647155,-1.736076647155),.PIECEWISE_BEZIER_KNOTS.);
#748 = CARTESIAN_POINT('',(60.,5.));
#749 = CARTESIAN_POINT('',(60.,0.));
#750 = ( GEOMETRIC_REPRESENTATION_CONTEXT(2) 
PARAMETRIC_REPRESENTATION_CONTEXT() REPRESENTATION_CONTEXT('2D SPACE',''
  ) );
#751 = PCURVE('',#752,#757);
#752 = PLANE('',#753);
#753 = AXIS2_PLACEMENT_3D('',#754,#755,#756);
#754 = CARTESIAN_POINT('',(26.,-26.47215329431,13.27784670569));
#755 = DIRECTION('',(-1.,-0.,-0.));
#756 = DIRECTION('',(0.,0.,-1.));
#757 = DEFINITIONAL_REPRESENTATION('',(#758),#761);
#758 = B_SPLINE_CURVE_WITH_KNOTS('',1,(#759,#760),.UNSPECIFIED.,.F.,.F.,
  (2,2),(-6.736076647155,-1.736076647155),.PIECEWISE_BEZIER_KNOTS.);
#759 = CARTESIAN_POINT('',(5.27784670569,-8.47215329431));
#760 = CARTESIAN_POINT('',(5.27784670569,-3.47215329431));
#761 = ( GEOMETRIC_REPRESENTATION_CONTEXT(2) 
PARAMETRIC_REPRESENTATION_CONTEXT() REPRESENTATION_CONTEXT('2D SPACE',''
  ) );
#762 = ORIENTED_EDGE('',*,*,#763,.F.);
#763 = EDGE_CURVE('',#764,#738,#766,.T.);
#764 = VERTEX_POINT('',#765);
#765 = CARTESIAN_POINT('',(20.,-20.27777777777,8.));
#766 = SURFACE_CURVE('',#767,(#771,#777),.PCURVE_S1.);
#767 = LINE('',#768,#769);
#768 = CARTESIAN_POINT('',(-7.,-20.27777777777,8.));
#769 = VECTOR('',#770,1.);
#770 = DIRECTION('',(1.,0.,-0.));
#771 = PCURVE('',#86,#772);
#772 = DEFINITIONAL_REPRESENTATION('',(#773),#776);
#773 = B_SPLINE_CURVE_WITH_KNOTS('',1,(#774,#775),.UNSPECIFIED.,.F.,.F.,
  (2,2),(27.,33.),.PIECEWISE_BEZIER_KNOTS.);
#774 = CARTESIAN_POINT('',(54.,2.722222222222));
#775 = CARTESIAN_POINT('',(60.,2.722222222222));
#776 = ( GEOMETRIC_REPRESENTATION_CONTEXT(2) 
PARAMETRIC_REPRESENTATION_CONTEXT() REPRESENTATION_CONTEXT('2D SPACE',''
  ) );
#777 = PCURVE('',#778,#783);
#778 = PLANE('',#779);
#779 = AXIS2_PLACEMENT_3D('',#780,#781,#782);
#780 = CARTESIAN_POINT('',(20.,-18.,7.));
#781 = DIRECTION('',(0.,-0.401990062035,-0.915644030191));
#782 = DIRECTION('',(0.,-0.915644030191,0.401990062035));
#783 = DEFINITIONAL_REPRESENTATION('',(#784),#787);
#784 = B_SPLINE_CURVE_WITH_KNOTS('',1,(#785,#786),.UNSPECIFIED.,.F.,.F.,
  (2,2),(27.,33.),.PIECEWISE_BEZIER_KNOTS.);
#785 = CARTESIAN_POINT('',(2.48762368636,0.));
#786 = CARTESIAN_POINT('',(2.48762368636,-6.));
#787 = ( GEOMETRIC_REPRESENTATION_CONTEXT(2) 
PARAMETRIC_REPRESENTATION_CONTEXT() REPRESENTATION_CONTEXT('2D SPACE',''
  ) );
#788 = ORIENTED_EDGE('',*,*,#789,.F.);
#789 = EDGE_CURVE('',#712,#764,#790,.T.);
#790 = SURFACE_CURVE('',#791,(#795,#801),.PCURVE_S1.);
#791 = LINE('',#792,#793);
#792 = CARTESIAN_POINT('',(20.,-24.73607664715,8.));
#793 = VECTOR('',#794,1.);
#794 = DIRECTION('',(0.,-1.,0.));
#795 = PCURVE('',#86,#796);
#796 = DEFINITIONAL_REPRESENTATION('',(#797),#800);
#797 = B_SPLINE_CURVE_WITH_KNOTS('',1,(#798,#799),.UNSPECIFIED.,.F.,.F.,
  (2,2),(-6.736076647155,-1.736076647155),.PIECEWISE_BEZIER_KNOTS.);
#798 = CARTESIAN_POINT('',(54.,5.));
#799 = CARTESIAN_POINT('',(54.,0.));
#800 = ( GEOMETRIC_REPRESENTATION_CONTEXT(2) 
PARAMETRIC_REPRESENTATION_CONTEXT() REPRESENTATION_CONTEXT('2D SPACE',''
  ) );
#801 = PCURVE('',#802,#807);
#802 = PLANE('',#803);
#803 = AXIS2_PLACEMENT_3D('',#804,#805,#806);
#804 = CARTESIAN_POINT('',(20.,-26.47215329431,13.27784670569));
#805 = DIRECTION('',(-1.,-0.,-0.));
#806 = DIRECTION('',(0.,0.,-1.));
#807 = DEFINITIONAL_REPRESENTATION('',(#808),#811);
#808 = B_SPLINE_CURVE_WITH_KNOTS('',1,(#809,#810),.UNSPECIFIED.,.F.,.F.,
  (2,2),(-6.736076647155,-1.736076647155),.PIECEWISE_BEZIER_KNOTS.);
#809 = CARTESIAN_POINT('',(5.27784670569,-8.47215329431));
#810 = CARTESIAN_POINT('',(5.27784670569,-3.47215329431));
#811 = ( GEOMETRIC_REPRESENTATION_CONTEXT(2) 
PARAMETRIC_REPRESENTATION_CONTEXT() REPRESENTATION_CONTEXT('2D SPACE',''
  ) );
#812 = FACE_BOUND('',#813,.T.);
#813 = EDGE_LOOP('',(#814,#844,#872,#900));
#814 = ORIENTED_EDGE('',*,*,#815,.T.);
#815 = EDGE_CURVE('',#816,#818,#820,.T.);
#816 = VERTEX_POINT('',#817);
#817 = CARTESIAN_POINT('',(18.5,-16.68157894736,8.));
#818 = VERTEX_POINT('',#819);
#819 = CARTESIAN_POINT('',(18.5,16.681578947368,8.));
#820 = SURFACE_CURVE('',#821,(#825,#832),.PCURVE_S1.);
#821 = LINE('',#822,#823);
#822 = CARTESIAN_POINT('',(18.5,-16.68157894736,8.));
#823 = VECTOR('',#824,1.);
#824 = DIRECTION('',(0.,1.,0.));
#825 = PCURVE('',#86,#826);
#826 = DEFINITIONAL_REPRESENTATION('',(#827),#831);
#827 = LINE('',#828,#829);
#828 = CARTESIAN_POINT('',(52.5,6.318421052632));
#829 = VECTOR('',#830,1.);
#830 = DIRECTION('',(0.,1.));
#831 = ( GEOMETRIC_REPRESENTATION_CONTEXT(2) 
PARAMETRIC_REPRESENTATION_CONTEXT() REPRESENTATION_CONTEXT('2D SPACE',''
  ) );
#832 = PCURVE('',#833,#838);
#833 = PLANE('',#834);
#834 = AXIS2_PLACEMENT_3D('',#835,#836,#837);
#835 = CARTESIAN_POINT('',(18.5,-2.625415892908E-16,26.106401974852));
#836 = DIRECTION('',(1.,0.,0.));
#837 = DIRECTION('',(-0.,0.,1.));
#838 = DEFINITIONAL_REPRESENTATION('',(#839),#843);
#839 = LINE('',#840,#841);
#840 = CARTESIAN_POINT('',(-18.10640197485,16.681578947368));
#841 = VECTOR('',#842,1.);
#842 = DIRECTION('',(0.,-1.));
#843 = ( GEOMETRIC_REPRESENTATION_CONTEXT(2) 
PARAMETRIC_REPRESENTATION_CONTEXT() REPRESENTATION_CONTEXT('2D SPACE',''
  ) );
#844 = ORIENTED_EDGE('',*,*,#845,.T.);
#845 = EDGE_CURVE('',#818,#846,#848,.T.);
#846 = VERTEX_POINT('',#847);
#847 = CARTESIAN_POINT('',(27.5,16.681578947368,8.));
#848 = SURFACE_CURVE('',#849,(#853,#860),.PCURVE_S1.);
#849 = LINE('',#850,#851);
#850 = CARTESIAN_POINT('',(18.5,16.681578947368,8.));
#851 = VECTOR('',#852,1.);
#852 = DIRECTION('',(1.,0.,0.));
#853 = PCURVE('',#86,#854);
#854 = DEFINITIONAL_REPRESENTATION('',(#855),#859);
#855 = LINE('',#856,#857);
#856 = CARTESIAN_POINT('',(52.5,39.681578947368));
#857 = VECTOR('',#858,1.);
#858 = DIRECTION('',(1.,0.));
#859 = ( GEOMETRIC_REPRESENTATION_CONTEXT(2) 
PARAMETRIC_REPRESENTATION_CONTEXT() REPRESENTATION_CONTEXT('2D SPACE',''
  ) );
#860 = PCURVE('',#861,#866);
#861 = PLANE('',#862);
#862 = AXIS2_PLACEMENT_3D('',#863,#864,#865);
#863 = CARTESIAN_POINT('',(18.5,16.681578947368,8.));
#864 = DIRECTION('',(0.,1.,0.));
#865 = DIRECTION('',(0.,0.,1.));
#866 = DEFINITIONAL_REPRESENTATION('',(#867),#871);
#867 = LINE('',#868,#869);
#868 = CARTESIAN_POINT('',(0.,0.));
#869 = VECTOR('',#870,1.);
#870 = DIRECTION('',(0.,1.));
#871 = ( GEOMETRIC_REPRESENTATION_CONTEXT(2) 
PARAMETRIC_REPRESENTATION_CONTEXT() REPRESENTATION_CONTEXT('2D SPACE',''
  ) );
#872 = ORIENTED_EDGE('',*,*,#873,.F.);
#873 = EDGE_CURVE('',#874,#846,#876,.T.);
#874 = VERTEX_POINT('',#875);
#875 = CARTESIAN_POINT('',(27.5,-16.68157894736,8.));
#876 = SURFACE_CURVE('',#877,(#881,#888),.PCURVE_S1.);
#877 = LINE('',#878,#879);
#878 = CARTESIAN_POINT('',(27.5,-16.68157894736,8.));
#879 = VECTOR('',#880,1.);
#880 = DIRECTION('',(0.,1.,0.));
#881 = PCURVE('',#86,#882);
#882 = DEFINITIONAL_REPRESENTATION('',(#883),#887);
#883 = LINE('',#884,#885);
#884 = CARTESIAN_POINT('',(61.5,6.318421052632));
#885 = VECTOR('',#886,1.);
#886 = DIRECTION('',(0.,1.));
#887 = ( GEOMETRIC_REPRESENTATION_CONTEXT(2) 
PARAMETRIC_REPRESENTATION_CONTEXT() REPRESENTATION_CONTEXT('2D SPACE',''
  ) );
#888 = PCURVE('',#889,#894);
#889 = PLANE('',#890);
#890 = AXIS2_PLACEMENT_3D('',#891,#892,#893);
#891 = CARTESIAN_POINT('',(27.5,-2.625415892908E-16,26.106401974852));
#892 = DIRECTION('',(1.,0.,0.));
#893 = DIRECTION('',(-0.,0.,1.));
#894 = DEFINITIONAL_REPRESENTATION('',(#895),#899);
#895 = LINE('',#896,#897);
#896 = CARTESIAN_POINT('',(-18.10640197485,16.681578947368));
#897 = VECTOR('',#898,1.);
#898 = DIRECTION('',(0.,-1.));
#899 = ( GEOMETRIC_REPRESENTATION_CONTEXT(2) 
PARAMETRIC_REPRESENTATION_CONTEXT() REPRESENTATION_CONTEXT('2D SPACE',''
  ) );
#900 = ORIENTED_EDGE('',*,*,#901,.F.);
#901 = EDGE_CURVE('',#816,#874,#902,.T.);
#902 = SURFACE_CURVE('',#903,(#907,#914),.PCURVE_S1.);
#903 = LINE('',#904,#905);
#904 = CARTESIAN_POINT('',(18.5,-16.68157894736,8.));
#905 = VECTOR('',#906,1.);
#906 = DIRECTION('',(1.,0.,0.));
#907 = PCURVE('',#86,#908);
#908 = DEFINITIONAL_REPRESENTATION('',(#909),#913);
#909 = LINE('',#910,#911);
#910 = CARTESIAN_POINT('',(52.5,6.318421052632));
#911 = VECTOR('',#912,1.);
#912 = DIRECTION('',(1.,0.));
#913 = ( GEOMETRIC_REPRESENTATION_CONTEXT(2) 
PARAMETRIC_REPRESENTATION_CONTEXT() REPRESENTATION_CONTEXT('2D SPACE',''
  ) );
#914 = PCURVE('',#915,#920);
#915 = PLANE('',#916);
#916 = AXIS2_PLACEMENT_3D('',#917,#918,#919);
#917 = CARTESIAN_POINT('',(18.5,-16.68157894736,8.));
#918 = DIRECTION('',(0.,1.,0.));
#919 = DIRECTION('',(0.,0.,1.));
#920 = DEFINITIONAL_REPRESENTATION('',(#921),#925);
#921 = LINE('',#922,#923);
#922 = CARTESIAN_POINT('',(0.,0.));
#923 = VECTOR('',#924,1.);
#924 = DIRECTION('',(0.,1.));
#925 = ( GEOMETRIC_REPRESENTATION_CONTEXT(2) 
PARAMETRIC_REPRESENTATION_CONTEXT() REPRESENTATION_CONTEXT('2D SPACE',''
  ) );
#926 = FACE_BOUND('',#927,.T.);
#927 = EDGE_LOOP('',(#928,#956,#982,#1008));
#928 = ORIENTED_EDGE('',*,*,#929,.T.);
#929 = EDGE_CURVE('',#930,#932,#934,.T.);
#930 = VERTEX_POINT('',#931);
#931 = CARTESIAN_POINT('',(-26.,18.,8.));
#932 = VERTEX_POINT('',#933);
#933 = CARTESIAN_POINT('',(-26.,20.277777777778,8.));
#934 = SURFACE_CURVE('',#935,(#939,#945),.PCURVE_S1.);
#935 = LINE('',#936,#937);
#936 = CARTESIAN_POINT('',(-26.,1.736076647155,8.));
#937 = VECTOR('',#938,1.);
#938 = DIRECTION('',(0.,1.,0.));
#939 = PCURVE('',#86,#940);
#940 = DEFINITIONAL_REPRESENTATION('',(#941),#944);
#941 = B_SPLINE_CURVE_WITH_KNOTS('',1,(#942,#943),.UNSPECIFIED.,.F.,.F.,
  (2,2),(16.263923352845,21.263923352845),.PIECEWISE_BEZIER_KNOTS.);
#942 = CARTESIAN_POINT('',(8.,41.));
#943 = CARTESIAN_POINT('',(8.,46.));
#944 = ( GEOMETRIC_REPRESENTATION_CONTEXT(2) 
PARAMETRIC_REPRESENTATION_CONTEXT() REPRESENTATION_CONTEXT('2D SPACE',''
  ) );
#945 = PCURVE('',#946,#951);
#946 = PLANE('',#947);
#947 = AXIS2_PLACEMENT_3D('',#948,#949,#950);
#948 = CARTESIAN_POINT('',(-26.,26.47215329431,13.27784670569));
#949 = DIRECTION('',(1.,0.,0.));
#950 = DIRECTION('',(-0.,0.,1.));
#951 = DEFINITIONAL_REPRESENTATION('',(#952),#955);
#952 = B_SPLINE_CURVE_WITH_KNOTS('',1,(#953,#954),.UNSPECIFIED.,.F.,.F.,
  (2,2),(16.263923352845,21.263923352845),.PIECEWISE_BEZIER_KNOTS.);
#953 = CARTESIAN_POINT('',(-5.27784670569,8.47215329431));
#954 = CARTESIAN_POINT('',(-5.27784670569,3.47215329431));
#955 = ( GEOMETRIC_REPRESENTATION_CONTEXT(2) 
PARAMETRIC_REPRESENTATION_CONTEXT() REPRESENTATION_CONTEXT('2D SPACE',''
  ) );
#956 = ORIENTED_EDGE('',*,*,#957,.T.);
#957 = EDGE_CURVE('',#932,#958,#960,.T.);
#958 = VERTEX_POINT('',#959);
#959 = CARTESIAN_POINT('',(-20.,20.277777777778,8.));
#960 = SURFACE_CURVE('',#961,(#965,#971),.PCURVE_S1.);
#961 = LINE('',#962,#963);
#962 = CARTESIAN_POINT('',(-30.,20.277777777778,8.));
#963 = VECTOR('',#964,1.);
#964 = DIRECTION('',(1.,0.,-0.));
#965 = PCURVE('',#86,#966);
#966 = DEFINITIONAL_REPRESENTATION('',(#967),#970);
#967 = B_SPLINE_CURVE_WITH_KNOTS('',1,(#968,#969),.UNSPECIFIED.,.F.,.F.,
  (2,2),(4.,10.),.PIECEWISE_BEZIER_KNOTS.);
#968 = CARTESIAN_POINT('',(8.,43.277777777778));
#969 = CARTESIAN_POINT('',(14.,43.277777777778));
#970 = ( GEOMETRIC_REPRESENTATION_CONTEXT(2) 
PARAMETRIC_REPRESENTATION_CONTEXT() REPRESENTATION_CONTEXT('2D SPACE',''
  ) );
#971 = PCURVE('',#972,#977);
#972 = PLANE('',#973);
#973 = AXIS2_PLACEMENT_3D('',#974,#975,#976);
#974 = CARTESIAN_POINT('',(-26.,18.,7.));
#975 = DIRECTION('',(0.,-0.401990062035,0.915644030191));
#976 = DIRECTION('',(0.,0.915644030191,0.401990062035));
#977 = DEFINITIONAL_REPRESENTATION('',(#978),#981);
#978 = B_SPLINE_CURVE_WITH_KNOTS('',1,(#979,#980),.UNSPECIFIED.,.F.,.F.,
  (2,2),(4.,10.),.PIECEWISE_BEZIER_KNOTS.);
#979 = CARTESIAN_POINT('',(2.48762368636,0.));
#980 = CARTESIAN_POINT('',(2.48762368636,-6.));
#981 = ( GEOMETRIC_REPRESENTATION_CONTEXT(2) 
PARAMETRIC_REPRESENTATION_CONTEXT() REPRESENTATION_CONTEXT('2D SPACE',''
  ) );
#982 = ORIENTED_EDGE('',*,*,#983,.F.);
#983 = EDGE_CURVE('',#984,#958,#986,.T.);
#984 = VERTEX_POINT('',#985);
#985 = CARTESIAN_POINT('',(-20.,18.,8.));
#986 = SURFACE_CURVE('',#987,(#991,#997),.PCURVE_S1.);
#987 = LINE('',#988,#989);
#988 = CARTESIAN_POINT('',(-20.,1.736076647155,8.));
#989 = VECTOR('',#990,1.);
#990 = DIRECTION('',(0.,1.,0.));
#991 = PCURVE('',#86,#992);
#992 = DEFINITIONAL_REPRESENTATION('',(#993),#996);
#993 = B_SPLINE_CURVE_WITH_KNOTS('',1,(#994,#995),.UNSPECIFIED.,.F.,.F.,
  (2,2),(16.263923352845,21.263923352845),.PIECEWISE_BEZIER_KNOTS.);
#994 = CARTESIAN_POINT('',(14.,41.));
#995 = CARTESIAN_POINT('',(14.,46.));
#996 = ( GEOMETRIC_REPRESENTATION_CONTEXT(2) 
PARAMETRIC_REPRESENTATION_CONTEXT() REPRESENTATION_CONTEXT('2D SPACE',''
  ) );
#997 = PCURVE('',#998,#1003);
#998 = PLANE('',#999);
#999 = AXIS2_PLACEMENT_3D('',#1000,#1001,#1002);
#1000 = CARTESIAN_POINT('',(-20.,26.47215329431,13.27784670569));
#1001 = DIRECTION('',(1.,0.,0.));
#1002 = DIRECTION('',(-0.,0.,1.));
#1003 = DEFINITIONAL_REPRESENTATION('',(#1004),#1007);
#1004 = B_SPLINE_CURVE_WITH_KNOTS('',1,(#1005,#1006),.UNSPECIFIED.,.F.,
  .F.,(2,2),(16.263923352845,21.263923352845),.PIECEWISE_BEZIER_KNOTS.);
#1005 = CARTESIAN_POINT('',(-5.27784670569,8.47215329431));
#1006 = CARTESIAN_POINT('',(-5.27784670569,3.47215329431));
#1007 = ( GEOMETRIC_REPRESENTATION_CONTEXT(2) 
PARAMETRIC_REPRESENTATION_CONTEXT() REPRESENTATION_CONTEXT('2D SPACE',''
  ) );
#1008 = ORIENTED_EDGE('',*,*,#1009,.T.);
#1009 = EDGE_CURVE('',#984,#930,#1010,.T.);
#1010 = SURFACE_CURVE('',#1011,(#1015,#1021),.PCURVE_S1.);
#1011 = LINE('',#1012,#1013);
#1012 = CARTESIAN_POINT('',(-30.,18.,8.));
#1013 = VECTOR('',#1014,1.);
#1014 = DIRECTION('',(-1.,-0.,0.));
#1015 = PCURVE('',#86,#1016);
#1016 = DEFINITIONAL_REPRESENTATION('',(#1017),#1020);
#1017 = B_SPLINE_CURVE_WITH_KNOTS('',1,(#1018,#1019),.UNSPECIFIED.,.F.,
  .F.,(2,2),(-10.,-4.),.PIECEWISE_BEZIER_KNOTS.);
#1018 = CARTESIAN_POINT('',(14.,41.));
#1019 = CARTESIAN_POINT('',(8.,41.));
#1020 = ( GEOMETRIC_REPRESENTATION_CONTEXT(2) 
PARAMETRIC_REPRESENTATION_CONTEXT() REPRESENTATION_CONTEXT('2D SPACE',''
  ) );
#1021 = PCURVE('',#1022,#1027);
#1022 = PLANE('',#1023);
#1023 = AXIS2_PLACEMENT_3D('',#1024,#1025,#1026);
#1024 = CARTESIAN_POINT('',(-26.,18.,16.));
#1025 = DIRECTION('',(-0.,1.,0.));
#1026 = DIRECTION('',(0.,0.,-1.));
#1027 = DEFINITIONAL_REPRESENTATION('',(#1028),#1031);
#1028 = B_SPLINE_CURVE_WITH_KNOTS('',1,(#1029,#1030),.UNSPECIFIED.,.F.,
  .F.,(2,2),(-10.,-4.),.PIECEWISE_BEZIER_KNOTS.);
#1029 = CARTESIAN_POINT('',(8.,-6.));
#1030 = CARTESIAN_POINT('',(8.,0.));
#1031 = ( GEOMETRIC_REPRESENTATION_CONTEXT(2) 
PARAMETRIC_REPRESENTATION_CONTEXT() REPRESENTATION_CONTEXT('2D SPACE',''
  ) );
#1032 = FACE_BOUND('',#1033,.T.);
#1033 = EDGE_LOOP('',(#1034,#1062,#1088,#1114));
#1034 = ORIENTED_EDGE('',*,*,#1035,.T.);
#1035 = EDGE_CURVE('',#1036,#1038,#1040,.T.);
#1036 = VERTEX_POINT('',#1037);
#1037 = CARTESIAN_POINT('',(20.,18.,8.));
#1038 = VERTEX_POINT('',#1039);
#1039 = CARTESIAN_POINT('',(20.,20.277777777778,8.));
#1040 = SURFACE_CURVE('',#1041,(#1045,#1051),.PCURVE_S1.);
#1041 = LINE('',#1042,#1043);
#1042 = CARTESIAN_POINT('',(20.,1.736076647155,8.));
#1043 = VECTOR('',#1044,1.);
#1044 = DIRECTION('',(0.,1.,0.));
#1045 = PCURVE('',#86,#1046);
#1046 = DEFINITIONAL_REPRESENTATION('',(#1047),#1050);
#1047 = B_SPLINE_CURVE_WITH_KNOTS('',1,(#1048,#1049),.UNSPECIFIED.,.F.,
  .F.,(2,2),(16.263923352845,21.263923352845),.PIECEWISE_BEZIER_KNOTS.);
#1048 = CARTESIAN_POINT('',(54.,41.));
#1049 = CARTESIAN_POINT('',(54.,46.));
#1050 = ( GEOMETRIC_REPRESENTATION_CONTEXT(2) 
PARAMETRIC_REPRESENTATION_CONTEXT() REPRESENTATION_CONTEXT('2D SPACE',''
  ) );
#1051 = PCURVE('',#1052,#1057);
#1052 = PLANE('',#1053);
#1053 = AXIS2_PLACEMENT_3D('',#1054,#1055,#1056);
#1054 = CARTESIAN_POINT('',(20.,26.47215329431,13.27784670569));
#1055 = DIRECTION('',(1.,0.,0.));
#1056 = DIRECTION('',(-0.,0.,1.));
#1057 = DEFINITIONAL_REPRESENTATION('',(#1058),#1061);
#1058 = B_SPLINE_CURVE_WITH_KNOTS('',1,(#1059,#1060),.UNSPECIFIED.,.F.,
  .F.,(2,2),(16.263923352845,21.263923352845),.PIECEWISE_BEZIER_KNOTS.);
#1059 = CARTESIAN_POINT('',(-5.27784670569,8.47215329431));
#1060 = CARTESIAN_POINT('',(-5.27784670569,3.47215329431));
#1061 = ( GEOMETRIC_REPRESENTATION_CONTEXT(2) 
PARAMETRIC_REPRESENTATION_CONTEXT() REPRESENTATION_CONTEXT('2D SPACE',''
  ) );
#1062 = ORIENTED_EDGE('',*,*,#1063,.T.);
#1063 = EDGE_CURVE('',#1038,#1064,#1066,.T.);
#1064 = VERTEX_POINT('',#1065);
#1065 = CARTESIAN_POINT('',(26.,20.277777777778,8.));
#1066 = SURFACE_CURVE('',#1067,(#1071,#1077),.PCURVE_S1.);
#1067 = LINE('',#1068,#1069);
#1068 = CARTESIAN_POINT('',(-7.,20.277777777778,8.));
#1069 = VECTOR('',#1070,1.);
#1070 = DIRECTION('',(1.,0.,-0.));
#1071 = PCURVE('',#86,#1072);
#1072 = DEFINITIONAL_REPRESENTATION('',(#1073),#1076);
#1073 = B_SPLINE_CURVE_WITH_KNOTS('',1,(#1074,#1075),.UNSPECIFIED.,.F.,
  .F.,(2,2),(27.,33.),.PIECEWISE_BEZIER_KNOTS.);
#1074 = CARTESIAN_POINT('',(54.,43.277777777778));
#1075 = CARTESIAN_POINT('',(60.,43.277777777778));
#1076 = ( GEOMETRIC_REPRESENTATION_CONTEXT(2) 
PARAMETRIC_REPRESENTATION_CONTEXT() REPRESENTATION_CONTEXT('2D SPACE',''
  ) );
#1077 = PCURVE('',#1078,#1083);
#1078 = PLANE('',#1079);
#1079 = AXIS2_PLACEMENT_3D('',#1080,#1081,#1082);
#1080 = CARTESIAN_POINT('',(20.,18.,7.));
#1081 = DIRECTION('',(0.,-0.401990062035,0.915644030191));
#1082 = DIRECTION('',(0.,0.915644030191,0.401990062035));
#1083 = DEFINITIONAL_REPRESENTATION('',(#1084),#1087);
#1084 = B_SPLINE_CURVE_WITH_KNOTS('',1,(#1085,#1086),.UNSPECIFIED.,.F.,
  .F.,(2,2),(27.,33.),.PIECEWISE_BEZIER_KNOTS.);
#1085 = CARTESIAN_POINT('',(2.48762368636,0.));
#1086 = CARTESIAN_POINT('',(2.48762368636,-6.));
#1087 = ( GEOMETRIC_REPRESENTATION_CONTEXT(2) 
PARAMETRIC_REPRESENTATION_CONTEXT() REPRESENTATION_CONTEXT('2D SPACE',''
  ) );
#1088 = ORIENTED_EDGE('',*,*,#1089,.F.);
#1089 = EDGE_CURVE('',#1090,#1064,#1092,.T.);
#1090 = VERTEX_POINT('',#1091);
#1091 = CARTESIAN_POINT('',(26.,18.,8.));
#1092 = SURFACE_CURVE('',#1093,(#1097,#1103),.PCURVE_S1.);
#1093 = LINE('',#1094,#1095);
#1094 = CARTESIAN_POINT('',(26.,1.736076647155,8.));
#1095 = VECTOR('',#1096,1.);
#1096 = DIRECTION('',(0.,1.,0.));
#1097 = PCURVE('',#86,#1098);
#1098 = DEFINITIONAL_REPRESENTATION('',(#1099),#1102);
#1099 = B_SPLINE_CURVE_WITH_KNOTS('',1,(#1100,#1101),.UNSPECIFIED.,.F.,
  .F.,(2,2),(16.263923352845,21.263923352845),.PIECEWISE_BEZIER_KNOTS.);
#1100 = CARTESIAN_POINT('',(60.,41.));
#1101 = CARTESIAN_POINT('',(60.,46.));
#1102 = ( GEOMETRIC_REPRESENTATION_CONTEXT(2) 
PARAMETRIC_REPRESENTATION_CONTEXT() REPRESENTATION_CONTEXT('2D SPACE',''
  ) );
#1103 = PCURVE('',#1104,#1109);
#1104 = PLANE('',#1105);
#1105 = AXIS2_PLACEMENT_3D('',#1106,#1107,#1108);
#1106 = CARTESIAN_POINT('',(26.,26.47215329431,13.27784670569));
#1107 = DIRECTION('',(1.,0.,0.));
#1108 = DIRECTION('',(-0.,0.,1.));
#1109 = DEFINITIONAL_REPRESENTATION('',(#1110),#1113);
#1110 = B_SPLINE_CURVE_WITH_KNOTS('',1,(#1111,#1112),.UNSPECIFIED.,.F.,
  .F.,(2,2),(16.263923352845,21.263923352845),.PIECEWISE_BEZIER_KNOTS.);
#1111 = CARTESIAN_POINT('',(-5.27784670569,8.47215329431));
#1112 = CARTESIAN_POINT('',(-5.27784670569,3.47215329431));
#1113 = ( GEOMETRIC_REPRESENTATION_CONTEXT(2) 
PARAMETRIC_REPRESENTATION_CONTEXT() REPRESENTATION_CONTEXT('2D SPACE',''
  ) );
#1114 = ORIENTED_EDGE('',*,*,#1115,.T.);
#1115 = EDGE_CURVE('',#1090,#1036,#1116,.T.);
#1116 = SURFACE_CURVE('',#1117,(#1121,#1127),.PCURVE_S1.);
#1117 = LINE('',#1118,#1119);
#1118 = CARTESIAN_POINT('',(-7.,18.,8.));
#1119 = VECTOR('',#1120,1.);
#1120 = DIRECTION('',(-1.,-0.,0.));
#1121 = PCURVE('',#86,#1122);
#1122 = DEFINITIONAL_REPRESENTATION('',(#1123),#1126);
#1123 = B_SPLINE_CURVE_WITH_KNOTS('',1,(#1124,#1125),.UNSPECIFIED.,.F.,
  .F.,(2,2),(-33.,-27.),.PIECEWISE_BEZIER_KNOTS.);
#1124 = CARTESIAN_POINT('',(60.,41.));
#1125 = CARTESIAN_POINT('',(54.,41.));
#1126 = ( GEOMETRIC_REPRESENTATION_CONTEXT(2) 
PARAMETRIC_REPRESENTATION_CONTEXT() REPRESENTATION_CONTEXT('2D SPACE',''
  ) );
#1127 = PCURVE('',#1128,#1133);
#1128 = PLANE('',#1129);
#1129 = AXIS2_PLACEMENT_3D('',#1130,#1131,#1132);
#1130 = CARTESIAN_POINT('',(20.,18.,16.));
#1131 = DIRECTION('',(-0.,1.,0.));
#1132 = DIRECTION('',(0.,0.,-1.));
#1133 = DEFINITIONAL_REPRESENTATION('',(#1134),#1137);
#1134 = B_SPLINE_CURVE_WITH_KNOTS('',1,(#1135,#1136),.UNSPECIFIED.,.F.,
  .F.,(2,2),(-33.,-27.),.PIECEWISE_BEZIER_KNOTS.);
#1135 = CARTESIAN_POINT('',(8.,-6.));
#1136 = CARTESIAN_POINT('',(8.,0.));
#1137 = ( GEOMETRIC_REPRESENTATION_CONTEXT(2) 
PARAMETRIC_REPRESENTATION_CONTEXT() REPRESENTATION_CONTEXT('2D SPACE',''
  ) );
#1138 = ADVANCED_FACE('',(#1139),#114,.T.);
#1139 = FACE_BOUND('',#1140,.T.);
#1140 = EDGE_LOOP('',(#1141,#1165,#1186,#1187));
#1141 = ORIENTED_EDGE('',*,*,#1142,.T.);
#1142 = EDGE_CURVE('',#99,#1143,#1145,.T.);
#1143 = VERTEX_POINT('',#1144);
#1144 = CARTESIAN_POINT('',(-31.,-23.,0.));
#1145 = SURFACE_CURVE('',#1146,(#1151,#1158),.PCURVE_S1.);
#1146 = CIRCLE('',#1147,3.);
#1147 = AXIS2_PLACEMENT_3D('',#1148,#1149,#1150);
#1148 = CARTESIAN_POINT('',(-31.,-20.,0.));
#1149 = DIRECTION('',(0.,0.,1.));
#1150 = DIRECTION('',(0.,-1.,0.));
#1151 = PCURVE('',#114,#1152);
#1152 = DEFINITIONAL_REPRESENTATION('',(#1153),#1157);
#1153 = LINE('',#1154,#1155);
#1154 = CARTESIAN_POINT('',(-4.712388980385,0.));
#1155 = VECTOR('',#1156,1.);
#1156 = DIRECTION('',(1.,0.));
#1157 = ( GEOMETRIC_REPRESENTATION_CONTEXT(2) 
PARAMETRIC_REPRESENTATION_CONTEXT() REPRESENTATION_CONTEXT('2D SPACE',''
  ) );
#1158 = PCURVE('',#142,#1159);
#1159 = DEFINITIONAL_REPRESENTATION('',(#1160),#1164);
#1160 = CIRCLE('',#1161,3.);
#1161 = AXIS2_PLACEMENT_2D('',#1162,#1163);
#1162 = CARTESIAN_POINT('',(3.,3.));
#1163 = DIRECTION('',(0.,-1.));
#1164 = ( GEOMETRIC_REPRESENTATION_CONTEXT(2) 
PARAMETRIC_REPRESENTATION_CONTEXT() REPRESENTATION_CONTEXT('2D SPACE',''
  ) );
#1165 = ORIENTED_EDGE('',*,*,#1166,.T.);
#1166 = EDGE_CURVE('',#1143,#185,#1167,.T.);
#1167 = SURFACE_CURVE('',#1168,(#1172,#1179),.PCURVE_S1.);
#1168 = LINE('',#1169,#1170);
#1169 = CARTESIAN_POINT('',(-31.,-23.,0.));
#1170 = VECTOR('',#1171,1.);
#1171 = DIRECTION('',(0.,0.,1.));
#1172 = PCURVE('',#114,#1173);
#1173 = DEFINITIONAL_REPRESENTATION('',(#1174),#1178);
#1174 = LINE('',#1175,#1176);
#1175 = CARTESIAN_POINT('',(1.570796326795,0.));
#1176 = VECTOR('',#1177,1.);
#1177 = DIRECTION('',(0.,1.));
#1178 = ( GEOMETRIC_REPRESENTATION_CONTEXT(2) 
PARAMETRIC_REPRESENTATION_CONTEXT() REPRESENTATION_CONTEXT('2D SPACE',''
  ) );
#1179 = PCURVE('',#224,#1180);
#1180 = DEFINITIONAL_REPRESENTATION('',(#1181),#1185);
#1181 = LINE('',#1182,#1183);
#1182 = CARTESIAN_POINT('',(0.,3.));
#1183 = VECTOR('',#1184,1.);
#1184 = DIRECTION('',(1.,0.));
#1185 = ( GEOMETRIC_REPRESENTATION_CONTEXT(2) 
PARAMETRIC_REPRESENTATION_CONTEXT() REPRESENTATION_CONTEXT('2D SPACE',''
  ) );
#1186 = ORIENTED_EDGE('',*,*,#184,.F.);
#1187 = ORIENTED_EDGE('',*,*,#98,.F.);
#1188 = ADVANCED_FACE('',(#1189),#168,.T.);
#1189 = FACE_BOUND('',#1190,.F.);
#1190 = EDGE_LOOP('',(#1191,#1219,#1240,#1241));
#1191 = ORIENTED_EDGE('',*,*,#1192,.T.);
#1192 = EDGE_CURVE('',#127,#1193,#1195,.T.);
#1193 = VERTEX_POINT('',#1194);
#1194 = CARTESIAN_POINT('',(-31.,23.,0.));
#1195 = SURFACE_CURVE('',#1196,(#1201,#1208),.PCURVE_S1.);
#1196 = CIRCLE('',#1197,3.);
#1197 = AXIS2_PLACEMENT_3D('',#1198,#1199,#1200);
#1198 = CARTESIAN_POINT('',(-31.,20.,0.));
#1199 = DIRECTION('',(-0.,-0.,-1.));
#1200 = DIRECTION('',(0.,-1.,0.));
#1201 = PCURVE('',#168,#1202);
#1202 = DEFINITIONAL_REPRESENTATION('',(#1203),#1207);
#1203 = LINE('',#1204,#1205);
#1204 = CARTESIAN_POINT('',(1.570796326795,-0.));
#1205 = VECTOR('',#1206,1.);
#1206 = DIRECTION('',(-1.,0.));
#1207 = ( GEOMETRIC_REPRESENTATION_CONTEXT(2) 
PARAMETRIC_REPRESENTATION_CONTEXT() REPRESENTATION_CONTEXT('2D SPACE',''
  ) );
#1208 = PCURVE('',#142,#1209);
#1209 = DEFINITIONAL_REPRESENTATION('',(#1210),#1218);
#1210 = ( BOUNDED_CURVE() B_SPLINE_CURVE(2,(#1211,#1212,#1213,#1214,
#1215,#1216,#1217),.UNSPECIFIED.,.T.,.F.) B_SPLINE_CURVE_WITH_KNOTS((1,2
    ,2,2,2,1),(-2.094395102393,0.,2.094395102393,4.188790204786,
6.28318530718,8.377580409573),.UNSPECIFIED.) CURVE() 
GEOMETRIC_REPRESENTATION_ITEM() RATIONAL_B_SPLINE_CURVE((1.,0.5,1.,0.5,
1.,0.5,1.)) REPRESENTATION_ITEM('') );
#1211 = CARTESIAN_POINT('',(3.,40.));
#1212 = CARTESIAN_POINT('',(-2.196152422707,40.));
#1213 = CARTESIAN_POINT('',(0.401923788647,44.5));
#1214 = CARTESIAN_POINT('',(3.,49.));
#1215 = CARTESIAN_POINT('',(5.598076211353,44.5));
#1216 = CARTESIAN_POINT('',(8.196152422707,40.));
#1217 = CARTESIAN_POINT('',(3.,40.));
#1218 = ( GEOMETRIC_REPRESENTATION_CONTEXT(2) 
PARAMETRIC_REPRESENTATION_CONTEXT() REPRESENTATION_CONTEXT('2D SPACE',''
  ) );
#1219 = ORIENTED_EDGE('',*,*,#1220,.T.);
#1220 = EDGE_CURVE('',#1193,#439,#1221,.T.);
#1221 = SURFACE_CURVE('',#1222,(#1226,#1233),.PCURVE_S1.);
#1222 = LINE('',#1223,#1224);
#1223 = CARTESIAN_POINT('',(-31.,23.,0.));
#1224 = VECTOR('',#1225,1.);
#1225 = DIRECTION('',(0.,0.,1.));
#1226 = PCURVE('',#168,#1227);
#1227 = DEFINITIONAL_REPRESENTATION('',(#1228),#1232);
#1228 = LINE('',#1229,#1230);
#1229 = CARTESIAN_POINT('',(-1.570796326795,0.));
#1230 = VECTOR('',#1231,1.);
#1231 = DIRECTION('',(-0.,1.));
#1232 = ( GEOMETRIC_REPRESENTATION_CONTEXT(2) 
PARAMETRIC_REPRESENTATION_CONTEXT() REPRESENTATION_CONTEXT('2D SPACE',''
  ) );
#1233 = PCURVE('',#342,#1234);
#1234 = DEFINITIONAL_REPRESENTATION('',(#1235),#1239);
#1235 = LINE('',#1236,#1237);
#1236 = CARTESIAN_POINT('',(0.,3.));
#1237 = VECTOR('',#1238,1.);
#1238 = DIRECTION('',(1.,0.));
#1239 = ( GEOMETRIC_REPRESENTATION_CONTEXT(2) 
PARAMETRIC_REPRESENTATION_CONTEXT() REPRESENTATION_CONTEXT('2D SPACE',''
  ) );
#1240 = ORIENTED_EDGE('',*,*,#461,.F.);
#1241 = ORIENTED_EDGE('',*,*,#154,.F.);
#1242 = ADVANCED_FACE('',(#1243,#1367,#1398,#1429,#1460),#142,.F.);
#1243 = FACE_BOUND('',#1244,.F.);
#1244 = EDGE_LOOP('',(#1245,#1246,#1247,#1270,#1298,#1321,#1345,#1366));
#1245 = ORIENTED_EDGE('',*,*,#126,.F.);
#1246 = ORIENTED_EDGE('',*,*,#1142,.T.);
#1247 = ORIENTED_EDGE('',*,*,#1248,.T.);
#1248 = EDGE_CURVE('',#1143,#1249,#1251,.T.);
#1249 = VERTEX_POINT('',#1250);
#1250 = CARTESIAN_POINT('',(31.,-23.,0.));
#1251 = SURFACE_CURVE('',#1252,(#1256,#1263),.PCURVE_S1.);
#1252 = LINE('',#1253,#1254);
#1253 = CARTESIAN_POINT('',(-34.,-23.,0.));
#1254 = VECTOR('',#1255,1.);
#1255 = DIRECTION('',(1.,0.,0.));
#1256 = PCURVE('',#142,#1257);
#1257 = DEFINITIONAL_REPRESENTATION('',(#1258),#1262);
#1258 = LINE('',#1259,#1260);
#1259 = CARTESIAN_POINT('',(0.,0.));
#1260 = VECTOR('',#1261,1.);
#1261 = DIRECTION('',(1.,0.));
#1262 = ( GEOMETRIC_REPRESENTATION_CONTEXT(2) 
PARAMETRIC_REPRESENTATION_CONTEXT() REPRESENTATION_CONTEXT('2D SPACE',''
  ) );
#1263 = PCURVE('',#224,#1264);
#1264 = DEFINITIONAL_REPRESENTATION('',(#1265),#1269);
#1265 = LINE('',#1266,#1267);
#1266 = CARTESIAN_POINT('',(0.,0.));
#1267 = VECTOR('',#1268,1.);
#1268 = DIRECTION('',(0.,1.));
#1269 = ( GEOMETRIC_REPRESENTATION_CONTEXT(2) 
PARAMETRIC_REPRESENTATION_CONTEXT() REPRESENTATION_CONTEXT('2D SPACE',''
  ) );
#1270 = ORIENTED_EDGE('',*,*,#1271,.F.);
#1271 = EDGE_CURVE('',#1272,#1249,#1274,.T.);
#1272 = VERTEX_POINT('',#1273);
#1273 = CARTESIAN_POINT('',(34.,-20.,0.));
#1274 = SURFACE_CURVE('',#1275,(#1280,#1291),.PCURVE_S1.);
#1275 = CIRCLE('',#1276,3.);
#1276 = AXIS2_PLACEMENT_3D('',#1277,#1278,#1279);
#1277 = CARTESIAN_POINT('',(31.,-20.,0.));
#1278 = DIRECTION('',(-0.,-0.,-1.));
#1279 = DIRECTION('',(0.,-1.,0.));
#1280 = PCURVE('',#142,#1281);
#1281 = DEFINITIONAL_REPRESENTATION('',(#1282),#1290);
#1282 = ( BOUNDED_CURVE() B_SPLINE_CURVE(2,(#1283,#1284,#1285,#1286,
#1287,#1288,#1289),.UNSPECIFIED.,.T.,.F.) B_SPLINE_CURVE_WITH_KNOTS((1,2
    ,2,2,2,1),(-2.094395102393,0.,2.094395102393,4.188790204786,
6.28318530718,8.377580409573),.UNSPECIFIED.) CURVE() 
GEOMETRIC_REPRESENTATION_ITEM() RATIONAL_B_SPLINE_CURVE((1.,0.5,1.,0.5,
1.,0.5,1.)) REPRESENTATION_ITEM('') );
#1283 = CARTESIAN_POINT('',(65.,0.));
#1284 = CARTESIAN_POINT('',(59.803847577293,0.));
#1285 = CARTESIAN_POINT('',(62.401923788647,4.5));
#1286 = CARTESIAN_POINT('',(65.,9.));
#1287 = CARTESIAN_POINT('',(67.598076211353,4.5));
#1288 = CARTESIAN_POINT('',(70.196152422707,4.440892098501E-15));
#1289 = CARTESIAN_POINT('',(65.,0.));
#1290 = ( GEOMETRIC_REPRESENTATION_CONTEXT(2) 
PARAMETRIC_REPRESENTATION_CONTEXT() REPRESENTATION_CONTEXT('2D SPACE',''
  ) );
#1291 = PCURVE('',#257,#1292);
#1292 = DEFINITIONAL_REPRESENTATION('',(#1293),#1297);
#1293 = LINE('',#1294,#1295);
#1294 = CARTESIAN_POINT('',(4.712388980385,-0.));
#1295 = VECTOR('',#1296,1.);
#1296 = DIRECTION('',(-1.,0.));
#1297 = ( GEOMETRIC_REPRESENTATION_CONTEXT(2) 
PARAMETRIC_REPRESENTATION_CONTEXT() REPRESENTATION_CONTEXT('2D SPACE',''
  ) );
#1298 = ORIENTED_EDGE('',*,*,#1299,.T.);
#1299 = EDGE_CURVE('',#1272,#1300,#1302,.T.);
#1300 = VERTEX_POINT('',#1301);
#1301 = CARTESIAN_POINT('',(34.,20.,0.));
#1302 = SURFACE_CURVE('',#1303,(#1307,#1314),.PCURVE_S1.);
#1303 = LINE('',#1304,#1305);
#1304 = CARTESIAN_POINT('',(34.,-23.,0.));
#1305 = VECTOR('',#1306,1.);
#1306 = DIRECTION('',(0.,1.,0.));
#1307 = PCURVE('',#142,#1308);
#1308 = DEFINITIONAL_REPRESENTATION('',(#1309),#1313);
#1309 = LINE('',#1310,#1311);
#1310 = CARTESIAN_POINT('',(68.,0.));
#1311 = VECTOR('',#1312,1.);
#1312 = DIRECTION('',(0.,1.));
#1313 = ( GEOMETRIC_REPRESENTATION_CONTEXT(2) 
PARAMETRIC_REPRESENTATION_CONTEXT() REPRESENTATION_CONTEXT('2D SPACE',''
  ) );
#1314 = PCURVE('',#285,#1315);
#1315 = DEFINITIONAL_REPRESENTATION('',(#1316),#1320);
#1316 = LINE('',#1317,#1318);
#1317 = CARTESIAN_POINT('',(0.,0.));
#1318 = VECTOR('',#1319,1.);
#1319 = DIRECTION('',(0.,-1.));
#1320 = ( GEOMETRIC_REPRESENTATION_CONTEXT(2) 
PARAMETRIC_REPRESENTATION_CONTEXT() REPRESENTATION_CONTEXT('2D SPACE',''
  ) );
#1321 = ORIENTED_EDGE('',*,*,#1322,.T.);
#1322 = EDGE_CURVE('',#1300,#1323,#1325,.T.);
#1323 = VERTEX_POINT('',#1324);
#1324 = CARTESIAN_POINT('',(31.,23.,0.));
#1325 = SURFACE_CURVE('',#1326,(#1331,#1338),.PCURVE_S1.);
#1326 = CIRCLE('',#1327,3.);
#1327 = AXIS2_PLACEMENT_3D('',#1328,#1329,#1330);
#1328 = CARTESIAN_POINT('',(31.,20.,0.));
#1329 = DIRECTION('',(0.,0.,1.));
#1330 = DIRECTION('',(0.,-1.,0.));
#1331 = PCURVE('',#142,#1332);
#1332 = DEFINITIONAL_REPRESENTATION('',(#1333),#1337);
#1333 = CIRCLE('',#1334,3.);
#1334 = AXIS2_PLACEMENT_2D('',#1335,#1336);
#1335 = CARTESIAN_POINT('',(65.,43.));
#1336 = DIRECTION('',(0.,-1.));
#1337 = ( GEOMETRIC_REPRESENTATION_CONTEXT(2) 
PARAMETRIC_REPRESENTATION_CONTEXT() REPRESENTATION_CONTEXT('2D SPACE',''
  ) );
#1338 = PCURVE('',#314,#1339);
#1339 = DEFINITIONAL_REPRESENTATION('',(#1340),#1344);
#1340 = LINE('',#1341,#1342);
#1341 = CARTESIAN_POINT('',(-1.570796326795,0.));
#1342 = VECTOR('',#1343,1.);
#1343 = DIRECTION('',(1.,0.));
#1344 = ( GEOMETRIC_REPRESENTATION_CONTEXT(2) 
PARAMETRIC_REPRESENTATION_CONTEXT() REPRESENTATION_CONTEXT('2D SPACE',''
  ) );
#1345 = ORIENTED_EDGE('',*,*,#1346,.F.);
#1346 = EDGE_CURVE('',#1193,#1323,#1347,.T.);
#1347 = SURFACE_CURVE('',#1348,(#1352,#1359),.PCURVE_S1.);
#1348 = LINE('',#1349,#1350);
#1349 = CARTESIAN_POINT('',(-34.,23.,0.));
#1350 = VECTOR('',#1351,1.);
#1351 = DIRECTION('',(1.,0.,0.));
#1352 = PCURVE('',#142,#1353);
#1353 = DEFINITIONAL_REPRESENTATION('',(#1354),#1358);
#1354 = LINE('',#1355,#1356);
#1355 = CARTESIAN_POINT('',(0.,46.));
#1356 = VECTOR('',#1357,1.);
#1357 = DIRECTION('',(1.,0.));
#1358 = ( GEOMETRIC_REPRESENTATION_CONTEXT(2) 
PARAMETRIC_REPRESENTATION_CONTEXT() REPRESENTATION_CONTEXT('2D SPACE',''
  ) );
#1359 = PCURVE('',#342,#1360);
#1360 = DEFINITIONAL_REPRESENTATION('',(#1361),#1365);
#1361 = LINE('',#1362,#1363);
#1362 = CARTESIAN_POINT('',(0.,0.));
#1363 = VECTOR('',#1364,1.);
#1364 = DIRECTION('',(0.,1.));
#1365 = ( GEOMETRIC_REPRESENTATION_CONTEXT(2) 
PARAMETRIC_REPRESENTATION_CONTEXT() REPRESENTATION_CONTEXT('2D SPACE',''
  ) );
#1366 = ORIENTED_EDGE('',*,*,#1192,.F.);
#1367 = FACE_BOUND('',#1368,.F.);
#1368 = EDGE_LOOP('',(#1369));
#1369 = ORIENTED_EDGE('',*,*,#1370,.F.);
#1370 = EDGE_CURVE('',#1371,#1371,#1373,.T.);
#1371 = VERTEX_POINT('',#1372);
#1372 = CARTESIAN_POINT('',(-10.65,-13.,0.));
#1373 = SURFACE_CURVE('',#1374,(#1379,#1386),.PCURVE_S1.);
#1374 = CIRCLE('',#1375,2.35);
#1375 = AXIS2_PLACEMENT_3D('',#1376,#1377,#1378);
#1376 = CARTESIAN_POINT('',(-13.,-13.,0.));
#1377 = DIRECTION('',(0.,0.,1.));
#1378 = DIRECTION('',(1.,0.,0.));
#1379 = PCURVE('',#142,#1380);
#1380 = DEFINITIONAL_REPRESENTATION('',(#1381),#1385);
#1381 = CIRCLE('',#1382,2.35);
#1382 = AXIS2_PLACEMENT_2D('',#1383,#1384);
#1383 = CARTESIAN_POINT('',(21.,10.));
#1384 = DIRECTION('',(1.,0.));
#1385 = ( GEOMETRIC_REPRESENTATION_CONTEXT(2) 
PARAMETRIC_REPRESENTATION_CONTEXT() REPRESENTATION_CONTEXT('2D SPACE',''
  ) );
#1386 = PCURVE('',#1387,#1392);
#1387 = CONICAL_SURFACE('',#1388,2.35,0.463647609001);
#1388 = AXIS2_PLACEMENT_3D('',#1389,#1390,#1391);
#1389 = CARTESIAN_POINT('',(-13.,-13.,0.));
#1390 = DIRECTION('',(-0.,-0.,-1.));
#1391 = DIRECTION('',(1.,0.,0.));
#1392 = DEFINITIONAL_REPRESENTATION('',(#1393),#1397);
#1393 = LINE('',#1394,#1395);
#1394 = CARTESIAN_POINT('',(-0.,-0.));
#1395 = VECTOR('',#1396,1.);
#1396 = DIRECTION('',(-1.,-0.));
#1397 = ( GEOMETRIC_REPRESENTATION_CONTEXT(2) 
PARAMETRIC_REPRESENTATION_CONTEXT() REPRESENTATION_CONTEXT('2D SPACE',''
  ) );
#1398 = FACE_BOUND('',#1399,.F.);
#1399 = EDGE_LOOP('',(#1400));
#1400 = ORIENTED_EDGE('',*,*,#1401,.F.);
#1401 = EDGE_CURVE('',#1402,#1402,#1404,.T.);
#1402 = VERTEX_POINT('',#1403);
#1403 = CARTESIAN_POINT('',(15.35,-13.,0.));
#1404 = SURFACE_CURVE('',#1405,(#1410,#1417),.PCURVE_S1.);
#1405 = CIRCLE('',#1406,2.35);
#1406 = AXIS2_PLACEMENT_3D('',#1407,#1408,#1409);
#1407 = CARTESIAN_POINT('',(13.,-13.,0.));
#1408 = DIRECTION('',(0.,0.,1.));
#1409 = DIRECTION('',(1.,0.,0.));
#1410 = PCURVE('',#142,#1411);
#1411 = DEFINITIONAL_REPRESENTATION('',(#1412),#1416);
#1412 = CIRCLE('',#1413,2.35);
#1413 = AXIS2_PLACEMENT_2D('',#1414,#1415);
#1414 = CARTESIAN_POINT('',(47.,10.));
#1415 = DIRECTION('',(1.,0.));
#1416 = ( GEOMETRIC_REPRESENTATION_CONTEXT(2) 
PARAMETRIC_REPRESENTATION_CONTEXT() REPRESENTATION_CONTEXT('2D SPACE',''
  ) );
#1417 = PCURVE('',#1418,#1423);
#1418 = CONICAL_SURFACE('',#1419,2.35,0.463647609001);
#1419 = AXIS2_PLACEMENT_3D('',#1420,#1421,#1422);
#1420 = CARTESIAN_POINT('',(13.,-13.,0.));
#1421 = DIRECTION('',(-0.,-0.,-1.));
#1422 = DIRECTION('',(1.,0.,0.));
#1423 = DEFINITIONAL_REPRESENTATION('',(#1424),#1428);
#1424 = LINE('',#1425,#1426);
#1425 = CARTESIAN_POINT('',(-0.,-0.));
#1426 = VECTOR('',#1427,1.);
#1427 = DIRECTION('',(-1.,-0.));
#1428 = ( GEOMETRIC_REPRESENTATION_CONTEXT(2) 
PARAMETRIC_REPRESENTATION_CONTEXT() REPRESENTATION_CONTEXT('2D SPACE',''
  ) );
#1429 = FACE_BOUND('',#1430,.F.);
#1430 = EDGE_LOOP('',(#1431));
#1431 = ORIENTED_EDGE('',*,*,#1432,.F.);
#1432 = EDGE_CURVE('',#1433,#1433,#1435,.T.);
#1433 = VERTEX_POINT('',#1434);
#1434 = CARTESIAN_POINT('',(-10.65,13.,0.));
#1435 = SURFACE_CURVE('',#1436,(#1441,#1448),.PCURVE_S1.);
#1436 = CIRCLE('',#1437,2.35);
#1437 = AXIS2_PLACEMENT_3D('',#1438,#1439,#1440);
#1438 = CARTESIAN_POINT('',(-13.,13.,0.));
#1439 = DIRECTION('',(0.,0.,1.));
#1440 = DIRECTION('',(1.,0.,0.));
#1441 = PCURVE('',#142,#1442);
#1442 = DEFINITIONAL_REPRESENTATION('',(#1443),#1447);
#1443 = CIRCLE('',#1444,2.35);
#1444 = AXIS2_PLACEMENT_2D('',#1445,#1446);
#1445 = CARTESIAN_POINT('',(21.,36.));
#1446 = DIRECTION('',(1.,0.));
#1447 = ( GEOMETRIC_REPRESENTATION_CONTEXT(2) 
PARAMETRIC_REPRESENTATION_CONTEXT() REPRESENTATION_CONTEXT('2D SPACE',''
  ) );
#1448 = PCURVE('',#1449,#1454);
#1449 = CONICAL_SURFACE('',#1450,2.35,0.463647609001);
#1450 = AXIS2_PLACEMENT_3D('',#1451,#1452,#1453);
#1451 = CARTESIAN_POINT('',(-13.,13.,0.));
#1452 = DIRECTION('',(-0.,-0.,-1.));
#1453 = DIRECTION('',(1.,0.,0.));
#1454 = DEFINITIONAL_REPRESENTATION('',(#1455),#1459);
#1455 = LINE('',#1456,#1457);
#1456 = CARTESIAN_POINT('',(-0.,-0.));
#1457 = VECTOR('',#1458,1.);
#1458 = DIRECTION('',(-1.,-0.));
#1459 = ( GEOMETRIC_REPRESENTATION_CONTEXT(2) 
PARAMETRIC_REPRESENTATION_CONTEXT() REPRESENTATION_CONTEXT('2D SPACE',''
  ) );
#1460 = FACE_BOUND('',#1461,.F.);
#1461 = EDGE_LOOP('',(#1462));
#1462 = ORIENTED_EDGE('',*,*,#1463,.F.);
#1463 = EDGE_CURVE('',#1464,#1464,#1466,.T.);
#1464 = VERTEX_POINT('',#1465);
#1465 = CARTESIAN_POINT('',(15.35,13.,0.));
#1466 = SURFACE_CURVE('',#1467,(#1472,#1479),.PCURVE_S1.);
#1467 = CIRCLE('',#1468,2.35);
#1468 = AXIS2_PLACEMENT_3D('',#1469,#1470,#1471);
#1469 = CARTESIAN_POINT('',(13.,13.,0.));
#1470 = DIRECTION('',(0.,0.,1.));
#1471 = DIRECTION('',(1.,0.,0.));
#1472 = PCURVE('',#142,#1473);
#1473 = DEFINITIONAL_REPRESENTATION('',(#1474),#1478);
#1474 = CIRCLE('',#1475,2.35);
#1475 = AXIS2_PLACEMENT_2D('',#1476,#1477);
#1476 = CARTESIAN_POINT('',(47.,36.));
#1477 = DIRECTION('',(1.,0.));
#1478 = ( GEOMETRIC_REPRESENTATION_CONTEXT(2) 
PARAMETRIC_REPRESENTATION_CONTEXT() REPRESENTATION_CONTEXT('2D SPACE',''
  ) );
#1479 = PCURVE('',#1480,#1485);
#1480 = CONICAL_SURFACE('',#1481,2.35,0.463647609001);
#1481 = AXIS2_PLACEMENT_3D('',#1482,#1483,#1484);
#1482 = CARTESIAN_POINT('',(13.,13.,0.));
#1483 = DIRECTION('',(-0.,-0.,-1.));
#1484 = DIRECTION('',(1.,0.,0.));
#1485 = DEFINITIONAL_REPRESENTATION('',(#1486),#1490);
#1486 = LINE('',#1487,#1488);
#1487 = CARTESIAN_POINT('',(-0.,-0.));
#1488 = VECTOR('',#1489,1.);
#1489 = DIRECTION('',(-1.,-0.));
#1490 = ( GEOMETRIC_REPRESENTATION_CONTEXT(2) 
PARAMETRIC_REPRESENTATION_CONTEXT() REPRESENTATION_CONTEXT('2D SPACE',''
  ) );
#1491 = ADVANCED_FACE('',(#1492),#342,.T.);
#1492 = FACE_BOUND('',#1493,.T.);
#1493 = EDGE_LOOP('',(#1494,#1495,#1496,#1497,#1525,#1551,#1577,#1603,
    #1624,#1625));
#1494 = ORIENTED_EDGE('',*,*,#1346,.F.);
#1495 = ORIENTED_EDGE('',*,*,#1220,.T.);
#1496 = ORIENTED_EDGE('',*,*,#438,.T.);
#1497 = ORIENTED_EDGE('',*,*,#1498,.T.);
#1498 = EDGE_CURVE('',#411,#1499,#1501,.T.);
#1499 = VERTEX_POINT('',#1500);
#1500 = CARTESIAN_POINT('',(-3.,23.,8.));
#1501 = SURFACE_CURVE('',#1502,(#1506,#1513),.PCURVE_S1.);
#1502 = LINE('',#1503,#1504);
#1503 = CARTESIAN_POINT('',(-34.,23.,8.));
#1504 = VECTOR('',#1505,1.);
#1505 = DIRECTION('',(1.,0.,0.));
#1506 = PCURVE('',#342,#1507);
#1507 = DEFINITIONAL_REPRESENTATION('',(#1508),#1512);
#1508 = LINE('',#1509,#1510);
#1509 = CARTESIAN_POINT('',(8.,0.));
#1510 = VECTOR('',#1511,1.);
#1511 = DIRECTION('',(0.,1.));
#1512 = ( GEOMETRIC_REPRESENTATION_CONTEXT(2) 
PARAMETRIC_REPRESENTATION_CONTEXT() REPRESENTATION_CONTEXT('2D SPACE',''
  ) );
#1513 = PCURVE('',#1514,#1519);
#1514 = PLANE('',#1515);
#1515 = AXIS2_PLACEMENT_3D('',#1516,#1517,#1518);
#1516 = CARTESIAN_POINT('',(-8.,16.,8.));
#1517 = DIRECTION('',(0.,0.,1.));
#1518 = DIRECTION('',(1.,0.,0.));
#1519 = DEFINITIONAL_REPRESENTATION('',(#1520),#1524);
#1520 = LINE('',#1521,#1522);
#1521 = CARTESIAN_POINT('',(-26.,7.));
#1522 = VECTOR('',#1523,1.);
#1523 = DIRECTION('',(1.,0.));
#1524 = ( GEOMETRIC_REPRESENTATION_CONTEXT(2) 
PARAMETRIC_REPRESENTATION_CONTEXT() REPRESENTATION_CONTEXT('2D SPACE',''
  ) );
#1525 = ORIENTED_EDGE('',*,*,#1526,.T.);
#1526 = EDGE_CURVE('',#1499,#1527,#1529,.T.);
#1527 = VERTEX_POINT('',#1528);
#1528 = CARTESIAN_POINT('',(-3.,23.,1.));
#1529 = SURFACE_CURVE('',#1530,(#1534,#1540),.PCURVE_S1.);
#1530 = LINE('',#1531,#1532);
#1531 = CARTESIAN_POINT('',(-3.,23.,2.900980486407));
#1532 = VECTOR('',#1533,1.);
#1533 = DIRECTION('',(0.,0.,-1.));
#1534 = PCURVE('',#342,#1535);
#1535 = DEFINITIONAL_REPRESENTATION('',(#1536),#1539);
#1536 = B_SPLINE_CURVE_WITH_KNOTS('',1,(#1537,#1538),.UNSPECIFIED.,.F.,
  .F.,(2,2),(-5.099019513593,2.900980486407),.PIECEWISE_BEZIER_KNOTS.);
#1537 = CARTESIAN_POINT('',(8.,31.));
#1538 = CARTESIAN_POINT('',(0.,31.));
#1539 = ( GEOMETRIC_REPRESENTATION_CONTEXT(2) 
PARAMETRIC_REPRESENTATION_CONTEXT() REPRESENTATION_CONTEXT('2D SPACE',''
  ) );
#1540 = PCURVE('',#1541,#1546);
#1541 = PLANE('',#1542);
#1542 = AXIS2_PLACEMENT_3D('',#1543,#1544,#1545);
#1543 = CARTESIAN_POINT('',(-3.,36.198039027186,5.801960972814));
#1544 = DIRECTION('',(1.,0.,0.));
#1545 = DIRECTION('',(-0.,0.,1.));
#1546 = DEFINITIONAL_REPRESENTATION('',(#1547),#1550);
#1547 = B_SPLINE_CURVE_WITH_KNOTS('',1,(#1548,#1549),.UNSPECIFIED.,.F.,
  .F.,(2,2),(-5.099019513593,2.900980486407),.PIECEWISE_BEZIER_KNOTS.);
#1548 = CARTESIAN_POINT('',(2.198039027186,13.198039027186));
#1549 = CARTESIAN_POINT('',(-5.801960972814,13.198039027186));
#1550 = ( GEOMETRIC_REPRESENTATION_CONTEXT(2) 
PARAMETRIC_REPRESENTATION_CONTEXT() REPRESENTATION_CONTEXT('2D SPACE',''
  ) );
#1551 = ORIENTED_EDGE('',*,*,#1552,.T.);
#1552 = EDGE_CURVE('',#1527,#1553,#1555,.T.);
#1553 = VERTEX_POINT('',#1554);
#1554 = CARTESIAN_POINT('',(3.,23.,1.));
#1555 = SURFACE_CURVE('',#1556,(#1560,#1566),.PCURVE_S1.);
#1556 = LINE('',#1557,#1558);
#1557 = CARTESIAN_POINT('',(-18.5,23.,1.));
#1558 = VECTOR('',#1559,1.);
#1559 = DIRECTION('',(1.,0.,-0.));
#1560 = PCURVE('',#342,#1561);
#1561 = DEFINITIONAL_REPRESENTATION('',(#1562),#1565);
#1562 = B_SPLINE_CURVE_WITH_KNOTS('',1,(#1563,#1564),.UNSPECIFIED.,.F.,
  .F.,(2,2),(15.5,21.5),.PIECEWISE_BEZIER_KNOTS.);
#1563 = CARTESIAN_POINT('',(1.,31.));
#1564 = CARTESIAN_POINT('',(1.,37.));
#1565 = ( GEOMETRIC_REPRESENTATION_CONTEXT(2) 
PARAMETRIC_REPRESENTATION_CONTEXT() REPRESENTATION_CONTEXT('2D SPACE',''
  ) );
#1566 = PCURVE('',#1567,#1572);
#1567 = PLANE('',#1568);
#1568 = AXIS2_PLACEMENT_3D('',#1569,#1570,#1571);
#1569 = CARTESIAN_POINT('',(-3.,18.,0.));
#1570 = DIRECTION('',(0.,-0.196116135138,0.980580675691));
#1571 = DIRECTION('',(0.,0.980580675691,0.196116135138));
#1572 = DEFINITIONAL_REPRESENTATION('',(#1573),#1576);
#1573 = B_SPLINE_CURVE_WITH_KNOTS('',1,(#1574,#1575),.UNSPECIFIED.,.F.,
  .F.,(2,2),(15.5,21.5),.PIECEWISE_BEZIER_KNOTS.);
#1574 = CARTESIAN_POINT('',(5.099019513593,0.));
#1575 = CARTESIAN_POINT('',(5.099019513593,-6.));
#1576 = ( GEOMETRIC_REPRESENTATION_CONTEXT(2) 
PARAMETRIC_REPRESENTATION_CONTEXT() REPRESENTATION_CONTEXT('2D SPACE',''
  ) );
#1577 = ORIENTED_EDGE('',*,*,#1578,.F.);
#1578 = EDGE_CURVE('',#1579,#1553,#1581,.T.);
#1579 = VERTEX_POINT('',#1580);
#1580 = CARTESIAN_POINT('',(3.,23.,8.));
#1581 = SURFACE_CURVE('',#1582,(#1586,#1592),.PCURVE_S1.);
#1582 = LINE('',#1583,#1584);
#1583 = CARTESIAN_POINT('',(3.,23.,2.900980486407));
#1584 = VECTOR('',#1585,1.);
#1585 = DIRECTION('',(0.,0.,-1.));
#1586 = PCURVE('',#342,#1587);
#1587 = DEFINITIONAL_REPRESENTATION('',(#1588),#1591);
#1588 = B_SPLINE_CURVE_WITH_KNOTS('',1,(#1589,#1590),.UNSPECIFIED.,.F.,
  .F.,(2,2),(-5.099019513593,2.900980486407),.PIECEWISE_BEZIER_KNOTS.);
#1589 = CARTESIAN_POINT('',(8.,37.));
#1590 = CARTESIAN_POINT('',(0.,37.));
#1591 = ( GEOMETRIC_REPRESENTATION_CONTEXT(2) 
PARAMETRIC_REPRESENTATION_CONTEXT() REPRESENTATION_CONTEXT('2D SPACE',''
  ) );
#1592 = PCURVE('',#1593,#1598);
#1593 = PLANE('',#1594);
#1594 = AXIS2_PLACEMENT_3D('',#1595,#1596,#1597);
#1595 = CARTESIAN_POINT('',(3.,36.198039027186,5.801960972814));
#1596 = DIRECTION('',(1.,0.,0.));
#1597 = DIRECTION('',(-0.,0.,1.));
#1598 = DEFINITIONAL_REPRESENTATION('',(#1599),#1602);
#1599 = B_SPLINE_CURVE_WITH_KNOTS('',1,(#1600,#1601),.UNSPECIFIED.,.F.,
  .F.,(2,2),(-5.099019513593,2.900980486407),.PIECEWISE_BEZIER_KNOTS.);
#1600 = CARTESIAN_POINT('',(2.198039027186,13.198039027186));
#1601 = CARTESIAN_POINT('',(-5.801960972814,13.198039027186));
#1602 = ( GEOMETRIC_REPRESENTATION_CONTEXT(2) 
PARAMETRIC_REPRESENTATION_CONTEXT() REPRESENTATION_CONTEXT('2D SPACE',''
  ) );
#1603 = ORIENTED_EDGE('',*,*,#1604,.T.);
#1604 = EDGE_CURVE('',#1579,#327,#1605,.T.);
#1605 = SURFACE_CURVE('',#1606,(#1610,#1617),.PCURVE_S1.);
#1606 = LINE('',#1607,#1608);
#1607 = CARTESIAN_POINT('',(-34.,23.,8.));
#1608 = VECTOR('',#1609,1.);
#1609 = DIRECTION('',(1.,0.,0.));
#1610 = PCURVE('',#342,#1611);
#1611 = DEFINITIONAL_REPRESENTATION('',(#1612),#1616);
#1612 = LINE('',#1613,#1614);
#1613 = CARTESIAN_POINT('',(8.,0.));
#1614 = VECTOR('',#1615,1.);
#1615 = DIRECTION('',(0.,1.));
#1616 = ( GEOMETRIC_REPRESENTATION_CONTEXT(2) 
PARAMETRIC_REPRESENTATION_CONTEXT() REPRESENTATION_CONTEXT('2D SPACE',''
  ) );
#1617 = PCURVE('',#1514,#1618);
#1618 = DEFINITIONAL_REPRESENTATION('',(#1619),#1623);
#1619 = LINE('',#1620,#1621);
#1620 = CARTESIAN_POINT('',(-26.,7.));
#1621 = VECTOR('',#1622,1.);
#1622 = DIRECTION('',(1.,0.));
#1623 = ( GEOMETRIC_REPRESENTATION_CONTEXT(2) 
PARAMETRIC_REPRESENTATION_CONTEXT() REPRESENTATION_CONTEXT('2D SPACE',''
  ) );
#1624 = ORIENTED_EDGE('',*,*,#326,.T.);
#1625 = ORIENTED_EDGE('',*,*,#1626,.F.);
#1626 = EDGE_CURVE('',#1323,#298,#1627,.T.);
#1627 = SURFACE_CURVE('',#1628,(#1632,#1639),.PCURVE_S1.);
#1628 = LINE('',#1629,#1630);
#1629 = CARTESIAN_POINT('',(31.,23.,0.));
#1630 = VECTOR('',#1631,1.);
#1631 = DIRECTION('',(0.,0.,1.));
#1632 = PCURVE('',#342,#1633);
#1633 = DEFINITIONAL_REPRESENTATION('',(#1634),#1638);
#1634 = LINE('',#1635,#1636);
#1635 = CARTESIAN_POINT('',(0.,65.));
#1636 = VECTOR('',#1637,1.);
#1637 = DIRECTION('',(1.,0.));
#1638 = ( GEOMETRIC_REPRESENTATION_CONTEXT(2) 
PARAMETRIC_REPRESENTATION_CONTEXT() REPRESENTATION_CONTEXT('2D SPACE',''
  ) );
#1639 = PCURVE('',#314,#1640);
#1640 = DEFINITIONAL_REPRESENTATION('',(#1641),#1645);
#1641 = LINE('',#1642,#1643);
#1642 = CARTESIAN_POINT('',(1.570796326795,0.));
#1643 = VECTOR('',#1644,1.);
#1644 = DIRECTION('',(0.,1.));
#1645 = ( GEOMETRIC_REPRESENTATION_CONTEXT(2) 
PARAMETRIC_REPRESENTATION_CONTEXT() REPRESENTATION_CONTEXT('2D SPACE',''
  ) );
#1646 = ADVANCED_FACE('',(#1647),#426,.F.);
#1647 = FACE_BOUND('',#1648,.F.);
#1648 = EDGE_LOOP('',(#1649,#1679,#1700,#1701,#1724));
#1649 = ORIENTED_EDGE('',*,*,#1650,.F.);
#1650 = EDGE_CURVE('',#1651,#1653,#1655,.T.);
#1651 = VERTEX_POINT('',#1652);
#1652 = CARTESIAN_POINT('',(-8.,16.,14.));
#1653 = VERTEX_POINT('',#1654);
#1654 = CARTESIAN_POINT('',(-8.,61.,14.));
#1655 = SURFACE_CURVE('',#1656,(#1660,#1667),.PCURVE_S1.);
#1656 = LINE('',#1657,#1658);
#1657 = CARTESIAN_POINT('',(-8.,16.,14.));
#1658 = VECTOR('',#1659,1.);
#1659 = DIRECTION('',(0.,1.,0.));
#1660 = PCURVE('',#426,#1661);
#1661 = DEFINITIONAL_REPRESENTATION('',(#1662),#1666);
#1662 = LINE('',#1663,#1664);
#1663 = CARTESIAN_POINT('',(6.,0.));
#1664 = VECTOR('',#1665,1.);
#1665 = DIRECTION('',(0.,-1.));
#1666 = ( GEOMETRIC_REPRESENTATION_CONTEXT(2) 
PARAMETRIC_REPRESENTATION_CONTEXT() REPRESENTATION_CONTEXT('2D SPACE',''
  ) );
#1667 = PCURVE('',#1668,#1673);
#1668 = PLANE('',#1669);
#1669 = AXIS2_PLACEMENT_3D('',#1670,#1671,#1672);
#1670 = CARTESIAN_POINT('',(-8.,16.,14.));
#1671 = DIRECTION('',(0.,0.,1.));
#1672 = DIRECTION('',(1.,0.,0.));
#1673 = DEFINITIONAL_REPRESENTATION('',(#1674),#1678);
#1674 = LINE('',#1675,#1676);
#1675 = CARTESIAN_POINT('',(0.,0.));
#1676 = VECTOR('',#1677,1.);
#1677 = DIRECTION('',(0.,1.));
#1678 = ( GEOMETRIC_REPRESENTATION_CONTEXT(2) 
PARAMETRIC_REPRESENTATION_CONTEXT() REPRESENTATION_CONTEXT('2D SPACE',''
  ) );
#1679 = ORIENTED_EDGE('',*,*,#1680,.F.);
#1680 = EDGE_CURVE('',#383,#1651,#1681,.T.);
#1681 = SURFACE_CURVE('',#1682,(#1686,#1693),.PCURVE_S1.);
#1682 = LINE('',#1683,#1684);
#1683 = CARTESIAN_POINT('',(-8.,16.,8.));
#1684 = VECTOR('',#1685,1.);
#1685 = DIRECTION('',(0.,0.,1.));
#1686 = PCURVE('',#426,#1687);
#1687 = DEFINITIONAL_REPRESENTATION('',(#1688),#1692);
#1688 = LINE('',#1689,#1690);
#1689 = CARTESIAN_POINT('',(0.,0.));
#1690 = VECTOR('',#1691,1.);
#1691 = DIRECTION('',(1.,0.));
#1692 = ( GEOMETRIC_REPRESENTATION_CONTEXT(2) 
PARAMETRIC_REPRESENTATION_CONTEXT() REPRESENTATION_CONTEXT('2D SPACE',''
  ) );
#1693 = PCURVE('',#398,#1694);
#1694 = DEFINITIONAL_REPRESENTATION('',(#1695),#1699);
#1695 = LINE('',#1696,#1697);
#1696 = CARTESIAN_POINT('',(0.,0.));
#1697 = VECTOR('',#1698,1.);
#1698 = DIRECTION('',(1.,0.));
#1699 = ( GEOMETRIC_REPRESENTATION_CONTEXT(2) 
PARAMETRIC_REPRESENTATION_CONTEXT() REPRESENTATION_CONTEXT('2D SPACE',''
  ) );
#1700 = ORIENTED_EDGE('',*,*,#410,.T.);
#1701 = ORIENTED_EDGE('',*,*,#1702,.T.);
#1702 = EDGE_CURVE('',#411,#1703,#1705,.T.);
#1703 = VERTEX_POINT('',#1704);
#1704 = CARTESIAN_POINT('',(-8.,61.,8.));
#1705 = SURFACE_CURVE('',#1706,(#1710,#1717),.PCURVE_S1.);
#1706 = LINE('',#1707,#1708);
#1707 = CARTESIAN_POINT('',(-8.,16.,8.));
#1708 = VECTOR('',#1709,1.);
#1709 = DIRECTION('',(0.,1.,0.));
#1710 = PCURVE('',#426,#1711);
#1711 = DEFINITIONAL_REPRESENTATION('',(#1712),#1716);
#1712 = LINE('',#1713,#1714);
#1713 = CARTESIAN_POINT('',(0.,0.));
#1714 = VECTOR('',#1715,1.);
#1715 = DIRECTION('',(0.,-1.));
#1716 = ( GEOMETRIC_REPRESENTATION_CONTEXT(2) 
PARAMETRIC_REPRESENTATION_CONTEXT() REPRESENTATION_CONTEXT('2D SPACE',''
  ) );
#1717 = PCURVE('',#1514,#1718);
#1718 = DEFINITIONAL_REPRESENTATION('',(#1719),#1723);
#1719 = LINE('',#1720,#1721);
#1720 = CARTESIAN_POINT('',(0.,0.));
#1721 = VECTOR('',#1722,1.);
#1722 = DIRECTION('',(0.,1.));
#1723 = ( GEOMETRIC_REPRESENTATION_CONTEXT(2) 
PARAMETRIC_REPRESENTATION_CONTEXT() REPRESENTATION_CONTEXT('2D SPACE',''
  ) );
#1724 = ORIENTED_EDGE('',*,*,#1725,.T.);
#1725 = EDGE_CURVE('',#1703,#1653,#1726,.T.);
#1726 = SURFACE_CURVE('',#1727,(#1731,#1737),.PCURVE_S1.);
#1727 = LINE('',#1728,#1729);
#1728 = CARTESIAN_POINT('',(-8.,61.,8.));
#1729 = VECTOR('',#1730,1.);
#1730 = DIRECTION('',(0.,0.,1.));
#1731 = PCURVE('',#426,#1732);
#1732 = DEFINITIONAL_REPRESENTATION('',(#1733),#1736);
#1733 = B_SPLINE_CURVE_WITH_KNOTS('',1,(#1734,#1735),.UNSPECIFIED.,.F.,
  .F.,(2,2),(0.,6.),.PIECEWISE_BEZIER_KNOTS.);
#1734 = CARTESIAN_POINT('',(0.,-45.));
#1735 = CARTESIAN_POINT('',(6.,-45.));
#1736 = ( GEOMETRIC_REPRESENTATION_CONTEXT(2) 
PARAMETRIC_REPRESENTATION_CONTEXT() REPRESENTATION_CONTEXT('2D SPACE',''
  ) );
#1737 = PCURVE('',#1738,#1743);
#1738 = PLANE('',#1739);
#1739 = AXIS2_PLACEMENT_3D('',#1740,#1741,#1742);
#1740 = CARTESIAN_POINT('',(-28.5,61.,8.));
#1741 = DIRECTION('',(0.,1.,0.));
#1742 = DIRECTION('',(0.,0.,1.));
#1743 = DEFINITIONAL_REPRESENTATION('',(#1744),#1747);
#1744 = B_SPLINE_CURVE_WITH_KNOTS('',1,(#1745,#1746),.UNSPECIFIED.,.F.,
  .F.,(2,2),(0.,6.),.PIECEWISE_BEZIER_KNOTS.);
#1745 = CARTESIAN_POINT('',(0.,20.5));
#1746 = CARTESIAN_POINT('',(6.,20.5));
#1747 = ( GEOMETRIC_REPRESENTATION_CONTEXT(2) 
PARAMETRIC_REPRESENTATION_CONTEXT() REPRESENTATION_CONTEXT('2D SPACE',''
  ) );
#1748 = ADVANCED_FACE('',(#1749),#398,.F.);
#1749 = FACE_BOUND('',#1750,.F.);
#1750 = EDGE_LOOP('',(#1751,#1752,#1753,#1776));
#1751 = ORIENTED_EDGE('',*,*,#382,.F.);
#1752 = ORIENTED_EDGE('',*,*,#1680,.T.);
#1753 = ORIENTED_EDGE('',*,*,#1754,.T.);
#1754 = EDGE_CURVE('',#1651,#1755,#1757,.T.);
#1755 = VERTEX_POINT('',#1756);
#1756 = CARTESIAN_POINT('',(8.,16.,14.));
#1757 = SURFACE_CURVE('',#1758,(#1762,#1769),.PCURVE_S1.);
#1758 = LINE('',#1759,#1760);
#1759 = CARTESIAN_POINT('',(-8.,16.,14.));
#1760 = VECTOR('',#1761,1.);
#1761 = DIRECTION('',(1.,0.,0.));
#1762 = PCURVE('',#398,#1763);
#1763 = DEFINITIONAL_REPRESENTATION('',(#1764),#1768);
#1764 = LINE('',#1765,#1766);
#1765 = CARTESIAN_POINT('',(6.,0.));
#1766 = VECTOR('',#1767,1.);
#1767 = DIRECTION('',(0.,1.));
#1768 = ( GEOMETRIC_REPRESENTATION_CONTEXT(2) 
PARAMETRIC_REPRESENTATION_CONTEXT() REPRESENTATION_CONTEXT('2D SPACE',''
  ) );
#1769 = PCURVE('',#1668,#1770);
#1770 = DEFINITIONAL_REPRESENTATION('',(#1771),#1775);
#1771 = LINE('',#1772,#1773);
#1772 = CARTESIAN_POINT('',(0.,0.));
#1773 = VECTOR('',#1774,1.);
#1774 = DIRECTION('',(1.,0.));
#1775 = ( GEOMETRIC_REPRESENTATION_CONTEXT(2) 
PARAMETRIC_REPRESENTATION_CONTEXT() REPRESENTATION_CONTEXT('2D SPACE',''
  ) );
#1776 = ORIENTED_EDGE('',*,*,#1777,.F.);
#1777 = EDGE_CURVE('',#355,#1755,#1778,.T.);
#1778 = SURFACE_CURVE('',#1779,(#1783,#1790),.PCURVE_S1.);
#1779 = LINE('',#1780,#1781);
#1780 = CARTESIAN_POINT('',(8.,16.,8.));
#1781 = VECTOR('',#1782,1.);
#1782 = DIRECTION('',(0.,0.,1.));
#1783 = PCURVE('',#398,#1784);
#1784 = DEFINITIONAL_REPRESENTATION('',(#1785),#1789);
#1785 = LINE('',#1786,#1787);
#1786 = CARTESIAN_POINT('',(0.,16.));
#1787 = VECTOR('',#1788,1.);
#1788 = DIRECTION('',(1.,0.));
#1789 = ( GEOMETRIC_REPRESENTATION_CONTEXT(2) 
PARAMETRIC_REPRESENTATION_CONTEXT() REPRESENTATION_CONTEXT('2D SPACE',''
  ) );
#1790 = PCURVE('',#370,#1791);
#1791 = DEFINITIONAL_REPRESENTATION('',(#1792),#1796);
#1792 = LINE('',#1793,#1794);
#1793 = CARTESIAN_POINT('',(0.,0.));
#1794 = VECTOR('',#1795,1.);
#1795 = DIRECTION('',(1.,0.));
#1796 = ( GEOMETRIC_REPRESENTATION_CONTEXT(2) 
PARAMETRIC_REPRESENTATION_CONTEXT() REPRESENTATION_CONTEXT('2D SPACE',''
  ) );
#1797 = ADVANCED_FACE('',(#1798),#370,.T.);
#1798 = FACE_BOUND('',#1799,.T.);
#1799 = EDGE_LOOP('',(#1800,#1823,#1824,#1825,#1848));
#1800 = ORIENTED_EDGE('',*,*,#1801,.F.);
#1801 = EDGE_CURVE('',#1755,#1802,#1804,.T.);
#1802 = VERTEX_POINT('',#1803);
#1803 = CARTESIAN_POINT('',(8.,61.,14.));
#1804 = SURFACE_CURVE('',#1805,(#1809,#1816),.PCURVE_S1.);
#1805 = LINE('',#1806,#1807);
#1806 = CARTESIAN_POINT('',(8.,16.,14.));
#1807 = VECTOR('',#1808,1.);
#1808 = DIRECTION('',(0.,1.,0.));
#1809 = PCURVE('',#370,#1810);
#1810 = DEFINITIONAL_REPRESENTATION('',(#1811),#1815);
#1811 = LINE('',#1812,#1813);
#1812 = CARTESIAN_POINT('',(6.,0.));
#1813 = VECTOR('',#1814,1.);
#1814 = DIRECTION('',(0.,-1.));
#1815 = ( GEOMETRIC_REPRESENTATION_CONTEXT(2) 
PARAMETRIC_REPRESENTATION_CONTEXT() REPRESENTATION_CONTEXT('2D SPACE',''
  ) );
#1816 = PCURVE('',#1668,#1817);
#1817 = DEFINITIONAL_REPRESENTATION('',(#1818),#1822);
#1818 = LINE('',#1819,#1820);
#1819 = CARTESIAN_POINT('',(16.,0.));
#1820 = VECTOR('',#1821,1.);
#1821 = DIRECTION('',(0.,1.));
#1822 = ( GEOMETRIC_REPRESENTATION_CONTEXT(2) 
PARAMETRIC_REPRESENTATION_CONTEXT() REPRESENTATION_CONTEXT('2D SPACE',''
  ) );
#1823 = ORIENTED_EDGE('',*,*,#1777,.F.);
#1824 = ORIENTED_EDGE('',*,*,#354,.T.);
#1825 = ORIENTED_EDGE('',*,*,#1826,.T.);
#1826 = EDGE_CURVE('',#327,#1827,#1829,.T.);
#1827 = VERTEX_POINT('',#1828);
#1828 = CARTESIAN_POINT('',(8.,61.,8.));
#1829 = SURFACE_CURVE('',#1830,(#1834,#1841),.PCURVE_S1.);
#1830 = LINE('',#1831,#1832);
#1831 = CARTESIAN_POINT('',(8.,16.,8.));
#1832 = VECTOR('',#1833,1.);
#1833 = DIRECTION('',(0.,1.,0.));
#1834 = PCURVE('',#370,#1835);
#1835 = DEFINITIONAL_REPRESENTATION('',(#1836),#1840);
#1836 = LINE('',#1837,#1838);
#1837 = CARTESIAN_POINT('',(0.,0.));
#1838 = VECTOR('',#1839,1.);
#1839 = DIRECTION('',(0.,-1.));
#1840 = ( GEOMETRIC_REPRESENTATION_CONTEXT(2) 
PARAMETRIC_REPRESENTATION_CONTEXT() REPRESENTATION_CONTEXT('2D SPACE',''
  ) );
#1841 = PCURVE('',#1514,#1842);
#1842 = DEFINITIONAL_REPRESENTATION('',(#1843),#1847);
#1843 = LINE('',#1844,#1845);
#1844 = CARTESIAN_POINT('',(16.,0.));
#1845 = VECTOR('',#1846,1.);
#1846 = DIRECTION('',(0.,1.));
#1847 = ( GEOMETRIC_REPRESENTATION_CONTEXT(2) 
PARAMETRIC_REPRESENTATION_CONTEXT() REPRESENTATION_CONTEXT('2D SPACE',''
  ) );
#1848 = ORIENTED_EDGE('',*,*,#1849,.T.);
#1849 = EDGE_CURVE('',#1827,#1802,#1850,.T.);
#1850 = SURFACE_CURVE('',#1851,(#1855,#1861),.PCURVE_S1.);
#1851 = LINE('',#1852,#1853);
#1852 = CARTESIAN_POINT('',(8.,61.,8.));
#1853 = VECTOR('',#1854,1.);
#1854 = DIRECTION('',(0.,0.,1.));
#1855 = PCURVE('',#370,#1856);
#1856 = DEFINITIONAL_REPRESENTATION('',(#1857),#1860);
#1857 = B_SPLINE_CURVE_WITH_KNOTS('',1,(#1858,#1859),.UNSPECIFIED.,.F.,
  .F.,(2,2),(0.,6.),.PIECEWISE_BEZIER_KNOTS.);
#1858 = CARTESIAN_POINT('',(0.,-45.));
#1859 = CARTESIAN_POINT('',(6.,-45.));
#1860 = ( GEOMETRIC_REPRESENTATION_CONTEXT(2) 
PARAMETRIC_REPRESENTATION_CONTEXT() REPRESENTATION_CONTEXT('2D SPACE',''
  ) );
#1861 = PCURVE('',#1862,#1867);
#1862 = PLANE('',#1863);
#1863 = AXIS2_PLACEMENT_3D('',#1864,#1865,#1866);
#1864 = CARTESIAN_POINT('',(-28.5,61.,8.));
#1865 = DIRECTION('',(0.,1.,0.));
#1866 = DIRECTION('',(0.,0.,1.));
#1867 = DEFINITIONAL_REPRESENTATION('',(#1868),#1871);
#1868 = B_SPLINE_CURVE_WITH_KNOTS('',1,(#1869,#1870),.UNSPECIFIED.,.F.,
  .F.,(2,2),(0.,6.),.PIECEWISE_BEZIER_KNOTS.);
#1869 = CARTESIAN_POINT('',(0.,36.5));
#1870 = CARTESIAN_POINT('',(6.,36.5));
#1871 = ( GEOMETRIC_REPRESENTATION_CONTEXT(2) 
PARAMETRIC_REPRESENTATION_CONTEXT() REPRESENTATION_CONTEXT('2D SPACE',''
  ) );
#1872 = ADVANCED_FACE('',(#1873),#314,.T.);
#1873 = FACE_BOUND('',#1874,.T.);
#1874 = EDGE_LOOP('',(#1875,#1876,#1877,#1878));
#1875 = ORIENTED_EDGE('',*,*,#1322,.T.);
#1876 = ORIENTED_EDGE('',*,*,#1626,.T.);
#1877 = ORIENTED_EDGE('',*,*,#297,.F.);
#1878 = ORIENTED_EDGE('',*,*,#1879,.F.);
#1879 = EDGE_CURVE('',#1300,#270,#1880,.T.);
#1880 = SURFACE_CURVE('',#1881,(#1885,#1892),.PCURVE_S1.);
#1881 = LINE('',#1882,#1883);
#1882 = CARTESIAN_POINT('',(34.,20.,0.));
#1883 = VECTOR('',#1884,1.);
#1884 = DIRECTION('',(0.,0.,1.));
#1885 = PCURVE('',#314,#1886);
#1886 = DEFINITIONAL_REPRESENTATION('',(#1887),#1891);
#1887 = LINE('',#1888,#1889);
#1888 = CARTESIAN_POINT('',(0.,0.));
#1889 = VECTOR('',#1890,1.);
#1890 = DIRECTION('',(0.,1.));
#1891 = ( GEOMETRIC_REPRESENTATION_CONTEXT(2) 
PARAMETRIC_REPRESENTATION_CONTEXT() REPRESENTATION_CONTEXT('2D SPACE',''
  ) );
#1892 = PCURVE('',#285,#1893);
#1893 = DEFINITIONAL_REPRESENTATION('',(#1894),#1898);
#1894 = LINE('',#1895,#1896);
#1895 = CARTESIAN_POINT('',(0.,-43.));
#1896 = VECTOR('',#1897,1.);
#1897 = DIRECTION('',(1.,0.));
#1898 = ( GEOMETRIC_REPRESENTATION_CONTEXT(2) 
PARAMETRIC_REPRESENTATION_CONTEXT() REPRESENTATION_CONTEXT('2D SPACE',''
  ) );
#1899 = ADVANCED_FACE('',(#1900),#285,.T.);
#1900 = FACE_BOUND('',#1901,.T.);
#1901 = EDGE_LOOP('',(#1902,#1903,#1924,#1925));
#1902 = ORIENTED_EDGE('',*,*,#269,.F.);
#1903 = ORIENTED_EDGE('',*,*,#1904,.F.);
#1904 = EDGE_CURVE('',#1272,#237,#1905,.T.);
#1905 = SURFACE_CURVE('',#1906,(#1910,#1917),.PCURVE_S1.);
#1906 = LINE('',#1907,#1908);
#1907 = CARTESIAN_POINT('',(34.,-20.,0.));
#1908 = VECTOR('',#1909,1.);
#1909 = DIRECTION('',(0.,0.,1.));
#1910 = PCURVE('',#285,#1911);
#1911 = DEFINITIONAL_REPRESENTATION('',(#1912),#1916);
#1912 = LINE('',#1913,#1914);
#1913 = CARTESIAN_POINT('',(0.,-3.));
#1914 = VECTOR('',#1915,1.);
#1915 = DIRECTION('',(1.,0.));
#1916 = ( GEOMETRIC_REPRESENTATION_CONTEXT(2) 
PARAMETRIC_REPRESENTATION_CONTEXT() REPRESENTATION_CONTEXT('2D SPACE',''
  ) );
#1917 = PCURVE('',#257,#1918);
#1918 = DEFINITIONAL_REPRESENTATION('',(#1919),#1923);
#1919 = LINE('',#1920,#1921);
#1920 = CARTESIAN_POINT('',(-0.,0.));
#1921 = VECTOR('',#1922,1.);
#1922 = DIRECTION('',(-0.,1.));
#1923 = ( GEOMETRIC_REPRESENTATION_CONTEXT(2) 
PARAMETRIC_REPRESENTATION_CONTEXT() REPRESENTATION_CONTEXT('2D SPACE',''
  ) );
#1924 = ORIENTED_EDGE('',*,*,#1299,.T.);
#1925 = ORIENTED_EDGE('',*,*,#1879,.T.);
#1926 = ADVANCED_FACE('',(#1927),#257,.T.);
#1927 = FACE_BOUND('',#1928,.F.);
#1928 = EDGE_LOOP('',(#1929,#1930,#1951,#1952));
#1929 = ORIENTED_EDGE('',*,*,#1271,.T.);
#1930 = ORIENTED_EDGE('',*,*,#1931,.T.);
#1931 = EDGE_CURVE('',#1249,#209,#1932,.T.);
#1932 = SURFACE_CURVE('',#1933,(#1937,#1944),.PCURVE_S1.);
#1933 = LINE('',#1934,#1935);
#1934 = CARTESIAN_POINT('',(31.,-23.,0.));
#1935 = VECTOR('',#1936,1.);
#1936 = DIRECTION('',(0.,0.,1.));
#1937 = PCURVE('',#257,#1938);
#1938 = DEFINITIONAL_REPRESENTATION('',(#1939),#1943);
#1939 = LINE('',#1940,#1941);
#1940 = CARTESIAN_POINT('',(-1.570796326795,0.));
#1941 = VECTOR('',#1942,1.);
#1942 = DIRECTION('',(-0.,1.));
#1943 = ( GEOMETRIC_REPRESENTATION_CONTEXT(2) 
PARAMETRIC_REPRESENTATION_CONTEXT() REPRESENTATION_CONTEXT('2D SPACE',''
  ) );
#1944 = PCURVE('',#224,#1945);
#1945 = DEFINITIONAL_REPRESENTATION('',(#1946),#1950);
#1946 = LINE('',#1947,#1948);
#1947 = CARTESIAN_POINT('',(0.,65.));
#1948 = VECTOR('',#1949,1.);
#1949 = DIRECTION('',(1.,0.));
#1950 = ( GEOMETRIC_REPRESENTATION_CONTEXT(2) 
PARAMETRIC_REPRESENTATION_CONTEXT() REPRESENTATION_CONTEXT('2D SPACE',''
  ) );
#1951 = ORIENTED_EDGE('',*,*,#236,.F.);
#1952 = ORIENTED_EDGE('',*,*,#1904,.F.);
#1953 = ADVANCED_FACE('',(#1954),#224,.F.);
#1954 = FACE_BOUND('',#1955,.F.);
#1955 = EDGE_LOOP('',(#1956,#1957,#1958,#1959));
#1956 = ORIENTED_EDGE('',*,*,#1248,.F.);
#1957 = ORIENTED_EDGE('',*,*,#1166,.T.);
#1958 = ORIENTED_EDGE('',*,*,#208,.T.);
#1959 = ORIENTED_EDGE('',*,*,#1931,.F.);
#1960 = ADVANCED_FACE('',(#1961),#506,.T.);
#1961 = FACE_BOUND('',#1962,.T.);
#1962 = EDGE_LOOP('',(#1963,#1986,#2014,#2035));
#1963 = ORIENTED_EDGE('',*,*,#1964,.F.);
#1964 = EDGE_CURVE('',#1965,#492,#1967,.T.);
#1965 = VERTEX_POINT('',#1966);
#1966 = CARTESIAN_POINT('',(-26.,-18.,16.));
#1967 = SURFACE_CURVE('',#1968,(#1972,#1979),.PCURVE_S1.);
#1968 = LINE('',#1969,#1970);
#1969 = CARTESIAN_POINT('',(-26.,-18.,16.));
#1970 = VECTOR('',#1971,1.);
#1971 = DIRECTION('',(0.,0.,-1.));
#1972 = PCURVE('',#506,#1973);
#1973 = DEFINITIONAL_REPRESENTATION('',(#1974),#1978);
#1974 = LINE('',#1975,#1976);
#1975 = CARTESIAN_POINT('',(0.,0.));
#1976 = VECTOR('',#1977,1.);
#1977 = DIRECTION('',(1.,0.));
#1978 = ( GEOMETRIC_REPRESENTATION_CONTEXT(2) 
PARAMETRIC_REPRESENTATION_CONTEXT() REPRESENTATION_CONTEXT('2D SPACE',''
  ) );
#1979 = PCURVE('',#582,#1980);
#1980 = DEFINITIONAL_REPRESENTATION('',(#1981),#1985);
#1981 = LINE('',#1982,#1983);
#1982 = CARTESIAN_POINT('',(-2.72215329431,-8.47215329431));
#1983 = VECTOR('',#1984,1.);
#1984 = DIRECTION('',(1.,0.));
#1985 = ( GEOMETRIC_REPRESENTATION_CONTEXT(2) 
PARAMETRIC_REPRESENTATION_CONTEXT() REPRESENTATION_CONTEXT('2D SPACE',''
  ) );
#1986 = ORIENTED_EDGE('',*,*,#1987,.T.);
#1987 = EDGE_CURVE('',#1965,#1988,#1990,.T.);
#1988 = VERTEX_POINT('',#1989);
#1989 = CARTESIAN_POINT('',(-20.,-18.,16.));
#1990 = SURFACE_CURVE('',#1991,(#1995,#2002),.PCURVE_S1.);
#1991 = LINE('',#1992,#1993);
#1992 = CARTESIAN_POINT('',(-26.,-18.,16.));
#1993 = VECTOR('',#1994,1.);
#1994 = DIRECTION('',(1.,0.,0.));
#1995 = PCURVE('',#506,#1996);
#1996 = DEFINITIONAL_REPRESENTATION('',(#1997),#2001);
#1997 = LINE('',#1998,#1999);
#1998 = CARTESIAN_POINT('',(0.,0.));
#1999 = VECTOR('',#2000,1.);
#2000 = DIRECTION('',(0.,-1.));
#2001 = ( GEOMETRIC_REPRESENTATION_CONTEXT(2) 
PARAMETRIC_REPRESENTATION_CONTEXT() REPRESENTATION_CONTEXT('2D SPACE',''
  ) );
#2002 = PCURVE('',#2003,#2008);
#2003 = PLANE('',#2004);
#2004 = AXIS2_PLACEMENT_3D('',#2005,#2006,#2007);
#2005 = CARTESIAN_POINT('',(-27.5,-38.5,16.));
#2006 = DIRECTION('',(0.,0.,1.));
#2007 = DIRECTION('',(1.,0.,0.));
#2008 = DEFINITIONAL_REPRESENTATION('',(#2009),#2013);
#2009 = LINE('',#2010,#2011);
#2010 = CARTESIAN_POINT('',(1.5,20.5));
#2011 = VECTOR('',#2012,1.);
#2012 = DIRECTION('',(1.,0.));
#2013 = ( GEOMETRIC_REPRESENTATION_CONTEXT(2) 
PARAMETRIC_REPRESENTATION_CONTEXT() REPRESENTATION_CONTEXT('2D SPACE',''
  ) );
#2014 = ORIENTED_EDGE('',*,*,#2015,.T.);
#2015 = EDGE_CURVE('',#1988,#490,#2016,.T.);
#2016 = SURFACE_CURVE('',#2017,(#2021,#2028),.PCURVE_S1.);
#2017 = LINE('',#2018,#2019);
#2018 = CARTESIAN_POINT('',(-20.,-18.,16.));
#2019 = VECTOR('',#2020,1.);
#2020 = DIRECTION('',(0.,0.,-1.));
#2021 = PCURVE('',#506,#2022);
#2022 = DEFINITIONAL_REPRESENTATION('',(#2023),#2027);
#2023 = LINE('',#2024,#2025);
#2024 = CARTESIAN_POINT('',(0.,-6.));
#2025 = VECTOR('',#2026,1.);
#2026 = DIRECTION('',(1.,0.));
#2027 = ( GEOMETRIC_REPRESENTATION_CONTEXT(2) 
PARAMETRIC_REPRESENTATION_CONTEXT() REPRESENTATION_CONTEXT('2D SPACE',''
  ) );
#2028 = PCURVE('',#532,#2029);
#2029 = DEFINITIONAL_REPRESENTATION('',(#2030),#2034);
#2030 = LINE('',#2031,#2032);
#2031 = CARTESIAN_POINT('',(-2.72215329431,-8.47215329431));
#2032 = VECTOR('',#2033,1.);
#2033 = DIRECTION('',(1.,0.));
#2034 = ( GEOMETRIC_REPRESENTATION_CONTEXT(2) 
PARAMETRIC_REPRESENTATION_CONTEXT() REPRESENTATION_CONTEXT('2D SPACE',''
  ) );
#2035 = ORIENTED_EDGE('',*,*,#489,.T.);
#2036 = ADVANCED_FACE('',(#2037),#532,.F.);
#2037 = FACE_BOUND('',#2038,.F.);
#2038 = EDGE_LOOP('',(#2039,#2040,#2063,#2084));
#2039 = ORIENTED_EDGE('',*,*,#517,.T.);
#2040 = ORIENTED_EDGE('',*,*,#2041,.T.);
#2041 = EDGE_CURVE('',#518,#2042,#2044,.T.);
#2042 = VERTEX_POINT('',#2043);
#2043 = CARTESIAN_POINT('',(-20.,-38.5,16.));
#2044 = SURFACE_CURVE('',#2045,(#2049,#2056),.PCURVE_S1.);
#2045 = LINE('',#2046,#2047);
#2046 = CARTESIAN_POINT('',(-20.,-18.,7.));
#2047 = VECTOR('',#2048,1.);
#2048 = DIRECTION('',(0.,-0.915644030191,0.401990062035));
#2049 = PCURVE('',#532,#2050);
#2050 = DEFINITIONAL_REPRESENTATION('',(#2051),#2055);
#2051 = LINE('',#2052,#2053);
#2052 = CARTESIAN_POINT('',(6.27784670569,-8.47215329431));
#2053 = VECTOR('',#2054,1.);
#2054 = DIRECTION('',(-0.401990062035,0.915644030191));
#2055 = ( GEOMETRIC_REPRESENTATION_CONTEXT(2) 
PARAMETRIC_REPRESENTATION_CONTEXT() REPRESENTATION_CONTEXT('2D SPACE',''
  ) );
#2056 = PCURVE('',#558,#2057);
#2057 = DEFINITIONAL_REPRESENTATION('',(#2058),#2062);
#2058 = LINE('',#2059,#2060);
#2059 = CARTESIAN_POINT('',(0.,-6.));
#2060 = VECTOR('',#2061,1.);
#2061 = DIRECTION('',(1.,0.));
#2062 = ( GEOMETRIC_REPRESENTATION_CONTEXT(2) 
PARAMETRIC_REPRESENTATION_CONTEXT() REPRESENTATION_CONTEXT('2D SPACE',''
  ) );
#2063 = ORIENTED_EDGE('',*,*,#2064,.T.);
#2064 = EDGE_CURVE('',#2042,#1988,#2065,.T.);
#2065 = SURFACE_CURVE('',#2066,(#2070,#2077),.PCURVE_S1.);
#2066 = LINE('',#2067,#2068);
#2067 = CARTESIAN_POINT('',(-20.,-38.5,16.));
#2068 = VECTOR('',#2069,1.);
#2069 = DIRECTION('',(0.,1.,0.));
#2070 = PCURVE('',#532,#2071);
#2071 = DEFINITIONAL_REPRESENTATION('',(#2072),#2076);
#2072 = LINE('',#2073,#2074);
#2073 = CARTESIAN_POINT('',(-2.72215329431,12.02784670569));
#2074 = VECTOR('',#2075,1.);
#2075 = DIRECTION('',(0.,-1.));
#2076 = ( GEOMETRIC_REPRESENTATION_CONTEXT(2) 
PARAMETRIC_REPRESENTATION_CONTEXT() REPRESENTATION_CONTEXT('2D SPACE',''
  ) );
#2077 = PCURVE('',#2003,#2078);
#2078 = DEFINITIONAL_REPRESENTATION('',(#2079),#2083);
#2079 = LINE('',#2080,#2081);
#2080 = CARTESIAN_POINT('',(7.5,0.));
#2081 = VECTOR('',#2082,1.);
#2082 = DIRECTION('',(0.,1.));
#2083 = ( GEOMETRIC_REPRESENTATION_CONTEXT(2) 
PARAMETRIC_REPRESENTATION_CONTEXT() REPRESENTATION_CONTEXT('2D SPACE',''
  ) );
#2084 = ORIENTED_EDGE('',*,*,#2015,.T.);
#2085 = ADVANCED_FACE('',(#2086),#582,.T.);
#2086 = FACE_BOUND('',#2087,.T.);
#2087 = EDGE_LOOP('',(#2088,#2089,#2112,#2133));
#2088 = ORIENTED_EDGE('',*,*,#569,.T.);
#2089 = ORIENTED_EDGE('',*,*,#2090,.T.);
#2090 = EDGE_CURVE('',#544,#2091,#2093,.T.);
#2091 = VERTEX_POINT('',#2092);
#2092 = CARTESIAN_POINT('',(-26.,-38.5,16.));
#2093 = SURFACE_CURVE('',#2094,(#2098,#2105),.PCURVE_S1.);
#2094 = LINE('',#2095,#2096);
#2095 = CARTESIAN_POINT('',(-26.,-18.,7.));
#2096 = VECTOR('',#2097,1.);
#2097 = DIRECTION('',(0.,-0.915644030191,0.401990062035));
#2098 = PCURVE('',#582,#2099);
#2099 = DEFINITIONAL_REPRESENTATION('',(#2100),#2104);
#2100 = LINE('',#2101,#2102);
#2101 = CARTESIAN_POINT('',(6.27784670569,-8.47215329431));
#2102 = VECTOR('',#2103,1.);
#2103 = DIRECTION('',(-0.401990062035,0.915644030191));
#2104 = ( GEOMETRIC_REPRESENTATION_CONTEXT(2) 
PARAMETRIC_REPRESENTATION_CONTEXT() REPRESENTATION_CONTEXT('2D SPACE',''
  ) );
#2105 = PCURVE('',#558,#2106);
#2106 = DEFINITIONAL_REPRESENTATION('',(#2107),#2111);
#2107 = LINE('',#2108,#2109);
#2108 = CARTESIAN_POINT('',(0.,0.));
#2109 = VECTOR('',#2110,1.);
#2110 = DIRECTION('',(1.,0.));
#2111 = ( GEOMETRIC_REPRESENTATION_CONTEXT(2) 
PARAMETRIC_REPRESENTATION_CONTEXT() REPRESENTATION_CONTEXT('2D SPACE',''
  ) );
#2112 = ORIENTED_EDGE('',*,*,#2113,.T.);
#2113 = EDGE_CURVE('',#2091,#1965,#2114,.T.);
#2114 = SURFACE_CURVE('',#2115,(#2119,#2126),.PCURVE_S1.);
#2115 = LINE('',#2116,#2117);
#2116 = CARTESIAN_POINT('',(-26.,-38.5,16.));
#2117 = VECTOR('',#2118,1.);
#2118 = DIRECTION('',(0.,1.,0.));
#2119 = PCURVE('',#582,#2120);
#2120 = DEFINITIONAL_REPRESENTATION('',(#2121),#2125);
#2121 = LINE('',#2122,#2123);
#2122 = CARTESIAN_POINT('',(-2.72215329431,12.02784670569));
#2123 = VECTOR('',#2124,1.);
#2124 = DIRECTION('',(0.,-1.));
#2125 = ( GEOMETRIC_REPRESENTATION_CONTEXT(2) 
PARAMETRIC_REPRESENTATION_CONTEXT() REPRESENTATION_CONTEXT('2D SPACE',''
  ) );
#2126 = PCURVE('',#2003,#2127);
#2127 = DEFINITIONAL_REPRESENTATION('',(#2128),#2132);
#2128 = LINE('',#2129,#2130);
#2129 = CARTESIAN_POINT('',(1.5,0.));
#2130 = VECTOR('',#2131,1.);
#2131 = DIRECTION('',(0.,1.));
#2132 = ( GEOMETRIC_REPRESENTATION_CONTEXT(2) 
PARAMETRIC_REPRESENTATION_CONTEXT() REPRESENTATION_CONTEXT('2D SPACE',''
  ) );
#2133 = ORIENTED_EDGE('',*,*,#1964,.T.);
#2134 = ADVANCED_FACE('',(#2135),#558,.T.);
#2135 = FACE_BOUND('',#2136,.T.);
#2136 = EDGE_LOOP('',(#2137,#2138,#2139,#2140));
#2137 = ORIENTED_EDGE('',*,*,#2090,.F.);
#2138 = ORIENTED_EDGE('',*,*,#543,.T.);
#2139 = ORIENTED_EDGE('',*,*,#2041,.T.);
#2140 = ORIENTED_EDGE('',*,*,#2141,.F.);
#2141 = EDGE_CURVE('',#2091,#2042,#2142,.T.);
#2142 = SURFACE_CURVE('',#2143,(#2147,#2154),.PCURVE_S1.);
#2143 = LINE('',#2144,#2145);
#2144 = CARTESIAN_POINT('',(-26.,-38.5,16.));
#2145 = VECTOR('',#2146,1.);
#2146 = DIRECTION('',(1.,0.,0.));
#2147 = PCURVE('',#558,#2148);
#2148 = DEFINITIONAL_REPRESENTATION('',(#2149),#2153);
#2149 = LINE('',#2150,#2151);
#2150 = CARTESIAN_POINT('',(22.388613177238,0.));
#2151 = VECTOR('',#2152,1.);
#2152 = DIRECTION('',(0.,-1.));
#2153 = ( GEOMETRIC_REPRESENTATION_CONTEXT(2) 
PARAMETRIC_REPRESENTATION_CONTEXT() REPRESENTATION_CONTEXT('2D SPACE',''
  ) );
#2154 = PCURVE('',#2155,#2160);
#2155 = PLANE('',#2156);
#2156 = AXIS2_PLACEMENT_3D('',#2157,#2158,#2159);
#2157 = CARTESIAN_POINT('',(-27.5,-38.5,16.));
#2158 = DIRECTION('',(0.,1.,0.));
#2159 = DIRECTION('',(0.,0.,1.));
#2160 = DEFINITIONAL_REPRESENTATION('',(#2161),#2165);
#2161 = LINE('',#2162,#2163);
#2162 = CARTESIAN_POINT('',(0.,1.5));
#2163 = VECTOR('',#2164,1.);
#2164 = DIRECTION('',(0.,1.));
#2165 = ( GEOMETRIC_REPRESENTATION_CONTEXT(2) 
PARAMETRIC_REPRESENTATION_CONTEXT() REPRESENTATION_CONTEXT('2D SPACE',''
  ) );
#2166 = ADVANCED_FACE('',(#2167),#613,.F.);
#2167 = FACE_BOUND('',#2168,.F.);
#2168 = EDGE_LOOP('',(#2169,#2170,#2193,#2221,#2249,#2277,#2503,#2531,
    #2554,#2577));
#2169 = ORIENTED_EDGE('',*,*,#595,.F.);
#2170 = ORIENTED_EDGE('',*,*,#2171,.T.);
#2171 = EDGE_CURVE('',#596,#2172,#2174,.T.);
#2172 = VERTEX_POINT('',#2173);
#2173 = CARTESIAN_POINT('',(-27.5,17.286842105263,16.));
#2174 = SURFACE_CURVE('',#2175,(#2179,#2186),.PCURVE_S1.);
#2175 = LINE('',#2176,#2177);
#2176 = CARTESIAN_POINT('',(-27.5,17.286842105263,8.));
#2177 = VECTOR('',#2178,1.);
#2178 = DIRECTION('',(0.,0.,1.));
#2179 = PCURVE('',#613,#2180);
#2180 = DEFINITIONAL_REPRESENTATION('',(#2181),#2185);
#2181 = LINE('',#2182,#2183);
#2182 = CARTESIAN_POINT('',(-18.1223578231,-17.28684210526));
#2183 = VECTOR('',#2184,1.);
#2184 = DIRECTION('',(1.,0.));
#2185 = ( GEOMETRIC_REPRESENTATION_CONTEXT(2) 
PARAMETRIC_REPRESENTATION_CONTEXT() REPRESENTATION_CONTEXT('2D SPACE',''
  ) );
#2186 = PCURVE('',#641,#2187);
#2187 = DEFINITIONAL_REPRESENTATION('',(#2188),#2192);
#2188 = LINE('',#2189,#2190);
#2189 = CARTESIAN_POINT('',(0.,0.));
#2190 = VECTOR('',#2191,1.);
#2191 = DIRECTION('',(1.,0.));
#2192 = ( GEOMETRIC_REPRESENTATION_CONTEXT(2) 
PARAMETRIC_REPRESENTATION_CONTEXT() REPRESENTATION_CONTEXT('2D SPACE',''
  ) );
#2193 = ORIENTED_EDGE('',*,*,#2194,.T.);
#2194 = EDGE_CURVE('',#2172,#2195,#2197,.T.);
#2195 = VERTEX_POINT('',#2196);
#2196 = CARTESIAN_POINT('',(-27.5,38.5,16.));
#2197 = SURFACE_CURVE('',#2198,(#2202,#2209),.PCURVE_S1.);
#2198 = LINE('',#2199,#2200);
#2199 = CARTESIAN_POINT('',(-27.5,15.,16.));
#2200 = VECTOR('',#2201,1.);
#2201 = DIRECTION('',(0.,1.,0.));
#2202 = PCURVE('',#613,#2203);
#2203 = DEFINITIONAL_REPRESENTATION('',(#2204),#2208);
#2204 = LINE('',#2205,#2206);
#2205 = CARTESIAN_POINT('',(-10.1223578231,-15.));
#2206 = VECTOR('',#2207,1.);
#2207 = DIRECTION('',(0.,-1.));
#2208 = ( GEOMETRIC_REPRESENTATION_CONTEXT(2) 
PARAMETRIC_REPRESENTATION_CONTEXT() REPRESENTATION_CONTEXT('2D SPACE',''
  ) );
#2209 = PCURVE('',#2210,#2215);
#2210 = PLANE('',#2211);
#2211 = AXIS2_PLACEMENT_3D('',#2212,#2213,#2214);
#2212 = CARTESIAN_POINT('',(-27.5,15.,16.));
#2213 = DIRECTION('',(0.,0.,1.));
#2214 = DIRECTION('',(1.,0.,0.));
#2215 = DEFINITIONAL_REPRESENTATION('',(#2216),#2220);
#2216 = LINE('',#2217,#2218);
#2217 = CARTESIAN_POINT('',(0.,0.));
#2218 = VECTOR('',#2219,1.);
#2219 = DIRECTION('',(0.,1.));
#2220 = ( GEOMETRIC_REPRESENTATION_CONTEXT(2) 
PARAMETRIC_REPRESENTATION_CONTEXT() REPRESENTATION_CONTEXT('2D SPACE',''
  ) );
#2221 = ORIENTED_EDGE('',*,*,#2222,.T.);
#2222 = EDGE_CURVE('',#2195,#2223,#2225,.T.);
#2223 = VERTEX_POINT('',#2224);
#2224 = CARTESIAN_POINT('',(-27.5,38.5,26.));
#2225 = SURFACE_CURVE('',#2226,(#2230,#2237),.PCURVE_S1.);
#2226 = LINE('',#2227,#2228);
#2227 = CARTESIAN_POINT('',(-27.5,38.5,16.));
#2228 = VECTOR('',#2229,1.);
#2229 = DIRECTION('',(0.,0.,1.));
#2230 = PCURVE('',#613,#2231);
#2231 = DEFINITIONAL_REPRESENTATION('',(#2232),#2236);
#2232 = LINE('',#2233,#2234);
#2233 = CARTESIAN_POINT('',(-10.1223578231,-38.5));
#2234 = VECTOR('',#2235,1.);
#2235 = DIRECTION('',(1.,0.));
#2236 = ( GEOMETRIC_REPRESENTATION_CONTEXT(2) 
PARAMETRIC_REPRESENTATION_CONTEXT() REPRESENTATION_CONTEXT('2D SPACE',''
  ) );
#2237 = PCURVE('',#2238,#2243);
#2238 = PLANE('',#2239);
#2239 = AXIS2_PLACEMENT_3D('',#2240,#2241,#2242);
#2240 = CARTESIAN_POINT('',(-27.5,38.5,16.));
#2241 = DIRECTION('',(0.,1.,0.));
#2242 = DIRECTION('',(0.,0.,1.));
#2243 = DEFINITIONAL_REPRESENTATION('',(#2244),#2248);
#2244 = LINE('',#2245,#2246);
#2245 = CARTESIAN_POINT('',(0.,0.));
#2246 = VECTOR('',#2247,1.);
#2247 = DIRECTION('',(1.,0.));
#2248 = ( GEOMETRIC_REPRESENTATION_CONTEXT(2) 
PARAMETRIC_REPRESENTATION_CONTEXT() REPRESENTATION_CONTEXT('2D SPACE',''
  ) );
#2249 = ORIENTED_EDGE('',*,*,#2250,.F.);
#2250 = EDGE_CURVE('',#2251,#2223,#2253,.T.);
#2251 = VERTEX_POINT('',#2252);
#2252 = CARTESIAN_POINT('',(-27.5,13.286842105263,26.));
#2253 = SURFACE_CURVE('',#2254,(#2258,#2265),.PCURVE_S1.);
#2254 = LINE('',#2255,#2256);
#2255 = CARTESIAN_POINT('',(-27.5,-38.5,26.));
#2256 = VECTOR('',#2257,1.);
#2257 = DIRECTION('',(0.,1.,0.));
#2258 = PCURVE('',#613,#2259);
#2259 = DEFINITIONAL_REPRESENTATION('',(#2260),#2264);
#2260 = LINE('',#2261,#2262);
#2261 = CARTESIAN_POINT('',(-0.122357823109,38.5));
#2262 = VECTOR('',#2263,1.);
#2263 = DIRECTION('',(0.,-1.));
#2264 = ( GEOMETRIC_REPRESENTATION_CONTEXT(2) 
PARAMETRIC_REPRESENTATION_CONTEXT() REPRESENTATION_CONTEXT('2D SPACE',''
  ) );
#2265 = PCURVE('',#2266,#2271);
#2266 = PLANE('',#2267);
#2267 = AXIS2_PLACEMENT_3D('',#2268,#2269,#2270);
#2268 = CARTESIAN_POINT('',(-50.,-50.,26.));
#2269 = DIRECTION('',(0.,0.,1.));
#2270 = DIRECTION('',(1.,0.,0.));
#2271 = DEFINITIONAL_REPRESENTATION('',(#2272),#2276);
#2272 = LINE('',#2273,#2274);
#2273 = CARTESIAN_POINT('',(22.5,11.5));
#2274 = VECTOR('',#2275,1.);
#2275 = DIRECTION('',(0.,1.));
#2276 = ( GEOMETRIC_REPRESENTATION_CONTEXT(2) 
PARAMETRIC_REPRESENTATION_CONTEXT() REPRESENTATION_CONTEXT('2D SPACE',''
  ) );
#2277 = ORIENTED_EDGE('',*,*,#2278,.T.);
#2278 = EDGE_CURVE('',#2251,#2279,#2281,.T.);
#2279 = VERTEX_POINT('',#2280);
#2280 = CARTESIAN_POINT('',(-27.5,-13.28684210526,26.));
#2281 = SURFACE_CURVE('',#2282,(#2351,#2423),.PCURVE_S1.);
#2282 = B_SPLINE_CURVE_WITH_KNOTS('',7,(#2283,#2284,#2285,#2286,#2287,
    #2288,#2289,#2290,#2291,#2292,#2293,#2294,#2295,#2296,#2297,#2298,
    #2299,#2300,#2301,#2302,#2303,#2304,#2305,#2306,#2307,#2308,#2309,
    #2310,#2311,#2312,#2313,#2314,#2315,#2316,#2317,#2318,#2319,#2320,
    #2321,#2322,#2323,#2324,#2325,#2326,#2327,#2328,#2329,#2330,#2331,
    #2332,#2333,#2334,#2335,#2336,#2337,#2338,#2339,#2340,#2341,#2342,
    #2343,#2344,#2345,#2346,#2347,#2348,#2349,#2350),.UNSPECIFIED.,.F.,
  .F.,(8,6,6,6,6,6,6,6,6,6,6,8),(0.,0.182889287709,0.269436666844,
    0.350512172632,0.39739152907,0.428463518508,0.49999957488,
    0.602605754609,0.649485431486,0.730561491455,0.817109462174,1.),
  .UNSPECIFIED.);
#2283 = CARTESIAN_POINT('',(-27.5,13.286842105263,26.));
#2284 = CARTESIAN_POINT('',(-27.5,13.286842105263,24.870049421336));
#2285 = CARTESIAN_POINT('',(-27.5,13.189158726173,23.740147668863));
#2286 = CARTESIAN_POINT('',(-27.5,12.993807074777,22.620287350862));
#2287 = CARTESIAN_POINT('',(-27.5,12.701461799569,21.520702938296));
#2288 = CARTESIAN_POINT('',(-27.5,12.313663487912,20.451819492492));
#2289 = CARTESIAN_POINT('',(-27.5,11.832915763065,19.424226035376));
#2290 = CARTESIAN_POINT('',(-27.5,10.99324820503,17.986899909904));
#2291 = CARTESIAN_POINT('',(-27.5,10.703573641723,17.536872631879));
#2292 = CARTESIAN_POINT('',(-27.5,10.394354834319,17.099660784896));
#2293 = CARTESIAN_POINT('',(-27.5,10.06607797542,16.676423023039));
#2294 = CARTESIAN_POINT('',(-27.5,9.719310340565,16.268317578454));
#2295 = CARTESIAN_POINT('',(-27.5,9.354710809927,15.876493688284));
#2296 = CARTESIAN_POINT('',(-27.5,8.615500708876,15.151344102917));
#2297 = CARTESIAN_POINT('',(-27.5,8.242975902108,14.815881206886));
#2298 = CARTESIAN_POINT('',(-27.5,7.856098451812,14.496631498699));
#2299 = CARTESIAN_POINT('',(-27.5,7.455574052425,14.19450581868));
#2300 = CARTESIAN_POINT('',(-27.5,7.042185992109,13.91038280886));
#2301 = CARTESIAN_POINT('',(-27.5,6.616802767174,13.645098470133));
#2302 = CARTESIAN_POINT('',(-27.5,5.928046379786,13.257381763408));
#2303 = CARTESIAN_POINT('',(-27.5,5.672014156959,13.121890100983));
#2304 = CARTESIAN_POINT('',(-27.5,5.412478194509,12.99310641578));
#2305 = CARTESIAN_POINT('',(-27.5,5.149632627263,12.871173321102));
#2306 = CARTESIAN_POINT('',(-27.5,4.883680123344,12.756225033847));
#2307 = CARTESIAN_POINT('',(-27.5,4.614832216115,12.648386617856));
#2308 = CARTESIAN_POINT('',(-27.5,4.163342431407,12.481085916499));
#2309 = CARTESIAN_POINT('',(-27.5,3.982199856662,12.417572475518));
#2310 = CARTESIAN_POINT('',(-27.5,3.799946035504,12.357266479848));
#2311 = CARTESIAN_POINT('',(-27.5,3.61664643943,12.300199289911));
#2312 = CARTESIAN_POINT('',(-27.5,3.432367887823,12.246400051004));
#2313 = CARTESIAN_POINT('',(-27.5,3.247178547954,12.195895693297));
#2314 = CARTESIAN_POINT('',(-27.5,2.632855551448,12.040078951172));
#2315 = CARTESIAN_POINT('',(-27.5,2.200095084741,11.949040109025));
#2316 = CARTESIAN_POINT('',(-27.5,1.763727188217,11.875897846315));
#2317 = CARTESIAN_POINT('',(-27.5,1.324629842799,11.820883591873));
#2318 = CARTESIAN_POINT('',(-27.5,0.883698317171,11.784154214275));
#2319 = CARTESIAN_POINT('',(-27.5,0.441845127973,11.765789473684));
#2320 = CARTESIAN_POINT('',(-27.5,-0.633750907049,11.765789473684));
#2321 = CARTESIAN_POINT('',(-27.5,-1.267547631199,11.803570597957));
#2322 = CARTESIAN_POINT('',(-27.5,-1.898603480472,11.879142132171));
#2323 = CARTESIAN_POINT('',(-27.5,-2.524238978626,11.992150389131));
#2324 = CARTESIAN_POINT('',(-27.5,-3.141873727688,12.141936995085));
#2325 = CARTESIAN_POINT('',(-27.5,-3.749024510908,12.327559345064));
#2326 = CARTESIAN_POINT('',(-27.5,-4.614832216111,12.648386617855));
#2327 = CARTESIAN_POINT('',(-27.5,-4.88368012334,12.756225033846));
#2328 = CARTESIAN_POINT('',(-27.5,-5.14963262726,12.8711733211));
#2329 = CARTESIAN_POINT('',(-27.5,-5.412478194506,12.993106415778));
#2330 = CARTESIAN_POINT('',(-27.5,-5.672014156956,13.121890100981));
#2331 = CARTESIAN_POINT('',(-27.5,-5.928046379783,13.257381763406));
#2332 = CARTESIAN_POINT('',(-27.5,-6.616802767172,13.645098470132));
#2333 = CARTESIAN_POINT('',(-27.5,-7.042185992105,13.910382808857));
#2334 = CARTESIAN_POINT('',(-27.5,-7.455574052423,14.194505818678));
#2335 = CARTESIAN_POINT('',(-27.5,-7.85609845181,14.496631498697));
#2336 = CARTESIAN_POINT('',(-27.5,-8.242975902104,14.815881206883));
#2337 = CARTESIAN_POINT('',(-27.5,-8.615500708873,15.151344102915));
#2338 = CARTESIAN_POINT('',(-27.5,-9.354710809924,15.876493688281));
#2339 = CARTESIAN_POINT('',(-27.5,-9.719310340562,16.268317578452));
#2340 = CARTESIAN_POINT('',(-27.5,-10.06607797541,16.676423023037));
#2341 = CARTESIAN_POINT('',(-27.5,-10.39435483431,17.099660784893));
#2342 = CARTESIAN_POINT('',(-27.5,-10.70357364172,17.536872631876));
#2343 = CARTESIAN_POINT('',(-27.5,-10.99324820502,17.986899909901));
#2344 = CARTESIAN_POINT('',(-27.5,-11.83291576306,19.424226035373));
#2345 = CARTESIAN_POINT('',(-27.5,-12.31366348791,20.451819492488));
#2346 = CARTESIAN_POINT('',(-27.5,-12.70146179956,21.520702938302));
#2347 = CARTESIAN_POINT('',(-27.5,-12.99380707477,22.62028735085));
#2348 = CARTESIAN_POINT('',(-27.5,-13.18915872617,23.740147668869));
#2349 = CARTESIAN_POINT('',(-27.5,-13.28684210526,24.870049421334));
#2350 = CARTESIAN_POINT('',(-27.5,-13.28684210526,26.));
#2351 = PCURVE('',#613,#2352);
#2352 = DEFINITIONAL_REPRESENTATION('',(#2353),#2422);
#2353 = B_SPLINE_CURVE_WITH_KNOTS('',7,(#2354,#2355,#2356,#2357,#2358,
    #2359,#2360,#2361,#2362,#2363,#2364,#2365,#2366,#2367,#2368,#2369,
    #2370,#2371,#2372,#2373,#2374,#2375,#2376,#2377,#2378,#2379,#2380,
    #2381,#2382,#2383,#2384,#2385,#2386,#2387,#2388,#2389,#2390,#2391,
    #2392,#2393,#2394,#2395,#2396,#2397,#2398,#2399,#2400,#2401,#2402,
    #2403,#2404,#2405,#2406,#2407,#2408,#2409,#2410,#2411,#2412,#2413,
    #2414,#2415,#2416,#2417,#2418,#2419,#2420,#2421),.UNSPECIFIED.,.F.,
  .F.,(8,6,6,6,6,6,6,6,6,6,6,8),(0.,0.182889287709,0.269436666844,
    0.350512172632,0.39739152907,0.428463518508,0.49999957488,
    0.602605754609,0.649485431486,0.730561491455,0.817109462174,1.),
  .UNSPECIFIED.);
#2354 = CARTESIAN_POINT('',(-0.122357823109,-13.28684210526));
#2355 = CARTESIAN_POINT('',(-1.252308401773,-13.28684210526));
#2356 = CARTESIAN_POINT('',(-2.382210154246,-13.18915872617));
#2357 = CARTESIAN_POINT('',(-3.502070472247,-12.99380707477));
#2358 = CARTESIAN_POINT('',(-4.601654884813,-12.70146179956));
#2359 = CARTESIAN_POINT('',(-5.670538330617,-12.31366348791));
#2360 = CARTESIAN_POINT('',(-6.698131787733,-11.83291576306));
#2361 = CARTESIAN_POINT('',(-8.135457913205,-10.99324820503));
#2362 = CARTESIAN_POINT('',(-8.58548519123,-10.70357364172));
#2363 = CARTESIAN_POINT('',(-9.022697038213,-10.39435483431));
#2364 = CARTESIAN_POINT('',(-9.44593480007,-10.06607797542));
#2365 = CARTESIAN_POINT('',(-9.854040244655,-9.719310340565));
#2366 = CARTESIAN_POINT('',(-10.24586413482,-9.354710809927));
#2367 = CARTESIAN_POINT('',(-10.97101372019,-8.615500708876));
#2368 = CARTESIAN_POINT('',(-11.30647661622,-8.242975902108));
#2369 = CARTESIAN_POINT('',(-11.62572632441,-7.856098451812));
#2370 = CARTESIAN_POINT('',(-11.92785200442,-7.455574052425));
#2371 = CARTESIAN_POINT('',(-12.21197501424,-7.042185992109));
#2372 = CARTESIAN_POINT('',(-12.47725935297,-6.616802767174));
#2373 = CARTESIAN_POINT('',(-12.8649760597,-5.928046379786));
#2374 = CARTESIAN_POINT('',(-13.00046772212,-5.672014156959));
#2375 = CARTESIAN_POINT('',(-13.12925140732,-5.412478194509));
#2376 = CARTESIAN_POINT('',(-13.251184502,-5.149632627263));
#2377 = CARTESIAN_POINT('',(-13.36613278926,-4.883680123344));
#2378 = CARTESIAN_POINT('',(-13.47397120525,-4.614832216115));
#2379 = CARTESIAN_POINT('',(-13.64127190661,-4.163342431407));
#2380 = CARTESIAN_POINT('',(-13.70478534759,-3.982199856662));
#2381 = CARTESIAN_POINT('',(-13.76509134326,-3.799946035504));
#2382 = CARTESIAN_POINT('',(-13.82215853319,-3.61664643943));
#2383 = CARTESIAN_POINT('',(-13.8759577721,-3.432367887823));
#2384 = CARTESIAN_POINT('',(-13.92646212981,-3.247178547954));
#2385 = CARTESIAN_POINT('',(-14.08227887193,-2.632855551448));
#2386 = CARTESIAN_POINT('',(-14.17331771408,-2.200095084741));
#2387 = CARTESIAN_POINT('',(-14.24645997679,-1.763727188217));
#2388 = CARTESIAN_POINT('',(-14.30147423123,-1.324629842799));
#2389 = CARTESIAN_POINT('',(-14.33820360883,-0.883698317171));
#2390 = CARTESIAN_POINT('',(-14.35656834942,-0.441845127973));
#2391 = CARTESIAN_POINT('',(-14.35656834942,0.633750907049));
#2392 = CARTESIAN_POINT('',(-14.31878722515,1.267547631199));
#2393 = CARTESIAN_POINT('',(-14.24321569093,1.898603480472));
#2394 = CARTESIAN_POINT('',(-14.13020743397,2.524238978626));
#2395 = CARTESIAN_POINT('',(-13.98042082802,3.141873727688));
#2396 = CARTESIAN_POINT('',(-13.79479847804,3.749024510908));
#2397 = CARTESIAN_POINT('',(-13.47397120525,4.614832216111));
#2398 = CARTESIAN_POINT('',(-13.36613278926,4.88368012334));
#2399 = CARTESIAN_POINT('',(-13.251184502,5.14963262726));
#2400 = CARTESIAN_POINT('',(-13.12925140733,5.412478194506));
#2401 = CARTESIAN_POINT('',(-13.00046772212,5.672014156956));
#2402 = CARTESIAN_POINT('',(-12.8649760597,5.928046379783));
#2403 = CARTESIAN_POINT('',(-12.47725935297,6.616802767172));
#2404 = CARTESIAN_POINT('',(-12.21197501425,7.042185992105));
#2405 = CARTESIAN_POINT('',(-11.92785200443,7.455574052423));
#2406 = CARTESIAN_POINT('',(-11.62572632441,7.85609845181));
#2407 = CARTESIAN_POINT('',(-11.30647661622,8.242975902104));
#2408 = CARTESIAN_POINT('',(-10.97101372019,8.615500708873));
#2409 = CARTESIAN_POINT('',(-10.24586413482,9.354710809924));
#2410 = CARTESIAN_POINT('',(-9.854040244657,9.719310340562));
#2411 = CARTESIAN_POINT('',(-9.445934800072,10.066077975418));
#2412 = CARTESIAN_POINT('',(-9.022697038216,10.394354834317));
#2413 = CARTESIAN_POINT('',(-8.585485191233,10.703573641721));
#2414 = CARTESIAN_POINT('',(-8.135457913208,10.993248205028));
#2415 = CARTESIAN_POINT('',(-6.698131787736,11.832915763063));
#2416 = CARTESIAN_POINT('',(-5.670538330621,12.313663487912));
#2417 = CARTESIAN_POINT('',(-4.601654884807,12.701461799566));
#2418 = CARTESIAN_POINT('',(-3.502070472259,12.993807074779));
#2419 = CARTESIAN_POINT('',(-2.38221015424,13.189158726172));
#2420 = CARTESIAN_POINT('',(-1.252308401775,13.286842105263));
#2421 = CARTESIAN_POINT('',(-0.122357823109,13.286842105263));
#2422 = ( GEOMETRIC_REPRESENTATION_CONTEXT(2) 
PARAMETRIC_REPRESENTATION_CONTEXT() REPRESENTATION_CONTEXT('2D SPACE',''
  ) );
#2423 = PCURVE('',#2424,#2432);
#2424 = SURFACE_OF_LINEAR_EXTRUSION('',#2425,#2430);
#2425 = ELLIPSE('',#2426,14.234210526316,13.286842105263);
#2426 = AXIS2_PLACEMENT_3D('',#2427,#2428,#2429);
#2427 = CARTESIAN_POINT('',(-28.5,0.,26.));
#2428 = DIRECTION('',(1.,0.,-0.));
#2429 = DIRECTION('',(0.,1.110223024625E-16,1.));
#2430 = VECTOR('',#2431,1.);
#2431 = DIRECTION('',(-1.,-0.,-0.));
#2432 = DEFINITIONAL_REPRESENTATION('',(#2433),#2502);
#2433 = B_SPLINE_CURVE_WITH_KNOTS('',7,(#2434,#2435,#2436,#2437,#2438,
    #2439,#2440,#2441,#2442,#2443,#2444,#2445,#2446,#2447,#2448,#2449,
    #2450,#2451,#2452,#2453,#2454,#2455,#2456,#2457,#2458,#2459,#2460,
    #2461,#2462,#2463,#2464,#2465,#2466,#2467,#2468,#2469,#2470,#2471,
    #2472,#2473,#2474,#2475,#2476,#2477,#2478,#2479,#2480,#2481,#2482,
    #2483,#2484,#2485,#2486,#2487,#2488,#2489,#2490,#2491,#2492,#2493,
    #2494,#2495,#2496,#2497,#2498,#2499,#2500,#2501),.UNSPECIFIED.,.F.,
  .F.,(8,6,6,6,6,6,6,6,6,6,6,8),(0.,0.182889287709,0.269436666844,
    0.350512172632,0.39739152907,0.428463518508,0.49999957488,
    0.602605754609,0.649485431486,0.730561491455,0.817109462174,1.),
  .UNSPECIFIED.);
#2434 = CARTESIAN_POINT('',(4.712388980385,-1.));
#2435 = CARTESIAN_POINT('',(4.633006244224,-1.));
#2436 = CARTESIAN_POINT('',(4.553626923821,-1.));
#2437 = CARTESIAN_POINT('',(4.474136081522,-1.));
#2438 = CARTESIAN_POINT('',(4.394435586813,-1.));
#2439 = CARTESIAN_POINT('',(4.314433895972,-1.));
#2440 = CARTESIAN_POINT('',(4.234043419491,-1.));
#2441 = CARTESIAN_POINT('',(4.11492167207,-1.));
#2442 = CARTESIAN_POINT('',(4.076555552814,-1.));
#2443 = CARTESIAN_POINT('',(4.038080833054,-1.));
#2444 = CARTESIAN_POINT('',(3.999492110931,-1.));
#2445 = CARTESIAN_POINT('',(3.960785221743,-1.));
#2446 = CARTESIAN_POINT('',(3.921957579726,-1.));
#2447 = CARTESIAN_POINT('',(3.846521976143,-1.));
#2448 = CARTESIAN_POINT('',(3.809928415642,-1.));
#2449 = CARTESIAN_POINT('',(3.773228061009,-1.));
#2450 = CARTESIAN_POINT('',(3.736421892034,-1.));
#2451 = CARTESIAN_POINT('',(3.699511932398,-1.));
#2452 = CARTESIAN_POINT('',(3.662501857343,-1.));
#2453 = CARTESIAN_POINT('',(3.603943740959,-1.));
#2454 = CARTESIAN_POINT('',(3.582458031383,-1.));
#2455 = CARTESIAN_POINT('',(3.560941965723,-1.));
#2456 = CARTESIAN_POINT('',(3.539396792129,-1.));
#2457 = CARTESIAN_POINT('',(3.517823893285,-1.));
#2458 = CARTESIAN_POINT('',(3.496224845012,-1.));
#2459 = CARTESIAN_POINT('',(3.460269342783,-1.));
#2460 = CARTESIAN_POINT('',(3.445926501517,-1.));
#2461 = CARTESIAN_POINT('',(3.431573464026,-1.));
#2462 = CARTESIAN_POINT('',(3.417210768949,-1.));
#2463 = CARTESIAN_POINT('',(3.402838980617,-1.));
#2464 = CARTESIAN_POINT('',(3.38845868905,-1.));
#2465 = CARTESIAN_POINT('',(3.340945061297,-1.));
#2466 = CARTESIAN_POINT('',(3.307777130378,-1.));
#2467 = CARTESIAN_POINT('',(3.274575311045,-1.));
#2468 = CARTESIAN_POINT('',(3.241347581553,-1.));
#2469 = CARTESIAN_POINT('',(3.208101931842,-1.));
#2470 = CARTESIAN_POINT('',(3.174846990811,-1.));
#2471 = CARTESIAN_POINT('',(3.093895021449,-1.));
#2472 = CARTESIAN_POINT('',(3.046193957689,-1.));
#2473 = CARTESIAN_POINT('',(2.99852186112,-1.));
#2474 = CARTESIAN_POINT('',(2.950903263985,-1.));
#2475 = CARTESIAN_POINT('',(2.903359249421,-1.));
#2476 = CARTESIAN_POINT('',(2.855911193566,-1.));
#2477 = CARTESIAN_POINT('',(2.786960462168,-1.));
#2478 = CARTESIAN_POINT('',(2.765361413895,-1.));
#2479 = CARTESIAN_POINT('',(2.743788515051,-1.));
#2480 = CARTESIAN_POINT('',(2.722243341456,-1.));
#2481 = CARTESIAN_POINT('',(2.700727275797,-1.));
#2482 = CARTESIAN_POINT('',(2.679241566221,-1.));
#2483 = CARTESIAN_POINT('',(2.620683449837,-1.));
#2484 = CARTESIAN_POINT('',(2.583673374782,-1.));
#2485 = CARTESIAN_POINT('',(2.546763415146,-1.));
#2486 = CARTESIAN_POINT('',(2.509957246171,-1.));
#2487 = CARTESIAN_POINT('',(2.473256891538,-1.));
#2488 = CARTESIAN_POINT('',(2.436663331037,-1.));
#2489 = CARTESIAN_POINT('',(2.361227727454,-1.));
#2490 = CARTESIAN_POINT('',(2.322400085436,-1.));
#2491 = CARTESIAN_POINT('',(2.283693196249,-1.));
#2492 = CARTESIAN_POINT('',(2.245104474126,-1.));
#2493 = CARTESIAN_POINT('',(2.206629754366,-1.));
#2494 = CARTESIAN_POINT('',(2.16826363511,-1.));
#2495 = CARTESIAN_POINT('',(2.049141887688,-1.));
#2496 = CARTESIAN_POINT('',(1.968751411208,-1.));
#2497 = CARTESIAN_POINT('',(1.888749720364,-1.));
#2498 = CARTESIAN_POINT('',(1.80904922566,-1.));
#2499 = CARTESIAN_POINT('',(1.729558383357,-1.));
#2500 = CARTESIAN_POINT('',(1.650179062956,-1.));
#2501 = CARTESIAN_POINT('',(1.570796326795,-1.));
#2502 = ( GEOMETRIC_REPRESENTATION_CONTEXT(2) 
PARAMETRIC_REPRESENTATION_CONTEXT() REPRESENTATION_CONTEXT('2D SPACE',''
  ) );
#2503 = ORIENTED_EDGE('',*,*,#2504,.F.);
#2504 = EDGE_CURVE('',#2505,#2279,#2507,.T.);
#2505 = VERTEX_POINT('',#2506);
#2506 = CARTESIAN_POINT('',(-27.5,-38.5,26.));
#2507 = SURFACE_CURVE('',#2508,(#2512,#2519),.PCURVE_S1.);
#2508 = LINE('',#2509,#2510);
#2509 = CARTESIAN_POINT('',(-27.5,-38.5,26.));
#2510 = VECTOR('',#2511,1.);
#2511 = DIRECTION('',(0.,1.,0.));
#2512 = PCURVE('',#613,#2513);
#2513 = DEFINITIONAL_REPRESENTATION('',(#2514),#2518);
#2514 = LINE('',#2515,#2516);
#2515 = CARTESIAN_POINT('',(-0.122357823109,38.5));
#2516 = VECTOR('',#2517,1.);
#2517 = DIRECTION('',(0.,-1.));
#2518 = ( GEOMETRIC_REPRESENTATION_CONTEXT(2) 
PARAMETRIC_REPRESENTATION_CONTEXT() REPRESENTATION_CONTEXT('2D SPACE',''
  ) );
#2519 = PCURVE('',#2520,#2525);
#2520 = PLANE('',#2521);
#2521 = AXIS2_PLACEMENT_3D('',#2522,#2523,#2524);
#2522 = CARTESIAN_POINT('',(-50.,-50.,26.));
#2523 = DIRECTION('',(0.,0.,1.));
#2524 = DIRECTION('',(1.,0.,0.));
#2525 = DEFINITIONAL_REPRESENTATION('',(#2526),#2530);
#2526 = LINE('',#2527,#2528);
#2527 = CARTESIAN_POINT('',(22.5,11.5));
#2528 = VECTOR('',#2529,1.);
#2529 = DIRECTION('',(0.,1.));
#2530 = ( GEOMETRIC_REPRESENTATION_CONTEXT(2) 
PARAMETRIC_REPRESENTATION_CONTEXT() REPRESENTATION_CONTEXT('2D SPACE',''
  ) );
#2531 = ORIENTED_EDGE('',*,*,#2532,.F.);
#2532 = EDGE_CURVE('',#2533,#2505,#2535,.T.);
#2533 = VERTEX_POINT('',#2534);
#2534 = CARTESIAN_POINT('',(-27.5,-38.5,16.));
#2535 = SURFACE_CURVE('',#2536,(#2540,#2547),.PCURVE_S1.);
#2536 = LINE('',#2537,#2538);
#2537 = CARTESIAN_POINT('',(-27.5,-38.5,16.));
#2538 = VECTOR('',#2539,1.);
#2539 = DIRECTION('',(0.,0.,1.));
#2540 = PCURVE('',#613,#2541);
#2541 = DEFINITIONAL_REPRESENTATION('',(#2542),#2546);
#2542 = LINE('',#2543,#2544);
#2543 = CARTESIAN_POINT('',(-10.1223578231,38.5));
#2544 = VECTOR('',#2545,1.);
#2545 = DIRECTION('',(1.,0.));
#2546 = ( GEOMETRIC_REPRESENTATION_CONTEXT(2) 
PARAMETRIC_REPRESENTATION_CONTEXT() REPRESENTATION_CONTEXT('2D SPACE',''
  ) );
#2547 = PCURVE('',#2155,#2548);
#2548 = DEFINITIONAL_REPRESENTATION('',(#2549),#2553);
#2549 = LINE('',#2550,#2551);
#2550 = CARTESIAN_POINT('',(0.,0.));
#2551 = VECTOR('',#2552,1.);
#2552 = DIRECTION('',(1.,0.));
#2553 = ( GEOMETRIC_REPRESENTATION_CONTEXT(2) 
PARAMETRIC_REPRESENTATION_CONTEXT() REPRESENTATION_CONTEXT('2D SPACE',''
  ) );
#2554 = ORIENTED_EDGE('',*,*,#2555,.T.);
#2555 = EDGE_CURVE('',#2533,#2556,#2558,.T.);
#2556 = VERTEX_POINT('',#2557);
#2557 = CARTESIAN_POINT('',(-27.5,-17.28684210526,16.));
#2558 = SURFACE_CURVE('',#2559,(#2563,#2570),.PCURVE_S1.);
#2559 = LINE('',#2560,#2561);
#2560 = CARTESIAN_POINT('',(-27.5,-38.5,16.));
#2561 = VECTOR('',#2562,1.);
#2562 = DIRECTION('',(0.,1.,0.));
#2563 = PCURVE('',#613,#2564);
#2564 = DEFINITIONAL_REPRESENTATION('',(#2565),#2569);
#2565 = LINE('',#2566,#2567);
#2566 = CARTESIAN_POINT('',(-10.1223578231,38.5));
#2567 = VECTOR('',#2568,1.);
#2568 = DIRECTION('',(0.,-1.));
#2569 = ( GEOMETRIC_REPRESENTATION_CONTEXT(2) 
PARAMETRIC_REPRESENTATION_CONTEXT() REPRESENTATION_CONTEXT('2D SPACE',''
  ) );
#2570 = PCURVE('',#2003,#2571);
#2571 = DEFINITIONAL_REPRESENTATION('',(#2572),#2576);
#2572 = LINE('',#2573,#2574);
#2573 = CARTESIAN_POINT('',(0.,0.));
#2574 = VECTOR('',#2575,1.);
#2575 = DIRECTION('',(0.,1.));
#2576 = ( GEOMETRIC_REPRESENTATION_CONTEXT(2) 
PARAMETRIC_REPRESENTATION_CONTEXT() REPRESENTATION_CONTEXT('2D SPACE',''
  ) );
#2577 = ORIENTED_EDGE('',*,*,#2578,.F.);
#2578 = EDGE_CURVE('',#598,#2556,#2579,.T.);
#2579 = SURFACE_CURVE('',#2580,(#2584,#2591),.PCURVE_S1.);
#2580 = LINE('',#2581,#2582);
#2581 = CARTESIAN_POINT('',(-27.5,-17.28684210526,8.));
#2582 = VECTOR('',#2583,1.);
#2583 = DIRECTION('',(0.,0.,1.));
#2584 = PCURVE('',#613,#2585);
#2585 = DEFINITIONAL_REPRESENTATION('',(#2586),#2590);
#2586 = LINE('',#2587,#2588);
#2587 = CARTESIAN_POINT('',(-18.1223578231,17.286842105263));
#2588 = VECTOR('',#2589,1.);
#2589 = DIRECTION('',(1.,0.));
#2590 = ( GEOMETRIC_REPRESENTATION_CONTEXT(2) 
PARAMETRIC_REPRESENTATION_CONTEXT() REPRESENTATION_CONTEXT('2D SPACE',''
  ) );
#2591 = PCURVE('',#695,#2592);
#2592 = DEFINITIONAL_REPRESENTATION('',(#2593),#2597);
#2593 = LINE('',#2594,#2595);
#2594 = CARTESIAN_POINT('',(0.,0.));
#2595 = VECTOR('',#2596,1.);
#2596 = DIRECTION('',(1.,0.));
#2597 = ( GEOMETRIC_REPRESENTATION_CONTEXT(2) 
PARAMETRIC_REPRESENTATION_CONTEXT() REPRESENTATION_CONTEXT('2D SPACE',''
  ) );
#2598 = ADVANCED_FACE('',(#2599),#641,.T.);
#2599 = FACE_BOUND('',#2600,.T.);
#2600 = EDGE_LOOP('',(#2601,#2624,#2625,#2626));
#2601 = ORIENTED_EDGE('',*,*,#2602,.F.);
#2602 = EDGE_CURVE('',#626,#2603,#2605,.T.);
#2603 = VERTEX_POINT('',#2604);
#2604 = CARTESIAN_POINT('',(-18.5,17.286842105263,16.));
#2605 = SURFACE_CURVE('',#2606,(#2610,#2617),.PCURVE_S1.);
#2606 = LINE('',#2607,#2608);
#2607 = CARTESIAN_POINT('',(-18.5,17.286842105263,8.));
#2608 = VECTOR('',#2609,1.);
#2609 = DIRECTION('',(0.,0.,1.));
#2610 = PCURVE('',#641,#2611);
#2611 = DEFINITIONAL_REPRESENTATION('',(#2612),#2616);
#2612 = LINE('',#2613,#2614);
#2613 = CARTESIAN_POINT('',(0.,9.));
#2614 = VECTOR('',#2615,1.);
#2615 = DIRECTION('',(1.,0.));
#2616 = ( GEOMETRIC_REPRESENTATION_CONTEXT(2) 
PARAMETRIC_REPRESENTATION_CONTEXT() REPRESENTATION_CONTEXT('2D SPACE',''
  ) );
#2617 = PCURVE('',#669,#2618);
#2618 = DEFINITIONAL_REPRESENTATION('',(#2619),#2623);
#2619 = LINE('',#2620,#2621);
#2620 = CARTESIAN_POINT('',(-18.1223578231,-17.28684210526));
#2621 = VECTOR('',#2622,1.);
#2622 = DIRECTION('',(1.,0.));
#2623 = ( GEOMETRIC_REPRESENTATION_CONTEXT(2) 
PARAMETRIC_REPRESENTATION_CONTEXT() REPRESENTATION_CONTEXT('2D SPACE',''
  ) );
#2624 = ORIENTED_EDGE('',*,*,#625,.F.);
#2625 = ORIENTED_EDGE('',*,*,#2171,.T.);
#2626 = ORIENTED_EDGE('',*,*,#2627,.T.);
#2627 = EDGE_CURVE('',#2172,#2603,#2628,.T.);
#2628 = SURFACE_CURVE('',#2629,(#2633,#2639),.PCURVE_S1.);
#2629 = LINE('',#2630,#2631);
#2630 = CARTESIAN_POINT('',(-27.5,17.286842105263,16.));
#2631 = VECTOR('',#2632,1.);
#2632 = DIRECTION('',(1.,0.,0.));
#2633 = PCURVE('',#641,#2634);
#2634 = DEFINITIONAL_REPRESENTATION('',(#2635),#2638);
#2635 = B_SPLINE_CURVE_WITH_KNOTS('',1,(#2636,#2637),.UNSPECIFIED.,.F.,
  .F.,(2,2),(0.,9.),.PIECEWISE_BEZIER_KNOTS.);
#2636 = CARTESIAN_POINT('',(8.,0.));
#2637 = CARTESIAN_POINT('',(8.,9.));
#2638 = ( GEOMETRIC_REPRESENTATION_CONTEXT(2) 
PARAMETRIC_REPRESENTATION_CONTEXT() REPRESENTATION_CONTEXT('2D SPACE',''
  ) );
#2639 = PCURVE('',#2210,#2640);
#2640 = DEFINITIONAL_REPRESENTATION('',(#2641),#2644);
#2641 = B_SPLINE_CURVE_WITH_KNOTS('',1,(#2642,#2643),.UNSPECIFIED.,.F.,
  .F.,(2,2),(0.,9.),.PIECEWISE_BEZIER_KNOTS.);
#2642 = CARTESIAN_POINT('',(0.,2.286842105263));
#2643 = CARTESIAN_POINT('',(9.,2.286842105263));
#2644 = ( GEOMETRIC_REPRESENTATION_CONTEXT(2) 
PARAMETRIC_REPRESENTATION_CONTEXT() REPRESENTATION_CONTEXT('2D SPACE',''
  ) );
#2645 = ADVANCED_FACE('',(#2646),#695,.F.);
#2646 = FACE_BOUND('',#2647,.F.);
#2647 = EDGE_LOOP('',(#2648,#2671,#2672,#2673));
#2648 = ORIENTED_EDGE('',*,*,#2649,.F.);
#2649 = EDGE_CURVE('',#654,#2650,#2652,.T.);
#2650 = VERTEX_POINT('',#2651);
#2651 = CARTESIAN_POINT('',(-18.5,-17.28684210526,16.));
#2652 = SURFACE_CURVE('',#2653,(#2657,#2664),.PCURVE_S1.);
#2653 = LINE('',#2654,#2655);
#2654 = CARTESIAN_POINT('',(-18.5,-17.28684210526,8.));
#2655 = VECTOR('',#2656,1.);
#2656 = DIRECTION('',(0.,0.,1.));
#2657 = PCURVE('',#695,#2658);
#2658 = DEFINITIONAL_REPRESENTATION('',(#2659),#2663);
#2659 = LINE('',#2660,#2661);
#2660 = CARTESIAN_POINT('',(0.,9.));
#2661 = VECTOR('',#2662,1.);
#2662 = DIRECTION('',(1.,0.));
#2663 = ( GEOMETRIC_REPRESENTATION_CONTEXT(2) 
PARAMETRIC_REPRESENTATION_CONTEXT() REPRESENTATION_CONTEXT('2D SPACE',''
  ) );
#2664 = PCURVE('',#669,#2665);
#2665 = DEFINITIONAL_REPRESENTATION('',(#2666),#2670);
#2666 = LINE('',#2667,#2668);
#2667 = CARTESIAN_POINT('',(-18.1223578231,17.286842105263));
#2668 = VECTOR('',#2669,1.);
#2669 = DIRECTION('',(1.,0.));
#2670 = ( GEOMETRIC_REPRESENTATION_CONTEXT(2) 
PARAMETRIC_REPRESENTATION_CONTEXT() REPRESENTATION_CONTEXT('2D SPACE',''
  ) );
#2671 = ORIENTED_EDGE('',*,*,#681,.F.);
#2672 = ORIENTED_EDGE('',*,*,#2578,.T.);
#2673 = ORIENTED_EDGE('',*,*,#2674,.T.);
#2674 = EDGE_CURVE('',#2556,#2650,#2675,.T.);
#2675 = SURFACE_CURVE('',#2676,(#2680,#2686),.PCURVE_S1.);
#2676 = LINE('',#2677,#2678);
#2677 = CARTESIAN_POINT('',(-27.5,-17.28684210526,16.));
#2678 = VECTOR('',#2679,1.);
#2679 = DIRECTION('',(1.,0.,0.));
#2680 = PCURVE('',#695,#2681);
#2681 = DEFINITIONAL_REPRESENTATION('',(#2682),#2685);
#2682 = B_SPLINE_CURVE_WITH_KNOTS('',1,(#2683,#2684),.UNSPECIFIED.,.F.,
  .F.,(2,2),(0.,9.),.PIECEWISE_BEZIER_KNOTS.);
#2683 = CARTESIAN_POINT('',(8.,0.));
#2684 = CARTESIAN_POINT('',(8.,9.));
#2685 = ( GEOMETRIC_REPRESENTATION_CONTEXT(2) 
PARAMETRIC_REPRESENTATION_CONTEXT() REPRESENTATION_CONTEXT('2D SPACE',''
  ) );
#2686 = PCURVE('',#2003,#2687);
#2687 = DEFINITIONAL_REPRESENTATION('',(#2688),#2691);
#2688 = B_SPLINE_CURVE_WITH_KNOTS('',1,(#2689,#2690),.UNSPECIFIED.,.F.,
  .F.,(2,2),(0.,9.),.PIECEWISE_BEZIER_KNOTS.);
#2689 = CARTESIAN_POINT('',(0.,21.213157894737));
#2690 = CARTESIAN_POINT('',(9.,21.213157894737));
#2691 = ( GEOMETRIC_REPRESENTATION_CONTEXT(2) 
PARAMETRIC_REPRESENTATION_CONTEXT() REPRESENTATION_CONTEXT('2D SPACE',''
  ) );
#2692 = ADVANCED_FACE('',(#2693),#669,.T.);
#2693 = FACE_BOUND('',#2694,.T.);
#2694 = EDGE_LOOP('',(#2695,#2696,#2697,#2720,#2743,#2766,#2984,#3007,
    #3030,#3051));
#2695 = ORIENTED_EDGE('',*,*,#653,.F.);
#2696 = ORIENTED_EDGE('',*,*,#2602,.T.);
#2697 = ORIENTED_EDGE('',*,*,#2698,.T.);
#2698 = EDGE_CURVE('',#2603,#2699,#2701,.T.);
#2699 = VERTEX_POINT('',#2700);
#2700 = CARTESIAN_POINT('',(-18.5,38.5,16.));
#2701 = SURFACE_CURVE('',#2702,(#2706,#2713),.PCURVE_S1.);
#2702 = LINE('',#2703,#2704);
#2703 = CARTESIAN_POINT('',(-18.5,15.,16.));
#2704 = VECTOR('',#2705,1.);
#2705 = DIRECTION('',(0.,1.,0.));
#2706 = PCURVE('',#669,#2707);
#2707 = DEFINITIONAL_REPRESENTATION('',(#2708),#2712);
#2708 = LINE('',#2709,#2710);
#2709 = CARTESIAN_POINT('',(-10.1223578231,-15.));
#2710 = VECTOR('',#2711,1.);
#2711 = DIRECTION('',(0.,-1.));
#2712 = ( GEOMETRIC_REPRESENTATION_CONTEXT(2) 
PARAMETRIC_REPRESENTATION_CONTEXT() REPRESENTATION_CONTEXT('2D SPACE',''
  ) );
#2713 = PCURVE('',#2210,#2714);
#2714 = DEFINITIONAL_REPRESENTATION('',(#2715),#2719);
#2715 = LINE('',#2716,#2717);
#2716 = CARTESIAN_POINT('',(9.,0.));
#2717 = VECTOR('',#2718,1.);
#2718 = DIRECTION('',(0.,1.));
#2719 = ( GEOMETRIC_REPRESENTATION_CONTEXT(2) 
PARAMETRIC_REPRESENTATION_CONTEXT() REPRESENTATION_CONTEXT('2D SPACE',''
  ) );
#2720 = ORIENTED_EDGE('',*,*,#2721,.T.);
#2721 = EDGE_CURVE('',#2699,#2722,#2724,.T.);
#2722 = VERTEX_POINT('',#2723);
#2723 = CARTESIAN_POINT('',(-18.5,38.5,26.));
#2724 = SURFACE_CURVE('',#2725,(#2729,#2736),.PCURVE_S1.);
#2725 = LINE('',#2726,#2727);
#2726 = CARTESIAN_POINT('',(-18.5,38.5,16.));
#2727 = VECTOR('',#2728,1.);
#2728 = DIRECTION('',(0.,0.,1.));
#2729 = PCURVE('',#669,#2730);
#2730 = DEFINITIONAL_REPRESENTATION('',(#2731),#2735);
#2731 = LINE('',#2732,#2733);
#2732 = CARTESIAN_POINT('',(-10.1223578231,-38.5));
#2733 = VECTOR('',#2734,1.);
#2734 = DIRECTION('',(1.,0.));
#2735 = ( GEOMETRIC_REPRESENTATION_CONTEXT(2) 
PARAMETRIC_REPRESENTATION_CONTEXT() REPRESENTATION_CONTEXT('2D SPACE',''
  ) );
#2736 = PCURVE('',#2238,#2737);
#2737 = DEFINITIONAL_REPRESENTATION('',(#2738),#2742);
#2738 = LINE('',#2739,#2740);
#2739 = CARTESIAN_POINT('',(0.,9.));
#2740 = VECTOR('',#2741,1.);
#2741 = DIRECTION('',(1.,0.));
#2742 = ( GEOMETRIC_REPRESENTATION_CONTEXT(2) 
PARAMETRIC_REPRESENTATION_CONTEXT() REPRESENTATION_CONTEXT('2D SPACE',''
  ) );
#2743 = ORIENTED_EDGE('',*,*,#2744,.F.);
#2744 = EDGE_CURVE('',#2745,#2722,#2747,.T.);
#2745 = VERTEX_POINT('',#2746);
#2746 = CARTESIAN_POINT('',(-18.5,13.286842105263,26.));
#2747 = SURFACE_CURVE('',#2748,(#2752,#2759),.PCURVE_S1.);
#2748 = LINE('',#2749,#2750);
#2749 = CARTESIAN_POINT('',(-18.5,-38.5,26.));
#2750 = VECTOR('',#2751,1.);
#2751 = DIRECTION('',(0.,1.,0.));
#2752 = PCURVE('',#669,#2753);
#2753 = DEFINITIONAL_REPRESENTATION('',(#2754),#2758);
#2754 = LINE('',#2755,#2756);
#2755 = CARTESIAN_POINT('',(-0.122357823109,38.5));
#2756 = VECTOR('',#2757,1.);
#2757 = DIRECTION('',(0.,-1.));
#2758 = ( GEOMETRIC_REPRESENTATION_CONTEXT(2) 
PARAMETRIC_REPRESENTATION_CONTEXT() REPRESENTATION_CONTEXT('2D SPACE',''
  ) );
#2759 = PCURVE('',#2266,#2760);
#2760 = DEFINITIONAL_REPRESENTATION('',(#2761),#2765);
#2761 = LINE('',#2762,#2763);
#2762 = CARTESIAN_POINT('',(31.5,11.5));
#2763 = VECTOR('',#2764,1.);
#2764 = DIRECTION('',(0.,1.));
#2765 = ( GEOMETRIC_REPRESENTATION_CONTEXT(2) 
PARAMETRIC_REPRESENTATION_CONTEXT() REPRESENTATION_CONTEXT('2D SPACE',''
  ) );
#2766 = ORIENTED_EDGE('',*,*,#2767,.T.);
#2767 = EDGE_CURVE('',#2745,#2768,#2770,.T.);
#2768 = VERTEX_POINT('',#2769);
#2769 = CARTESIAN_POINT('',(-18.5,-13.28684210526,26.));
#2770 = SURFACE_CURVE('',#2771,(#2840,#2912),.PCURVE_S1.);
#2771 = B_SPLINE_CURVE_WITH_KNOTS('',7,(#2772,#2773,#2774,#2775,#2776,
    #2777,#2778,#2779,#2780,#2781,#2782,#2783,#2784,#2785,#2786,#2787,
    #2788,#2789,#2790,#2791,#2792,#2793,#2794,#2795,#2796,#2797,#2798,
    #2799,#2800,#2801,#2802,#2803,#2804,#2805,#2806,#2807,#2808,#2809,
    #2810,#2811,#2812,#2813,#2814,#2815,#2816,#2817,#2818,#2819,#2820,
    #2821,#2822,#2823,#2824,#2825,#2826,#2827,#2828,#2829,#2830,#2831,
    #2832,#2833,#2834,#2835,#2836,#2837,#2838,#2839),.UNSPECIFIED.,.F.,
  .F.,(8,6,6,6,6,6,6,6,6,6,6,8),(0.,0.182889287709,0.269436666844,
    0.350512172632,0.39739152907,0.428463518508,0.49999957488,
    0.602605754609,0.649485431486,0.730561491455,0.817109462174,1.),
  .UNSPECIFIED.);
#2772 = CARTESIAN_POINT('',(-18.5,13.286842105263,26.));
#2773 = CARTESIAN_POINT('',(-18.5,13.286842105263,24.870049421336));
#2774 = CARTESIAN_POINT('',(-18.5,13.189158726173,23.740147668863));
#2775 = CARTESIAN_POINT('',(-18.5,12.993807074777,22.620287350862));
#2776 = CARTESIAN_POINT('',(-18.5,12.701461799569,21.520702938296));
#2777 = CARTESIAN_POINT('',(-18.5,12.313663487912,20.451819492492));
#2778 = CARTESIAN_POINT('',(-18.5,11.832915763065,19.424226035376));
#2779 = CARTESIAN_POINT('',(-18.5,10.99324820503,17.986899909904));
#2780 = CARTESIAN_POINT('',(-18.5,10.703573641723,17.536872631879));
#2781 = CARTESIAN_POINT('',(-18.5,10.394354834319,17.099660784896));
#2782 = CARTESIAN_POINT('',(-18.5,10.06607797542,16.676423023039));
#2783 = CARTESIAN_POINT('',(-18.5,9.719310340565,16.268317578454));
#2784 = CARTESIAN_POINT('',(-18.5,9.354710809927,15.876493688284));
#2785 = CARTESIAN_POINT('',(-18.5,8.615500708876,15.151344102917));
#2786 = CARTESIAN_POINT('',(-18.5,8.242975902108,14.815881206886));
#2787 = CARTESIAN_POINT('',(-18.5,7.856098451812,14.496631498699));
#2788 = CARTESIAN_POINT('',(-18.5,7.455574052425,14.19450581868));
#2789 = CARTESIAN_POINT('',(-18.5,7.042185992109,13.91038280886));
#2790 = CARTESIAN_POINT('',(-18.5,6.616802767174,13.645098470133));
#2791 = CARTESIAN_POINT('',(-18.5,5.928046379786,13.257381763408));
#2792 = CARTESIAN_POINT('',(-18.5,5.672014156959,13.121890100983));
#2793 = CARTESIAN_POINT('',(-18.5,5.412478194509,12.99310641578));
#2794 = CARTESIAN_POINT('',(-18.5,5.149632627263,12.871173321102));
#2795 = CARTESIAN_POINT('',(-18.5,4.883680123344,12.756225033847));
#2796 = CARTESIAN_POINT('',(-18.5,4.614832216115,12.648386617856));
#2797 = CARTESIAN_POINT('',(-18.5,4.163342431407,12.481085916499));
#2798 = CARTESIAN_POINT('',(-18.5,3.982199856662,12.417572475518));
#2799 = CARTESIAN_POINT('',(-18.5,3.799946035504,12.357266479848));
#2800 = CARTESIAN_POINT('',(-18.5,3.61664643943,12.300199289911));
#2801 = CARTESIAN_POINT('',(-18.5,3.432367887823,12.246400051004));
#2802 = CARTESIAN_POINT('',(-18.5,3.247178547954,12.195895693297));
#2803 = CARTESIAN_POINT('',(-18.5,2.632855551448,12.040078951172));
#2804 = CARTESIAN_POINT('',(-18.5,2.200095084741,11.949040109025));
#2805 = CARTESIAN_POINT('',(-18.5,1.763727188217,11.875897846315));
#2806 = CARTESIAN_POINT('',(-18.5,1.324629842799,11.820883591873));
#2807 = CARTESIAN_POINT('',(-18.5,0.883698317171,11.784154214275));
#2808 = CARTESIAN_POINT('',(-18.5,0.441845127973,11.765789473684));
#2809 = CARTESIAN_POINT('',(-18.5,-0.633750907049,11.765789473684));
#2810 = CARTESIAN_POINT('',(-18.5,-1.267547631199,11.803570597957));
#2811 = CARTESIAN_POINT('',(-18.5,-1.898603480472,11.879142132171));
#2812 = CARTESIAN_POINT('',(-18.5,-2.524238978626,11.992150389131));
#2813 = CARTESIAN_POINT('',(-18.5,-3.141873727688,12.141936995085));
#2814 = CARTESIAN_POINT('',(-18.5,-3.749024510908,12.327559345064));
#2815 = CARTESIAN_POINT('',(-18.5,-4.614832216111,12.648386617855));
#2816 = CARTESIAN_POINT('',(-18.5,-4.88368012334,12.756225033846));
#2817 = CARTESIAN_POINT('',(-18.5,-5.14963262726,12.8711733211));
#2818 = CARTESIAN_POINT('',(-18.5,-5.412478194506,12.993106415778));
#2819 = CARTESIAN_POINT('',(-18.5,-5.672014156956,13.121890100981));
#2820 = CARTESIAN_POINT('',(-18.5,-5.928046379783,13.257381763406));
#2821 = CARTESIAN_POINT('',(-18.5,-6.616802767172,13.645098470132));
#2822 = CARTESIAN_POINT('',(-18.5,-7.042185992105,13.910382808857));
#2823 = CARTESIAN_POINT('',(-18.5,-7.455574052423,14.194505818678));
#2824 = CARTESIAN_POINT('',(-18.5,-7.85609845181,14.496631498697));
#2825 = CARTESIAN_POINT('',(-18.5,-8.242975902104,14.815881206883));
#2826 = CARTESIAN_POINT('',(-18.5,-8.615500708873,15.151344102915));
#2827 = CARTESIAN_POINT('',(-18.5,-9.354710809924,15.876493688281));
#2828 = CARTESIAN_POINT('',(-18.5,-9.719310340562,16.268317578452));
#2829 = CARTESIAN_POINT('',(-18.5,-10.06607797541,16.676423023037));
#2830 = CARTESIAN_POINT('',(-18.5,-10.39435483431,17.099660784893));
#2831 = CARTESIAN_POINT('',(-18.5,-10.70357364172,17.536872631876));
#2832 = CARTESIAN_POINT('',(-18.5,-10.99324820502,17.986899909901));
#2833 = CARTESIAN_POINT('',(-18.5,-11.83291576306,19.424226035373));
#2834 = CARTESIAN_POINT('',(-18.5,-12.31366348791,20.451819492488));
#2835 = CARTESIAN_POINT('',(-18.5,-12.70146179956,21.520702938302));
#2836 = CARTESIAN_POINT('',(-18.5,-12.99380707477,22.62028735085));
#2837 = CARTESIAN_POINT('',(-18.5,-13.18915872617,23.740147668869));
#2838 = CARTESIAN_POINT('',(-18.5,-13.28684210526,24.870049421334));
#2839 = CARTESIAN_POINT('',(-18.5,-13.28684210526,26.));
#2840 = PCURVE('',#669,#2841);
#2841 = DEFINITIONAL_REPRESENTATION('',(#2842),#2911);
#2842 = B_SPLINE_CURVE_WITH_KNOTS('',7,(#2843,#2844,#2845,#2846,#2847,
    #2848,#2849,#2850,#2851,#2852,#2853,#2854,#2855,#2856,#2857,#2858,
    #2859,#2860,#2861,#2862,#2863,#2864,#2865,#2866,#2867,#2868,#2869,
    #2870,#2871,#2872,#2873,#2874,#2875,#2876,#2877,#2878,#2879,#2880,
    #2881,#2882,#2883,#2884,#2885,#2886,#2887,#2888,#2889,#2890,#2891,
    #2892,#2893,#2894,#2895,#2896,#2897,#2898,#2899,#2900,#2901,#2902,
    #2903,#2904,#2905,#2906,#2907,#2908,#2909,#2910),.UNSPECIFIED.,.F.,
  .F.,(8,6,6,6,6,6,6,6,6,6,6,8),(0.,0.182889287709,0.269436666844,
    0.350512172632,0.39739152907,0.428463518508,0.49999957488,
    0.602605754609,0.649485431486,0.730561491455,0.817109462174,1.),
  .UNSPECIFIED.);
#2843 = CARTESIAN_POINT('',(-0.122357823109,-13.28684210526));
#2844 = CARTESIAN_POINT('',(-1.252308401773,-13.28684210526));
#2845 = CARTESIAN_POINT('',(-2.382210154246,-13.18915872617));
#2846 = CARTESIAN_POINT('',(-3.502070472247,-12.99380707477));
#2847 = CARTESIAN_POINT('',(-4.601654884813,-12.70146179956));
#2848 = CARTESIAN_POINT('',(-5.670538330617,-12.31366348791));
#2849 = CARTESIAN_POINT('',(-6.698131787733,-11.83291576306));
#2850 = CARTESIAN_POINT('',(-8.135457913205,-10.99324820503));
#2851 = CARTESIAN_POINT('',(-8.58548519123,-10.70357364172));
#2852 = CARTESIAN_POINT('',(-9.022697038213,-10.39435483431));
#2853 = CARTESIAN_POINT('',(-9.44593480007,-10.06607797542));
#2854 = CARTESIAN_POINT('',(-9.854040244655,-9.719310340565));
#2855 = CARTESIAN_POINT('',(-10.24586413482,-9.354710809927));
#2856 = CARTESIAN_POINT('',(-10.97101372019,-8.615500708876));
#2857 = CARTESIAN_POINT('',(-11.30647661622,-8.242975902108));
#2858 = CARTESIAN_POINT('',(-11.62572632441,-7.856098451812));
#2859 = CARTESIAN_POINT('',(-11.92785200442,-7.455574052425));
#2860 = CARTESIAN_POINT('',(-12.21197501424,-7.042185992109));
#2861 = CARTESIAN_POINT('',(-12.47725935297,-6.616802767174));
#2862 = CARTESIAN_POINT('',(-12.8649760597,-5.928046379786));
#2863 = CARTESIAN_POINT('',(-13.00046772212,-5.672014156959));
#2864 = CARTESIAN_POINT('',(-13.12925140732,-5.412478194509));
#2865 = CARTESIAN_POINT('',(-13.251184502,-5.149632627263));
#2866 = CARTESIAN_POINT('',(-13.36613278926,-4.883680123344));
#2867 = CARTESIAN_POINT('',(-13.47397120525,-4.614832216115));
#2868 = CARTESIAN_POINT('',(-13.64127190661,-4.163342431407));
#2869 = CARTESIAN_POINT('',(-13.70478534759,-3.982199856662));
#2870 = CARTESIAN_POINT('',(-13.76509134326,-3.799946035504));
#2871 = CARTESIAN_POINT('',(-13.82215853319,-3.61664643943));
#2872 = CARTESIAN_POINT('',(-13.8759577721,-3.432367887823));
#2873 = CARTESIAN_POINT('',(-13.92646212981,-3.247178547954));
#2874 = CARTESIAN_POINT('',(-14.08227887193,-2.632855551448));
#2875 = CARTESIAN_POINT('',(-14.17331771408,-2.200095084741));
#2876 = CARTESIAN_POINT('',(-14.24645997679,-1.763727188217));
#2877 = CARTESIAN_POINT('',(-14.30147423123,-1.324629842799));
#2878 = CARTESIAN_POINT('',(-14.33820360883,-0.883698317171));
#2879 = CARTESIAN_POINT('',(-14.35656834942,-0.441845127973));
#2880 = CARTESIAN_POINT('',(-14.35656834942,0.633750907049));
#2881 = CARTESIAN_POINT('',(-14.31878722515,1.267547631199));
#2882 = CARTESIAN_POINT('',(-14.24321569093,1.898603480472));
#2883 = CARTESIAN_POINT('',(-14.13020743397,2.524238978626));
#2884 = CARTESIAN_POINT('',(-13.98042082802,3.141873727688));
#2885 = CARTESIAN_POINT('',(-13.79479847804,3.749024510908));
#2886 = CARTESIAN_POINT('',(-13.47397120525,4.614832216111));
#2887 = CARTESIAN_POINT('',(-13.36613278926,4.88368012334));
#2888 = CARTESIAN_POINT('',(-13.251184502,5.14963262726));
#2889 = CARTESIAN_POINT('',(-13.12925140733,5.412478194506));
#2890 = CARTESIAN_POINT('',(-13.00046772212,5.672014156956));
#2891 = CARTESIAN_POINT('',(-12.8649760597,5.928046379783));
#2892 = CARTESIAN_POINT('',(-12.47725935297,6.616802767172));
#2893 = CARTESIAN_POINT('',(-12.21197501425,7.042185992105));
#2894 = CARTESIAN_POINT('',(-11.92785200443,7.455574052423));
#2895 = CARTESIAN_POINT('',(-11.62572632441,7.85609845181));
#2896 = CARTESIAN_POINT('',(-11.30647661622,8.242975902104));
#2897 = CARTESIAN_POINT('',(-10.97101372019,8.615500708873));
#2898 = CARTESIAN_POINT('',(-10.24586413482,9.354710809924));
#2899 = CARTESIAN_POINT('',(-9.854040244657,9.719310340562));
#2900 = CARTESIAN_POINT('',(-9.445934800072,10.066077975418));
#2901 = CARTESIAN_POINT('',(-9.022697038216,10.394354834317));
#2902 = CARTESIAN_POINT('',(-8.585485191233,10.703573641721));
#2903 = CARTESIAN_POINT('',(-8.135457913208,10.993248205028));
#2904 = CARTESIAN_POINT('',(-6.698131787736,11.832915763063));
#2905 = CARTESIAN_POINT('',(-5.670538330621,12.313663487912));
#2906 = CARTESIAN_POINT('',(-4.601654884807,12.701461799566));
#2907 = CARTESIAN_POINT('',(-3.502070472259,12.993807074779));
#2908 = CARTESIAN_POINT('',(-2.38221015424,13.189158726172));
#2909 = CARTESIAN_POINT('',(-1.252308401775,13.286842105263));
#2910 = CARTESIAN_POINT('',(-0.122357823109,13.286842105263));
#2911 = ( GEOMETRIC_REPRESENTATION_CONTEXT(2) 
PARAMETRIC_REPRESENTATION_CONTEXT() REPRESENTATION_CONTEXT('2D SPACE',''
  ) );
#2912 = PCURVE('',#2424,#2913);
#2913 = DEFINITIONAL_REPRESENTATION('',(#2914),#2983);
#2914 = B_SPLINE_CURVE_WITH_KNOTS('',7,(#2915,#2916,#2917,#2918,#2919,
    #2920,#2921,#2922,#2923,#2924,#2925,#2926,#2927,#2928,#2929,#2930,
    #2931,#2932,#2933,#2934,#2935,#2936,#2937,#2938,#2939,#2940,#2941,
    #2942,#2943,#2944,#2945,#2946,#2947,#2948,#2949,#2950,#2951,#2952,
    #2953,#2954,#2955,#2956,#2957,#2958,#2959,#2960,#2961,#2962,#2963,
    #2964,#2965,#2966,#2967,#2968,#2969,#2970,#2971,#2972,#2973,#2974,
    #2975,#2976,#2977,#2978,#2979,#2980,#2981,#2982),.UNSPECIFIED.,.F.,
  .F.,(8,6,6,6,6,6,6,6,6,6,6,8),(0.,0.182889287709,0.269436666844,
    0.350512172632,0.39739152907,0.428463518508,0.49999957488,
    0.602605754609,0.649485431486,0.730561491455,0.817109462174,1.),
  .UNSPECIFIED.);
#2915 = CARTESIAN_POINT('',(4.712388980385,-10.));
#2916 = CARTESIAN_POINT('',(4.633006244224,-10.));
#2917 = CARTESIAN_POINT('',(4.553626923821,-10.));
#2918 = CARTESIAN_POINT('',(4.474136081522,-10.));
#2919 = CARTESIAN_POINT('',(4.394435586813,-10.));
#2920 = CARTESIAN_POINT('',(4.314433895972,-10.));
#2921 = CARTESIAN_POINT('',(4.234043419491,-10.));
#2922 = CARTESIAN_POINT('',(4.11492167207,-10.));
#2923 = CARTESIAN_POINT('',(4.076555552814,-10.));
#2924 = CARTESIAN_POINT('',(4.038080833054,-10.));
#2925 = CARTESIAN_POINT('',(3.999492110931,-10.));
#2926 = CARTESIAN_POINT('',(3.960785221743,-10.));
#2927 = CARTESIAN_POINT('',(3.921957579726,-10.));
#2928 = CARTESIAN_POINT('',(3.846521976143,-10.));
#2929 = CARTESIAN_POINT('',(3.809928415642,-10.));
#2930 = CARTESIAN_POINT('',(3.773228061009,-10.));
#2931 = CARTESIAN_POINT('',(3.736421892034,-10.));
#2932 = CARTESIAN_POINT('',(3.699511932398,-10.));
#2933 = CARTESIAN_POINT('',(3.662501857343,-10.));
#2934 = CARTESIAN_POINT('',(3.603943740959,-10.));
#2935 = CARTESIAN_POINT('',(3.582458031383,-10.));
#2936 = CARTESIAN_POINT('',(3.560941965723,-10.));
#2937 = CARTESIAN_POINT('',(3.539396792129,-10.));
#2938 = CARTESIAN_POINT('',(3.517823893285,-10.));
#2939 = CARTESIAN_POINT('',(3.496224845012,-10.));
#2940 = CARTESIAN_POINT('',(3.460269342783,-10.));
#2941 = CARTESIAN_POINT('',(3.445926501517,-10.));
#2942 = CARTESIAN_POINT('',(3.431573464026,-10.));
#2943 = CARTESIAN_POINT('',(3.417210768949,-10.));
#2944 = CARTESIAN_POINT('',(3.402838980617,-10.));
#2945 = CARTESIAN_POINT('',(3.38845868905,-10.));
#2946 = CARTESIAN_POINT('',(3.340945061297,-10.));
#2947 = CARTESIAN_POINT('',(3.307777130378,-10.));
#2948 = CARTESIAN_POINT('',(3.274575311045,-10.));
#2949 = CARTESIAN_POINT('',(3.241347581553,-10.));
#2950 = CARTESIAN_POINT('',(3.208101931842,-10.));
#2951 = CARTESIAN_POINT('',(3.174846990811,-10.));
#2952 = CARTESIAN_POINT('',(3.093895021449,-10.));
#2953 = CARTESIAN_POINT('',(3.046193957689,-10.));
#2954 = CARTESIAN_POINT('',(2.99852186112,-10.));
#2955 = CARTESIAN_POINT('',(2.950903263985,-10.));
#2956 = CARTESIAN_POINT('',(2.903359249421,-10.));
#2957 = CARTESIAN_POINT('',(2.855911193566,-10.));
#2958 = CARTESIAN_POINT('',(2.786960462168,-10.));
#2959 = CARTESIAN_POINT('',(2.765361413895,-10.));
#2960 = CARTESIAN_POINT('',(2.743788515051,-10.));
#2961 = CARTESIAN_POINT('',(2.722243341456,-10.));
#2962 = CARTESIAN_POINT('',(2.700727275797,-10.));
#2963 = CARTESIAN_POINT('',(2.679241566221,-10.));
#2964 = CARTESIAN_POINT('',(2.620683449837,-10.));
#2965 = CARTESIAN_POINT('',(2.583673374782,-10.));
#2966 = CARTESIAN_POINT('',(2.546763415146,-10.));
#2967 = CARTESIAN_POINT('',(2.509957246171,-10.));
#2968 = CARTESIAN_POINT('',(2.473256891538,-10.));
#2969 = CARTESIAN_POINT('',(2.436663331037,-10.));
#2970 = CARTESIAN_POINT('',(2.361227727454,-10.));
#2971 = CARTESIAN_POINT('',(2.322400085436,-10.));
#2972 = CARTESIAN_POINT('',(2.283693196249,-10.));
#2973 = CARTESIAN_POINT('',(2.245104474126,-10.));
#2974 = CARTESIAN_POINT('',(2.206629754366,-10.));
#2975 = CARTESIAN_POINT('',(2.16826363511,-10.));
#2976 = CARTESIAN_POINT('',(2.049141887688,-10.));
#2977 = CARTESIAN_POINT('',(1.968751411208,-10.));
#2978 = CARTESIAN_POINT('',(1.888749720364,-10.));
#2979 = CARTESIAN_POINT('',(1.80904922566,-10.));
#2980 = CARTESIAN_POINT('',(1.729558383357,-10.));
#2981 = CARTESIAN_POINT('',(1.650179062956,-10.));
#2982 = CARTESIAN_POINT('',(1.570796326795,-10.));
#2983 = ( GEOMETRIC_REPRESENTATION_CONTEXT(2) 
PARAMETRIC_REPRESENTATION_CONTEXT() REPRESENTATION_CONTEXT('2D SPACE',''
  ) );
#2984 = ORIENTED_EDGE('',*,*,#2985,.F.);
#2985 = EDGE_CURVE('',#2986,#2768,#2988,.T.);
#2986 = VERTEX_POINT('',#2987);
#2987 = CARTESIAN_POINT('',(-18.5,-38.5,26.));
#2988 = SURFACE_CURVE('',#2989,(#2993,#3000),.PCURVE_S1.);
#2989 = LINE('',#2990,#2991);
#2990 = CARTESIAN_POINT('',(-18.5,-38.5,26.));
#2991 = VECTOR('',#2992,1.);
#2992 = DIRECTION('',(0.,1.,0.));
#2993 = PCURVE('',#669,#2994);
#2994 = DEFINITIONAL_REPRESENTATION('',(#2995),#2999);
#2995 = LINE('',#2996,#2997);
#2996 = CARTESIAN_POINT('',(-0.122357823109,38.5));
#2997 = VECTOR('',#2998,1.);
#2998 = DIRECTION('',(0.,-1.));
#2999 = ( GEOMETRIC_REPRESENTATION_CONTEXT(2) 
PARAMETRIC_REPRESENTATION_CONTEXT() REPRESENTATION_CONTEXT('2D SPACE',''
  ) );
#3000 = PCURVE('',#2520,#3001);
#3001 = DEFINITIONAL_REPRESENTATION('',(#3002),#3006);
#3002 = LINE('',#3003,#3004);
#3003 = CARTESIAN_POINT('',(31.5,11.5));
#3004 = VECTOR('',#3005,1.);
#3005 = DIRECTION('',(0.,1.));
#3006 = ( GEOMETRIC_REPRESENTATION_CONTEXT(2) 
PARAMETRIC_REPRESENTATION_CONTEXT() REPRESENTATION_CONTEXT('2D SPACE',''
  ) );
#3007 = ORIENTED_EDGE('',*,*,#3008,.F.);
#3008 = EDGE_CURVE('',#3009,#2986,#3011,.T.);
#3009 = VERTEX_POINT('',#3010);
#3010 = CARTESIAN_POINT('',(-18.5,-38.5,16.));
#3011 = SURFACE_CURVE('',#3012,(#3016,#3023),.PCURVE_S1.);
#3012 = LINE('',#3013,#3014);
#3013 = CARTESIAN_POINT('',(-18.5,-38.5,16.));
#3014 = VECTOR('',#3015,1.);
#3015 = DIRECTION('',(0.,0.,1.));
#3016 = PCURVE('',#669,#3017);
#3017 = DEFINITIONAL_REPRESENTATION('',(#3018),#3022);
#3018 = LINE('',#3019,#3020);
#3019 = CARTESIAN_POINT('',(-10.1223578231,38.5));
#3020 = VECTOR('',#3021,1.);
#3021 = DIRECTION('',(1.,0.));
#3022 = ( GEOMETRIC_REPRESENTATION_CONTEXT(2) 
PARAMETRIC_REPRESENTATION_CONTEXT() REPRESENTATION_CONTEXT('2D SPACE',''
  ) );
#3023 = PCURVE('',#2155,#3024);
#3024 = DEFINITIONAL_REPRESENTATION('',(#3025),#3029);
#3025 = LINE('',#3026,#3027);
#3026 = CARTESIAN_POINT('',(0.,9.));
#3027 = VECTOR('',#3028,1.);
#3028 = DIRECTION('',(1.,0.));
#3029 = ( GEOMETRIC_REPRESENTATION_CONTEXT(2) 
PARAMETRIC_REPRESENTATION_CONTEXT() REPRESENTATION_CONTEXT('2D SPACE',''
  ) );
#3030 = ORIENTED_EDGE('',*,*,#3031,.T.);
#3031 = EDGE_CURVE('',#3009,#2650,#3032,.T.);
#3032 = SURFACE_CURVE('',#3033,(#3037,#3044),.PCURVE_S1.);
#3033 = LINE('',#3034,#3035);
#3034 = CARTESIAN_POINT('',(-18.5,-38.5,16.));
#3035 = VECTOR('',#3036,1.);
#3036 = DIRECTION('',(0.,1.,0.));
#3037 = PCURVE('',#669,#3038);
#3038 = DEFINITIONAL_REPRESENTATION('',(#3039),#3043);
#3039 = LINE('',#3040,#3041);
#3040 = CARTESIAN_POINT('',(-10.1223578231,38.5));
#3041 = VECTOR('',#3042,1.);
#3042 = DIRECTION('',(0.,-1.));
#3043 = ( GEOMETRIC_REPRESENTATION_CONTEXT(2) 
PARAMETRIC_REPRESENTATION_CONTEXT() REPRESENTATION_CONTEXT('2D SPACE',''
  ) );
#3044 = PCURVE('',#2003,#3045);
#3045 = DEFINITIONAL_REPRESENTATION('',(#3046),#3050);
#3046 = LINE('',#3047,#3048);
#3047 = CARTESIAN_POINT('',(9.,0.));
#3048 = VECTOR('',#3049,1.);
#3049 = DIRECTION('',(0.,1.));
#3050 = ( GEOMETRIC_REPRESENTATION_CONTEXT(2) 
PARAMETRIC_REPRESENTATION_CONTEXT() REPRESENTATION_CONTEXT('2D SPACE',''
  ) );
#3051 = ORIENTED_EDGE('',*,*,#2649,.F.);
#3052 = ADVANCED_FACE('',(#3053),#726,.T.);
#3053 = FACE_BOUND('',#3054,.T.);
#3054 = EDGE_LOOP('',(#3055,#3078,#3106,#3127));
#3055 = ORIENTED_EDGE('',*,*,#3056,.F.);
#3056 = EDGE_CURVE('',#3057,#712,#3059,.T.);
#3057 = VERTEX_POINT('',#3058);
#3058 = CARTESIAN_POINT('',(20.,-18.,16.));
#3059 = SURFACE_CURVE('',#3060,(#3064,#3071),.PCURVE_S1.);
#3060 = LINE('',#3061,#3062);
#3061 = CARTESIAN_POINT('',(20.,-18.,16.));
#3062 = VECTOR('',#3063,1.);
#3063 = DIRECTION('',(0.,0.,-1.));
#3064 = PCURVE('',#726,#3065);
#3065 = DEFINITIONAL_REPRESENTATION('',(#3066),#3070);
#3066 = LINE('',#3067,#3068);
#3067 = CARTESIAN_POINT('',(0.,0.));
#3068 = VECTOR('',#3069,1.);
#3069 = DIRECTION('',(1.,0.));
#3070 = ( GEOMETRIC_REPRESENTATION_CONTEXT(2) 
PARAMETRIC_REPRESENTATION_CONTEXT() REPRESENTATION_CONTEXT('2D SPACE',''
  ) );
#3071 = PCURVE('',#802,#3072);
#3072 = DEFINITIONAL_REPRESENTATION('',(#3073),#3077);
#3073 = LINE('',#3074,#3075);
#3074 = CARTESIAN_POINT('',(-2.72215329431,-8.47215329431));
#3075 = VECTOR('',#3076,1.);
#3076 = DIRECTION('',(1.,0.));
#3077 = ( GEOMETRIC_REPRESENTATION_CONTEXT(2) 
PARAMETRIC_REPRESENTATION_CONTEXT() REPRESENTATION_CONTEXT('2D SPACE',''
  ) );
#3078 = ORIENTED_EDGE('',*,*,#3079,.T.);
#3079 = EDGE_CURVE('',#3057,#3080,#3082,.T.);
#3080 = VERTEX_POINT('',#3081);
#3081 = CARTESIAN_POINT('',(26.,-18.,16.));
#3082 = SURFACE_CURVE('',#3083,(#3087,#3094),.PCURVE_S1.);
#3083 = LINE('',#3084,#3085);
#3084 = CARTESIAN_POINT('',(20.,-18.,16.));
#3085 = VECTOR('',#3086,1.);
#3086 = DIRECTION('',(1.,0.,0.));
#3087 = PCURVE('',#726,#3088);
#3088 = DEFINITIONAL_REPRESENTATION('',(#3089),#3093);
#3089 = LINE('',#3090,#3091);
#3090 = CARTESIAN_POINT('',(0.,0.));
#3091 = VECTOR('',#3092,1.);
#3092 = DIRECTION('',(0.,-1.));
#3093 = ( GEOMETRIC_REPRESENTATION_CONTEXT(2) 
PARAMETRIC_REPRESENTATION_CONTEXT() REPRESENTATION_CONTEXT('2D SPACE',''
  ) );
#3094 = PCURVE('',#3095,#3100);
#3095 = PLANE('',#3096);
#3096 = AXIS2_PLACEMENT_3D('',#3097,#3098,#3099);
#3097 = CARTESIAN_POINT('',(18.5,-38.5,16.));
#3098 = DIRECTION('',(0.,0.,1.));
#3099 = DIRECTION('',(1.,0.,0.));
#3100 = DEFINITIONAL_REPRESENTATION('',(#3101),#3105);
#3101 = LINE('',#3102,#3103);
#3102 = CARTESIAN_POINT('',(1.5,20.5));
#3103 = VECTOR('',#3104,1.);
#3104 = DIRECTION('',(1.,0.));
#3105 = ( GEOMETRIC_REPRESENTATION_CONTEXT(2) 
PARAMETRIC_REPRESENTATION_CONTEXT() REPRESENTATION_CONTEXT('2D SPACE',''
  ) );
#3106 = ORIENTED_EDGE('',*,*,#3107,.T.);
#3107 = EDGE_CURVE('',#3080,#710,#3108,.T.);
#3108 = SURFACE_CURVE('',#3109,(#3113,#3120),.PCURVE_S1.);
#3109 = LINE('',#3110,#3111);
#3110 = CARTESIAN_POINT('',(26.,-18.,16.));
#3111 = VECTOR('',#3112,1.);
#3112 = DIRECTION('',(0.,0.,-1.));
#3113 = PCURVE('',#726,#3114);
#3114 = DEFINITIONAL_REPRESENTATION('',(#3115),#3119);
#3115 = LINE('',#3116,#3117);
#3116 = CARTESIAN_POINT('',(0.,-6.));
#3117 = VECTOR('',#3118,1.);
#3118 = DIRECTION('',(1.,0.));
#3119 = ( GEOMETRIC_REPRESENTATION_CONTEXT(2) 
PARAMETRIC_REPRESENTATION_CONTEXT() REPRESENTATION_CONTEXT('2D SPACE',''
  ) );
#3120 = PCURVE('',#752,#3121);
#3121 = DEFINITIONAL_REPRESENTATION('',(#3122),#3126);
#3122 = LINE('',#3123,#3124);
#3123 = CARTESIAN_POINT('',(-2.72215329431,-8.47215329431));
#3124 = VECTOR('',#3125,1.);
#3125 = DIRECTION('',(1.,0.));
#3126 = ( GEOMETRIC_REPRESENTATION_CONTEXT(2) 
PARAMETRIC_REPRESENTATION_CONTEXT() REPRESENTATION_CONTEXT('2D SPACE',''
  ) );
#3127 = ORIENTED_EDGE('',*,*,#709,.T.);
#3128 = ADVANCED_FACE('',(#3129),#752,.F.);
#3129 = FACE_BOUND('',#3130,.F.);
#3130 = EDGE_LOOP('',(#3131,#3132,#3155,#3176));
#3131 = ORIENTED_EDGE('',*,*,#737,.T.);
#3132 = ORIENTED_EDGE('',*,*,#3133,.T.);
#3133 = EDGE_CURVE('',#738,#3134,#3136,.T.);
#3134 = VERTEX_POINT('',#3135);
#3135 = CARTESIAN_POINT('',(26.,-38.5,16.));
#3136 = SURFACE_CURVE('',#3137,(#3141,#3148),.PCURVE_S1.);
#3137 = LINE('',#3138,#3139);
#3138 = CARTESIAN_POINT('',(26.,-18.,7.));
#3139 = VECTOR('',#3140,1.);
#3140 = DIRECTION('',(0.,-0.915644030191,0.401990062035));
#3141 = PCURVE('',#752,#3142);
#3142 = DEFINITIONAL_REPRESENTATION('',(#3143),#3147);
#3143 = LINE('',#3144,#3145);
#3144 = CARTESIAN_POINT('',(6.27784670569,-8.47215329431));
#3145 = VECTOR('',#3146,1.);
#3146 = DIRECTION('',(-0.401990062035,0.915644030191));
#3147 = ( GEOMETRIC_REPRESENTATION_CONTEXT(2) 
PARAMETRIC_REPRESENTATION_CONTEXT() REPRESENTATION_CONTEXT('2D SPACE',''
  ) );
#3148 = PCURVE('',#778,#3149);
#3149 = DEFINITIONAL_REPRESENTATION('',(#3150),#3154);
#3150 = LINE('',#3151,#3152);
#3151 = CARTESIAN_POINT('',(0.,-6.));
#3152 = VECTOR('',#3153,1.);
#3153 = DIRECTION('',(1.,0.));
#3154 = ( GEOMETRIC_REPRESENTATION_CONTEXT(2) 
PARAMETRIC_REPRESENTATION_CONTEXT() REPRESENTATION_CONTEXT('2D SPACE',''
  ) );
#3155 = ORIENTED_EDGE('',*,*,#3156,.T.);
#3156 = EDGE_CURVE('',#3134,#3080,#3157,.T.);
#3157 = SURFACE_CURVE('',#3158,(#3162,#3169),.PCURVE_S1.);
#3158 = LINE('',#3159,#3160);
#3159 = CARTESIAN_POINT('',(26.,-38.5,16.));
#3160 = VECTOR('',#3161,1.);
#3161 = DIRECTION('',(0.,1.,0.));
#3162 = PCURVE('',#752,#3163);
#3163 = DEFINITIONAL_REPRESENTATION('',(#3164),#3168);
#3164 = LINE('',#3165,#3166);
#3165 = CARTESIAN_POINT('',(-2.72215329431,12.02784670569));
#3166 = VECTOR('',#3167,1.);
#3167 = DIRECTION('',(0.,-1.));
#3168 = ( GEOMETRIC_REPRESENTATION_CONTEXT(2) 
PARAMETRIC_REPRESENTATION_CONTEXT() REPRESENTATION_CONTEXT('2D SPACE',''
  ) );
#3169 = PCURVE('',#3095,#3170);
#3170 = DEFINITIONAL_REPRESENTATION('',(#3171),#3175);
#3171 = LINE('',#3172,#3173);
#3172 = CARTESIAN_POINT('',(7.5,0.));
#3173 = VECTOR('',#3174,1.);
#3174 = DIRECTION('',(0.,1.));
#3175 = ( GEOMETRIC_REPRESENTATION_CONTEXT(2) 
PARAMETRIC_REPRESENTATION_CONTEXT() REPRESENTATION_CONTEXT('2D SPACE',''
  ) );
#3176 = ORIENTED_EDGE('',*,*,#3107,.T.);
#3177 = ADVANCED_FACE('',(#3178),#802,.T.);
#3178 = FACE_BOUND('',#3179,.T.);
#3179 = EDGE_LOOP('',(#3180,#3181,#3204,#3225));
#3180 = ORIENTED_EDGE('',*,*,#789,.T.);
#3181 = ORIENTED_EDGE('',*,*,#3182,.T.);
#3182 = EDGE_CURVE('',#764,#3183,#3185,.T.);
#3183 = VERTEX_POINT('',#3184);
#3184 = CARTESIAN_POINT('',(20.,-38.5,16.));
#3185 = SURFACE_CURVE('',#3186,(#3190,#3197),.PCURVE_S1.);
#3186 = LINE('',#3187,#3188);
#3187 = CARTESIAN_POINT('',(20.,-18.,7.));
#3188 = VECTOR('',#3189,1.);
#3189 = DIRECTION('',(0.,-0.915644030191,0.401990062035));
#3190 = PCURVE('',#802,#3191);
#3191 = DEFINITIONAL_REPRESENTATION('',(#3192),#3196);
#3192 = LINE('',#3193,#3194);
#3193 = CARTESIAN_POINT('',(6.27784670569,-8.47215329431));
#3194 = VECTOR('',#3195,1.);
#3195 = DIRECTION('',(-0.401990062035,0.915644030191));
#3196 = ( GEOMETRIC_REPRESENTATION_CONTEXT(2) 
PARAMETRIC_REPRESENTATION_CONTEXT() REPRESENTATION_CONTEXT('2D SPACE',''
  ) );
#3197 = PCURVE('',#778,#3198);
#3198 = DEFINITIONAL_REPRESENTATION('',(#3199),#3203);
#3199 = LINE('',#3200,#3201);
#3200 = CARTESIAN_POINT('',(0.,0.));
#3201 = VECTOR('',#3202,1.);
#3202 = DIRECTION('',(1.,0.));
#3203 = ( GEOMETRIC_REPRESENTATION_CONTEXT(2) 
PARAMETRIC_REPRESENTATION_CONTEXT() REPRESENTATION_CONTEXT('2D SPACE',''
  ) );
#3204 = ORIENTED_EDGE('',*,*,#3205,.T.);
#3205 = EDGE_CURVE('',#3183,#3057,#3206,.T.);
#3206 = SURFACE_CURVE('',#3207,(#3211,#3218),.PCURVE_S1.);
#3207 = LINE('',#3208,#3209);
#3208 = CARTESIAN_POINT('',(20.,-38.5,16.));
#3209 = VECTOR('',#3210,1.);
#3210 = DIRECTION('',(0.,1.,0.));
#3211 = PCURVE('',#802,#3212);
#3212 = DEFINITIONAL_REPRESENTATION('',(#3213),#3217);
#3213 = LINE('',#3214,#3215);
#3214 = CARTESIAN_POINT('',(-2.72215329431,12.02784670569));
#3215 = VECTOR('',#3216,1.);
#3216 = DIRECTION('',(0.,-1.));
#3217 = ( GEOMETRIC_REPRESENTATION_CONTEXT(2) 
PARAMETRIC_REPRESENTATION_CONTEXT() REPRESENTATION_CONTEXT('2D SPACE',''
  ) );
#3218 = PCURVE('',#3095,#3219);
#3219 = DEFINITIONAL_REPRESENTATION('',(#3220),#3224);
#3220 = LINE('',#3221,#3222);
#3221 = CARTESIAN_POINT('',(1.5,0.));
#3222 = VECTOR('',#3223,1.);
#3223 = DIRECTION('',(0.,1.));
#3224 = ( GEOMETRIC_REPRESENTATION_CONTEXT(2) 
PARAMETRIC_REPRESENTATION_CONTEXT() REPRESENTATION_CONTEXT('2D SPACE',''
  ) );
#3225 = ORIENTED_EDGE('',*,*,#3056,.T.);
#3226 = ADVANCED_FACE('',(#3227),#778,.T.);
#3227 = FACE_BOUND('',#3228,.T.);
#3228 = EDGE_LOOP('',(#3229,#3230,#3231,#3232));
#3229 = ORIENTED_EDGE('',*,*,#3182,.F.);
#3230 = ORIENTED_EDGE('',*,*,#763,.T.);
#3231 = ORIENTED_EDGE('',*,*,#3133,.T.);
#3232 = ORIENTED_EDGE('',*,*,#3233,.F.);
#3233 = EDGE_CURVE('',#3183,#3134,#3234,.T.);
#3234 = SURFACE_CURVE('',#3235,(#3239,#3246),.PCURVE_S1.);
#3235 = LINE('',#3236,#3237);
#3236 = CARTESIAN_POINT('',(20.,-38.5,16.));
#3237 = VECTOR('',#3238,1.);
#3238 = DIRECTION('',(1.,0.,0.));
#3239 = PCURVE('',#778,#3240);
#3240 = DEFINITIONAL_REPRESENTATION('',(#3241),#3245);
#3241 = LINE('',#3242,#3243);
#3242 = CARTESIAN_POINT('',(22.388613177238,0.));
#3243 = VECTOR('',#3244,1.);
#3244 = DIRECTION('',(0.,-1.));
#3245 = ( GEOMETRIC_REPRESENTATION_CONTEXT(2) 
PARAMETRIC_REPRESENTATION_CONTEXT() REPRESENTATION_CONTEXT('2D SPACE',''
  ) );
#3246 = PCURVE('',#3247,#3252);
#3247 = PLANE('',#3248);
#3248 = AXIS2_PLACEMENT_3D('',#3249,#3250,#3251);
#3249 = CARTESIAN_POINT('',(18.5,-38.5,16.));
#3250 = DIRECTION('',(0.,1.,0.));
#3251 = DIRECTION('',(0.,0.,1.));
#3252 = DEFINITIONAL_REPRESENTATION('',(#3253),#3257);
#3253 = LINE('',#3254,#3255);
#3254 = CARTESIAN_POINT('',(0.,1.5));
#3255 = VECTOR('',#3256,1.);
#3256 = DIRECTION('',(0.,1.));
#3257 = ( GEOMETRIC_REPRESENTATION_CONTEXT(2) 
PARAMETRIC_REPRESENTATION_CONTEXT() REPRESENTATION_CONTEXT('2D SPACE',''
  ) );
#3258 = ADVANCED_FACE('',(#3259),#833,.F.);
#3259 = FACE_BOUND('',#3260,.F.);
#3260 = EDGE_LOOP('',(#3261,#3262,#3285,#3313,#3341,#3369,#3595,#3623,
    #3646,#3669));
#3261 = ORIENTED_EDGE('',*,*,#815,.T.);
#3262 = ORIENTED_EDGE('',*,*,#3263,.T.);
#3263 = EDGE_CURVE('',#818,#3264,#3266,.T.);
#3264 = VERTEX_POINT('',#3265);
#3265 = CARTESIAN_POINT('',(18.5,16.681578947368,16.));
#3266 = SURFACE_CURVE('',#3267,(#3271,#3278),.PCURVE_S1.);
#3267 = LINE('',#3268,#3269);
#3268 = CARTESIAN_POINT('',(18.5,16.681578947368,8.));
#3269 = VECTOR('',#3270,1.);
#3270 = DIRECTION('',(0.,0.,1.));
#3271 = PCURVE('',#833,#3272);
#3272 = DEFINITIONAL_REPRESENTATION('',(#3273),#3277);
#3273 = LINE('',#3274,#3275);
#3274 = CARTESIAN_POINT('',(-18.10640197485,-16.68157894736));
#3275 = VECTOR('',#3276,1.);
#3276 = DIRECTION('',(1.,0.));
#3277 = ( GEOMETRIC_REPRESENTATION_CONTEXT(2) 
PARAMETRIC_REPRESENTATION_CONTEXT() REPRESENTATION_CONTEXT('2D SPACE',''
  ) );
#3278 = PCURVE('',#861,#3279);
#3279 = DEFINITIONAL_REPRESENTATION('',(#3280),#3284);
#3280 = LINE('',#3281,#3282);
#3281 = CARTESIAN_POINT('',(0.,0.));
#3282 = VECTOR('',#3283,1.);
#3283 = DIRECTION('',(1.,0.));
#3284 = ( GEOMETRIC_REPRESENTATION_CONTEXT(2) 
PARAMETRIC_REPRESENTATION_CONTEXT() REPRESENTATION_CONTEXT('2D SPACE',''
  ) );
#3285 = ORIENTED_EDGE('',*,*,#3286,.T.);
#3286 = EDGE_CURVE('',#3264,#3287,#3289,.T.);
#3287 = VERTEX_POINT('',#3288);
#3288 = CARTESIAN_POINT('',(18.5,38.5,16.));
#3289 = SURFACE_CURVE('',#3290,(#3294,#3301),.PCURVE_S1.);
#3290 = LINE('',#3291,#3292);
#3291 = CARTESIAN_POINT('',(18.5,15.,16.));
#3292 = VECTOR('',#3293,1.);
#3293 = DIRECTION('',(0.,1.,0.));
#3294 = PCURVE('',#833,#3295);
#3295 = DEFINITIONAL_REPRESENTATION('',(#3296),#3300);
#3296 = LINE('',#3297,#3298);
#3297 = CARTESIAN_POINT('',(-10.10640197485,-15.));
#3298 = VECTOR('',#3299,1.);
#3299 = DIRECTION('',(0.,-1.));
#3300 = ( GEOMETRIC_REPRESENTATION_CONTEXT(2) 
PARAMETRIC_REPRESENTATION_CONTEXT() REPRESENTATION_CONTEXT('2D SPACE',''
  ) );
#3301 = PCURVE('',#3302,#3307);
#3302 = PLANE('',#3303);
#3303 = AXIS2_PLACEMENT_3D('',#3304,#3305,#3306);
#3304 = CARTESIAN_POINT('',(18.5,15.,16.));
#3305 = DIRECTION('',(0.,0.,1.));
#3306 = DIRECTION('',(1.,0.,0.));
#3307 = DEFINITIONAL_REPRESENTATION('',(#3308),#3312);
#3308 = LINE('',#3309,#3310);
#3309 = CARTESIAN_POINT('',(0.,0.));
#3310 = VECTOR('',#3311,1.);
#3311 = DIRECTION('',(0.,1.));
#3312 = ( GEOMETRIC_REPRESENTATION_CONTEXT(2) 
PARAMETRIC_REPRESENTATION_CONTEXT() REPRESENTATION_CONTEXT('2D SPACE',''
  ) );
#3313 = ORIENTED_EDGE('',*,*,#3314,.T.);
#3314 = EDGE_CURVE('',#3287,#3315,#3317,.T.);
#3315 = VERTEX_POINT('',#3316);
#3316 = CARTESIAN_POINT('',(18.5,38.5,26.));
#3317 = SURFACE_CURVE('',#3318,(#3322,#3329),.PCURVE_S1.);
#3318 = LINE('',#3319,#3320);
#3319 = CARTESIAN_POINT('',(18.5,38.5,16.));
#3320 = VECTOR('',#3321,1.);
#3321 = DIRECTION('',(0.,0.,1.));
#3322 = PCURVE('',#833,#3323);
#3323 = DEFINITIONAL_REPRESENTATION('',(#3324),#3328);
#3324 = LINE('',#3325,#3326);
#3325 = CARTESIAN_POINT('',(-10.10640197485,-38.5));
#3326 = VECTOR('',#3327,1.);
#3327 = DIRECTION('',(1.,0.));
#3328 = ( GEOMETRIC_REPRESENTATION_CONTEXT(2) 
PARAMETRIC_REPRESENTATION_CONTEXT() REPRESENTATION_CONTEXT('2D SPACE',''
  ) );
#3329 = PCURVE('',#3330,#3335);
#3330 = PLANE('',#3331);
#3331 = AXIS2_PLACEMENT_3D('',#3332,#3333,#3334);
#3332 = CARTESIAN_POINT('',(18.5,38.5,16.));
#3333 = DIRECTION('',(0.,1.,0.));
#3334 = DIRECTION('',(0.,0.,1.));
#3335 = DEFINITIONAL_REPRESENTATION('',(#3336),#3340);
#3336 = LINE('',#3337,#3338);
#3337 = CARTESIAN_POINT('',(0.,0.));
#3338 = VECTOR('',#3339,1.);
#3339 = DIRECTION('',(1.,0.));
#3340 = ( GEOMETRIC_REPRESENTATION_CONTEXT(2) 
PARAMETRIC_REPRESENTATION_CONTEXT() REPRESENTATION_CONTEXT('2D SPACE',''
  ) );
#3341 = ORIENTED_EDGE('',*,*,#3342,.F.);
#3342 = EDGE_CURVE('',#3343,#3315,#3345,.T.);
#3343 = VERTEX_POINT('',#3344);
#3344 = CARTESIAN_POINT('',(18.5,12.681578947368,26.));
#3345 = SURFACE_CURVE('',#3346,(#3350,#3357),.PCURVE_S1.);
#3346 = LINE('',#3347,#3348);
#3347 = CARTESIAN_POINT('',(18.5,-38.5,26.));
#3348 = VECTOR('',#3349,1.);
#3349 = DIRECTION('',(0.,1.,0.));
#3350 = PCURVE('',#833,#3351);
#3351 = DEFINITIONAL_REPRESENTATION('',(#3352),#3356);
#3352 = LINE('',#3353,#3354);
#3353 = CARTESIAN_POINT('',(-0.106401974852,38.5));
#3354 = VECTOR('',#3355,1.);
#3355 = DIRECTION('',(0.,-1.));
#3356 = ( GEOMETRIC_REPRESENTATION_CONTEXT(2) 
PARAMETRIC_REPRESENTATION_CONTEXT() REPRESENTATION_CONTEXT('2D SPACE',''
  ) );
#3357 = PCURVE('',#3358,#3363);
#3358 = PLANE('',#3359);
#3359 = AXIS2_PLACEMENT_3D('',#3360,#3361,#3362);
#3360 = CARTESIAN_POINT('',(-50.,-50.,26.));
#3361 = DIRECTION('',(0.,0.,1.));
#3362 = DIRECTION('',(1.,0.,0.));
#3363 = DEFINITIONAL_REPRESENTATION('',(#3364),#3368);
#3364 = LINE('',#3365,#3366);
#3365 = CARTESIAN_POINT('',(68.5,11.5));
#3366 = VECTOR('',#3367,1.);
#3367 = DIRECTION('',(0.,1.));
#3368 = ( GEOMETRIC_REPRESENTATION_CONTEXT(2) 
PARAMETRIC_REPRESENTATION_CONTEXT() REPRESENTATION_CONTEXT('2D SPACE',''
  ) );
#3369 = ORIENTED_EDGE('',*,*,#3370,.T.);
#3370 = EDGE_CURVE('',#3343,#3371,#3373,.T.);
#3371 = VERTEX_POINT('',#3372);
#3372 = CARTESIAN_POINT('',(18.5,-12.68157894736,26.));
#3373 = SURFACE_CURVE('',#3374,(#3443,#3515),.PCURVE_S1.);
#3374 = B_SPLINE_CURVE_WITH_KNOTS('',7,(#3375,#3376,#3377,#3378,#3379,
    #3380,#3381,#3382,#3383,#3384,#3385,#3386,#3387,#3388,#3389,#3390,
    #3391,#3392,#3393,#3394,#3395,#3396,#3397,#3398,#3399,#3400,#3401,
    #3402,#3403,#3404,#3405,#3406,#3407,#3408,#3409,#3410,#3411,#3412,
    #3413,#3414,#3415,#3416,#3417,#3418,#3419,#3420,#3421,#3422,#3423,
    #3424,#3425,#3426,#3427,#3428,#3429,#3430,#3431,#3432,#3433,#3434,
    #3435,#3436,#3437,#3438,#3439,#3440,#3441,#3442),.UNSPECIFIED.,.F.,
  .F.,(8,6,6,6,6,6,6,6,6,6,6,8),(0.,0.182480231288,0.266984792069,
    0.348166993804,0.397105211679,0.428255387757,0.499999684658,
    0.60289239009,0.651830903517,0.733013595534,0.817518666662,1.),
  .UNSPECIFIED.);
#3375 = CARTESIAN_POINT('',(18.5,12.681578947368,26.));
#3376 = CARTESIAN_POINT('',(18.5,12.681578947369,24.927173743392));
#3377 = CARTESIAN_POINT('',(18.5,12.588252712571,23.85437298234));
#3378 = CARTESIAN_POINT('',(18.5,12.401608447685,22.791245566126));
#3379 = CARTESIAN_POINT('',(18.5,12.122362470894,21.747620092718));
#3380 = CARTESIAN_POINT('',(18.5,11.752098352092,20.733463454473));
#3381 = CARTESIAN_POINT('',(18.5,11.293352628724,19.758857295692));
#3382 = CARTESIAN_POINT('',(18.5,10.498225345569,18.405578339118));
#3383 = CARTESIAN_POINT('',(18.5,10.22840169881,17.987916879683));
#3384 = CARTESIAN_POINT('',(18.5,9.940812048137,17.581944863139));
#3385 = CARTESIAN_POINT('',(18.5,9.635906137379,17.188683177263));
#3386 = CARTESIAN_POINT('',(18.5,9.314203363358,16.809148398334));
#3387 = CARTESIAN_POINT('',(18.5,8.976301005058,16.444346067644));
#3388 = CARTESIAN_POINT('',(18.5,8.283358811222,15.759906288209));
#3389 = CARTESIAN_POINT('',(18.5,7.929510320827,15.439052490583));
#3390 = CARTESIAN_POINT('',(18.5,7.561949392248,15.133583006112));
#3391 = CARTESIAN_POINT('',(18.5,7.181354275815,14.8443536439));
#3392 = CARTESIAN_POINT('',(18.5,6.78847549862,14.572186445097));
#3393 = CARTESIAN_POINT('',(18.5,6.384142301598,14.31786053682));
#3394 = CARTESIAN_POINT('',(18.5,5.719175388048,13.939983726715));
#3395 = CARTESIAN_POINT('',(18.5,5.465249791952,13.804610915571));
#3396 = CARTESIAN_POINT('',(18.5,5.207692297168,13.676143384694));
#3397 = CARTESIAN_POINT('',(18.5,4.94671164291,13.554731436209));
#3398 = CARTESIAN_POINT('',(18.5,4.682525645613,13.440516047234));
#3399 = CARTESIAN_POINT('',(18.5,4.415361545812,13.333628074804));
#3400 = CARTESIAN_POINT('',(18.5,3.973656183652,13.170891477203));
#3401 = CARTESIAN_POINT('',(18.5,3.800745090248,13.110612676863));
#3402 = CARTESIAN_POINT('',(18.5,3.626784038734,13.053382016138));
#3403 = CARTESIAN_POINT('',(18.5,3.451835197977,12.999228389919));
#3404 = CARTESIAN_POINT('',(18.5,3.275961941785,12.948178631619));
#3405 = CARTESIAN_POINT('',(18.5,3.099228848909,12.900257513183));
#3406 = CARTESIAN_POINT('',(18.5,2.512825675204,12.752375148628));
#3407 = CARTESIAN_POINT('',(18.5,2.099729525048,12.665977334885));
#3408 = CARTESIAN_POINT('',(18.5,1.683227918386,12.59657340259));
#3409 = CARTESIAN_POINT('',(18.5,1.264150978175,12.544375938158));
#3410 = CARTESIAN_POINT('',(18.5,0.84334422533,12.509528860053));
#3411 = CARTESIAN_POINT('',(18.5,0.421668519523,12.492105263158));
#3412 = CARTESIAN_POINT('',(18.5,-0.604739563191,12.492105263158));
#3413 = CARTESIAN_POINT('',(18.5,-1.209520171378,12.527941757774));
#3414 = CARTESIAN_POINT('',(18.5,-1.811718703369,12.599623032252));
#3415 = CARTESIAN_POINT('',(18.5,-2.408807369582,12.706825433019));
#3416 = CARTESIAN_POINT('',(18.5,-2.998346595107,12.848944965334));
#3417 = CARTESIAN_POINT('',(18.5,-3.577983554027,13.025114624521));
#3418 = CARTESIAN_POINT('',(18.5,-4.415361545809,13.333628074803));
#3419 = CARTESIAN_POINT('',(18.5,-4.682525645609,13.440516047233));
#3420 = CARTESIAN_POINT('',(18.5,-4.946711642907,13.554731436208));
#3421 = CARTESIAN_POINT('',(18.5,-5.207692297165,13.676143384693));
#3422 = CARTESIAN_POINT('',(18.5,-5.465249791948,13.804610915569));
#3423 = CARTESIAN_POINT('',(18.5,-5.719175388045,13.939983726714));
#3424 = CARTESIAN_POINT('',(18.5,-6.384142301595,14.317860536818));
#3425 = CARTESIAN_POINT('',(18.5,-6.788475498617,14.572186445095));
#3426 = CARTESIAN_POINT('',(18.5,-7.181354275812,14.844353643898));
#3427 = CARTESIAN_POINT('',(18.5,-7.561949392246,15.133583006109));
#3428 = CARTESIAN_POINT('',(18.5,-7.929510320824,15.439052490581));
#3429 = CARTESIAN_POINT('',(18.5,-8.283358811219,15.759906288206));
#3430 = CARTESIAN_POINT('',(18.5,-8.976301005056,16.444346067641));
#3431 = CARTESIAN_POINT('',(18.5,-9.314203363356,16.809148398331));
#3432 = CARTESIAN_POINT('',(18.5,-9.635906137377,17.18868317726));
#3433 = CARTESIAN_POINT('',(18.5,-9.940812048135,17.581944863136));
#3434 = CARTESIAN_POINT('',(18.5,-10.2284016988,17.98791687968));
#3435 = CARTESIAN_POINT('',(18.5,-10.49822534556,18.405578339115));
#3436 = CARTESIAN_POINT('',(18.5,-11.29335262872,19.758857295693));
#3437 = CARTESIAN_POINT('',(18.5,-11.75209835208,20.733463454456));
#3438 = CARTESIAN_POINT('',(18.5,-12.1223624709,21.74762009274));
#3439 = CARTESIAN_POINT('',(18.5,-12.40160844767,22.791245566102));
#3440 = CARTESIAN_POINT('',(18.5,-12.58825271257,23.85437298235));
#3441 = CARTESIAN_POINT('',(18.5,-12.68157894736,24.927173743389));
#3442 = CARTESIAN_POINT('',(18.5,-12.68157894736,26.));
#3443 = PCURVE('',#833,#3444);
#3444 = DEFINITIONAL_REPRESENTATION('',(#3445),#3514);
#3445 = B_SPLINE_CURVE_WITH_KNOTS('',7,(#3446,#3447,#3448,#3449,#3450,
    #3451,#3452,#3453,#3454,#3455,#3456,#3457,#3458,#3459,#3460,#3461,
    #3462,#3463,#3464,#3465,#3466,#3467,#3468,#3469,#3470,#3471,#3472,
    #3473,#3474,#3475,#3476,#3477,#3478,#3479,#3480,#3481,#3482,#3483,
    #3484,#3485,#3486,#3487,#3488,#3489,#3490,#3491,#3492,#3493,#3494,
    #3495,#3496,#3497,#3498,#3499,#3500,#3501,#3502,#3503,#3504,#3505,
    #3506,#3507,#3508,#3509,#3510,#3511,#3512,#3513),.UNSPECIFIED.,.F.,
  .F.,(8,6,6,6,6,6,6,6,6,6,6,8),(0.,0.182480231288,0.266984792069,
    0.348166993804,0.397105211679,0.428255387757,0.499999684658,
    0.60289239009,0.651830903517,0.733013595534,0.817518666662,1.),
  .UNSPECIFIED.);
#3446 = CARTESIAN_POINT('',(-0.106401974852,-12.68157894736));
#3447 = CARTESIAN_POINT('',(-1.17922823146,-12.68157894736));
#3448 = CARTESIAN_POINT('',(-2.252028992513,-12.58825271257));
#3449 = CARTESIAN_POINT('',(-3.315156408727,-12.40160844768));
#3450 = CARTESIAN_POINT('',(-4.358781882135,-12.12236247089));
#3451 = CARTESIAN_POINT('',(-5.372938520379,-11.75209835209));
#3452 = CARTESIAN_POINT('',(-6.347544679161,-11.29335262872));
#3453 = CARTESIAN_POINT('',(-7.700823635734,-10.49822534556));
#3454 = CARTESIAN_POINT('',(-8.11848509517,-10.22840169881));
#3455 = CARTESIAN_POINT('',(-8.524457111714,-9.940812048137));
#3456 = CARTESIAN_POINT('',(-8.91771879759,-9.635906137379));
#3457 = CARTESIAN_POINT('',(-9.297253576518,-9.314203363358));
#3458 = CARTESIAN_POINT('',(-9.662055907209,-8.976301005058));
#3459 = CARTESIAN_POINT('',(-10.34649568664,-8.283358811222));
#3460 = CARTESIAN_POINT('',(-10.66734948426,-7.929510320827));
#3461 = CARTESIAN_POINT('',(-10.97281896874,-7.561949392248));
#3462 = CARTESIAN_POINT('',(-11.26204833095,-7.181354275815));
#3463 = CARTESIAN_POINT('',(-11.53421552975,-6.78847549862));
#3464 = CARTESIAN_POINT('',(-11.78854143803,-6.384142301598));
#3465 = CARTESIAN_POINT('',(-12.16641824813,-5.719175388048));
#3466 = CARTESIAN_POINT('',(-12.30179105928,-5.465249791952));
#3467 = CARTESIAN_POINT('',(-12.43025859015,-5.207692297168));
#3468 = CARTESIAN_POINT('',(-12.55167053864,-4.94671164291));
#3469 = CARTESIAN_POINT('',(-12.66588592761,-4.682525645613));
#3470 = CARTESIAN_POINT('',(-12.77277390004,-4.415361545812));
#3471 = CARTESIAN_POINT('',(-12.93551049764,-3.973656183652));
#3472 = CARTESIAN_POINT('',(-12.99578929798,-3.800745090248));
#3473 = CARTESIAN_POINT('',(-13.05301995871,-3.626784038734));
#3474 = CARTESIAN_POINT('',(-13.10717358493,-3.451835197977));
#3475 = CARTESIAN_POINT('',(-13.15822334323,-3.275961941785));
#3476 = CARTESIAN_POINT('',(-13.20614446167,-3.099228848909));
#3477 = CARTESIAN_POINT('',(-13.35402682622,-2.512825675204));
#3478 = CARTESIAN_POINT('',(-13.44042463996,-2.099729525048));
#3479 = CARTESIAN_POINT('',(-13.50982857226,-1.683227918386));
#3480 = CARTESIAN_POINT('',(-13.56202603669,-1.264150978175));
#3481 = CARTESIAN_POINT('',(-13.5968731148,-0.84334422533));
#3482 = CARTESIAN_POINT('',(-13.61429671169,-0.421668519523));
#3483 = CARTESIAN_POINT('',(-13.61429671169,0.604739563191));
#3484 = CARTESIAN_POINT('',(-13.57846021707,1.209520171378));
#3485 = CARTESIAN_POINT('',(-13.5067789426,1.811718703369));
#3486 = CARTESIAN_POINT('',(-13.39957654183,2.408807369582));
#3487 = CARTESIAN_POINT('',(-13.25745700951,2.998346595107));
#3488 = CARTESIAN_POINT('',(-13.08128735033,3.577983554027));
#3489 = CARTESIAN_POINT('',(-12.77277390005,4.415361545809));
#3490 = CARTESIAN_POINT('',(-12.66588592762,4.682525645609));
#3491 = CARTESIAN_POINT('',(-12.55167053864,4.946711642907));
#3492 = CARTESIAN_POINT('',(-12.43025859016,5.207692297165));
#3493 = CARTESIAN_POINT('',(-12.30179105928,5.465249791948));
#3494 = CARTESIAN_POINT('',(-12.16641824813,5.719175388045));
#3495 = CARTESIAN_POINT('',(-11.78854143803,6.384142301595));
#3496 = CARTESIAN_POINT('',(-11.53421552975,6.788475498617));
#3497 = CARTESIAN_POINT('',(-11.26204833095,7.181354275812));
#3498 = CARTESIAN_POINT('',(-10.97281896874,7.561949392246));
#3499 = CARTESIAN_POINT('',(-10.66734948427,7.929510320824));
#3500 = CARTESIAN_POINT('',(-10.34649568664,8.283358811219));
#3501 = CARTESIAN_POINT('',(-9.662055907211,8.976301005056));
#3502 = CARTESIAN_POINT('',(-9.297253576521,9.314203363356));
#3503 = CARTESIAN_POINT('',(-8.917718797592,9.635906137377));
#3504 = CARTESIAN_POINT('',(-8.524457111716,9.940812048135));
#3505 = CARTESIAN_POINT('',(-8.118485095173,10.228401698808));
#3506 = CARTESIAN_POINT('',(-7.700823635737,10.498225345567));
#3507 = CARTESIAN_POINT('',(-6.34754467916,11.293352628725));
#3508 = CARTESIAN_POINT('',(-5.372938520396,11.752098352084));
#3509 = CARTESIAN_POINT('',(-4.358781882112,12.122362470904));
#3510 = CARTESIAN_POINT('',(-3.31515640875,12.401608447678));
#3511 = CARTESIAN_POINT('',(-2.252028992503,12.588252712573));
#3512 = CARTESIAN_POINT('',(-1.179228231463,12.681578947368));
#3513 = CARTESIAN_POINT('',(-0.106401974852,12.681578947368));
#3514 = ( GEOMETRIC_REPRESENTATION_CONTEXT(2) 
PARAMETRIC_REPRESENTATION_CONTEXT() REPRESENTATION_CONTEXT('2D SPACE',''
  ) );
#3515 = PCURVE('',#3516,#3524);
#3516 = SURFACE_OF_LINEAR_EXTRUSION('',#3517,#3522);
#3517 = ELLIPSE('',#3518,13.507894736842,12.681578947368);
#3518 = AXIS2_PLACEMENT_3D('',#3519,#3520,#3521);
#3519 = CARTESIAN_POINT('',(17.5,0.,26.));
#3520 = DIRECTION('',(1.,0.,-0.));
#3521 = DIRECTION('',(0.,1.110223024625E-16,1.));
#3522 = VECTOR('',#3523,1.);
#3523 = DIRECTION('',(-1.,-0.,-0.));
#3524 = DEFINITIONAL_REPRESENTATION('',(#3525),#3594);
#3525 = B_SPLINE_CURVE_WITH_KNOTS('',7,(#3526,#3527,#3528,#3529,#3530,
    #3531,#3532,#3533,#3534,#3535,#3536,#3537,#3538,#3539,#3540,#3541,
    #3542,#3543,#3544,#3545,#3546,#3547,#3548,#3549,#3550,#3551,#3552,
    #3553,#3554,#3555,#3556,#3557,#3558,#3559,#3560,#3561,#3562,#3563,
    #3564,#3565,#3566,#3567,#3568,#3569,#3570,#3571,#3572,#3573,#3574,
    #3575,#3576,#3577,#3578,#3579,#3580,#3581,#3582,#3583,#3584,#3585,
    #3586,#3587,#3588,#3589,#3590,#3591,#3592,#3593),.UNSPECIFIED.,.F.,
  .F.,(8,6,6,6,6,6,6,6,6,6,6,8),(0.,0.182480231288,0.266984792069,
    0.348166993804,0.397105211679,0.428255387757,0.499999684658,
    0.60289239009,0.651830903517,0.733013595534,0.817518666662,1.),
  .UNSPECIFIED.);
#3526 = CARTESIAN_POINT('',(4.712388980385,-1.));
#3527 = CARTESIAN_POINT('',(4.632966814495,-1.));
#3528 = CARTESIAN_POINT('',(4.553546521498,-1.));
#3529 = CARTESIAN_POINT('',(4.474024169821,-1.));
#3530 = CARTESIAN_POINT('',(4.394308888811,-1.));
#3531 = CARTESIAN_POINT('',(4.314315897494,-1.));
#3532 = CARTESIAN_POINT('',(4.233964415147,-1.));
#3533 = CARTESIAN_POINT('',(4.115777667446,-1.));
#3534 = CARTESIAN_POINT('',(4.078280020921,-1.));
#3535 = CARTESIAN_POINT('',(4.040687285761,-1.));
#3536 = CARTESIAN_POINT('',(4.002994906705,-1.));
#3537 = CARTESIAN_POINT('',(3.965199356885,-1.));
#3538 = CARTESIAN_POINT('',(3.927298458776,-1.));
#3539 = CARTESIAN_POINT('',(3.852779215024,-1.));
#3540 = CARTESIAN_POINT('',(3.816168520923,-1.));
#3541 = CARTESIAN_POINT('',(3.779459930071,-1.));
#3542 = CARTESIAN_POINT('',(3.742654216486,-1.));
#3543 = CARTESIAN_POINT('',(3.705753193653,-1.));
#3544 = CARTESIAN_POINT('',(3.668760287194,-1.));
#3545 = CARTESIAN_POINT('',(3.609329053365,-1.));
#3546 = CARTESIAN_POINT('',(3.586945492715,-1.));
#3547 = CARTESIAN_POINT('',(3.564531639487,-1.));
#3548 = CARTESIAN_POINT('',(3.542088777751,-1.));
#3549 = CARTESIAN_POINT('',(3.519618330327,-1.));
#3550 = CARTESIAN_POINT('',(3.497121927356,-1.));
#3551 = CARTESIAN_POINT('',(3.460266746498,-1.));
#3552 = CARTESIAN_POINT('',(3.445922248841,-1.));
#3553 = CARTESIAN_POINT('',(3.431568453007,-1.));
#3554 = CARTESIAN_POINT('',(3.417205852956,-1.));
#3555 = CARTESIAN_POINT('',(3.402834965505,-1.));
#3556 = CARTESIAN_POINT('',(3.388456330328,-1.));
#3557 = CARTESIAN_POINT('',(3.340937452685,-1.));
#3558 = CARTESIAN_POINT('',(3.30776565256,-1.));
#3559 = CARTESIAN_POINT('',(3.274562989022,-1.));
#3560 = CARTESIAN_POINT('',(3.241336738179,-1.));
#3561 = CARTESIAN_POINT('',(3.208094167125,-1.));
#3562 = CARTESIAN_POINT('',(3.174843128256,-1.));
#3563 = CARTESIAN_POINT('',(3.093906197061,-1.));
#3564 = CARTESIAN_POINT('',(3.046216519892,-1.));
#3565 = CARTESIAN_POINT('',(2.998553261437,-1.));
#3566 = CARTESIAN_POINT('',(2.950938738978,-1.));
#3567 = CARTESIAN_POINT('',(2.903392094626,-1.));
#3568 = CARTESIAN_POINT('',(2.855932844806,-1.));
#3569 = CARTESIAN_POINT('',(2.786063379824,-1.));
#3570 = CARTESIAN_POINT('',(2.763566976853,-1.));
#3571 = CARTESIAN_POINT('',(2.741096529429,-1.));
#3572 = CARTESIAN_POINT('',(2.718653667693,-1.));
#3573 = CARTESIAN_POINT('',(2.696239814465,-1.));
#3574 = CARTESIAN_POINT('',(2.673856253815,-1.));
#3575 = CARTESIAN_POINT('',(2.614425019986,-1.));
#3576 = CARTESIAN_POINT('',(2.577432113527,-1.));
#3577 = CARTESIAN_POINT('',(2.540531090694,-1.));
#3578 = CARTESIAN_POINT('',(2.503725377109,-1.));
#3579 = CARTESIAN_POINT('',(2.467016786257,-1.));
#3580 = CARTESIAN_POINT('',(2.430406092156,-1.));
#3581 = CARTESIAN_POINT('',(2.355886848404,-1.));
#3582 = CARTESIAN_POINT('',(2.317985950294,-1.));
#3583 = CARTESIAN_POINT('',(2.280190400475,-1.));
#3584 = CARTESIAN_POINT('',(2.242498021419,-1.));
#3585 = CARTESIAN_POINT('',(2.204905286259,-1.));
#3586 = CARTESIAN_POINT('',(2.167407639733,-1.));
#3587 = CARTESIAN_POINT('',(2.049220892033,-1.));
#3588 = CARTESIAN_POINT('',(1.968869409687,-1.));
#3589 = CARTESIAN_POINT('',(1.888876418367,-1.));
#3590 = CARTESIAN_POINT('',(1.809161137362,-1.));
#3591 = CARTESIAN_POINT('',(1.72963878568,-1.));
#3592 = CARTESIAN_POINT('',(1.650218492685,-1.));
#3593 = CARTESIAN_POINT('',(1.570796326795,-1.));
#3594 = ( GEOMETRIC_REPRESENTATION_CONTEXT(2) 
PARAMETRIC_REPRESENTATION_CONTEXT() REPRESENTATION_CONTEXT('2D SPACE',''
  ) );
#3595 = ORIENTED_EDGE('',*,*,#3596,.F.);
#3596 = EDGE_CURVE('',#3597,#3371,#3599,.T.);
#3597 = VERTEX_POINT('',#3598);
#3598 = CARTESIAN_POINT('',(18.5,-38.5,26.));
#3599 = SURFACE_CURVE('',#3600,(#3604,#3611),.PCURVE_S1.);
#3600 = LINE('',#3601,#3602);
#3601 = CARTESIAN_POINT('',(18.5,-38.5,26.));
#3602 = VECTOR('',#3603,1.);
#3603 = DIRECTION('',(0.,1.,0.));
#3604 = PCURVE('',#833,#3605);
#3605 = DEFINITIONAL_REPRESENTATION('',(#3606),#3610);
#3606 = LINE('',#3607,#3608);
#3607 = CARTESIAN_POINT('',(-0.106401974852,38.5));
#3608 = VECTOR('',#3609,1.);
#3609 = DIRECTION('',(0.,-1.));
#3610 = ( GEOMETRIC_REPRESENTATION_CONTEXT(2) 
PARAMETRIC_REPRESENTATION_CONTEXT() REPRESENTATION_CONTEXT('2D SPACE',''
  ) );
#3611 = PCURVE('',#3612,#3617);
#3612 = PLANE('',#3613);
#3613 = AXIS2_PLACEMENT_3D('',#3614,#3615,#3616);
#3614 = CARTESIAN_POINT('',(-50.,-50.,26.));
#3615 = DIRECTION('',(0.,0.,1.));
#3616 = DIRECTION('',(1.,0.,0.));
#3617 = DEFINITIONAL_REPRESENTATION('',(#3618),#3622);
#3618 = LINE('',#3619,#3620);
#3619 = CARTESIAN_POINT('',(68.5,11.5));
#3620 = VECTOR('',#3621,1.);
#3621 = DIRECTION('',(0.,1.));
#3622 = ( GEOMETRIC_REPRESENTATION_CONTEXT(2) 
PARAMETRIC_REPRESENTATION_CONTEXT() REPRESENTATION_CONTEXT('2D SPACE',''
  ) );
#3623 = ORIENTED_EDGE('',*,*,#3624,.F.);
#3624 = EDGE_CURVE('',#3625,#3597,#3627,.T.);
#3625 = VERTEX_POINT('',#3626);
#3626 = CARTESIAN_POINT('',(18.5,-38.5,16.));
#3627 = SURFACE_CURVE('',#3628,(#3632,#3639),.PCURVE_S1.);
#3628 = LINE('',#3629,#3630);
#3629 = CARTESIAN_POINT('',(18.5,-38.5,16.));
#3630 = VECTOR('',#3631,1.);
#3631 = DIRECTION('',(0.,0.,1.));
#3632 = PCURVE('',#833,#3633);
#3633 = DEFINITIONAL_REPRESENTATION('',(#3634),#3638);
#3634 = LINE('',#3635,#3636);
#3635 = CARTESIAN_POINT('',(-10.10640197485,38.5));
#3636 = VECTOR('',#3637,1.);
#3637 = DIRECTION('',(1.,0.));
#3638 = ( GEOMETRIC_REPRESENTATION_CONTEXT(2) 
PARAMETRIC_REPRESENTATION_CONTEXT() REPRESENTATION_CONTEXT('2D SPACE',''
  ) );
#3639 = PCURVE('',#3247,#3640);
#3640 = DEFINITIONAL_REPRESENTATION('',(#3641),#3645);
#3641 = LINE('',#3642,#3643);
#3642 = CARTESIAN_POINT('',(0.,0.));
#3643 = VECTOR('',#3644,1.);
#3644 = DIRECTION('',(1.,0.));
#3645 = ( GEOMETRIC_REPRESENTATION_CONTEXT(2) 
PARAMETRIC_REPRESENTATION_CONTEXT() REPRESENTATION_CONTEXT('2D SPACE',''
  ) );
#3646 = ORIENTED_EDGE('',*,*,#3647,.T.);
#3647 = EDGE_CURVE('',#3625,#3648,#3650,.T.);
#3648 = VERTEX_POINT('',#3649);
#3649 = CARTESIAN_POINT('',(18.5,-16.68157894736,16.));
#3650 = SURFACE_CURVE('',#3651,(#3655,#3662),.PCURVE_S1.);
#3651 = LINE('',#3652,#3653);
#3652 = CARTESIAN_POINT('',(18.5,-38.5,16.));
#3653 = VECTOR('',#3654,1.);
#3654 = DIRECTION('',(0.,1.,0.));
#3655 = PCURVE('',#833,#3656);
#3656 = DEFINITIONAL_REPRESENTATION('',(#3657),#3661);
#3657 = LINE('',#3658,#3659);
#3658 = CARTESIAN_POINT('',(-10.10640197485,38.5));
#3659 = VECTOR('',#3660,1.);
#3660 = DIRECTION('',(0.,-1.));
#3661 = ( GEOMETRIC_REPRESENTATION_CONTEXT(2) 
PARAMETRIC_REPRESENTATION_CONTEXT() REPRESENTATION_CONTEXT('2D SPACE',''
  ) );
#3662 = PCURVE('',#3095,#3663);
#3663 = DEFINITIONAL_REPRESENTATION('',(#3664),#3668);
#3664 = LINE('',#3665,#3666);
#3665 = CARTESIAN_POINT('',(0.,0.));
#3666 = VECTOR('',#3667,1.);
#3667 = DIRECTION('',(0.,1.));
#3668 = ( GEOMETRIC_REPRESENTATION_CONTEXT(2) 
PARAMETRIC_REPRESENTATION_CONTEXT() REPRESENTATION_CONTEXT('2D SPACE',''
  ) );
#3669 = ORIENTED_EDGE('',*,*,#3670,.F.);
#3670 = EDGE_CURVE('',#816,#3648,#3671,.T.);
#3671 = SURFACE_CURVE('',#3672,(#3676,#3683),.PCURVE_S1.);
#3672 = LINE('',#3673,#3674);
#3673 = CARTESIAN_POINT('',(18.5,-16.68157894736,8.));
#3674 = VECTOR('',#3675,1.);
#3675 = DIRECTION('',(0.,0.,1.));
#3676 = PCURVE('',#833,#3677);
#3677 = DEFINITIONAL_REPRESENTATION('',(#3678),#3682);
#3678 = LINE('',#3679,#3680);
#3679 = CARTESIAN_POINT('',(-18.10640197485,16.681578947368));
#3680 = VECTOR('',#3681,1.);
#3681 = DIRECTION('',(1.,0.));
#3682 = ( GEOMETRIC_REPRESENTATION_CONTEXT(2) 
PARAMETRIC_REPRESENTATION_CONTEXT() REPRESENTATION_CONTEXT('2D SPACE',''
  ) );
#3683 = PCURVE('',#915,#3684);
#3684 = DEFINITIONAL_REPRESENTATION('',(#3685),#3689);
#3685 = LINE('',#3686,#3687);
#3686 = CARTESIAN_POINT('',(0.,0.));
#3687 = VECTOR('',#3688,1.);
#3688 = DIRECTION('',(1.,0.));
#3689 = ( GEOMETRIC_REPRESENTATION_CONTEXT(2) 
PARAMETRIC_REPRESENTATION_CONTEXT() REPRESENTATION_CONTEXT('2D SPACE',''
  ) );
#3690 = ADVANCED_FACE('',(#3691),#861,.T.);
#3691 = FACE_BOUND('',#3692,.T.);
#3692 = EDGE_LOOP('',(#3693,#3716,#3717,#3718));
#3693 = ORIENTED_EDGE('',*,*,#3694,.F.);
#3694 = EDGE_CURVE('',#846,#3695,#3697,.T.);
#3695 = VERTEX_POINT('',#3696);
#3696 = CARTESIAN_POINT('',(27.5,16.681578947368,16.));
#3697 = SURFACE_CURVE('',#3698,(#3702,#3709),.PCURVE_S1.);
#3698 = LINE('',#3699,#3700);
#3699 = CARTESIAN_POINT('',(27.5,16.681578947368,8.));
#3700 = VECTOR('',#3701,1.);
#3701 = DIRECTION('',(0.,0.,1.));
#3702 = PCURVE('',#861,#3703);
#3703 = DEFINITIONAL_REPRESENTATION('',(#3704),#3708);
#3704 = LINE('',#3705,#3706);
#3705 = CARTESIAN_POINT('',(0.,9.));
#3706 = VECTOR('',#3707,1.);
#3707 = DIRECTION('',(1.,0.));
#3708 = ( GEOMETRIC_REPRESENTATION_CONTEXT(2) 
PARAMETRIC_REPRESENTATION_CONTEXT() REPRESENTATION_CONTEXT('2D SPACE',''
  ) );
#3709 = PCURVE('',#889,#3710);
#3710 = DEFINITIONAL_REPRESENTATION('',(#3711),#3715);
#3711 = LINE('',#3712,#3713);
#3712 = CARTESIAN_POINT('',(-18.10640197485,-16.68157894736));
#3713 = VECTOR('',#3714,1.);
#3714 = DIRECTION('',(1.,0.));
#3715 = ( GEOMETRIC_REPRESENTATION_CONTEXT(2) 
PARAMETRIC_REPRESENTATION_CONTEXT() REPRESENTATION_CONTEXT('2D SPACE',''
  ) );
#3716 = ORIENTED_EDGE('',*,*,#845,.F.);
#3717 = ORIENTED_EDGE('',*,*,#3263,.T.);
#3718 = ORIENTED_EDGE('',*,*,#3719,.T.);
#3719 = EDGE_CURVE('',#3264,#3695,#3720,.T.);
#3720 = SURFACE_CURVE('',#3721,(#3725,#3731),.PCURVE_S1.);
#3721 = LINE('',#3722,#3723);
#3722 = CARTESIAN_POINT('',(18.5,16.681578947368,16.));
#3723 = VECTOR('',#3724,1.);
#3724 = DIRECTION('',(1.,0.,0.));
#3725 = PCURVE('',#861,#3726);
#3726 = DEFINITIONAL_REPRESENTATION('',(#3727),#3730);
#3727 = B_SPLINE_CURVE_WITH_KNOTS('',1,(#3728,#3729),.UNSPECIFIED.,.F.,
  .F.,(2,2),(0.,9.),.PIECEWISE_BEZIER_KNOTS.);
#3728 = CARTESIAN_POINT('',(8.,0.));
#3729 = CARTESIAN_POINT('',(8.,9.));
#3730 = ( GEOMETRIC_REPRESENTATION_CONTEXT(2) 
PARAMETRIC_REPRESENTATION_CONTEXT() REPRESENTATION_CONTEXT('2D SPACE',''
  ) );
#3731 = PCURVE('',#3302,#3732);
#3732 = DEFINITIONAL_REPRESENTATION('',(#3733),#3736);
#3733 = B_SPLINE_CURVE_WITH_KNOTS('',1,(#3734,#3735),.UNSPECIFIED.,.F.,
  .F.,(2,2),(0.,9.),.PIECEWISE_BEZIER_KNOTS.);
#3734 = CARTESIAN_POINT('',(0.,1.681578947368));
#3735 = CARTESIAN_POINT('',(9.,1.681578947368));
#3736 = ( GEOMETRIC_REPRESENTATION_CONTEXT(2) 
PARAMETRIC_REPRESENTATION_CONTEXT() REPRESENTATION_CONTEXT('2D SPACE',''
  ) );
#3737 = ADVANCED_FACE('',(#3738),#915,.F.);
#3738 = FACE_BOUND('',#3739,.F.);
#3739 = EDGE_LOOP('',(#3740,#3763,#3764,#3765));
#3740 = ORIENTED_EDGE('',*,*,#3741,.F.);
#3741 = EDGE_CURVE('',#874,#3742,#3744,.T.);
#3742 = VERTEX_POINT('',#3743);
#3743 = CARTESIAN_POINT('',(27.5,-16.68157894736,16.));
#3744 = SURFACE_CURVE('',#3745,(#3749,#3756),.PCURVE_S1.);
#3745 = LINE('',#3746,#3747);
#3746 = CARTESIAN_POINT('',(27.5,-16.68157894736,8.));
#3747 = VECTOR('',#3748,1.);
#3748 = DIRECTION('',(0.,0.,1.));
#3749 = PCURVE('',#915,#3750);
#3750 = DEFINITIONAL_REPRESENTATION('',(#3751),#3755);
#3751 = LINE('',#3752,#3753);
#3752 = CARTESIAN_POINT('',(0.,9.));
#3753 = VECTOR('',#3754,1.);
#3754 = DIRECTION('',(1.,0.));
#3755 = ( GEOMETRIC_REPRESENTATION_CONTEXT(2) 
PARAMETRIC_REPRESENTATION_CONTEXT() REPRESENTATION_CONTEXT('2D SPACE',''
  ) );
#3756 = PCURVE('',#889,#3757);
#3757 = DEFINITIONAL_REPRESENTATION('',(#3758),#3762);
#3758 = LINE('',#3759,#3760);
#3759 = CARTESIAN_POINT('',(-18.10640197485,16.681578947368));
#3760 = VECTOR('',#3761,1.);
#3761 = DIRECTION('',(1.,0.));
#3762 = ( GEOMETRIC_REPRESENTATION_CONTEXT(2) 
PARAMETRIC_REPRESENTATION_CONTEXT() REPRESENTATION_CONTEXT('2D SPACE',''
  ) );
#3763 = ORIENTED_EDGE('',*,*,#901,.F.);
#3764 = ORIENTED_EDGE('',*,*,#3670,.T.);
#3765 = ORIENTED_EDGE('',*,*,#3766,.T.);
#3766 = EDGE_CURVE('',#3648,#3742,#3767,.T.);
#3767 = SURFACE_CURVE('',#3768,(#3772,#3778),.PCURVE_S1.);
#3768 = LINE('',#3769,#3770);
#3769 = CARTESIAN_POINT('',(18.5,-16.68157894736,16.));
#3770 = VECTOR('',#3771,1.);
#3771 = DIRECTION('',(1.,0.,0.));
#3772 = PCURVE('',#915,#3773);
#3773 = DEFINITIONAL_REPRESENTATION('',(#3774),#3777);
#3774 = B_SPLINE_CURVE_WITH_KNOTS('',1,(#3775,#3776),.UNSPECIFIED.,.F.,
  .F.,(2,2),(0.,9.),.PIECEWISE_BEZIER_KNOTS.);
#3775 = CARTESIAN_POINT('',(8.,0.));
#3776 = CARTESIAN_POINT('',(8.,9.));
#3777 = ( GEOMETRIC_REPRESENTATION_CONTEXT(2) 
PARAMETRIC_REPRESENTATION_CONTEXT() REPRESENTATION_CONTEXT('2D SPACE',''
  ) );
#3778 = PCURVE('',#3095,#3779);
#3779 = DEFINITIONAL_REPRESENTATION('',(#3780),#3783);
#3780 = B_SPLINE_CURVE_WITH_KNOTS('',1,(#3781,#3782),.UNSPECIFIED.,.F.,
  .F.,(2,2),(0.,9.),.PIECEWISE_BEZIER_KNOTS.);
#3781 = CARTESIAN_POINT('',(0.,21.818421052632));
#3782 = CARTESIAN_POINT('',(9.,21.818421052632));
#3783 = ( GEOMETRIC_REPRESENTATION_CONTEXT(2) 
PARAMETRIC_REPRESENTATION_CONTEXT() REPRESENTATION_CONTEXT('2D SPACE',''
  ) );
#3784 = ADVANCED_FACE('',(#3785),#889,.T.);
#3785 = FACE_BOUND('',#3786,.T.);
#3786 = EDGE_LOOP('',(#3787,#3788,#3789,#3812,#3835,#3858,#4076,#4099,
    #4122,#4143));
#3787 = ORIENTED_EDGE('',*,*,#873,.T.);
#3788 = ORIENTED_EDGE('',*,*,#3694,.T.);
#3789 = ORIENTED_EDGE('',*,*,#3790,.T.);
#3790 = EDGE_CURVE('',#3695,#3791,#3793,.T.);
#3791 = VERTEX_POINT('',#3792);
#3792 = CARTESIAN_POINT('',(27.5,38.5,16.));
#3793 = SURFACE_CURVE('',#3794,(#3798,#3805),.PCURVE_S1.);
#3794 = LINE('',#3795,#3796);
#3795 = CARTESIAN_POINT('',(27.5,15.,16.));
#3796 = VECTOR('',#3797,1.);
#3797 = DIRECTION('',(0.,1.,0.));
#3798 = PCURVE('',#889,#3799);
#3799 = DEFINITIONAL_REPRESENTATION('',(#3800),#3804);
#3800 = LINE('',#3801,#3802);
#3801 = CARTESIAN_POINT('',(-10.10640197485,-15.));
#3802 = VECTOR('',#3803,1.);
#3803 = DIRECTION('',(0.,-1.));
#3804 = ( GEOMETRIC_REPRESENTATION_CONTEXT(2) 
PARAMETRIC_REPRESENTATION_CONTEXT() REPRESENTATION_CONTEXT('2D SPACE',''
  ) );
#3805 = PCURVE('',#3302,#3806);
#3806 = DEFINITIONAL_REPRESENTATION('',(#3807),#3811);
#3807 = LINE('',#3808,#3809);
#3808 = CARTESIAN_POINT('',(9.,0.));
#3809 = VECTOR('',#3810,1.);
#3810 = DIRECTION('',(0.,1.));
#3811 = ( GEOMETRIC_REPRESENTATION_CONTEXT(2) 
PARAMETRIC_REPRESENTATION_CONTEXT() REPRESENTATION_CONTEXT('2D SPACE',''
  ) );
#3812 = ORIENTED_EDGE('',*,*,#3813,.T.);
#3813 = EDGE_CURVE('',#3791,#3814,#3816,.T.);
#3814 = VERTEX_POINT('',#3815);
#3815 = CARTESIAN_POINT('',(27.5,38.5,26.));
#3816 = SURFACE_CURVE('',#3817,(#3821,#3828),.PCURVE_S1.);
#3817 = LINE('',#3818,#3819);
#3818 = CARTESIAN_POINT('',(27.5,38.5,16.));
#3819 = VECTOR('',#3820,1.);
#3820 = DIRECTION('',(0.,0.,1.));
#3821 = PCURVE('',#889,#3822);
#3822 = DEFINITIONAL_REPRESENTATION('',(#3823),#3827);
#3823 = LINE('',#3824,#3825);
#3824 = CARTESIAN_POINT('',(-10.10640197485,-38.5));
#3825 = VECTOR('',#3826,1.);
#3826 = DIRECTION('',(1.,0.));
#3827 = ( GEOMETRIC_REPRESENTATION_CONTEXT(2) 
PARAMETRIC_REPRESENTATION_CONTEXT() REPRESENTATION_CONTEXT('2D SPACE',''
  ) );
#3828 = PCURVE('',#3330,#3829);
#3829 = DEFINITIONAL_REPRESENTATION('',(#3830),#3834);
#3830 = LINE('',#3831,#3832);
#3831 = CARTESIAN_POINT('',(0.,9.));
#3832 = VECTOR('',#3833,1.);
#3833 = DIRECTION('',(1.,0.));
#3834 = ( GEOMETRIC_REPRESENTATION_CONTEXT(2) 
PARAMETRIC_REPRESENTATION_CONTEXT() REPRESENTATION_CONTEXT('2D SPACE',''
  ) );
#3835 = ORIENTED_EDGE('',*,*,#3836,.F.);
#3836 = EDGE_CURVE('',#3837,#3814,#3839,.T.);
#3837 = VERTEX_POINT('',#3838);
#3838 = CARTESIAN_POINT('',(27.5,12.681578947368,26.));
#3839 = SURFACE_CURVE('',#3840,(#3844,#3851),.PCURVE_S1.);
#3840 = LINE('',#3841,#3842);
#3841 = CARTESIAN_POINT('',(27.5,-38.5,26.));
#3842 = VECTOR('',#3843,1.);
#3843 = DIRECTION('',(0.,1.,0.));
#3844 = PCURVE('',#889,#3845);
#3845 = DEFINITIONAL_REPRESENTATION('',(#3846),#3850);
#3846 = LINE('',#3847,#3848);
#3847 = CARTESIAN_POINT('',(-0.106401974852,38.5));
#3848 = VECTOR('',#3849,1.);
#3849 = DIRECTION('',(0.,-1.));
#3850 = ( GEOMETRIC_REPRESENTATION_CONTEXT(2) 
PARAMETRIC_REPRESENTATION_CONTEXT() REPRESENTATION_CONTEXT('2D SPACE',''
  ) );
#3851 = PCURVE('',#3358,#3852);
#3852 = DEFINITIONAL_REPRESENTATION('',(#3853),#3857);
#3853 = LINE('',#3854,#3855);
#3854 = CARTESIAN_POINT('',(77.5,11.5));
#3855 = VECTOR('',#3856,1.);
#3856 = DIRECTION('',(0.,1.));
#3857 = ( GEOMETRIC_REPRESENTATION_CONTEXT(2) 
PARAMETRIC_REPRESENTATION_CONTEXT() REPRESENTATION_CONTEXT('2D SPACE',''
  ) );
#3858 = ORIENTED_EDGE('',*,*,#3859,.T.);
#3859 = EDGE_CURVE('',#3837,#3860,#3862,.T.);
#3860 = VERTEX_POINT('',#3861);
#3861 = CARTESIAN_POINT('',(27.5,-12.68157894736,26.));
#3862 = SURFACE_CURVE('',#3863,(#3932,#4004),.PCURVE_S1.);
#3863 = B_SPLINE_CURVE_WITH_KNOTS('',7,(#3864,#3865,#3866,#3867,#3868,
    #3869,#3870,#3871,#3872,#3873,#3874,#3875,#3876,#3877,#3878,#3879,
    #3880,#3881,#3882,#3883,#3884,#3885,#3886,#3887,#3888,#3889,#3890,
    #3891,#3892,#3893,#3894,#3895,#3896,#3897,#3898,#3899,#3900,#3901,
    #3902,#3903,#3904,#3905,#3906,#3907,#3908,#3909,#3910,#3911,#3912,
    #3913,#3914,#3915,#3916,#3917,#3918,#3919,#3920,#3921,#3922,#3923,
    #3924,#3925,#3926,#3927,#3928,#3929,#3930,#3931),.UNSPECIFIED.,.F.,
  .F.,(8,6,6,6,6,6,6,6,6,6,6,8),(0.,0.182480231288,0.266984792069,
    0.348166993804,0.397105211679,0.428255387757,0.499999684658,
    0.60289239009,0.651830903517,0.733013595534,0.817518666662,1.),
  .UNSPECIFIED.);
#3864 = CARTESIAN_POINT('',(27.5,12.681578947368,26.));
#3865 = CARTESIAN_POINT('',(27.5,12.681578947369,24.927173743392));
#3866 = CARTESIAN_POINT('',(27.5,12.588252712571,23.85437298234));
#3867 = CARTESIAN_POINT('',(27.5,12.401608447685,22.791245566126));
#3868 = CARTESIAN_POINT('',(27.5,12.122362470894,21.747620092718));
#3869 = CARTESIAN_POINT('',(27.5,11.752098352092,20.733463454473));
#3870 = CARTESIAN_POINT('',(27.5,11.293352628724,19.758857295692));
#3871 = CARTESIAN_POINT('',(27.5,10.498225345569,18.405578339118));
#3872 = CARTESIAN_POINT('',(27.5,10.22840169881,17.987916879683));
#3873 = CARTESIAN_POINT('',(27.5,9.940812048137,17.581944863139));
#3874 = CARTESIAN_POINT('',(27.5,9.635906137379,17.188683177263));
#3875 = CARTESIAN_POINT('',(27.5,9.314203363358,16.809148398334));
#3876 = CARTESIAN_POINT('',(27.5,8.976301005058,16.444346067644));
#3877 = CARTESIAN_POINT('',(27.5,8.283358811222,15.759906288209));
#3878 = CARTESIAN_POINT('',(27.5,7.929510320827,15.439052490583));
#3879 = CARTESIAN_POINT('',(27.5,7.561949392248,15.133583006112));
#3880 = CARTESIAN_POINT('',(27.5,7.181354275815,14.8443536439));
#3881 = CARTESIAN_POINT('',(27.5,6.78847549862,14.572186445097));
#3882 = CARTESIAN_POINT('',(27.5,6.384142301598,14.31786053682));
#3883 = CARTESIAN_POINT('',(27.5,5.719175388048,13.939983726715));
#3884 = CARTESIAN_POINT('',(27.5,5.465249791952,13.804610915571));
#3885 = CARTESIAN_POINT('',(27.5,5.207692297168,13.676143384694));
#3886 = CARTESIAN_POINT('',(27.5,4.94671164291,13.554731436209));
#3887 = CARTESIAN_POINT('',(27.5,4.682525645613,13.440516047234));
#3888 = CARTESIAN_POINT('',(27.5,4.415361545812,13.333628074804));
#3889 = CARTESIAN_POINT('',(27.5,3.973656183652,13.170891477203));
#3890 = CARTESIAN_POINT('',(27.5,3.800745090248,13.110612676863));
#3891 = CARTESIAN_POINT('',(27.5,3.626784038734,13.053382016138));
#3892 = CARTESIAN_POINT('',(27.5,3.451835197977,12.999228389919));
#3893 = CARTESIAN_POINT('',(27.5,3.275961941785,12.948178631619));
#3894 = CARTESIAN_POINT('',(27.5,3.099228848909,12.900257513183));
#3895 = CARTESIAN_POINT('',(27.5,2.512825675204,12.752375148628));
#3896 = CARTESIAN_POINT('',(27.5,2.099729525048,12.665977334885));
#3897 = CARTESIAN_POINT('',(27.5,1.683227918386,12.59657340259));
#3898 = CARTESIAN_POINT('',(27.5,1.264150978175,12.544375938158));
#3899 = CARTESIAN_POINT('',(27.5,0.84334422533,12.509528860053));
#3900 = CARTESIAN_POINT('',(27.5,0.421668519523,12.492105263158));
#3901 = CARTESIAN_POINT('',(27.5,-0.604739563191,12.492105263158));
#3902 = CARTESIAN_POINT('',(27.5,-1.209520171378,12.527941757774));
#3903 = CARTESIAN_POINT('',(27.5,-1.811718703369,12.599623032252));
#3904 = CARTESIAN_POINT('',(27.5,-2.408807369582,12.706825433019));
#3905 = CARTESIAN_POINT('',(27.5,-2.998346595107,12.848944965334));
#3906 = CARTESIAN_POINT('',(27.5,-3.577983554027,13.025114624521));
#3907 = CARTESIAN_POINT('',(27.5,-4.415361545809,13.333628074803));
#3908 = CARTESIAN_POINT('',(27.5,-4.682525645609,13.440516047233));
#3909 = CARTESIAN_POINT('',(27.5,-4.946711642907,13.554731436208));
#3910 = CARTESIAN_POINT('',(27.5,-5.207692297165,13.676143384693));
#3911 = CARTESIAN_POINT('',(27.5,-5.465249791948,13.804610915569));
#3912 = CARTESIAN_POINT('',(27.5,-5.719175388045,13.939983726714));
#3913 = CARTESIAN_POINT('',(27.5,-6.384142301595,14.317860536818));
#3914 = CARTESIAN_POINT('',(27.5,-6.788475498617,14.572186445095));
#3915 = CARTESIAN_POINT('',(27.5,-7.181354275812,14.844353643898));
#3916 = CARTESIAN_POINT('',(27.5,-7.561949392246,15.133583006109));
#3917 = CARTESIAN_POINT('',(27.5,-7.929510320824,15.439052490581));
#3918 = CARTESIAN_POINT('',(27.5,-8.283358811219,15.759906288206));
#3919 = CARTESIAN_POINT('',(27.5,-8.976301005056,16.444346067641));
#3920 = CARTESIAN_POINT('',(27.5,-9.314203363356,16.809148398331));
#3921 = CARTESIAN_POINT('',(27.5,-9.635906137377,17.18868317726));
#3922 = CARTESIAN_POINT('',(27.5,-9.940812048135,17.581944863136));
#3923 = CARTESIAN_POINT('',(27.5,-10.2284016988,17.98791687968));
#3924 = CARTESIAN_POINT('',(27.5,-10.49822534556,18.405578339115));
#3925 = CARTESIAN_POINT('',(27.5,-11.29335262872,19.758857295693));
#3926 = CARTESIAN_POINT('',(27.5,-11.75209835208,20.733463454456));
#3927 = CARTESIAN_POINT('',(27.5,-12.1223624709,21.74762009274));
#3928 = CARTESIAN_POINT('',(27.5,-12.40160844767,22.791245566102));
#3929 = CARTESIAN_POINT('',(27.5,-12.58825271257,23.85437298235));
#3930 = CARTESIAN_POINT('',(27.5,-12.68157894736,24.927173743389));
#3931 = CARTESIAN_POINT('',(27.5,-12.68157894736,26.));
#3932 = PCURVE('',#889,#3933);
#3933 = DEFINITIONAL_REPRESENTATION('',(#3934),#4003);
#3934 = B_SPLINE_CURVE_WITH_KNOTS('',7,(#3935,#3936,#3937,#3938,#3939,
    #3940,#3941,#3942,#3943,#3944,#3945,#3946,#3947,#3948,#3949,#3950,
    #3951,#3952,#3953,#3954,#3955,#3956,#3957,#3958,#3959,#3960,#3961,
    #3962,#3963,#3964,#3965,#3966,#3967,#3968,#3969,#3970,#3971,#3972,
    #3973,#3974,#3975,#3976,#3977,#3978,#3979,#3980,#3981,#3982,#3983,
    #3984,#3985,#3986,#3987,#3988,#3989,#3990,#3991,#3992,#3993,#3994,
    #3995,#3996,#3997,#3998,#3999,#4000,#4001,#4002),.UNSPECIFIED.,.F.,
  .F.,(8,6,6,6,6,6,6,6,6,6,6,8),(0.,0.182480231288,0.266984792069,
    0.348166993804,0.397105211679,0.428255387757,0.499999684658,
    0.60289239009,0.651830903517,0.733013595534,0.817518666662,1.),
  .UNSPECIFIED.);
#3935 = CARTESIAN_POINT('',(-0.106401974852,-12.68157894736));
#3936 = CARTESIAN_POINT('',(-1.17922823146,-12.68157894736));
#3937 = CARTESIAN_POINT('',(-2.252028992513,-12.58825271257));
#3938 = CARTESIAN_POINT('',(-3.315156408727,-12.40160844768));
#3939 = CARTESIAN_POINT('',(-4.358781882135,-12.12236247089));
#3940 = CARTESIAN_POINT('',(-5.372938520379,-11.75209835209));
#3941 = CARTESIAN_POINT('',(-6.347544679161,-11.29335262872));
#3942 = CARTESIAN_POINT('',(-7.700823635734,-10.49822534556));
#3943 = CARTESIAN_POINT('',(-8.11848509517,-10.22840169881));
#3944 = CARTESIAN_POINT('',(-8.524457111714,-9.940812048137));
#3945 = CARTESIAN_POINT('',(-8.91771879759,-9.635906137379));
#3946 = CARTESIAN_POINT('',(-9.297253576518,-9.314203363358));
#3947 = CARTESIAN_POINT('',(-9.662055907209,-8.976301005058));
#3948 = CARTESIAN_POINT('',(-10.34649568664,-8.283358811222));
#3949 = CARTESIAN_POINT('',(-10.66734948426,-7.929510320827));
#3950 = CARTESIAN_POINT('',(-10.97281896874,-7.561949392248));
#3951 = CARTESIAN_POINT('',(-11.26204833095,-7.181354275815));
#3952 = CARTESIAN_POINT('',(-11.53421552975,-6.78847549862));
#3953 = CARTESIAN_POINT('',(-11.78854143803,-6.384142301598));
#3954 = CARTESIAN_POINT('',(-12.16641824813,-5.719175388048));
#3955 = CARTESIAN_POINT('',(-12.30179105928,-5.465249791952));
#3956 = CARTESIAN_POINT('',(-12.43025859015,-5.207692297168));
#3957 = CARTESIAN_POINT('',(-12.55167053864,-4.94671164291));
#3958 = CARTESIAN_POINT('',(-12.66588592761,-4.682525645613));
#3959 = CARTESIAN_POINT('',(-12.77277390004,-4.415361545812));
#3960 = CARTESIAN_POINT('',(-12.93551049764,-3.973656183652));
#3961 = CARTESIAN_POINT('',(-12.99578929798,-3.800745090248));
#3962 = CARTESIAN_POINT('',(-13.05301995871,-3.626784038734));
#3963 = CARTESIAN_POINT('',(-13.10717358493,-3.451835197977));
#3964 = CARTESIAN_POINT('',(-13.15822334323,-3.275961941785));
#3965 = CARTESIAN_POINT('',(-13.20614446167,-3.099228848909));
#3966 = CARTESIAN_POINT('',(-13.35402682622,-2.512825675204));
#3967 = CARTESIAN_POINT('',(-13.44042463996,-2.099729525048));
#3968 = CARTESIAN_POINT('',(-13.50982857226,-1.683227918386));
#3969 = CARTESIAN_POINT('',(-13.56202603669,-1.264150978175));
#3970 = CARTESIAN_POINT('',(-13.5968731148,-0.84334422533));
#3971 = CARTESIAN_POINT('',(-13.61429671169,-0.421668519523));
#3972 = CARTESIAN_POINT('',(-13.61429671169,0.604739563191));
#3973 = CARTESIAN_POINT('',(-13.57846021707,1.209520171378));
#3974 = CARTESIAN_POINT('',(-13.5067789426,1.811718703369));
#3975 = CARTESIAN_POINT('',(-13.39957654183,2.408807369582));
#3976 = CARTESIAN_POINT('',(-13.25745700951,2.998346595107));
#3977 = CARTESIAN_POINT('',(-13.08128735033,3.577983554027));
#3978 = CARTESIAN_POINT('',(-12.77277390005,4.415361545809));
#3979 = CARTESIAN_POINT('',(-12.66588592762,4.682525645609));
#3980 = CARTESIAN_POINT('',(-12.55167053864,4.946711642907));
#3981 = CARTESIAN_POINT('',(-12.43025859016,5.207692297165));
#3982 = CARTESIAN_POINT('',(-12.30179105928,5.465249791948));
#3983 = CARTESIAN_POINT('',(-12.16641824813,5.719175388045));
#3984 = CARTESIAN_POINT('',(-11.78854143803,6.384142301595));
#3985 = CARTESIAN_POINT('',(-11.53421552975,6.788475498617));
#3986 = CARTESIAN_POINT('',(-11.26204833095,7.181354275812));
#3987 = CARTESIAN_POINT('',(-10.97281896874,7.561949392246));
#3988 = CARTESIAN_POINT('',(-10.66734948427,7.929510320824));
#3989 = CARTESIAN_POINT('',(-10.34649568664,8.283358811219));
#3990 = CARTESIAN_POINT('',(-9.662055907211,8.976301005056));
#3991 = CARTESIAN_POINT('',(-9.297253576521,9.314203363356));
#3992 = CARTESIAN_POINT('',(-8.917718797592,9.635906137377));
#3993 = CARTESIAN_POINT('',(-8.524457111716,9.940812048135));
#3994 = CARTESIAN_POINT('',(-8.118485095173,10.228401698808));
#3995 = CARTESIAN_POINT('',(-7.700823635737,10.498225345567));
#3996 = CARTESIAN_POINT('',(-6.34754467916,11.293352628725));
#3997 = CARTESIAN_POINT('',(-5.372938520396,11.752098352084));
#3998 = CARTESIAN_POINT('',(-4.358781882112,12.122362470904));
#3999 = CARTESIAN_POINT('',(-3.31515640875,12.401608447678));
#4000 = CARTESIAN_POINT('',(-2.252028992503,12.588252712573));
#4001 = CARTESIAN_POINT('',(-1.179228231463,12.681578947368));
#4002 = CARTESIAN_POINT('',(-0.106401974852,12.681578947368));
#4003 = ( GEOMETRIC_REPRESENTATION_CONTEXT(2) 
PARAMETRIC_REPRESENTATION_CONTEXT() REPRESENTATION_CONTEXT('2D SPACE',''
  ) );
#4004 = PCURVE('',#3516,#4005);
#4005 = DEFINITIONAL_REPRESENTATION('',(#4006),#4075);
#4006 = B_SPLINE_CURVE_WITH_KNOTS('',7,(#4007,#4008,#4009,#4010,#4011,
    #4012,#4013,#4014,#4015,#4016,#4017,#4018,#4019,#4020,#4021,#4022,
    #4023,#4024,#4025,#4026,#4027,#4028,#4029,#4030,#4031,#4032,#4033,
    #4034,#4035,#4036,#4037,#4038,#4039,#4040,#4041,#4042,#4043,#4044,
    #4045,#4046,#4047,#4048,#4049,#4050,#4051,#4052,#4053,#4054,#4055,
    #4056,#4057,#4058,#4059,#4060,#4061,#4062,#4063,#4064,#4065,#4066,
    #4067,#4068,#4069,#4070,#4071,#4072,#4073,#4074),.UNSPECIFIED.,.F.,
  .F.,(8,6,6,6,6,6,6,6,6,6,6,8),(0.,0.182480231288,0.266984792069,
    0.348166993804,0.397105211679,0.428255387757,0.499999684658,
    0.60289239009,0.651830903517,0.733013595534,0.817518666662,1.),
  .UNSPECIFIED.);
#4007 = CARTESIAN_POINT('',(4.712388980385,-10.));
#4008 = CARTESIAN_POINT('',(4.632966814495,-10.));
#4009 = CARTESIAN_POINT('',(4.553546521498,-10.));
#4010 = CARTESIAN_POINT('',(4.474024169821,-10.));
#4011 = CARTESIAN_POINT('',(4.394308888811,-10.));
#4012 = CARTESIAN_POINT('',(4.314315897494,-10.));
#4013 = CARTESIAN_POINT('',(4.233964415147,-10.));
#4014 = CARTESIAN_POINT('',(4.115777667446,-10.));
#4015 = CARTESIAN_POINT('',(4.078280020921,-10.));
#4016 = CARTESIAN_POINT('',(4.040687285761,-10.));
#4017 = CARTESIAN_POINT('',(4.002994906705,-10.));
#4018 = CARTESIAN_POINT('',(3.965199356885,-10.));
#4019 = CARTESIAN_POINT('',(3.927298458776,-10.));
#4020 = CARTESIAN_POINT('',(3.852779215024,-10.));
#4021 = CARTESIAN_POINT('',(3.816168520923,-10.));
#4022 = CARTESIAN_POINT('',(3.779459930071,-10.));
#4023 = CARTESIAN_POINT('',(3.742654216486,-10.));
#4024 = CARTESIAN_POINT('',(3.705753193653,-10.));
#4025 = CARTESIAN_POINT('',(3.668760287194,-10.));
#4026 = CARTESIAN_POINT('',(3.609329053365,-10.));
#4027 = CARTESIAN_POINT('',(3.586945492715,-10.));
#4028 = CARTESIAN_POINT('',(3.564531639487,-10.));
#4029 = CARTESIAN_POINT('',(3.542088777751,-10.));
#4030 = CARTESIAN_POINT('',(3.519618330327,-10.));
#4031 = CARTESIAN_POINT('',(3.497121927356,-10.));
#4032 = CARTESIAN_POINT('',(3.460266746498,-10.));
#4033 = CARTESIAN_POINT('',(3.445922248841,-10.));
#4034 = CARTESIAN_POINT('',(3.431568453007,-10.));
#4035 = CARTESIAN_POINT('',(3.417205852956,-10.));
#4036 = CARTESIAN_POINT('',(3.402834965505,-10.));
#4037 = CARTESIAN_POINT('',(3.388456330328,-10.));
#4038 = CARTESIAN_POINT('',(3.340937452685,-10.));
#4039 = CARTESIAN_POINT('',(3.30776565256,-10.));
#4040 = CARTESIAN_POINT('',(3.274562989022,-10.));
#4041 = CARTESIAN_POINT('',(3.241336738179,-10.));
#4042 = CARTESIAN_POINT('',(3.208094167125,-10.));
#4043 = CARTESIAN_POINT('',(3.174843128256,-10.));
#4044 = CARTESIAN_POINT('',(3.093906197061,-10.));
#4045 = CARTESIAN_POINT('',(3.046216519892,-10.));
#4046 = CARTESIAN_POINT('',(2.998553261437,-10.));
#4047 = CARTESIAN_POINT('',(2.950938738978,-10.));
#4048 = CARTESIAN_POINT('',(2.903392094626,-10.));
#4049 = CARTESIAN_POINT('',(2.855932844806,-10.));
#4050 = CARTESIAN_POINT('',(2.786063379824,-10.));
#4051 = CARTESIAN_POINT('',(2.763566976853,-10.));
#4052 = CARTESIAN_POINT('',(2.741096529429,-10.));
#4053 = CARTESIAN_POINT('',(2.718653667693,-10.));
#4054 = CARTESIAN_POINT('',(2.696239814465,-10.));
#4055 = CARTESIAN_POINT('',(2.673856253815,-10.));
#4056 = CARTESIAN_POINT('',(2.614425019986,-10.));
#4057 = CARTESIAN_POINT('',(2.577432113527,-10.));
#4058 = CARTESIAN_POINT('',(2.540531090694,-10.));
#4059 = CARTESIAN_POINT('',(2.503725377109,-10.));
#4060 = CARTESIAN_POINT('',(2.467016786257,-10.));
#4061 = CARTESIAN_POINT('',(2.430406092156,-10.));
#4062 = CARTESIAN_POINT('',(2.355886848404,-10.));
#4063 = CARTESIAN_POINT('',(2.317985950294,-10.));
#4064 = CARTESIAN_POINT('',(2.280190400475,-10.));
#4065 = CARTESIAN_POINT('',(2.242498021419,-10.));
#4066 = CARTESIAN_POINT('',(2.204905286259,-10.));
#4067 = CARTESIAN_POINT('',(2.167407639733,-10.));
#4068 = CARTESIAN_POINT('',(2.049220892033,-10.));
#4069 = CARTESIAN_POINT('',(1.968869409687,-10.));
#4070 = CARTESIAN_POINT('',(1.888876418367,-10.));
#4071 = CARTESIAN_POINT('',(1.809161137362,-10.));
#4072 = CARTESIAN_POINT('',(1.72963878568,-10.));
#4073 = CARTESIAN_POINT('',(1.650218492685,-10.));
#4074 = CARTESIAN_POINT('',(1.570796326795,-10.));
#4075 = ( GEOMETRIC_REPRESENTATION_CONTEXT(2) 
PARAMETRIC_REPRESENTATION_CONTEXT() REPRESENTATION_CONTEXT('2D SPACE',''
  ) );
#4076 = ORIENTED_EDGE('',*,*,#4077,.F.);
#4077 = EDGE_CURVE('',#4078,#3860,#4080,.T.);
#4078 = VERTEX_POINT('',#4079);
#4079 = CARTESIAN_POINT('',(27.5,-38.5,26.));
#4080 = SURFACE_CURVE('',#4081,(#4085,#4092),.PCURVE_S1.);
#4081 = LINE('',#4082,#4083);
#4082 = CARTESIAN_POINT('',(27.5,-38.5,26.));
#4083 = VECTOR('',#4084,1.);
#4084 = DIRECTION('',(0.,1.,0.));
#4085 = PCURVE('',#889,#4086);
#4086 = DEFINITIONAL_REPRESENTATION('',(#4087),#4091);
#4087 = LINE('',#4088,#4089);
#4088 = CARTESIAN_POINT('',(-0.106401974852,38.5));
#4089 = VECTOR('',#4090,1.);
#4090 = DIRECTION('',(0.,-1.));
#4091 = ( GEOMETRIC_REPRESENTATION_CONTEXT(2) 
PARAMETRIC_REPRESENTATION_CONTEXT() REPRESENTATION_CONTEXT('2D SPACE',''
  ) );
#4092 = PCURVE('',#3612,#4093);
#4093 = DEFINITIONAL_REPRESENTATION('',(#4094),#4098);
#4094 = LINE('',#4095,#4096);
#4095 = CARTESIAN_POINT('',(77.5,11.5));
#4096 = VECTOR('',#4097,1.);
#4097 = DIRECTION('',(0.,1.));
#4098 = ( GEOMETRIC_REPRESENTATION_CONTEXT(2) 
PARAMETRIC_REPRESENTATION_CONTEXT() REPRESENTATION_CONTEXT('2D SPACE',''
  ) );
#4099 = ORIENTED_EDGE('',*,*,#4100,.F.);
#4100 = EDGE_CURVE('',#4101,#4078,#4103,.T.);
#4101 = VERTEX_POINT('',#4102);
#4102 = CARTESIAN_POINT('',(27.5,-38.5,16.));
#4103 = SURFACE_CURVE('',#4104,(#4108,#4115),.PCURVE_S1.);
#4104 = LINE('',#4105,#4106);
#4105 = CARTESIAN_POINT('',(27.5,-38.5,16.));
#4106 = VECTOR('',#4107,1.);
#4107 = DIRECTION('',(0.,0.,1.));
#4108 = PCURVE('',#889,#4109);
#4109 = DEFINITIONAL_REPRESENTATION('',(#4110),#4114);
#4110 = LINE('',#4111,#4112);
#4111 = CARTESIAN_POINT('',(-10.10640197485,38.5));
#4112 = VECTOR('',#4113,1.);
#4113 = DIRECTION('',(1.,0.));
#4114 = ( GEOMETRIC_REPRESENTATION_CONTEXT(2) 
PARAMETRIC_REPRESENTATION_CONTEXT() REPRESENTATION_CONTEXT('2D SPACE',''
  ) );
#4115 = PCURVE('',#3247,#4116);
#4116 = DEFINITIONAL_REPRESENTATION('',(#4117),#4121);
#4117 = LINE('',#4118,#4119);
#4118 = CARTESIAN_POINT('',(0.,9.));
#4119 = VECTOR('',#4120,1.);
#4120 = DIRECTION('',(1.,0.));
#4121 = ( GEOMETRIC_REPRESENTATION_CONTEXT(2) 
PARAMETRIC_REPRESENTATION_CONTEXT() REPRESENTATION_CONTEXT('2D SPACE',''
  ) );
#4122 = ORIENTED_EDGE('',*,*,#4123,.T.);
#4123 = EDGE_CURVE('',#4101,#3742,#4124,.T.);
#4124 = SURFACE_CURVE('',#4125,(#4129,#4136),.PCURVE_S1.);
#4125 = LINE('',#4126,#4127);
#4126 = CARTESIAN_POINT('',(27.5,-38.5,16.));
#4127 = VECTOR('',#4128,1.);
#4128 = DIRECTION('',(0.,1.,0.));
#4129 = PCURVE('',#889,#4130);
#4130 = DEFINITIONAL_REPRESENTATION('',(#4131),#4135);
#4131 = LINE('',#4132,#4133);
#4132 = CARTESIAN_POINT('',(-10.10640197485,38.5));
#4133 = VECTOR('',#4134,1.);
#4134 = DIRECTION('',(0.,-1.));
#4135 = ( GEOMETRIC_REPRESENTATION_CONTEXT(2) 
PARAMETRIC_REPRESENTATION_CONTEXT() REPRESENTATION_CONTEXT('2D SPACE',''
  ) );
#4136 = PCURVE('',#3095,#4137);
#4137 = DEFINITIONAL_REPRESENTATION('',(#4138),#4142);
#4138 = LINE('',#4139,#4140);
#4139 = CARTESIAN_POINT('',(9.,0.));
#4140 = VECTOR('',#4141,1.);
#4141 = DIRECTION('',(0.,1.));
#4142 = ( GEOMETRIC_REPRESENTATION_CONTEXT(2) 
PARAMETRIC_REPRESENTATION_CONTEXT() REPRESENTATION_CONTEXT('2D SPACE',''
  ) );
#4143 = ORIENTED_EDGE('',*,*,#3741,.F.);
#4144 = ADVANCED_FACE('',(#4145),#946,.F.);
#4145 = FACE_BOUND('',#4146,.F.);
#4146 = EDGE_LOOP('',(#4147,#4148,#4171,#4194));
#4147 = ORIENTED_EDGE('',*,*,#929,.T.);
#4148 = ORIENTED_EDGE('',*,*,#4149,.T.);
#4149 = EDGE_CURVE('',#932,#4150,#4152,.T.);
#4150 = VERTEX_POINT('',#4151);
#4151 = CARTESIAN_POINT('',(-26.,38.5,16.));
#4152 = SURFACE_CURVE('',#4153,(#4157,#4164),.PCURVE_S1.);
#4153 = LINE('',#4154,#4155);
#4154 = CARTESIAN_POINT('',(-26.,18.,7.));
#4155 = VECTOR('',#4156,1.);
#4156 = DIRECTION('',(0.,0.915644030191,0.401990062035));
#4157 = PCURVE('',#946,#4158);
#4158 = DEFINITIONAL_REPRESENTATION('',(#4159),#4163);
#4159 = LINE('',#4160,#4161);
#4160 = CARTESIAN_POINT('',(-6.27784670569,8.47215329431));
#4161 = VECTOR('',#4162,1.);
#4162 = DIRECTION('',(0.401990062035,-0.915644030191));
#4163 = ( GEOMETRIC_REPRESENTATION_CONTEXT(2) 
PARAMETRIC_REPRESENTATION_CONTEXT() REPRESENTATION_CONTEXT('2D SPACE',''
  ) );
#4164 = PCURVE('',#972,#4165);
#4165 = DEFINITIONAL_REPRESENTATION('',(#4166),#4170);
#4166 = LINE('',#4167,#4168);
#4167 = CARTESIAN_POINT('',(0.,0.));
#4168 = VECTOR('',#4169,1.);
#4169 = DIRECTION('',(1.,0.));
#4170 = ( GEOMETRIC_REPRESENTATION_CONTEXT(2) 
PARAMETRIC_REPRESENTATION_CONTEXT() REPRESENTATION_CONTEXT('2D SPACE',''
  ) );
#4171 = ORIENTED_EDGE('',*,*,#4172,.T.);
#4172 = EDGE_CURVE('',#4150,#4173,#4175,.T.);
#4173 = VERTEX_POINT('',#4174);
#4174 = CARTESIAN_POINT('',(-26.,18.,16.));
#4175 = SURFACE_CURVE('',#4176,(#4180,#4187),.PCURVE_S1.);
#4176 = LINE('',#4177,#4178);
#4177 = CARTESIAN_POINT('',(-26.,38.5,16.));
#4178 = VECTOR('',#4179,1.);
#4179 = DIRECTION('',(0.,-1.,0.));
#4180 = PCURVE('',#946,#4181);
#4181 = DEFINITIONAL_REPRESENTATION('',(#4182),#4186);
#4182 = LINE('',#4183,#4184);
#4183 = CARTESIAN_POINT('',(2.72215329431,-12.02784670569));
#4184 = VECTOR('',#4185,1.);
#4185 = DIRECTION('',(0.,1.));
#4186 = ( GEOMETRIC_REPRESENTATION_CONTEXT(2) 
PARAMETRIC_REPRESENTATION_CONTEXT() REPRESENTATION_CONTEXT('2D SPACE',''
  ) );
#4187 = PCURVE('',#2210,#4188);
#4188 = DEFINITIONAL_REPRESENTATION('',(#4189),#4193);
#4189 = LINE('',#4190,#4191);
#4190 = CARTESIAN_POINT('',(1.5,23.5));
#4191 = VECTOR('',#4192,1.);
#4192 = DIRECTION('',(0.,-1.));
#4193 = ( GEOMETRIC_REPRESENTATION_CONTEXT(2) 
PARAMETRIC_REPRESENTATION_CONTEXT() REPRESENTATION_CONTEXT('2D SPACE',''
  ) );
#4194 = ORIENTED_EDGE('',*,*,#4195,.T.);
#4195 = EDGE_CURVE('',#4173,#930,#4196,.T.);
#4196 = SURFACE_CURVE('',#4197,(#4201,#4208),.PCURVE_S1.);
#4197 = LINE('',#4198,#4199);
#4198 = CARTESIAN_POINT('',(-26.,18.,16.));
#4199 = VECTOR('',#4200,1.);
#4200 = DIRECTION('',(0.,0.,-1.));
#4201 = PCURVE('',#946,#4202);
#4202 = DEFINITIONAL_REPRESENTATION('',(#4203),#4207);
#4203 = LINE('',#4204,#4205);
#4204 = CARTESIAN_POINT('',(2.72215329431,8.47215329431));
#4205 = VECTOR('',#4206,1.);
#4206 = DIRECTION('',(-1.,0.));
#4207 = ( GEOMETRIC_REPRESENTATION_CONTEXT(2) 
PARAMETRIC_REPRESENTATION_CONTEXT() REPRESENTATION_CONTEXT('2D SPACE',''
  ) );
#4208 = PCURVE('',#1022,#4209);
#4209 = DEFINITIONAL_REPRESENTATION('',(#4210),#4214);
#4210 = LINE('',#4211,#4212);
#4211 = CARTESIAN_POINT('',(0.,0.));
#4212 = VECTOR('',#4213,1.);
#4213 = DIRECTION('',(1.,0.));
#4214 = ( GEOMETRIC_REPRESENTATION_CONTEXT(2) 
PARAMETRIC_REPRESENTATION_CONTEXT() REPRESENTATION_CONTEXT('2D SPACE',''
  ) );
#4215 = ADVANCED_FACE('',(#4216),#1022,.F.);
#4216 = FACE_BOUND('',#4217,.F.);
#4217 = EDGE_LOOP('',(#4218,#4219,#4242,#4263));
#4218 = ORIENTED_EDGE('',*,*,#4195,.F.);
#4219 = ORIENTED_EDGE('',*,*,#4220,.T.);
#4220 = EDGE_CURVE('',#4173,#4221,#4223,.T.);
#4221 = VERTEX_POINT('',#4222);
#4222 = CARTESIAN_POINT('',(-20.,18.,16.));
#4223 = SURFACE_CURVE('',#4224,(#4228,#4235),.PCURVE_S1.);
#4224 = LINE('',#4225,#4226);
#4225 = CARTESIAN_POINT('',(-26.,18.,16.));
#4226 = VECTOR('',#4227,1.);
#4227 = DIRECTION('',(1.,0.,0.));
#4228 = PCURVE('',#1022,#4229);
#4229 = DEFINITIONAL_REPRESENTATION('',(#4230),#4234);
#4230 = LINE('',#4231,#4232);
#4231 = CARTESIAN_POINT('',(0.,0.));
#4232 = VECTOR('',#4233,1.);
#4233 = DIRECTION('',(0.,-1.));
#4234 = ( GEOMETRIC_REPRESENTATION_CONTEXT(2) 
PARAMETRIC_REPRESENTATION_CONTEXT() REPRESENTATION_CONTEXT('2D SPACE',''
  ) );
#4235 = PCURVE('',#2210,#4236);
#4236 = DEFINITIONAL_REPRESENTATION('',(#4237),#4241);
#4237 = LINE('',#4238,#4239);
#4238 = CARTESIAN_POINT('',(1.5,3.));
#4239 = VECTOR('',#4240,1.);
#4240 = DIRECTION('',(1.,0.));
#4241 = ( GEOMETRIC_REPRESENTATION_CONTEXT(2) 
PARAMETRIC_REPRESENTATION_CONTEXT() REPRESENTATION_CONTEXT('2D SPACE',''
  ) );
#4242 = ORIENTED_EDGE('',*,*,#4243,.T.);
#4243 = EDGE_CURVE('',#4221,#984,#4244,.T.);
#4244 = SURFACE_CURVE('',#4245,(#4249,#4256),.PCURVE_S1.);
#4245 = LINE('',#4246,#4247);
#4246 = CARTESIAN_POINT('',(-20.,18.,16.));
#4247 = VECTOR('',#4248,1.);
#4248 = DIRECTION('',(0.,0.,-1.));
#4249 = PCURVE('',#1022,#4250);
#4250 = DEFINITIONAL_REPRESENTATION('',(#4251),#4255);
#4251 = LINE('',#4252,#4253);
#4252 = CARTESIAN_POINT('',(0.,-6.));
#4253 = VECTOR('',#4254,1.);
#4254 = DIRECTION('',(1.,0.));
#4255 = ( GEOMETRIC_REPRESENTATION_CONTEXT(2) 
PARAMETRIC_REPRESENTATION_CONTEXT() REPRESENTATION_CONTEXT('2D SPACE',''
  ) );
#4256 = PCURVE('',#998,#4257);
#4257 = DEFINITIONAL_REPRESENTATION('',(#4258),#4262);
#4258 = LINE('',#4259,#4260);
#4259 = CARTESIAN_POINT('',(2.72215329431,8.47215329431));
#4260 = VECTOR('',#4261,1.);
#4261 = DIRECTION('',(-1.,0.));
#4262 = ( GEOMETRIC_REPRESENTATION_CONTEXT(2) 
PARAMETRIC_REPRESENTATION_CONTEXT() REPRESENTATION_CONTEXT('2D SPACE',''
  ) );
#4263 = ORIENTED_EDGE('',*,*,#1009,.T.);
#4264 = ADVANCED_FACE('',(#4265),#972,.F.);
#4265 = FACE_BOUND('',#4266,.F.);
#4266 = EDGE_LOOP('',(#4267,#4268,#4269,#4292));
#4267 = ORIENTED_EDGE('',*,*,#4149,.F.);
#4268 = ORIENTED_EDGE('',*,*,#957,.T.);
#4269 = ORIENTED_EDGE('',*,*,#4270,.T.);
#4270 = EDGE_CURVE('',#958,#4271,#4273,.T.);
#4271 = VERTEX_POINT('',#4272);
#4272 = CARTESIAN_POINT('',(-20.,38.5,16.));
#4273 = SURFACE_CURVE('',#4274,(#4278,#4285),.PCURVE_S1.);
#4274 = LINE('',#4275,#4276);
#4275 = CARTESIAN_POINT('',(-20.,18.,7.));
#4276 = VECTOR('',#4277,1.);
#4277 = DIRECTION('',(0.,0.915644030191,0.401990062035));
#4278 = PCURVE('',#972,#4279);
#4279 = DEFINITIONAL_REPRESENTATION('',(#4280),#4284);
#4280 = LINE('',#4281,#4282);
#4281 = CARTESIAN_POINT('',(0.,-6.));
#4282 = VECTOR('',#4283,1.);
#4283 = DIRECTION('',(1.,0.));
#4284 = ( GEOMETRIC_REPRESENTATION_CONTEXT(2) 
PARAMETRIC_REPRESENTATION_CONTEXT() REPRESENTATION_CONTEXT('2D SPACE',''
  ) );
#4285 = PCURVE('',#998,#4286);
#4286 = DEFINITIONAL_REPRESENTATION('',(#4287),#4291);
#4287 = LINE('',#4288,#4289);
#4288 = CARTESIAN_POINT('',(-6.27784670569,8.47215329431));
#4289 = VECTOR('',#4290,1.);
#4290 = DIRECTION('',(0.401990062035,-0.915644030191));
#4291 = ( GEOMETRIC_REPRESENTATION_CONTEXT(2) 
PARAMETRIC_REPRESENTATION_CONTEXT() REPRESENTATION_CONTEXT('2D SPACE',''
  ) );
#4292 = ORIENTED_EDGE('',*,*,#4293,.F.);
#4293 = EDGE_CURVE('',#4150,#4271,#4294,.T.);
#4294 = SURFACE_CURVE('',#4295,(#4299,#4306),.PCURVE_S1.);
#4295 = LINE('',#4296,#4297);
#4296 = CARTESIAN_POINT('',(-26.,38.5,16.));
#4297 = VECTOR('',#4298,1.);
#4298 = DIRECTION('',(1.,0.,0.));
#4299 = PCURVE('',#972,#4300);
#4300 = DEFINITIONAL_REPRESENTATION('',(#4301),#4305);
#4301 = LINE('',#4302,#4303);
#4302 = CARTESIAN_POINT('',(22.388613177238,0.));
#4303 = VECTOR('',#4304,1.);
#4304 = DIRECTION('',(0.,-1.));
#4305 = ( GEOMETRIC_REPRESENTATION_CONTEXT(2) 
PARAMETRIC_REPRESENTATION_CONTEXT() REPRESENTATION_CONTEXT('2D SPACE',''
  ) );
#4306 = PCURVE('',#2238,#4307);
#4307 = DEFINITIONAL_REPRESENTATION('',(#4308),#4312);
#4308 = LINE('',#4309,#4310);
#4309 = CARTESIAN_POINT('',(0.,1.5));
#4310 = VECTOR('',#4311,1.);
#4311 = DIRECTION('',(0.,1.));
#4312 = ( GEOMETRIC_REPRESENTATION_CONTEXT(2) 
PARAMETRIC_REPRESENTATION_CONTEXT() REPRESENTATION_CONTEXT('2D SPACE',''
  ) );
#4313 = ADVANCED_FACE('',(#4314),#998,.T.);
#4314 = FACE_BOUND('',#4315,.T.);
#4315 = EDGE_LOOP('',(#4316,#4317,#4318,#4339));
#4316 = ORIENTED_EDGE('',*,*,#983,.T.);
#4317 = ORIENTED_EDGE('',*,*,#4270,.T.);
#4318 = ORIENTED_EDGE('',*,*,#4319,.T.);
#4319 = EDGE_CURVE('',#4271,#4221,#4320,.T.);
#4320 = SURFACE_CURVE('',#4321,(#4325,#4332),.PCURVE_S1.);
#4321 = LINE('',#4322,#4323);
#4322 = CARTESIAN_POINT('',(-20.,38.5,16.));
#4323 = VECTOR('',#4324,1.);
#4324 = DIRECTION('',(0.,-1.,0.));
#4325 = PCURVE('',#998,#4326);
#4326 = DEFINITIONAL_REPRESENTATION('',(#4327),#4331);
#4327 = LINE('',#4328,#4329);
#4328 = CARTESIAN_POINT('',(2.72215329431,-12.02784670569));
#4329 = VECTOR('',#4330,1.);
#4330 = DIRECTION('',(0.,1.));
#4331 = ( GEOMETRIC_REPRESENTATION_CONTEXT(2) 
PARAMETRIC_REPRESENTATION_CONTEXT() REPRESENTATION_CONTEXT('2D SPACE',''
  ) );
#4332 = PCURVE('',#2210,#4333);
#4333 = DEFINITIONAL_REPRESENTATION('',(#4334),#4338);
#4334 = LINE('',#4335,#4336);
#4335 = CARTESIAN_POINT('',(7.5,23.5));
#4336 = VECTOR('',#4337,1.);
#4337 = DIRECTION('',(0.,-1.));
#4338 = ( GEOMETRIC_REPRESENTATION_CONTEXT(2) 
PARAMETRIC_REPRESENTATION_CONTEXT() REPRESENTATION_CONTEXT('2D SPACE',''
  ) );
#4339 = ORIENTED_EDGE('',*,*,#4243,.T.);
#4340 = ADVANCED_FACE('',(#4341),#1052,.F.);
#4341 = FACE_BOUND('',#4342,.F.);
#4342 = EDGE_LOOP('',(#4343,#4344,#4367,#4390));
#4343 = ORIENTED_EDGE('',*,*,#1035,.T.);
#4344 = ORIENTED_EDGE('',*,*,#4345,.T.);
#4345 = EDGE_CURVE('',#1038,#4346,#4348,.T.);
#4346 = VERTEX_POINT('',#4347);
#4347 = CARTESIAN_POINT('',(20.,38.5,16.));
#4348 = SURFACE_CURVE('',#4349,(#4353,#4360),.PCURVE_S1.);
#4349 = LINE('',#4350,#4351);
#4350 = CARTESIAN_POINT('',(20.,18.,7.));
#4351 = VECTOR('',#4352,1.);
#4352 = DIRECTION('',(0.,0.915644030191,0.401990062035));
#4353 = PCURVE('',#1052,#4354);
#4354 = DEFINITIONAL_REPRESENTATION('',(#4355),#4359);
#4355 = LINE('',#4356,#4357);
#4356 = CARTESIAN_POINT('',(-6.27784670569,8.47215329431));
#4357 = VECTOR('',#4358,1.);
#4358 = DIRECTION('',(0.401990062035,-0.915644030191));
#4359 = ( GEOMETRIC_REPRESENTATION_CONTEXT(2) 
PARAMETRIC_REPRESENTATION_CONTEXT() REPRESENTATION_CONTEXT('2D SPACE',''
  ) );
#4360 = PCURVE('',#1078,#4361);
#4361 = DEFINITIONAL_REPRESENTATION('',(#4362),#4366);
#4362 = LINE('',#4363,#4364);
#4363 = CARTESIAN_POINT('',(0.,0.));
#4364 = VECTOR('',#4365,1.);
#4365 = DIRECTION('',(1.,0.));
#4366 = ( GEOMETRIC_REPRESENTATION_CONTEXT(2) 
PARAMETRIC_REPRESENTATION_CONTEXT() REPRESENTATION_CONTEXT('2D SPACE',''
  ) );
#4367 = ORIENTED_EDGE('',*,*,#4368,.T.);
#4368 = EDGE_CURVE('',#4346,#4369,#4371,.T.);
#4369 = VERTEX_POINT('',#4370);
#4370 = CARTESIAN_POINT('',(20.,18.,16.));
#4371 = SURFACE_CURVE('',#4372,(#4376,#4383),.PCURVE_S1.);
#4372 = LINE('',#4373,#4374);
#4373 = CARTESIAN_POINT('',(20.,38.5,16.));
#4374 = VECTOR('',#4375,1.);
#4375 = DIRECTION('',(0.,-1.,0.));
#4376 = PCURVE('',#1052,#4377);
#4377 = DEFINITIONAL_REPRESENTATION('',(#4378),#4382);
#4378 = LINE('',#4379,#4380);
#4379 = CARTESIAN_POINT('',(2.72215329431,-12.02784670569));
#4380 = VECTOR('',#4381,1.);
#4381 = DIRECTION('',(0.,1.));
#4382 = ( GEOMETRIC_REPRESENTATION_CONTEXT(2) 
PARAMETRIC_REPRESENTATION_CONTEXT() REPRESENTATION_CONTEXT('2D SPACE',''
  ) );
#4383 = PCURVE('',#3302,#4384);
#4384 = DEFINITIONAL_REPRESENTATION('',(#4385),#4389);
#4385 = LINE('',#4386,#4387);
#4386 = CARTESIAN_POINT('',(1.5,23.5));
#4387 = VECTOR('',#4388,1.);
#4388 = DIRECTION('',(0.,-1.));
#4389 = ( GEOMETRIC_REPRESENTATION_CONTEXT(2) 
PARAMETRIC_REPRESENTATION_CONTEXT() REPRESENTATION_CONTEXT('2D SPACE',''
  ) );
#4390 = ORIENTED_EDGE('',*,*,#4391,.T.);
#4391 = EDGE_CURVE('',#4369,#1036,#4392,.T.);
#4392 = SURFACE_CURVE('',#4393,(#4397,#4404),.PCURVE_S1.);
#4393 = LINE('',#4394,#4395);
#4394 = CARTESIAN_POINT('',(20.,18.,16.));
#4395 = VECTOR('',#4396,1.);
#4396 = DIRECTION('',(0.,0.,-1.));
#4397 = PCURVE('',#1052,#4398);
#4398 = DEFINITIONAL_REPRESENTATION('',(#4399),#4403);
#4399 = LINE('',#4400,#4401);
#4400 = CARTESIAN_POINT('',(2.72215329431,8.47215329431));
#4401 = VECTOR('',#4402,1.);
#4402 = DIRECTION('',(-1.,0.));
#4403 = ( GEOMETRIC_REPRESENTATION_CONTEXT(2) 
PARAMETRIC_REPRESENTATION_CONTEXT() REPRESENTATION_CONTEXT('2D SPACE',''
  ) );
#4404 = PCURVE('',#1128,#4405);
#4405 = DEFINITIONAL_REPRESENTATION('',(#4406),#4410);
#4406 = LINE('',#4407,#4408);
#4407 = CARTESIAN_POINT('',(0.,0.));
#4408 = VECTOR('',#4409,1.);
#4409 = DIRECTION('',(1.,0.));
#4410 = ( GEOMETRIC_REPRESENTATION_CONTEXT(2) 
PARAMETRIC_REPRESENTATION_CONTEXT() REPRESENTATION_CONTEXT('2D SPACE',''
  ) );
#4411 = ADVANCED_FACE('',(#4412),#1128,.F.);
#4412 = FACE_BOUND('',#4413,.F.);
#4413 = EDGE_LOOP('',(#4414,#4415,#4438,#4459));
#4414 = ORIENTED_EDGE('',*,*,#4391,.F.);
#4415 = ORIENTED_EDGE('',*,*,#4416,.T.);
#4416 = EDGE_CURVE('',#4369,#4417,#4419,.T.);
#4417 = VERTEX_POINT('',#4418);
#4418 = CARTESIAN_POINT('',(26.,18.,16.));
#4419 = SURFACE_CURVE('',#4420,(#4424,#4431),.PCURVE_S1.);
#4420 = LINE('',#4421,#4422);
#4421 = CARTESIAN_POINT('',(20.,18.,16.));
#4422 = VECTOR('',#4423,1.);
#4423 = DIRECTION('',(1.,0.,0.));
#4424 = PCURVE('',#1128,#4425);
#4425 = DEFINITIONAL_REPRESENTATION('',(#4426),#4430);
#4426 = LINE('',#4427,#4428);
#4427 = CARTESIAN_POINT('',(0.,0.));
#4428 = VECTOR('',#4429,1.);
#4429 = DIRECTION('',(0.,-1.));
#4430 = ( GEOMETRIC_REPRESENTATION_CONTEXT(2) 
PARAMETRIC_REPRESENTATION_CONTEXT() REPRESENTATION_CONTEXT('2D SPACE',''
  ) );
#4431 = PCURVE('',#3302,#4432);
#4432 = DEFINITIONAL_REPRESENTATION('',(#4433),#4437);
#4433 = LINE('',#4434,#4435);
#4434 = CARTESIAN_POINT('',(1.5,3.));
#4435 = VECTOR('',#4436,1.);
#4436 = DIRECTION('',(1.,0.));
#4437 = ( GEOMETRIC_REPRESENTATION_CONTEXT(2) 
PARAMETRIC_REPRESENTATION_CONTEXT() REPRESENTATION_CONTEXT('2D SPACE',''
  ) );
#4438 = ORIENTED_EDGE('',*,*,#4439,.T.);
#4439 = EDGE_CURVE('',#4417,#1090,#4440,.T.);
#4440 = SURFACE_CURVE('',#4441,(#4445,#4452),.PCURVE_S1.);
#4441 = LINE('',#4442,#4443);
#4442 = CARTESIAN_POINT('',(26.,18.,16.));
#4443 = VECTOR('',#4444,1.);
#4444 = DIRECTION('',(0.,0.,-1.));
#4445 = PCURVE('',#1128,#4446);
#4446 = DEFINITIONAL_REPRESENTATION('',(#4447),#4451);
#4447 = LINE('',#4448,#4449);
#4448 = CARTESIAN_POINT('',(0.,-6.));
#4449 = VECTOR('',#4450,1.);
#4450 = DIRECTION('',(1.,0.));
#4451 = ( GEOMETRIC_REPRESENTATION_CONTEXT(2) 
PARAMETRIC_REPRESENTATION_CONTEXT() REPRESENTATION_CONTEXT('2D SPACE',''
  ) );
#4452 = PCURVE('',#1104,#4453);
#4453 = DEFINITIONAL_REPRESENTATION('',(#4454),#4458);
#4454 = LINE('',#4455,#4456);
#4455 = CARTESIAN_POINT('',(2.72215329431,8.47215329431));
#4456 = VECTOR('',#4457,1.);
#4457 = DIRECTION('',(-1.,0.));
#4458 = ( GEOMETRIC_REPRESENTATION_CONTEXT(2) 
PARAMETRIC_REPRESENTATION_CONTEXT() REPRESENTATION_CONTEXT('2D SPACE',''
  ) );
#4459 = ORIENTED_EDGE('',*,*,#1115,.T.);
#4460 = ADVANCED_FACE('',(#4461),#1078,.F.);
#4461 = FACE_BOUND('',#4462,.F.);
#4462 = EDGE_LOOP('',(#4463,#4464,#4465,#4488));
#4463 = ORIENTED_EDGE('',*,*,#4345,.F.);
#4464 = ORIENTED_EDGE('',*,*,#1063,.T.);
#4465 = ORIENTED_EDGE('',*,*,#4466,.T.);
#4466 = EDGE_CURVE('',#1064,#4467,#4469,.T.);
#4467 = VERTEX_POINT('',#4468);
#4468 = CARTESIAN_POINT('',(26.,38.5,16.));
#4469 = SURFACE_CURVE('',#4470,(#4474,#4481),.PCURVE_S1.);
#4470 = LINE('',#4471,#4472);
#4471 = CARTESIAN_POINT('',(26.,18.,7.));
#4472 = VECTOR('',#4473,1.);
#4473 = DIRECTION('',(0.,0.915644030191,0.401990062035));
#4474 = PCURVE('',#1078,#4475);
#4475 = DEFINITIONAL_REPRESENTATION('',(#4476),#4480);
#4476 = LINE('',#4477,#4478);
#4477 = CARTESIAN_POINT('',(0.,-6.));
#4478 = VECTOR('',#4479,1.);
#4479 = DIRECTION('',(1.,0.));
#4480 = ( GEOMETRIC_REPRESENTATION_CONTEXT(2) 
PARAMETRIC_REPRESENTATION_CONTEXT() REPRESENTATION_CONTEXT('2D SPACE',''
  ) );
#4481 = PCURVE('',#1104,#4482);
#4482 = DEFINITIONAL_REPRESENTATION('',(#4483),#4487);
#4483 = LINE('',#4484,#4485);
#4484 = CARTESIAN_POINT('',(-6.27784670569,8.47215329431));
#4485 = VECTOR('',#4486,1.);
#4486 = DIRECTION('',(0.401990062035,-0.915644030191));
#4487 = ( GEOMETRIC_REPRESENTATION_CONTEXT(2) 
PARAMETRIC_REPRESENTATION_CONTEXT() REPRESENTATION_CONTEXT('2D SPACE',''
  ) );
#4488 = ORIENTED_EDGE('',*,*,#4489,.F.);
#4489 = EDGE_CURVE('',#4346,#4467,#4490,.T.);
#4490 = SURFACE_CURVE('',#4491,(#4495,#4502),.PCURVE_S1.);
#4491 = LINE('',#4492,#4493);
#4492 = CARTESIAN_POINT('',(20.,38.5,16.));
#4493 = VECTOR('',#4494,1.);
#4494 = DIRECTION('',(1.,0.,0.));
#4495 = PCURVE('',#1078,#4496);
#4496 = DEFINITIONAL_REPRESENTATION('',(#4497),#4501);
#4497 = LINE('',#4498,#4499);
#4498 = CARTESIAN_POINT('',(22.388613177238,0.));
#4499 = VECTOR('',#4500,1.);
#4500 = DIRECTION('',(0.,-1.));
#4501 = ( GEOMETRIC_REPRESENTATION_CONTEXT(2) 
PARAMETRIC_REPRESENTATION_CONTEXT() REPRESENTATION_CONTEXT('2D SPACE',''
  ) );
#4502 = PCURVE('',#3330,#4503);
#4503 = DEFINITIONAL_REPRESENTATION('',(#4504),#4508);
#4504 = LINE('',#4505,#4506);
#4505 = CARTESIAN_POINT('',(0.,1.5));
#4506 = VECTOR('',#4507,1.);
#4507 = DIRECTION('',(0.,1.));
#4508 = ( GEOMETRIC_REPRESENTATION_CONTEXT(2) 
PARAMETRIC_REPRESENTATION_CONTEXT() REPRESENTATION_CONTEXT('2D SPACE',''
  ) );
#4509 = ADVANCED_FACE('',(#4510),#1104,.T.);
#4510 = FACE_BOUND('',#4511,.T.);
#4511 = EDGE_LOOP('',(#4512,#4513,#4514,#4535));
#4512 = ORIENTED_EDGE('',*,*,#1089,.T.);
#4513 = ORIENTED_EDGE('',*,*,#4466,.T.);
#4514 = ORIENTED_EDGE('',*,*,#4515,.T.);
#4515 = EDGE_CURVE('',#4467,#4417,#4516,.T.);
#4516 = SURFACE_CURVE('',#4517,(#4521,#4528),.PCURVE_S1.);
#4517 = LINE('',#4518,#4519);
#4518 = CARTESIAN_POINT('',(26.,38.5,16.));
#4519 = VECTOR('',#4520,1.);
#4520 = DIRECTION('',(0.,-1.,0.));
#4521 = PCURVE('',#1104,#4522);
#4522 = DEFINITIONAL_REPRESENTATION('',(#4523),#4527);
#4523 = LINE('',#4524,#4525);
#4524 = CARTESIAN_POINT('',(2.72215329431,-12.02784670569));
#4525 = VECTOR('',#4526,1.);
#4526 = DIRECTION('',(0.,1.));
#4527 = ( GEOMETRIC_REPRESENTATION_CONTEXT(2) 
PARAMETRIC_REPRESENTATION_CONTEXT() REPRESENTATION_CONTEXT('2D SPACE',''
  ) );
#4528 = PCURVE('',#3302,#4529);
#4529 = DEFINITIONAL_REPRESENTATION('',(#4530),#4534);
#4530 = LINE('',#4531,#4532);
#4531 = CARTESIAN_POINT('',(7.5,23.5));
#4532 = VECTOR('',#4533,1.);
#4533 = DIRECTION('',(0.,-1.));
#4534 = ( GEOMETRIC_REPRESENTATION_CONTEXT(2) 
PARAMETRIC_REPRESENTATION_CONTEXT() REPRESENTATION_CONTEXT('2D SPACE',''
  ) );
#4535 = ORIENTED_EDGE('',*,*,#4439,.T.);
#4536 = ADVANCED_FACE('',(#4537),#1387,.F.);
#4537 = FACE_BOUND('',#4538,.F.);
#4538 = EDGE_LOOP('',(#4539,#4540,#4560,#4587));
#4539 = ORIENTED_EDGE('',*,*,#1370,.T.);
#4540 = ORIENTED_EDGE('',*,*,#4541,.T.);
#4541 = EDGE_CURVE('',#1371,#4542,#4544,.T.);
#4542 = VERTEX_POINT('',#4543);
#4543 = CARTESIAN_POINT('',(-10.9,-13.,0.5));
#4544 = SEAM_CURVE('',#4545,(#4548,#4554),.PCURVE_S1.);
#4545 = B_SPLINE_CURVE_WITH_KNOTS('',1,(#4546,#4547),.UNSPECIFIED.,.F.,
  .F.,(2,2),(0.,1.),.PIECEWISE_BEZIER_KNOTS.);
#4546 = CARTESIAN_POINT('',(-10.65,-13.,0.));
#4547 = CARTESIAN_POINT('',(-10.9,-13.,0.5));
#4548 = PCURVE('',#1387,#4549);
#4549 = DEFINITIONAL_REPRESENTATION('',(#4550),#4553);
#4550 = B_SPLINE_CURVE_WITH_KNOTS('',1,(#4551,#4552),.UNSPECIFIED.,.F.,
  .F.,(2,2),(0.,1.),.PIECEWISE_BEZIER_KNOTS.);
#4551 = CARTESIAN_POINT('',(-6.28318530718,0.));
#4552 = CARTESIAN_POINT('',(-6.28318530718,-0.5));
#4553 = ( GEOMETRIC_REPRESENTATION_CONTEXT(2) 
PARAMETRIC_REPRESENTATION_CONTEXT() REPRESENTATION_CONTEXT('2D SPACE',''
  ) );
#4554 = PCURVE('',#1387,#4555);
#4555 = DEFINITIONAL_REPRESENTATION('',(#4556),#4559);
#4556 = B_SPLINE_CURVE_WITH_KNOTS('',1,(#4557,#4558),.UNSPECIFIED.,.F.,
  .F.,(2,2),(0.,1.),.PIECEWISE_BEZIER_KNOTS.);
#4557 = CARTESIAN_POINT('',(0.,0.));
#4558 = CARTESIAN_POINT('',(0.,-0.5));
#4559 = ( GEOMETRIC_REPRESENTATION_CONTEXT(2) 
PARAMETRIC_REPRESENTATION_CONTEXT() REPRESENTATION_CONTEXT('2D SPACE',''
  ) );
#4560 = ORIENTED_EDGE('',*,*,#4561,.F.);
#4561 = EDGE_CURVE('',#4542,#4542,#4562,.T.);
#4562 = SURFACE_CURVE('',#4563,(#4568,#4575),.PCURVE_S1.);
#4563 = CIRCLE('',#4564,2.1);
#4564 = AXIS2_PLACEMENT_3D('',#4565,#4566,#4567);
#4565 = CARTESIAN_POINT('',(-13.,-13.,0.5));
#4566 = DIRECTION('',(0.,0.,1.));
#4567 = DIRECTION('',(1.,0.,0.));
#4568 = PCURVE('',#1387,#4569);
#4569 = DEFINITIONAL_REPRESENTATION('',(#4570),#4574);
#4570 = LINE('',#4571,#4572);
#4571 = CARTESIAN_POINT('',(-0.,-0.5));
#4572 = VECTOR('',#4573,1.);
#4573 = DIRECTION('',(-1.,-0.));
#4574 = ( GEOMETRIC_REPRESENTATION_CONTEXT(2) 
PARAMETRIC_REPRESENTATION_CONTEXT() REPRESENTATION_CONTEXT('2D SPACE',''
  ) );
#4575 = PCURVE('',#4576,#4581);
#4576 = CYLINDRICAL_SURFACE('',#4577,2.1);
#4577 = AXIS2_PLACEMENT_3D('',#4578,#4579,#4580);
#4578 = CARTESIAN_POINT('',(-13.,-13.,0.));
#4579 = DIRECTION('',(-0.,-0.,-1.));
#4580 = DIRECTION('',(1.,0.,0.));
#4581 = DEFINITIONAL_REPRESENTATION('',(#4582),#4586);
#4582 = LINE('',#4583,#4584);
#4583 = CARTESIAN_POINT('',(-0.,-0.5));
#4584 = VECTOR('',#4585,1.);
#4585 = DIRECTION('',(-1.,0.));
#4586 = ( GEOMETRIC_REPRESENTATION_CONTEXT(2) 
PARAMETRIC_REPRESENTATION_CONTEXT() REPRESENTATION_CONTEXT('2D SPACE',''
  ) );
#4587 = ORIENTED_EDGE('',*,*,#4541,.F.);
#4588 = ADVANCED_FACE('',(#4589),#1418,.F.);
#4589 = FACE_BOUND('',#4590,.F.);
#4590 = EDGE_LOOP('',(#4591,#4592,#4612,#4639));
#4591 = ORIENTED_EDGE('',*,*,#1401,.T.);
#4592 = ORIENTED_EDGE('',*,*,#4593,.T.);
#4593 = EDGE_CURVE('',#1402,#4594,#4596,.T.);
#4594 = VERTEX_POINT('',#4595);
#4595 = CARTESIAN_POINT('',(15.1,-13.,0.5));
#4596 = SEAM_CURVE('',#4597,(#4600,#4606),.PCURVE_S1.);
#4597 = B_SPLINE_CURVE_WITH_KNOTS('',1,(#4598,#4599),.UNSPECIFIED.,.F.,
  .F.,(2,2),(0.,1.),.PIECEWISE_BEZIER_KNOTS.);
#4598 = CARTESIAN_POINT('',(15.35,-13.,0.));
#4599 = CARTESIAN_POINT('',(15.1,-13.,0.5));
#4600 = PCURVE('',#1418,#4601);
#4601 = DEFINITIONAL_REPRESENTATION('',(#4602),#4605);
#4602 = B_SPLINE_CURVE_WITH_KNOTS('',1,(#4603,#4604),.UNSPECIFIED.,.F.,
  .F.,(2,2),(0.,1.),.PIECEWISE_BEZIER_KNOTS.);
#4603 = CARTESIAN_POINT('',(-6.28318530718,0.));
#4604 = CARTESIAN_POINT('',(-6.28318530718,-0.5));
#4605 = ( GEOMETRIC_REPRESENTATION_CONTEXT(2) 
PARAMETRIC_REPRESENTATION_CONTEXT() REPRESENTATION_CONTEXT('2D SPACE',''
  ) );
#4606 = PCURVE('',#1418,#4607);
#4607 = DEFINITIONAL_REPRESENTATION('',(#4608),#4611);
#4608 = B_SPLINE_CURVE_WITH_KNOTS('',1,(#4609,#4610),.UNSPECIFIED.,.F.,
  .F.,(2,2),(0.,1.),.PIECEWISE_BEZIER_KNOTS.);
#4609 = CARTESIAN_POINT('',(0.,0.));
#4610 = CARTESIAN_POINT('',(0.,-0.5));
#4611 = ( GEOMETRIC_REPRESENTATION_CONTEXT(2) 
PARAMETRIC_REPRESENTATION_CONTEXT() REPRESENTATION_CONTEXT('2D SPACE',''
  ) );
#4612 = ORIENTED_EDGE('',*,*,#4613,.F.);
#4613 = EDGE_CURVE('',#4594,#4594,#4614,.T.);
#4614 = SURFACE_CURVE('',#4615,(#4620,#4627),.PCURVE_S1.);
#4615 = CIRCLE('',#4616,2.1);
#4616 = AXIS2_PLACEMENT_3D('',#4617,#4618,#4619);
#4617 = CARTESIAN_POINT('',(13.,-13.,0.5));
#4618 = DIRECTION('',(0.,0.,1.));
#4619 = DIRECTION('',(1.,0.,0.));
#4620 = PCURVE('',#1418,#4621);
#4621 = DEFINITIONAL_REPRESENTATION('',(#4622),#4626);
#4622 = LINE('',#4623,#4624);
#4623 = CARTESIAN_POINT('',(-0.,-0.5));
#4624 = VECTOR('',#4625,1.);
#4625 = DIRECTION('',(-1.,-0.));
#4626 = ( GEOMETRIC_REPRESENTATION_CONTEXT(2) 
PARAMETRIC_REPRESENTATION_CONTEXT() REPRESENTATION_CONTEXT('2D SPACE',''
  ) );
#4627 = PCURVE('',#4628,#4633);
#4628 = CYLINDRICAL_SURFACE('',#4629,2.1);
#4629 = AXIS2_PLACEMENT_3D('',#4630,#4631,#4632);
#4630 = CARTESIAN_POINT('',(13.,-13.,0.));
#4631 = DIRECTION('',(-0.,-0.,-1.));
#4632 = DIRECTION('',(1.,0.,0.));
#4633 = DEFINITIONAL_REPRESENTATION('',(#4634),#4638);
#4634 = LINE('',#4635,#4636);
#4635 = CARTESIAN_POINT('',(-0.,-0.5));
#4636 = VECTOR('',#4637,1.);
#4637 = DIRECTION('',(-1.,0.));
#4638 = ( GEOMETRIC_REPRESENTATION_CONTEXT(2) 
PARAMETRIC_REPRESENTATION_CONTEXT() REPRESENTATION_CONTEXT('2D SPACE',''
  ) );
#4639 = ORIENTED_EDGE('',*,*,#4593,.F.);
#4640 = ADVANCED_FACE('',(#4641),#1449,.F.);
#4641 = FACE_BOUND('',#4642,.F.);
#4642 = EDGE_LOOP('',(#4643,#4644,#4664,#4691));
#4643 = ORIENTED_EDGE('',*,*,#1432,.T.);
#4644 = ORIENTED_EDGE('',*,*,#4645,.T.);
#4645 = EDGE_CURVE('',#1433,#4646,#4648,.T.);
#4646 = VERTEX_POINT('',#4647);
#4647 = CARTESIAN_POINT('',(-10.9,13.,0.5));
#4648 = SEAM_CURVE('',#4649,(#4652,#4658),.PCURVE_S1.);
#4649 = B_SPLINE_CURVE_WITH_KNOTS('',1,(#4650,#4651),.UNSPECIFIED.,.F.,
  .F.,(2,2),(0.,1.),.PIECEWISE_BEZIER_KNOTS.);
#4650 = CARTESIAN_POINT('',(-10.65,13.,0.));
#4651 = CARTESIAN_POINT('',(-10.9,13.,0.5));
#4652 = PCURVE('',#1449,#4653);
#4653 = DEFINITIONAL_REPRESENTATION('',(#4654),#4657);
#4654 = B_SPLINE_CURVE_WITH_KNOTS('',1,(#4655,#4656),.UNSPECIFIED.,.F.,
  .F.,(2,2),(0.,1.),.PIECEWISE_BEZIER_KNOTS.);
#4655 = CARTESIAN_POINT('',(-6.28318530718,0.));
#4656 = CARTESIAN_POINT('',(-6.28318530718,-0.5));
#4657 = ( GEOMETRIC_REPRESENTATION_CONTEXT(2) 
PARAMETRIC_REPRESENTATION_CONTEXT() REPRESENTATION_CONTEXT('2D SPACE',''
  ) );
#4658 = PCURVE('',#1449,#4659);
#4659 = DEFINITIONAL_REPRESENTATION('',(#4660),#4663);
#4660 = B_SPLINE_CURVE_WITH_KNOTS('',1,(#4661,#4662),.UNSPECIFIED.,.F.,
  .F.,(2,2),(0.,1.),.PIECEWISE_BEZIER_KNOTS.);
#4661 = CARTESIAN_POINT('',(0.,0.));
#4662 = CARTESIAN_POINT('',(0.,-0.5));
#4663 = ( GEOMETRIC_REPRESENTATION_CONTEXT(2) 
PARAMETRIC_REPRESENTATION_CONTEXT() REPRESENTATION_CONTEXT('2D SPACE',''
  ) );
#4664 = ORIENTED_EDGE('',*,*,#4665,.F.);
#4665 = EDGE_CURVE('',#4646,#4646,#4666,.T.);
#4666 = SURFACE_CURVE('',#4667,(#4672,#4679),.PCURVE_S1.);
#4667 = CIRCLE('',#4668,2.1);
#4668 = AXIS2_PLACEMENT_3D('',#4669,#4670,#4671);
#4669 = CARTESIAN_POINT('',(-13.,13.,0.5));
#4670 = DIRECTION('',(0.,0.,1.));
#4671 = DIRECTION('',(1.,0.,0.));
#4672 = PCURVE('',#1449,#4673);
#4673 = DEFINITIONAL_REPRESENTATION('',(#4674),#4678);
#4674 = LINE('',#4675,#4676);
#4675 = CARTESIAN_POINT('',(-0.,-0.5));
#4676 = VECTOR('',#4677,1.);
#4677 = DIRECTION('',(-1.,-0.));
#4678 = ( GEOMETRIC_REPRESENTATION_CONTEXT(2) 
PARAMETRIC_REPRESENTATION_CONTEXT() REPRESENTATION_CONTEXT('2D SPACE',''
  ) );
#4679 = PCURVE('',#4680,#4685);
#4680 = CYLINDRICAL_SURFACE('',#4681,2.1);
#4681 = AXIS2_PLACEMENT_3D('',#4682,#4683,#4684);
#4682 = CARTESIAN_POINT('',(-13.,13.,0.));
#4683 = DIRECTION('',(-0.,-0.,-1.));
#4684 = DIRECTION('',(1.,0.,0.));
#4685 = DEFINITIONAL_REPRESENTATION('',(#4686),#4690);
#4686 = LINE('',#4687,#4688);
#4687 = CARTESIAN_POINT('',(-0.,-0.5));
#4688 = VECTOR('',#4689,1.);
#4689 = DIRECTION('',(-1.,0.));
#4690 = ( GEOMETRIC_REPRESENTATION_CONTEXT(2) 
PARAMETRIC_REPRESENTATION_CONTEXT() REPRESENTATION_CONTEXT('2D SPACE',''
  ) );
#4691 = ORIENTED_EDGE('',*,*,#4645,.F.);
#4692 = ADVANCED_FACE('',(#4693),#1480,.F.);
#4693 = FACE_BOUND('',#4694,.F.);
#4694 = EDGE_LOOP('',(#4695,#4696,#4716,#4743));
#4695 = ORIENTED_EDGE('',*,*,#1463,.T.);
#4696 = ORIENTED_EDGE('',*,*,#4697,.T.);
#4697 = EDGE_CURVE('',#1464,#4698,#4700,.T.);
#4698 = VERTEX_POINT('',#4699);
#4699 = CARTESIAN_POINT('',(15.1,13.,0.5));
#4700 = SEAM_CURVE('',#4701,(#4704,#4710),.PCURVE_S1.);
#4701 = B_SPLINE_CURVE_WITH_KNOTS('',1,(#4702,#4703),.UNSPECIFIED.,.F.,
  .F.,(2,2),(0.,1.),.PIECEWISE_BEZIER_KNOTS.);
#4702 = CARTESIAN_POINT('',(15.35,13.,0.));
#4703 = CARTESIAN_POINT('',(15.1,13.,0.5));
#4704 = PCURVE('',#1480,#4705);
#4705 = DEFINITIONAL_REPRESENTATION('',(#4706),#4709);
#4706 = B_SPLINE_CURVE_WITH_KNOTS('',1,(#4707,#4708),.UNSPECIFIED.,.F.,
  .F.,(2,2),(0.,1.),.PIECEWISE_BEZIER_KNOTS.);
#4707 = CARTESIAN_POINT('',(-6.28318530718,0.));
#4708 = CARTESIAN_POINT('',(-6.28318530718,-0.5));
#4709 = ( GEOMETRIC_REPRESENTATION_CONTEXT(2) 
PARAMETRIC_REPRESENTATION_CONTEXT() REPRESENTATION_CONTEXT('2D SPACE',''
  ) );
#4710 = PCURVE('',#1480,#4711);
#4711 = DEFINITIONAL_REPRESENTATION('',(#4712),#4715);
#4712 = B_SPLINE_CURVE_WITH_KNOTS('',1,(#4713,#4714),.UNSPECIFIED.,.F.,
  .F.,(2,2),(0.,1.),.PIECEWISE_BEZIER_KNOTS.);
#4713 = CARTESIAN_POINT('',(0.,0.));
#4714 = CARTESIAN_POINT('',(0.,-0.5));
#4715 = ( GEOMETRIC_REPRESENTATION_CONTEXT(2) 
PARAMETRIC_REPRESENTATION_CONTEXT() REPRESENTATION_CONTEXT('2D SPACE',''
  ) );
#4716 = ORIENTED_EDGE('',*,*,#4717,.F.);
#4717 = EDGE_CURVE('',#4698,#4698,#4718,.T.);
#4718 = SURFACE_CURVE('',#4719,(#4724,#4731),.PCURVE_S1.);
#4719 = CIRCLE('',#4720,2.1);
#4720 = AXIS2_PLACEMENT_3D('',#4721,#4722,#4723);
#4721 = CARTESIAN_POINT('',(13.,13.,0.5));
#4722 = DIRECTION('',(0.,0.,1.));
#4723 = DIRECTION('',(1.,0.,0.));
#4724 = PCURVE('',#1480,#4725);
#4725 = DEFINITIONAL_REPRESENTATION('',(#4726),#4730);
#4726 = LINE('',#4727,#4728);
#4727 = CARTESIAN_POINT('',(-0.,-0.5));
#4728 = VECTOR('',#4729,1.);
#4729 = DIRECTION('',(-1.,-0.));
#4730 = ( GEOMETRIC_REPRESENTATION_CONTEXT(2) 
PARAMETRIC_REPRESENTATION_CONTEXT() REPRESENTATION_CONTEXT('2D SPACE',''
  ) );
#4731 = PCURVE('',#4732,#4737);
#4732 = CYLINDRICAL_SURFACE('',#4733,2.1);
#4733 = AXIS2_PLACEMENT_3D('',#4734,#4735,#4736);
#4734 = CARTESIAN_POINT('',(13.,13.,0.));
#4735 = DIRECTION('',(-0.,-0.,-1.));
#4736 = DIRECTION('',(1.,0.,0.));
#4737 = DEFINITIONAL_REPRESENTATION('',(#4738),#4742);
#4738 = LINE('',#4739,#4740);
#4739 = CARTESIAN_POINT('',(-0.,-0.5));
#4740 = VECTOR('',#4741,1.);
#4741 = DIRECTION('',(-1.,0.));
#4742 = ( GEOMETRIC_REPRESENTATION_CONTEXT(2) 
PARAMETRIC_REPRESENTATION_CONTEXT() REPRESENTATION_CONTEXT('2D SPACE',''
  ) );
#4743 = ORIENTED_EDGE('',*,*,#4697,.F.);
#4744 = ADVANCED_FACE('',(#4745,#4946,#4981),#1514,.F.);
#4745 = FACE_BOUND('',#4746,.F.);
#4746 = EDGE_LOOP('',(#4747,#4748,#4749,#4772,#4795,#4816,#4817,#4818,
    #4841,#4869,#4897,#4925));
#4747 = ORIENTED_EDGE('',*,*,#1702,.F.);
#4748 = ORIENTED_EDGE('',*,*,#1498,.T.);
#4749 = ORIENTED_EDGE('',*,*,#4750,.F.);
#4750 = EDGE_CURVE('',#4751,#1499,#4753,.T.);
#4751 = VERTEX_POINT('',#4752);
#4752 = CARTESIAN_POINT('',(-3.,58.,8.));
#4753 = SURFACE_CURVE('',#4754,(#4758,#4765),.PCURVE_S1.);
#4754 = LINE('',#4755,#4756);
#4755 = CARTESIAN_POINT('',(-3.,58.,8.));
#4756 = VECTOR('',#4757,1.);
#4757 = DIRECTION('',(0.,-1.,0.));
#4758 = PCURVE('',#1514,#4759);
#4759 = DEFINITIONAL_REPRESENTATION('',(#4760),#4764);
#4760 = LINE('',#4761,#4762);
#4761 = CARTESIAN_POINT('',(5.,42.));
#4762 = VECTOR('',#4763,1.);
#4763 = DIRECTION('',(0.,-1.));
#4764 = ( GEOMETRIC_REPRESENTATION_CONTEXT(2) 
PARAMETRIC_REPRESENTATION_CONTEXT() REPRESENTATION_CONTEXT('2D SPACE',''
  ) );
#4765 = PCURVE('',#1541,#4766);
#4766 = DEFINITIONAL_REPRESENTATION('',(#4767),#4771);
#4767 = LINE('',#4768,#4769);
#4768 = CARTESIAN_POINT('',(2.198039027186,-21.80196097281));
#4769 = VECTOR('',#4770,1.);
#4770 = DIRECTION('',(0.,1.));
#4771 = ( GEOMETRIC_REPRESENTATION_CONTEXT(2) 
PARAMETRIC_REPRESENTATION_CONTEXT() REPRESENTATION_CONTEXT('2D SPACE',''
  ) );
#4772 = ORIENTED_EDGE('',*,*,#4773,.T.);
#4773 = EDGE_CURVE('',#4751,#4774,#4776,.T.);
#4774 = VERTEX_POINT('',#4775);
#4775 = CARTESIAN_POINT('',(3.,58.,8.));
#4776 = SURFACE_CURVE('',#4777,(#4781,#4788),.PCURVE_S1.);
#4777 = LINE('',#4778,#4779);
#4778 = CARTESIAN_POINT('',(-3.,58.,8.));
#4779 = VECTOR('',#4780,1.);
#4780 = DIRECTION('',(1.,0.,0.));
#4781 = PCURVE('',#1514,#4782);
#4782 = DEFINITIONAL_REPRESENTATION('',(#4783),#4787);
#4783 = LINE('',#4784,#4785);
#4784 = CARTESIAN_POINT('',(5.,42.));
#4785 = VECTOR('',#4786,1.);
#4786 = DIRECTION('',(1.,0.));
#4787 = ( GEOMETRIC_REPRESENTATION_CONTEXT(2) 
PARAMETRIC_REPRESENTATION_CONTEXT() REPRESENTATION_CONTEXT('2D SPACE',''
  ) );
#4788 = PCURVE('',#1567,#4789);
#4789 = DEFINITIONAL_REPRESENTATION('',(#4790),#4794);
#4790 = LINE('',#4791,#4792);
#4791 = CARTESIAN_POINT('',(40.792156108742,0.));
#4792 = VECTOR('',#4793,1.);
#4793 = DIRECTION('',(0.,-1.));
#4794 = ( GEOMETRIC_REPRESENTATION_CONTEXT(2) 
PARAMETRIC_REPRESENTATION_CONTEXT() REPRESENTATION_CONTEXT('2D SPACE',''
  ) );
#4795 = ORIENTED_EDGE('',*,*,#4796,.T.);
#4796 = EDGE_CURVE('',#4774,#1579,#4797,.T.);
#4797 = SURFACE_CURVE('',#4798,(#4802,#4809),.PCURVE_S1.);
#4798 = LINE('',#4799,#4800);
#4799 = CARTESIAN_POINT('',(3.,58.,8.));
#4800 = VECTOR('',#4801,1.);
#4801 = DIRECTION('',(0.,-1.,0.));
#4802 = PCURVE('',#1514,#4803);
#4803 = DEFINITIONAL_REPRESENTATION('',(#4804),#4808);
#4804 = LINE('',#4805,#4806);
#4805 = CARTESIAN_POINT('',(11.,42.));
#4806 = VECTOR('',#4807,1.);
#4807 = DIRECTION('',(0.,-1.));
#4808 = ( GEOMETRIC_REPRESENTATION_CONTEXT(2) 
PARAMETRIC_REPRESENTATION_CONTEXT() REPRESENTATION_CONTEXT('2D SPACE',''
  ) );
#4809 = PCURVE('',#1593,#4810);
#4810 = DEFINITIONAL_REPRESENTATION('',(#4811),#4815);
#4811 = LINE('',#4812,#4813);
#4812 = CARTESIAN_POINT('',(2.198039027186,-21.80196097281));
#4813 = VECTOR('',#4814,1.);
#4814 = DIRECTION('',(0.,1.));
#4815 = ( GEOMETRIC_REPRESENTATION_CONTEXT(2) 
PARAMETRIC_REPRESENTATION_CONTEXT() REPRESENTATION_CONTEXT('2D SPACE',''
  ) );
#4816 = ORIENTED_EDGE('',*,*,#1604,.T.);
#4817 = ORIENTED_EDGE('',*,*,#1826,.T.);
#4818 = ORIENTED_EDGE('',*,*,#4819,.T.);
#4819 = EDGE_CURVE('',#1827,#4820,#4822,.T.);
#4820 = VERTEX_POINT('',#4821);
#4821 = CARTESIAN_POINT('',(28.5,61.,8.));
#4822 = SURFACE_CURVE('',#4823,(#4827,#4834),.PCURVE_S1.);
#4823 = LINE('',#4824,#4825);
#4824 = CARTESIAN_POINT('',(-28.5,61.,8.));
#4825 = VECTOR('',#4826,1.);
#4826 = DIRECTION('',(1.,0.,0.));
#4827 = PCURVE('',#1514,#4828);
#4828 = DEFINITIONAL_REPRESENTATION('',(#4829),#4833);
#4829 = LINE('',#4830,#4831);
#4830 = CARTESIAN_POINT('',(-20.5,45.));
#4831 = VECTOR('',#4832,1.);
#4832 = DIRECTION('',(1.,0.));
#4833 = ( GEOMETRIC_REPRESENTATION_CONTEXT(2) 
PARAMETRIC_REPRESENTATION_CONTEXT() REPRESENTATION_CONTEXT('2D SPACE',''
  ) );
#4834 = PCURVE('',#1862,#4835);
#4835 = DEFINITIONAL_REPRESENTATION('',(#4836),#4840);
#4836 = LINE('',#4837,#4838);
#4837 = CARTESIAN_POINT('',(0.,0.));
#4838 = VECTOR('',#4839,1.);
#4839 = DIRECTION('',(0.,1.));
#4840 = ( GEOMETRIC_REPRESENTATION_CONTEXT(2) 
PARAMETRIC_REPRESENTATION_CONTEXT() REPRESENTATION_CONTEXT('2D SPACE',''
  ) );
#4841 = ORIENTED_EDGE('',*,*,#4842,.T.);
#4842 = EDGE_CURVE('',#4820,#4843,#4845,.T.);
#4843 = VERTEX_POINT('',#4844);
#4844 = CARTESIAN_POINT('',(28.5,79.,8.));
#4845 = SURFACE_CURVE('',#4846,(#4850,#4857),.PCURVE_S1.);
#4846 = LINE('',#4847,#4848);
#4847 = CARTESIAN_POINT('',(28.5,61.,8.));
#4848 = VECTOR('',#4849,1.);
#4849 = DIRECTION('',(0.,1.,0.));
#4850 = PCURVE('',#1514,#4851);
#4851 = DEFINITIONAL_REPRESENTATION('',(#4852),#4856);
#4852 = LINE('',#4853,#4854);
#4853 = CARTESIAN_POINT('',(36.5,45.));
#4854 = VECTOR('',#4855,1.);
#4855 = DIRECTION('',(0.,1.));
#4856 = ( GEOMETRIC_REPRESENTATION_CONTEXT(2) 
PARAMETRIC_REPRESENTATION_CONTEXT() REPRESENTATION_CONTEXT('2D SPACE',''
  ) );
#4857 = PCURVE('',#4858,#4863);
#4858 = PLANE('',#4859);
#4859 = AXIS2_PLACEMENT_3D('',#4860,#4861,#4862);
#4860 = CARTESIAN_POINT('',(28.5,61.,8.));
#4861 = DIRECTION('',(1.,0.,0.));
#4862 = DIRECTION('',(0.,0.,1.));
#4863 = DEFINITIONAL_REPRESENTATION('',(#4864),#4868);
#4864 = LINE('',#4865,#4866);
#4865 = CARTESIAN_POINT('',(0.,0.));
#4866 = VECTOR('',#4867,1.);
#4867 = DIRECTION('',(0.,-1.));
#4868 = ( GEOMETRIC_REPRESENTATION_CONTEXT(2) 
PARAMETRIC_REPRESENTATION_CONTEXT() REPRESENTATION_CONTEXT('2D SPACE',''
  ) );
#4869 = ORIENTED_EDGE('',*,*,#4870,.F.);
#4870 = EDGE_CURVE('',#4871,#4843,#4873,.T.);
#4871 = VERTEX_POINT('',#4872);
#4872 = CARTESIAN_POINT('',(-28.5,79.,8.));
#4873 = SURFACE_CURVE('',#4874,(#4878,#4885),.PCURVE_S1.);
#4874 = LINE('',#4875,#4876);
#4875 = CARTESIAN_POINT('',(-28.5,79.,8.));
#4876 = VECTOR('',#4877,1.);
#4877 = DIRECTION('',(1.,0.,0.));
#4878 = PCURVE('',#1514,#4879);
#4879 = DEFINITIONAL_REPRESENTATION('',(#4880),#4884);
#4880 = LINE('',#4881,#4882);
#4881 = CARTESIAN_POINT('',(-20.5,63.));
#4882 = VECTOR('',#4883,1.);
#4883 = DIRECTION('',(1.,0.));
#4884 = ( GEOMETRIC_REPRESENTATION_CONTEXT(2) 
PARAMETRIC_REPRESENTATION_CONTEXT() REPRESENTATION_CONTEXT('2D SPACE',''
  ) );
#4885 = PCURVE('',#4886,#4891);
#4886 = PLANE('',#4887);
#4887 = AXIS2_PLACEMENT_3D('',#4888,#4889,#4890);
#4888 = CARTESIAN_POINT('',(-28.5,79.,8.));
#4889 = DIRECTION('',(0.,1.,0.));
#4890 = DIRECTION('',(0.,0.,1.));
#4891 = DEFINITIONAL_REPRESENTATION('',(#4892),#4896);
#4892 = LINE('',#4893,#4894);
#4893 = CARTESIAN_POINT('',(0.,0.));
#4894 = VECTOR('',#4895,1.);
#4895 = DIRECTION('',(0.,1.));
#4896 = ( GEOMETRIC_REPRESENTATION_CONTEXT(2) 
PARAMETRIC_REPRESENTATION_CONTEXT() REPRESENTATION_CONTEXT('2D SPACE',''
  ) );
#4897 = ORIENTED_EDGE('',*,*,#4898,.F.);
#4898 = EDGE_CURVE('',#4899,#4871,#4901,.T.);
#4899 = VERTEX_POINT('',#4900);
#4900 = CARTESIAN_POINT('',(-28.5,61.,8.));
#4901 = SURFACE_CURVE('',#4902,(#4906,#4913),.PCURVE_S1.);
#4902 = LINE('',#4903,#4904);
#4903 = CARTESIAN_POINT('',(-28.5,61.,8.));
#4904 = VECTOR('',#4905,1.);
#4905 = DIRECTION('',(0.,1.,0.));
#4906 = PCURVE('',#1514,#4907);
#4907 = DEFINITIONAL_REPRESENTATION('',(#4908),#4912);
#4908 = LINE('',#4909,#4910);
#4909 = CARTESIAN_POINT('',(-20.5,45.));
#4910 = VECTOR('',#4911,1.);
#4911 = DIRECTION('',(0.,1.));
#4912 = ( GEOMETRIC_REPRESENTATION_CONTEXT(2) 
PARAMETRIC_REPRESENTATION_CONTEXT() REPRESENTATION_CONTEXT('2D SPACE',''
  ) );
#4913 = PCURVE('',#4914,#4919);
#4914 = PLANE('',#4915);
#4915 = AXIS2_PLACEMENT_3D('',#4916,#4917,#4918);
#4916 = CARTESIAN_POINT('',(-28.5,61.,8.));
#4917 = DIRECTION('',(1.,0.,0.));
#4918 = DIRECTION('',(0.,0.,1.));
#4919 = DEFINITIONAL_REPRESENTATION('',(#4920),#4924);
#4920 = LINE('',#4921,#4922);
#4921 = CARTESIAN_POINT('',(0.,0.));
#4922 = VECTOR('',#4923,1.);
#4923 = DIRECTION('',(0.,-1.));
#4924 = ( GEOMETRIC_REPRESENTATION_CONTEXT(2) 
PARAMETRIC_REPRESENTATION_CONTEXT() REPRESENTATION_CONTEXT('2D SPACE',''
  ) );
#4925 = ORIENTED_EDGE('',*,*,#4926,.T.);
#4926 = EDGE_CURVE('',#4899,#1703,#4927,.T.);
#4927 = SURFACE_CURVE('',#4928,(#4932,#4939),.PCURVE_S1.);
#4928 = LINE('',#4929,#4930);
#4929 = CARTESIAN_POINT('',(-28.5,61.,8.));
#4930 = VECTOR('',#4931,1.);
#4931 = DIRECTION('',(1.,0.,0.));
#4932 = PCURVE('',#1514,#4933);
#4933 = DEFINITIONAL_REPRESENTATION('',(#4934),#4938);
#4934 = LINE('',#4935,#4936);
#4935 = CARTESIAN_POINT('',(-20.5,45.));
#4936 = VECTOR('',#4937,1.);
#4937 = DIRECTION('',(1.,0.));
#4938 = ( GEOMETRIC_REPRESENTATION_CONTEXT(2) 
PARAMETRIC_REPRESENTATION_CONTEXT() REPRESENTATION_CONTEXT('2D SPACE',''
  ) );
#4939 = PCURVE('',#1738,#4940);
#4940 = DEFINITIONAL_REPRESENTATION('',(#4941),#4945);
#4941 = LINE('',#4942,#4943);
#4942 = CARTESIAN_POINT('',(0.,0.));
#4943 = VECTOR('',#4944,1.);
#4944 = DIRECTION('',(0.,1.));
#4945 = ( GEOMETRIC_REPRESENTATION_CONTEXT(2) 
PARAMETRIC_REPRESENTATION_CONTEXT() REPRESENTATION_CONTEXT('2D SPACE',''
  ) );
#4946 = FACE_BOUND('',#4947,.F.);
#4947 = EDGE_LOOP('',(#4948));
#4948 = ORIENTED_EDGE('',*,*,#4949,.T.);
#4949 = EDGE_CURVE('',#4950,#4950,#4952,.T.);
#4950 = VERTEX_POINT('',#4951);
#4951 = CARTESIAN_POINT('',(-20.9,70.,8.));
#4952 = SURFACE_CURVE('',#4953,(#4958,#4969),.PCURVE_S1.);
#4953 = CIRCLE('',#4954,1.6);
#4954 = AXIS2_PLACEMENT_3D('',#4955,#4956,#4957);
#4955 = CARTESIAN_POINT('',(-22.5,70.,8.));
#4956 = DIRECTION('',(0.,0.,-1.));
#4957 = DIRECTION('',(1.,0.,0.));
#4958 = PCURVE('',#1514,#4959);
#4959 = DEFINITIONAL_REPRESENTATION('',(#4960),#4968);
#4960 = ( BOUNDED_CURVE() B_SPLINE_CURVE(2,(#4961,#4962,#4963,#4964,
#4965,#4966,#4967),.UNSPECIFIED.,.T.,.F.) B_SPLINE_CURVE_WITH_KNOTS((1,2
    ,2,2,2,1),(-2.094395102393,0.,2.094395102393,4.188790204786,
6.28318530718,8.377580409573),.UNSPECIFIED.) CURVE() 
GEOMETRIC_REPRESENTATION_ITEM() RATIONAL_B_SPLINE_CURVE((1.,0.5,1.,0.5,
1.,0.5,1.)) REPRESENTATION_ITEM('') );
#4961 = CARTESIAN_POINT('',(-12.9,54.));
#4962 = CARTESIAN_POINT('',(-12.9,51.22871870789));
#4963 = CARTESIAN_POINT('',(-15.3,52.614359353945));
#4964 = CARTESIAN_POINT('',(-17.7,54.));
#4965 = CARTESIAN_POINT('',(-15.3,55.385640646055));
#4966 = CARTESIAN_POINT('',(-12.9,56.77128129211));
#4967 = CARTESIAN_POINT('',(-12.9,54.));
#4968 = ( GEOMETRIC_REPRESENTATION_CONTEXT(2) 
PARAMETRIC_REPRESENTATION_CONTEXT() REPRESENTATION_CONTEXT('2D SPACE',''
  ) );
#4969 = PCURVE('',#4970,#4975);
#4970 = CYLINDRICAL_SURFACE('',#4971,1.6);
#4971 = AXIS2_PLACEMENT_3D('',#4972,#4973,#4974);
#4972 = CARTESIAN_POINT('',(-22.5,70.,7.));
#4973 = DIRECTION('',(-0.,-0.,-1.));
#4974 = DIRECTION('',(1.,0.,0.));
#4975 = DEFINITIONAL_REPRESENTATION('',(#4976),#4980);
#4976 = LINE('',#4977,#4978);
#4977 = CARTESIAN_POINT('',(-6.28318530718,-1.));
#4978 = VECTOR('',#4979,1.);
#4979 = DIRECTION('',(1.,-0.));
#4980 = ( GEOMETRIC_REPRESENTATION_CONTEXT(2) 
PARAMETRIC_REPRESENTATION_CONTEXT() REPRESENTATION_CONTEXT('2D SPACE',''
  ) );
#4981 = FACE_BOUND('',#4982,.F.);
#4982 = EDGE_LOOP('',(#4983));
#4983 = ORIENTED_EDGE('',*,*,#4984,.T.);
#4984 = EDGE_CURVE('',#4985,#4985,#4987,.T.);
#4985 = VERTEX_POINT('',#4986);
#4986 = CARTESIAN_POINT('',(24.1,70.,8.));
#4987 = SURFACE_CURVE('',#4988,(#4993,#5004),.PCURVE_S1.);
#4988 = CIRCLE('',#4989,1.6);
#4989 = AXIS2_PLACEMENT_3D('',#4990,#4991,#4992);
#4990 = CARTESIAN_POINT('',(22.5,70.,8.));
#4991 = DIRECTION('',(0.,0.,-1.));
#4992 = DIRECTION('',(1.,0.,0.));
#4993 = PCURVE('',#1514,#4994);
#4994 = DEFINITIONAL_REPRESENTATION('',(#4995),#5003);
#4995 = ( BOUNDED_CURVE() B_SPLINE_CURVE(2,(#4996,#4997,#4998,#4999,
#5000,#5001,#5002),.UNSPECIFIED.,.T.,.F.) B_SPLINE_CURVE_WITH_KNOTS((1,2
    ,2,2,2,1),(-2.094395102393,0.,2.094395102393,4.188790204786,
6.28318530718,8.377580409573),.UNSPECIFIED.) CURVE() 
GEOMETRIC_REPRESENTATION_ITEM() RATIONAL_B_SPLINE_CURVE((1.,0.5,1.,0.5,
1.,0.5,1.)) REPRESENTATION_ITEM('') );
#4996 = CARTESIAN_POINT('',(32.1,54.));
#4997 = CARTESIAN_POINT('',(32.1,51.22871870789));
#4998 = CARTESIAN_POINT('',(29.7,52.614359353945));
#4999 = CARTESIAN_POINT('',(27.3,54.));
#5000 = CARTESIAN_POINT('',(29.7,55.385640646055));
#5001 = CARTESIAN_POINT('',(32.1,56.77128129211));
#5002 = CARTESIAN_POINT('',(32.1,54.));
#5003 = ( GEOMETRIC_REPRESENTATION_CONTEXT(2) 
PARAMETRIC_REPRESENTATION_CONTEXT() REPRESENTATION_CONTEXT('2D SPACE',''
  ) );
#5004 = PCURVE('',#5005,#5010);
#5005 = CYLINDRICAL_SURFACE('',#5006,1.6);
#5006 = AXIS2_PLACEMENT_3D('',#5007,#5008,#5009);
#5007 = CARTESIAN_POINT('',(22.5,70.,7.));
#5008 = DIRECTION('',(-0.,-0.,-1.));
#5009 = DIRECTION('',(1.,0.,0.));
#5010 = DEFINITIONAL_REPRESENTATION('',(#5011),#5015);
#5011 = LINE('',#5012,#5013);
#5012 = CARTESIAN_POINT('',(-6.28318530718,-1.));
#5013 = VECTOR('',#5014,1.);
#5014 = DIRECTION('',(1.,-0.));
#5015 = ( GEOMETRIC_REPRESENTATION_CONTEXT(2) 
PARAMETRIC_REPRESENTATION_CONTEXT() REPRESENTATION_CONTEXT('2D SPACE',''
  ) );
#5016 = ADVANCED_FACE('',(#5017),#1593,.T.);
#5017 = FACE_BOUND('',#5018,.T.);
#5018 = EDGE_LOOP('',(#5019,#5020,#5041));
#5019 = ORIENTED_EDGE('',*,*,#1578,.T.);
#5020 = ORIENTED_EDGE('',*,*,#5021,.T.);
#5021 = EDGE_CURVE('',#1553,#4774,#5022,.T.);
#5022 = SURFACE_CURVE('',#5023,(#5027,#5034),.PCURVE_S1.);
#5023 = LINE('',#5024,#5025);
#5024 = CARTESIAN_POINT('',(3.,18.,0.));
#5025 = VECTOR('',#5026,1.);
#5026 = DIRECTION('',(0.,0.980580675691,0.196116135138));
#5027 = PCURVE('',#1593,#5028);
#5028 = DEFINITIONAL_REPRESENTATION('',(#5029),#5033);
#5029 = LINE('',#5030,#5031);
#5030 = CARTESIAN_POINT('',(-5.801960972814,18.198039027186));
#5031 = VECTOR('',#5032,1.);
#5032 = DIRECTION('',(0.196116135138,-0.980580675691));
#5033 = ( GEOMETRIC_REPRESENTATION_CONTEXT(2) 
PARAMETRIC_REPRESENTATION_CONTEXT() REPRESENTATION_CONTEXT('2D SPACE',''
  ) );
#5034 = PCURVE('',#1567,#5035);
#5035 = DEFINITIONAL_REPRESENTATION('',(#5036),#5040);
#5036 = LINE('',#5037,#5038);
#5037 = CARTESIAN_POINT('',(0.,-6.));
#5038 = VECTOR('',#5039,1.);
#5039 = DIRECTION('',(1.,0.));
#5040 = ( GEOMETRIC_REPRESENTATION_CONTEXT(2) 
PARAMETRIC_REPRESENTATION_CONTEXT() REPRESENTATION_CONTEXT('2D SPACE',''
  ) );
#5041 = ORIENTED_EDGE('',*,*,#4796,.T.);
#5042 = ADVANCED_FACE('',(#5043),#1567,.F.);
#5043 = FACE_BOUND('',#5044,.F.);
#5044 = EDGE_LOOP('',(#5045,#5066,#5067,#5068));
#5045 = ORIENTED_EDGE('',*,*,#5046,.F.);
#5046 = EDGE_CURVE('',#1527,#4751,#5047,.T.);
#5047 = SURFACE_CURVE('',#5048,(#5052,#5059),.PCURVE_S1.);
#5048 = LINE('',#5049,#5050);
#5049 = CARTESIAN_POINT('',(-3.,18.,0.));
#5050 = VECTOR('',#5051,1.);
#5051 = DIRECTION('',(0.,0.980580675691,0.196116135138));
#5052 = PCURVE('',#1567,#5053);
#5053 = DEFINITIONAL_REPRESENTATION('',(#5054),#5058);
#5054 = LINE('',#5055,#5056);
#5055 = CARTESIAN_POINT('',(0.,0.));
#5056 = VECTOR('',#5057,1.);
#5057 = DIRECTION('',(1.,0.));
#5058 = ( GEOMETRIC_REPRESENTATION_CONTEXT(2) 
PARAMETRIC_REPRESENTATION_CONTEXT() REPRESENTATION_CONTEXT('2D SPACE',''
  ) );
#5059 = PCURVE('',#1541,#5060);
#5060 = DEFINITIONAL_REPRESENTATION('',(#5061),#5065);
#5061 = LINE('',#5062,#5063);
#5062 = CARTESIAN_POINT('',(-5.801960972814,18.198039027186));
#5063 = VECTOR('',#5064,1.);
#5064 = DIRECTION('',(0.196116135138,-0.980580675691));
#5065 = ( GEOMETRIC_REPRESENTATION_CONTEXT(2) 
PARAMETRIC_REPRESENTATION_CONTEXT() REPRESENTATION_CONTEXT('2D SPACE',''
  ) );
#5066 = ORIENTED_EDGE('',*,*,#1552,.T.);
#5067 = ORIENTED_EDGE('',*,*,#5021,.T.);
#5068 = ORIENTED_EDGE('',*,*,#4773,.F.);
#5069 = ADVANCED_FACE('',(#5070),#1541,.F.);
#5070 = FACE_BOUND('',#5071,.F.);
#5071 = EDGE_LOOP('',(#5072,#5073,#5074));
#5072 = ORIENTED_EDGE('',*,*,#1526,.T.);
#5073 = ORIENTED_EDGE('',*,*,#5046,.T.);
#5074 = ORIENTED_EDGE('',*,*,#4750,.T.);
#5075 = ADVANCED_FACE('',(#5076,#5194,#5224),#1668,.T.);
#5076 = FACE_BOUND('',#5077,.T.);
#5077 = EDGE_LOOP('',(#5078,#5079,#5080,#5081,#5104,#5127,#5150,#5173));
#5078 = ORIENTED_EDGE('',*,*,#1650,.F.);
#5079 = ORIENTED_EDGE('',*,*,#1754,.T.);
#5080 = ORIENTED_EDGE('',*,*,#1801,.T.);
#5081 = ORIENTED_EDGE('',*,*,#5082,.T.);
#5082 = EDGE_CURVE('',#1802,#5083,#5085,.T.);
#5083 = VERTEX_POINT('',#5084);
#5084 = CARTESIAN_POINT('',(28.5,61.,14.));
#5085 = SURFACE_CURVE('',#5086,(#5090,#5097),.PCURVE_S1.);
#5086 = LINE('',#5087,#5088);
#5087 = CARTESIAN_POINT('',(-28.5,61.,14.));
#5088 = VECTOR('',#5089,1.);
#5089 = DIRECTION('',(1.,0.,0.));
#5090 = PCURVE('',#1668,#5091);
#5091 = DEFINITIONAL_REPRESENTATION('',(#5092),#5096);
#5092 = LINE('',#5093,#5094);
#5093 = CARTESIAN_POINT('',(-20.5,45.));
#5094 = VECTOR('',#5095,1.);
#5095 = DIRECTION('',(1.,0.));
#5096 = ( GEOMETRIC_REPRESENTATION_CONTEXT(2) 
PARAMETRIC_REPRESENTATION_CONTEXT() REPRESENTATION_CONTEXT('2D SPACE',''
  ) );
#5097 = PCURVE('',#1862,#5098);
#5098 = DEFINITIONAL_REPRESENTATION('',(#5099),#5103);
#5099 = LINE('',#5100,#5101);
#5100 = CARTESIAN_POINT('',(6.,0.));
#5101 = VECTOR('',#5102,1.);
#5102 = DIRECTION('',(0.,1.));
#5103 = ( GEOMETRIC_REPRESENTATION_CONTEXT(2) 
PARAMETRIC_REPRESENTATION_CONTEXT() REPRESENTATION_CONTEXT('2D SPACE',''
  ) );
#5104 = ORIENTED_EDGE('',*,*,#5105,.T.);
#5105 = EDGE_CURVE('',#5083,#5106,#5108,.T.);
#5106 = VERTEX_POINT('',#5107);
#5107 = CARTESIAN_POINT('',(28.5,79.,14.));
#5108 = SURFACE_CURVE('',#5109,(#5113,#5120),.PCURVE_S1.);
#5109 = LINE('',#5110,#5111);
#5110 = CARTESIAN_POINT('',(28.5,61.,14.));
#5111 = VECTOR('',#5112,1.);
#5112 = DIRECTION('',(0.,1.,0.));
#5113 = PCURVE('',#1668,#5114);
#5114 = DEFINITIONAL_REPRESENTATION('',(#5115),#5119);
#5115 = LINE('',#5116,#5117);
#5116 = CARTESIAN_POINT('',(36.5,45.));
#5117 = VECTOR('',#5118,1.);
#5118 = DIRECTION('',(0.,1.));
#5119 = ( GEOMETRIC_REPRESENTATION_CONTEXT(2) 
PARAMETRIC_REPRESENTATION_CONTEXT() REPRESENTATION_CONTEXT('2D SPACE',''
  ) );
#5120 = PCURVE('',#4858,#5121);
#5121 = DEFINITIONAL_REPRESENTATION('',(#5122),#5126);
#5122 = LINE('',#5123,#5124);
#5123 = CARTESIAN_POINT('',(6.,0.));
#5124 = VECTOR('',#5125,1.);
#5125 = DIRECTION('',(0.,-1.));
#5126 = ( GEOMETRIC_REPRESENTATION_CONTEXT(2) 
PARAMETRIC_REPRESENTATION_CONTEXT() REPRESENTATION_CONTEXT('2D SPACE',''
  ) );
#5127 = ORIENTED_EDGE('',*,*,#5128,.F.);
#5128 = EDGE_CURVE('',#5129,#5106,#5131,.T.);
#5129 = VERTEX_POINT('',#5130);
#5130 = CARTESIAN_POINT('',(-28.5,79.,14.));
#5131 = SURFACE_CURVE('',#5132,(#5136,#5143),.PCURVE_S1.);
#5132 = LINE('',#5133,#5134);
#5133 = CARTESIAN_POINT('',(-28.5,79.,14.));
#5134 = VECTOR('',#5135,1.);
#5135 = DIRECTION('',(1.,0.,0.));
#5136 = PCURVE('',#1668,#5137);
#5137 = DEFINITIONAL_REPRESENTATION('',(#5138),#5142);
#5138 = LINE('',#5139,#5140);
#5139 = CARTESIAN_POINT('',(-20.5,63.));
#5140 = VECTOR('',#5141,1.);
#5141 = DIRECTION('',(1.,0.));
#5142 = ( GEOMETRIC_REPRESENTATION_CONTEXT(2) 
PARAMETRIC_REPRESENTATION_CONTEXT() REPRESENTATION_CONTEXT('2D SPACE',''
  ) );
#5143 = PCURVE('',#4886,#5144);
#5144 = DEFINITIONAL_REPRESENTATION('',(#5145),#5149);
#5145 = LINE('',#5146,#5147);
#5146 = CARTESIAN_POINT('',(6.,0.));
#5147 = VECTOR('',#5148,1.);
#5148 = DIRECTION('',(0.,1.));
#5149 = ( GEOMETRIC_REPRESENTATION_CONTEXT(2) 
PARAMETRIC_REPRESENTATION_CONTEXT() REPRESENTATION_CONTEXT('2D SPACE',''
  ) );
#5150 = ORIENTED_EDGE('',*,*,#5151,.F.);
#5151 = EDGE_CURVE('',#5152,#5129,#5154,.T.);
#5152 = VERTEX_POINT('',#5153);
#5153 = CARTESIAN_POINT('',(-28.5,61.,14.));
#5154 = SURFACE_CURVE('',#5155,(#5159,#5166),.PCURVE_S1.);
#5155 = LINE('',#5156,#5157);
#5156 = CARTESIAN_POINT('',(-28.5,61.,14.));
#5157 = VECTOR('',#5158,1.);
#5158 = DIRECTION('',(0.,1.,0.));
#5159 = PCURVE('',#1668,#5160);
#5160 = DEFINITIONAL_REPRESENTATION('',(#5161),#5165);
#5161 = LINE('',#5162,#5163);
#5162 = CARTESIAN_POINT('',(-20.5,45.));
#5163 = VECTOR('',#5164,1.);
#5164 = DIRECTION('',(0.,1.));
#5165 = ( GEOMETRIC_REPRESENTATION_CONTEXT(2) 
PARAMETRIC_REPRESENTATION_CONTEXT() REPRESENTATION_CONTEXT('2D SPACE',''
  ) );
#5166 = PCURVE('',#4914,#5167);
#5167 = DEFINITIONAL_REPRESENTATION('',(#5168),#5172);
#5168 = LINE('',#5169,#5170);
#5169 = CARTESIAN_POINT('',(6.,0.));
#5170 = VECTOR('',#5171,1.);
#5171 = DIRECTION('',(0.,-1.));
#5172 = ( GEOMETRIC_REPRESENTATION_CONTEXT(2) 
PARAMETRIC_REPRESENTATION_CONTEXT() REPRESENTATION_CONTEXT('2D SPACE',''
  ) );
#5173 = ORIENTED_EDGE('',*,*,#5174,.T.);
#5174 = EDGE_CURVE('',#5152,#1653,#5175,.T.);
#5175 = SURFACE_CURVE('',#5176,(#5180,#5187),.PCURVE_S1.);
#5176 = LINE('',#5177,#5178);
#5177 = CARTESIAN_POINT('',(-28.5,61.,14.));
#5178 = VECTOR('',#5179,1.);
#5179 = DIRECTION('',(1.,0.,0.));
#5180 = PCURVE('',#1668,#5181);
#5181 = DEFINITIONAL_REPRESENTATION('',(#5182),#5186);
#5182 = LINE('',#5183,#5184);
#5183 = CARTESIAN_POINT('',(-20.5,45.));
#5184 = VECTOR('',#5185,1.);
#5185 = DIRECTION('',(1.,0.));
#5186 = ( GEOMETRIC_REPRESENTATION_CONTEXT(2) 
PARAMETRIC_REPRESENTATION_CONTEXT() REPRESENTATION_CONTEXT('2D SPACE',''
  ) );
#5187 = PCURVE('',#1738,#5188);
#5188 = DEFINITIONAL_REPRESENTATION('',(#5189),#5193);
#5189 = LINE('',#5190,#5191);
#5190 = CARTESIAN_POINT('',(6.,0.));
#5191 = VECTOR('',#5192,1.);
#5192 = DIRECTION('',(0.,1.));
#5193 = ( GEOMETRIC_REPRESENTATION_CONTEXT(2) 
PARAMETRIC_REPRESENTATION_CONTEXT() REPRESENTATION_CONTEXT('2D SPACE',''
  ) );
#5194 = FACE_BOUND('',#5195,.T.);
#5195 = EDGE_LOOP('',(#5196));
#5196 = ORIENTED_EDGE('',*,*,#5197,.T.);
#5197 = EDGE_CURVE('',#5198,#5198,#5200,.T.);
#5198 = VERTEX_POINT('',#5199);
#5199 = CARTESIAN_POINT('',(-20.9,70.,14.));
#5200 = SURFACE_CURVE('',#5201,(#5206,#5217),.PCURVE_S1.);
#5201 = CIRCLE('',#5202,1.6);
#5202 = AXIS2_PLACEMENT_3D('',#5203,#5204,#5205);
#5203 = CARTESIAN_POINT('',(-22.5,70.,14.));
#5204 = DIRECTION('',(0.,0.,-1.));
#5205 = DIRECTION('',(1.,0.,0.));
#5206 = PCURVE('',#1668,#5207);
#5207 = DEFINITIONAL_REPRESENTATION('',(#5208),#5216);
#5208 = ( BOUNDED_CURVE() B_SPLINE_CURVE(2,(#5209,#5210,#5211,#5212,
#5213,#5214,#5215),.UNSPECIFIED.,.T.,.F.) B_SPLINE_CURVE_WITH_KNOTS((1,2
    ,2,2,2,1),(-2.094395102393,0.,2.094395102393,4.188790204786,
6.28318530718,8.377580409573),.UNSPECIFIED.) CURVE() 
GEOMETRIC_REPRESENTATION_ITEM() RATIONAL_B_SPLINE_CURVE((1.,0.5,1.,0.5,
1.,0.5,1.)) REPRESENTATION_ITEM('') );
#5209 = CARTESIAN_POINT('',(-12.9,54.));
#5210 = CARTESIAN_POINT('',(-12.9,51.22871870789));
#5211 = CARTESIAN_POINT('',(-15.3,52.614359353945));
#5212 = CARTESIAN_POINT('',(-17.7,54.));
#5213 = CARTESIAN_POINT('',(-15.3,55.385640646055));
#5214 = CARTESIAN_POINT('',(-12.9,56.77128129211));
#5215 = CARTESIAN_POINT('',(-12.9,54.));
#5216 = ( GEOMETRIC_REPRESENTATION_CONTEXT(2) 
PARAMETRIC_REPRESENTATION_CONTEXT() REPRESENTATION_CONTEXT('2D SPACE',''
  ) );
#5217 = PCURVE('',#4970,#5218);
#5218 = DEFINITIONAL_REPRESENTATION('',(#5219),#5223);
#5219 = LINE('',#5220,#5221);
#5220 = CARTESIAN_POINT('',(-6.28318530718,-7.));
#5221 = VECTOR('',#5222,1.);
#5222 = DIRECTION('',(1.,-0.));
#5223 = ( GEOMETRIC_REPRESENTATION_CONTEXT(2) 
PARAMETRIC_REPRESENTATION_CONTEXT() REPRESENTATION_CONTEXT('2D SPACE',''
  ) );
#5224 = FACE_BOUND('',#5225,.T.);
#5225 = EDGE_LOOP('',(#5226));
#5226 = ORIENTED_EDGE('',*,*,#5227,.T.);
#5227 = EDGE_CURVE('',#5228,#5228,#5230,.T.);
#5228 = VERTEX_POINT('',#5229);
#5229 = CARTESIAN_POINT('',(24.1,70.,14.));
#5230 = SURFACE_CURVE('',#5231,(#5236,#5247),.PCURVE_S1.);
#5231 = CIRCLE('',#5232,1.6);
#5232 = AXIS2_PLACEMENT_3D('',#5233,#5234,#5235);
#5233 = CARTESIAN_POINT('',(22.5,70.,14.));
#5234 = DIRECTION('',(0.,0.,-1.));
#5235 = DIRECTION('',(1.,0.,0.));
#5236 = PCURVE('',#1668,#5237);
#5237 = DEFINITIONAL_REPRESENTATION('',(#5238),#5246);
#5238 = ( BOUNDED_CURVE() B_SPLINE_CURVE(2,(#5239,#5240,#5241,#5242,
#5243,#5244,#5245),.UNSPECIFIED.,.T.,.F.) B_SPLINE_CURVE_WITH_KNOTS((1,2
    ,2,2,2,1),(-2.094395102393,0.,2.094395102393,4.188790204786,
6.28318530718,8.377580409573),.UNSPECIFIED.) CURVE() 
GEOMETRIC_REPRESENTATION_ITEM() RATIONAL_B_SPLINE_CURVE((1.,0.5,1.,0.5,
1.,0.5,1.)) REPRESENTATION_ITEM('') );
#5239 = CARTESIAN_POINT('',(32.1,54.));
#5240 = CARTESIAN_POINT('',(32.1,51.22871870789));
#5241 = CARTESIAN_POINT('',(29.7,52.614359353945));
#5242 = CARTESIAN_POINT('',(27.3,54.));
#5243 = CARTESIAN_POINT('',(29.7,55.385640646055));
#5244 = CARTESIAN_POINT('',(32.1,56.77128129211));
#5245 = CARTESIAN_POINT('',(32.1,54.));
#5246 = ( GEOMETRIC_REPRESENTATION_CONTEXT(2) 
PARAMETRIC_REPRESENTATION_CONTEXT() REPRESENTATION_CONTEXT('2D SPACE',''
  ) );
#5247 = PCURVE('',#5005,#5248);
#5248 = DEFINITIONAL_REPRESENTATION('',(#5249),#5253);
#5249 = LINE('',#5250,#5251);
#5250 = CARTESIAN_POINT('',(-6.28318530718,-7.));
#5251 = VECTOR('',#5252,1.);
#5252 = DIRECTION('',(1.,-0.));
#5253 = ( GEOMETRIC_REPRESENTATION_CONTEXT(2) 
PARAMETRIC_REPRESENTATION_CONTEXT() REPRESENTATION_CONTEXT('2D SPACE',''
  ) );
#5254 = ADVANCED_FACE('',(#5255),#1738,.F.);
#5255 = FACE_BOUND('',#5256,.F.);
#5256 = EDGE_LOOP('',(#5257,#5258,#5279,#5280));
#5257 = ORIENTED_EDGE('',*,*,#4926,.F.);
#5258 = ORIENTED_EDGE('',*,*,#5259,.T.);
#5259 = EDGE_CURVE('',#4899,#5152,#5260,.T.);
#5260 = SURFACE_CURVE('',#5261,(#5265,#5272),.PCURVE_S1.);
#5261 = LINE('',#5262,#5263);
#5262 = CARTESIAN_POINT('',(-28.5,61.,8.));
#5263 = VECTOR('',#5264,1.);
#5264 = DIRECTION('',(0.,0.,1.));
#5265 = PCURVE('',#1738,#5266);
#5266 = DEFINITIONAL_REPRESENTATION('',(#5267),#5271);
#5267 = LINE('',#5268,#5269);
#5268 = CARTESIAN_POINT('',(0.,0.));
#5269 = VECTOR('',#5270,1.);
#5270 = DIRECTION('',(1.,0.));
#5271 = ( GEOMETRIC_REPRESENTATION_CONTEXT(2) 
PARAMETRIC_REPRESENTATION_CONTEXT() REPRESENTATION_CONTEXT('2D SPACE',''
  ) );
#5272 = PCURVE('',#4914,#5273);
#5273 = DEFINITIONAL_REPRESENTATION('',(#5274),#5278);
#5274 = LINE('',#5275,#5276);
#5275 = CARTESIAN_POINT('',(0.,0.));
#5276 = VECTOR('',#5277,1.);
#5277 = DIRECTION('',(1.,0.));
#5278 = ( GEOMETRIC_REPRESENTATION_CONTEXT(2) 
PARAMETRIC_REPRESENTATION_CONTEXT() REPRESENTATION_CONTEXT('2D SPACE',''
  ) );
#5279 = ORIENTED_EDGE('',*,*,#5174,.T.);
#5280 = ORIENTED_EDGE('',*,*,#1725,.F.);
#5281 = ADVANCED_FACE('',(#5282),#1862,.F.);
#5282 = FACE_BOUND('',#5283,.F.);
#5283 = EDGE_LOOP('',(#5284,#5285,#5286,#5287));
#5284 = ORIENTED_EDGE('',*,*,#4819,.F.);
#5285 = ORIENTED_EDGE('',*,*,#1849,.T.);
#5286 = ORIENTED_EDGE('',*,*,#5082,.T.);
#5287 = ORIENTED_EDGE('',*,*,#5288,.F.);
#5288 = EDGE_CURVE('',#4820,#5083,#5289,.T.);
#5289 = SURFACE_CURVE('',#5290,(#5294,#5301),.PCURVE_S1.);
#5290 = LINE('',#5291,#5292);
#5291 = CARTESIAN_POINT('',(28.5,61.,8.));
#5292 = VECTOR('',#5293,1.);
#5293 = DIRECTION('',(0.,0.,1.));
#5294 = PCURVE('',#1862,#5295);
#5295 = DEFINITIONAL_REPRESENTATION('',(#5296),#5300);
#5296 = LINE('',#5297,#5298);
#5297 = CARTESIAN_POINT('',(0.,57.));
#5298 = VECTOR('',#5299,1.);
#5299 = DIRECTION('',(1.,0.));
#5300 = ( GEOMETRIC_REPRESENTATION_CONTEXT(2) 
PARAMETRIC_REPRESENTATION_CONTEXT() REPRESENTATION_CONTEXT('2D SPACE',''
  ) );
#5301 = PCURVE('',#4858,#5302);
#5302 = DEFINITIONAL_REPRESENTATION('',(#5303),#5307);
#5303 = LINE('',#5304,#5305);
#5304 = CARTESIAN_POINT('',(0.,0.));
#5305 = VECTOR('',#5306,1.);
#5306 = DIRECTION('',(1.,0.));
#5307 = ( GEOMETRIC_REPRESENTATION_CONTEXT(2) 
PARAMETRIC_REPRESENTATION_CONTEXT() REPRESENTATION_CONTEXT('2D SPACE',''
  ) );
#5308 = ADVANCED_FACE('',(#5309),#2003,.F.);
#5309 = FACE_BOUND('',#5310,.F.);
#5310 = EDGE_LOOP('',(#5311,#5312,#5333,#5334,#5335,#5336,#5357,#5358));
#5311 = ORIENTED_EDGE('',*,*,#2555,.F.);
#5312 = ORIENTED_EDGE('',*,*,#5313,.T.);
#5313 = EDGE_CURVE('',#2533,#2091,#5314,.T.);
#5314 = SURFACE_CURVE('',#5315,(#5319,#5326),.PCURVE_S1.);
#5315 = LINE('',#5316,#5317);
#5316 = CARTESIAN_POINT('',(-27.5,-38.5,16.));
#5317 = VECTOR('',#5318,1.);
#5318 = DIRECTION('',(1.,0.,0.));
#5319 = PCURVE('',#2003,#5320);
#5320 = DEFINITIONAL_REPRESENTATION('',(#5321),#5325);
#5321 = LINE('',#5322,#5323);
#5322 = CARTESIAN_POINT('',(0.,0.));
#5323 = VECTOR('',#5324,1.);
#5324 = DIRECTION('',(1.,0.));
#5325 = ( GEOMETRIC_REPRESENTATION_CONTEXT(2) 
PARAMETRIC_REPRESENTATION_CONTEXT() REPRESENTATION_CONTEXT('2D SPACE',''
  ) );
#5326 = PCURVE('',#2155,#5327);
#5327 = DEFINITIONAL_REPRESENTATION('',(#5328),#5332);
#5328 = LINE('',#5329,#5330);
#5329 = CARTESIAN_POINT('',(0.,0.));
#5330 = VECTOR('',#5331,1.);
#5331 = DIRECTION('',(0.,1.));
#5332 = ( GEOMETRIC_REPRESENTATION_CONTEXT(2) 
PARAMETRIC_REPRESENTATION_CONTEXT() REPRESENTATION_CONTEXT('2D SPACE',''
  ) );
#5333 = ORIENTED_EDGE('',*,*,#2113,.T.);
#5334 = ORIENTED_EDGE('',*,*,#1987,.T.);
#5335 = ORIENTED_EDGE('',*,*,#2064,.F.);
#5336 = ORIENTED_EDGE('',*,*,#5337,.T.);
#5337 = EDGE_CURVE('',#2042,#3009,#5338,.T.);
#5338 = SURFACE_CURVE('',#5339,(#5343,#5350),.PCURVE_S1.);
#5339 = LINE('',#5340,#5341);
#5340 = CARTESIAN_POINT('',(-27.5,-38.5,16.));
#5341 = VECTOR('',#5342,1.);
#5342 = DIRECTION('',(1.,0.,0.));
#5343 = PCURVE('',#2003,#5344);
#5344 = DEFINITIONAL_REPRESENTATION('',(#5345),#5349);
#5345 = LINE('',#5346,#5347);
#5346 = CARTESIAN_POINT('',(0.,0.));
#5347 = VECTOR('',#5348,1.);
#5348 = DIRECTION('',(1.,0.));
#5349 = ( GEOMETRIC_REPRESENTATION_CONTEXT(2) 
PARAMETRIC_REPRESENTATION_CONTEXT() REPRESENTATION_CONTEXT('2D SPACE',''
  ) );
#5350 = PCURVE('',#2155,#5351);
#5351 = DEFINITIONAL_REPRESENTATION('',(#5352),#5356);
#5352 = LINE('',#5353,#5354);
#5353 = CARTESIAN_POINT('',(0.,0.));
#5354 = VECTOR('',#5355,1.);
#5355 = DIRECTION('',(0.,1.));
#5356 = ( GEOMETRIC_REPRESENTATION_CONTEXT(2) 
PARAMETRIC_REPRESENTATION_CONTEXT() REPRESENTATION_CONTEXT('2D SPACE',''
  ) );
#5357 = ORIENTED_EDGE('',*,*,#3031,.T.);
#5358 = ORIENTED_EDGE('',*,*,#2674,.F.);
#5359 = ADVANCED_FACE('',(#5360),#2155,.F.);
#5360 = FACE_BOUND('',#5361,.F.);
#5361 = EDGE_LOOP('',(#5362,#5363,#5364,#5385,#5386,#5387));
#5362 = ORIENTED_EDGE('',*,*,#5313,.F.);
#5363 = ORIENTED_EDGE('',*,*,#2532,.T.);
#5364 = ORIENTED_EDGE('',*,*,#5365,.T.);
#5365 = EDGE_CURVE('',#2505,#2986,#5366,.T.);
#5366 = SURFACE_CURVE('',#5367,(#5371,#5378),.PCURVE_S1.);
#5367 = LINE('',#5368,#5369);
#5368 = CARTESIAN_POINT('',(-27.5,-38.5,26.));
#5369 = VECTOR('',#5370,1.);
#5370 = DIRECTION('',(1.,0.,0.));
#5371 = PCURVE('',#2155,#5372);
#5372 = DEFINITIONAL_REPRESENTATION('',(#5373),#5377);
#5373 = LINE('',#5374,#5375);
#5374 = CARTESIAN_POINT('',(10.,0.));
#5375 = VECTOR('',#5376,1.);
#5376 = DIRECTION('',(0.,1.));
#5377 = ( GEOMETRIC_REPRESENTATION_CONTEXT(2) 
PARAMETRIC_REPRESENTATION_CONTEXT() REPRESENTATION_CONTEXT('2D SPACE',''
  ) );
#5378 = PCURVE('',#2520,#5379);
#5379 = DEFINITIONAL_REPRESENTATION('',(#5380),#5384);
#5380 = LINE('',#5381,#5382);
#5381 = CARTESIAN_POINT('',(22.5,11.5));
#5382 = VECTOR('',#5383,1.);
#5383 = DIRECTION('',(1.,0.));
#5384 = ( GEOMETRIC_REPRESENTATION_CONTEXT(2) 
PARAMETRIC_REPRESENTATION_CONTEXT() REPRESENTATION_CONTEXT('2D SPACE',''
  ) );
#5385 = ORIENTED_EDGE('',*,*,#3008,.F.);
#5386 = ORIENTED_EDGE('',*,*,#5337,.F.);
#5387 = ORIENTED_EDGE('',*,*,#2141,.F.);
#5388 = ADVANCED_FACE('',(#5389,#5421),#2520,.T.);
#5389 = FACE_BOUND('',#5390,.T.);
#5390 = EDGE_LOOP('',(#5391,#5392,#5393,#5394));
#5391 = ORIENTED_EDGE('',*,*,#2504,.F.);
#5392 = ORIENTED_EDGE('',*,*,#5365,.T.);
#5393 = ORIENTED_EDGE('',*,*,#2985,.T.);
#5394 = ORIENTED_EDGE('',*,*,#5395,.T.);
#5395 = EDGE_CURVE('',#2768,#2279,#5396,.T.);
#5396 = SURFACE_CURVE('',#5397,(#5403,#5412),.PCURVE_S1.);
#5397 = B_SPLINE_CURVE_WITH_KNOTS('',4,(#5398,#5399,#5400,#5401,#5402),
  .UNSPECIFIED.,.F.,.F.,(5,5),(0.,1.),.PIECEWISE_BEZIER_KNOTS.);
#5398 = CARTESIAN_POINT('',(-18.5,-13.28684210526,26.));
#5399 = CARTESIAN_POINT('',(-20.75,-13.28684210526,26.));
#5400 = CARTESIAN_POINT('',(-23.,-13.28684210526,26.));
#5401 = CARTESIAN_POINT('',(-25.25,-13.28684210526,26.));
#5402 = CARTESIAN_POINT('',(-27.5,-13.28684210526,26.));
#5403 = PCURVE('',#2520,#5404);
#5404 = DEFINITIONAL_REPRESENTATION('',(#5405),#5411);
#5405 = B_SPLINE_CURVE_WITH_KNOTS('',4,(#5406,#5407,#5408,#5409,#5410),
  .UNSPECIFIED.,.F.,.F.,(5,5),(0.,1.),.PIECEWISE_BEZIER_KNOTS.);
#5406 = CARTESIAN_POINT('',(31.5,36.713157894737));
#5407 = CARTESIAN_POINT('',(29.25,36.713157894737));
#5408 = CARTESIAN_POINT('',(27.,36.713157894737));
#5409 = CARTESIAN_POINT('',(24.75,36.713157894737));
#5410 = CARTESIAN_POINT('',(22.5,36.713157894737));
#5411 = ( GEOMETRIC_REPRESENTATION_CONTEXT(2) 
PARAMETRIC_REPRESENTATION_CONTEXT() REPRESENTATION_CONTEXT('2D SPACE',''
  ) );
#5412 = PCURVE('',#2424,#5413);
#5413 = DEFINITIONAL_REPRESENTATION('',(#5414),#5420);
#5414 = B_SPLINE_CURVE_WITH_KNOTS('',4,(#5415,#5416,#5417,#5418,#5419),
  .UNSPECIFIED.,.F.,.F.,(5,5),(0.,1.),.PIECEWISE_BEZIER_KNOTS.);
#5415 = CARTESIAN_POINT('',(1.570796326795,-10.));
#5416 = CARTESIAN_POINT('',(1.570796326795,-7.75));
#5417 = CARTESIAN_POINT('',(1.570796326795,-5.5));
#5418 = CARTESIAN_POINT('',(1.570796326795,-3.25));
#5419 = CARTESIAN_POINT('',(1.570796326795,-1.));
#5420 = ( GEOMETRIC_REPRESENTATION_CONTEXT(2) 
PARAMETRIC_REPRESENTATION_CONTEXT() REPRESENTATION_CONTEXT('2D SPACE',''
  ) );
#5421 = FACE_BOUND('',#5422,.T.);
#5422 = EDGE_LOOP('',(#5423));
#5423 = ORIENTED_EDGE('',*,*,#5424,.F.);
#5424 = EDGE_CURVE('',#5425,#5425,#5427,.T.);
#5425 = VERTEX_POINT('',#5426);
#5426 = CARTESIAN_POINT('',(-20.9,-32.,26.));
#5427 = SURFACE_CURVE('',#5428,(#5433,#5440),.PCURVE_S1.);
#5428 = CIRCLE('',#5429,2.1);
#5429 = AXIS2_PLACEMENT_3D('',#5430,#5431,#5432);
#5430 = CARTESIAN_POINT('',(-23.,-32.,26.));
#5431 = DIRECTION('',(0.,0.,1.));
#5432 = DIRECTION('',(1.,0.,0.));
#5433 = PCURVE('',#2520,#5434);
#5434 = DEFINITIONAL_REPRESENTATION('',(#5435),#5439);
#5435 = CIRCLE('',#5436,2.1);
#5436 = AXIS2_PLACEMENT_2D('',#5437,#5438);
#5437 = CARTESIAN_POINT('',(27.,18.));
#5438 = DIRECTION('',(1.,0.));
#5439 = ( GEOMETRIC_REPRESENTATION_CONTEXT(2) 
PARAMETRIC_REPRESENTATION_CONTEXT() REPRESENTATION_CONTEXT('2D SPACE',''
  ) );
#5440 = PCURVE('',#5441,#5446);
#5441 = CYLINDRICAL_SURFACE('',#5442,2.1);
#5442 = AXIS2_PLACEMENT_3D('',#5443,#5444,#5445);
#5443 = CARTESIAN_POINT('',(-23.,-32.,20.5));
#5444 = DIRECTION('',(-0.,-0.,-1.));
#5445 = DIRECTION('',(1.,0.,0.));
#5446 = DEFINITIONAL_REPRESENTATION('',(#5447),#5451);
#5447 = LINE('',#5448,#5449);
#5448 = CARTESIAN_POINT('',(-0.,-5.5));
#5449 = VECTOR('',#5450,1.);
#5450 = DIRECTION('',(-1.,0.));
#5451 = ( GEOMETRIC_REPRESENTATION_CONTEXT(2) 
PARAMETRIC_REPRESENTATION_CONTEXT() REPRESENTATION_CONTEXT('2D SPACE',''
  ) );
#5452 = ADVANCED_FACE('',(#5453),#2424,.T.);
#5453 = FACE_BOUND('',#5454,.T.);
#5454 = EDGE_LOOP('',(#5455,#5482,#5483,#5484));
#5455 = ORIENTED_EDGE('',*,*,#5456,.T.);
#5456 = EDGE_CURVE('',#2745,#2251,#5457,.T.);
#5457 = SURFACE_CURVE('',#5458,(#5464,#5473),.PCURVE_S1.);
#5458 = B_SPLINE_CURVE_WITH_KNOTS('',4,(#5459,#5460,#5461,#5462,#5463),
  .UNSPECIFIED.,.F.,.F.,(5,5),(0.,1.),.PIECEWISE_BEZIER_KNOTS.);
#5459 = CARTESIAN_POINT('',(-18.5,13.286842105263,26.));
#5460 = CARTESIAN_POINT('',(-20.75,13.286842105263,26.));
#5461 = CARTESIAN_POINT('',(-23.,13.286842105263,26.));
#5462 = CARTESIAN_POINT('',(-25.25,13.286842105263,26.));
#5463 = CARTESIAN_POINT('',(-27.5,13.286842105263,26.));
#5464 = PCURVE('',#2424,#5465);
#5465 = DEFINITIONAL_REPRESENTATION('',(#5466),#5472);
#5466 = B_SPLINE_CURVE_WITH_KNOTS('',4,(#5467,#5468,#5469,#5470,#5471),
  .UNSPECIFIED.,.F.,.F.,(5,5),(0.,1.),.PIECEWISE_BEZIER_KNOTS.);
#5467 = CARTESIAN_POINT('',(4.712388980385,-10.));
#5468 = CARTESIAN_POINT('',(4.712388980385,-7.75));
#5469 = CARTESIAN_POINT('',(4.712388980385,-5.5));
#5470 = CARTESIAN_POINT('',(4.712388980385,-3.25));
#5471 = CARTESIAN_POINT('',(4.712388980385,-1.));
#5472 = ( GEOMETRIC_REPRESENTATION_CONTEXT(2) 
PARAMETRIC_REPRESENTATION_CONTEXT() REPRESENTATION_CONTEXT('2D SPACE',''
  ) );
#5473 = PCURVE('',#2266,#5474);
#5474 = DEFINITIONAL_REPRESENTATION('',(#5475),#5481);
#5475 = B_SPLINE_CURVE_WITH_KNOTS('',4,(#5476,#5477,#5478,#5479,#5480),
  .UNSPECIFIED.,.F.,.F.,(5,5),(0.,1.),.PIECEWISE_BEZIER_KNOTS.);
#5476 = CARTESIAN_POINT('',(31.5,63.286842105263));
#5477 = CARTESIAN_POINT('',(29.25,63.286842105263));
#5478 = CARTESIAN_POINT('',(27.,63.286842105263));
#5479 = CARTESIAN_POINT('',(24.75,63.286842105263));
#5480 = CARTESIAN_POINT('',(22.5,63.286842105263));
#5481 = ( GEOMETRIC_REPRESENTATION_CONTEXT(2) 
PARAMETRIC_REPRESENTATION_CONTEXT() REPRESENTATION_CONTEXT('2D SPACE',''
  ) );
#5482 = ORIENTED_EDGE('',*,*,#2278,.T.);
#5483 = ORIENTED_EDGE('',*,*,#5395,.F.);
#5484 = ORIENTED_EDGE('',*,*,#2767,.F.);
#5485 = ADVANCED_FACE('',(#5486,#5512),#2266,.T.);
#5486 = FACE_BOUND('',#5487,.T.);
#5487 = EDGE_LOOP('',(#5488,#5489,#5490,#5491));
#5488 = ORIENTED_EDGE('',*,*,#2250,.F.);
#5489 = ORIENTED_EDGE('',*,*,#5456,.F.);
#5490 = ORIENTED_EDGE('',*,*,#2744,.T.);
#5491 = ORIENTED_EDGE('',*,*,#5492,.F.);
#5492 = EDGE_CURVE('',#2223,#2722,#5493,.T.);
#5493 = SURFACE_CURVE('',#5494,(#5498,#5505),.PCURVE_S1.);
#5494 = LINE('',#5495,#5496);
#5495 = CARTESIAN_POINT('',(-27.5,38.5,26.));
#5496 = VECTOR('',#5497,1.);
#5497 = DIRECTION('',(1.,0.,0.));
#5498 = PCURVE('',#2266,#5499);
#5499 = DEFINITIONAL_REPRESENTATION('',(#5500),#5504);
#5500 = LINE('',#5501,#5502);
#5501 = CARTESIAN_POINT('',(22.5,88.5));
#5502 = VECTOR('',#5503,1.);
#5503 = DIRECTION('',(1.,0.));
#5504 = ( GEOMETRIC_REPRESENTATION_CONTEXT(2) 
PARAMETRIC_REPRESENTATION_CONTEXT() REPRESENTATION_CONTEXT('2D SPACE',''
  ) );
#5505 = PCURVE('',#2238,#5506);
#5506 = DEFINITIONAL_REPRESENTATION('',(#5507),#5511);
#5507 = LINE('',#5508,#5509);
#5508 = CARTESIAN_POINT('',(10.,0.));
#5509 = VECTOR('',#5510,1.);
#5510 = DIRECTION('',(0.,1.));
#5511 = ( GEOMETRIC_REPRESENTATION_CONTEXT(2) 
PARAMETRIC_REPRESENTATION_CONTEXT() REPRESENTATION_CONTEXT('2D SPACE',''
  ) );
#5512 = FACE_BOUND('',#5513,.T.);
#5513 = EDGE_LOOP('',(#5514));
#5514 = ORIENTED_EDGE('',*,*,#5515,.F.);
#5515 = EDGE_CURVE('',#5516,#5516,#5518,.T.);
#5516 = VERTEX_POINT('',#5517);
#5517 = CARTESIAN_POINT('',(-20.9,32.,26.));
#5518 = SURFACE_CURVE('',#5519,(#5524,#5531),.PCURVE_S1.);
#5519 = CIRCLE('',#5520,2.1);
#5520 = AXIS2_PLACEMENT_3D('',#5521,#5522,#5523);
#5521 = CARTESIAN_POINT('',(-23.,32.,26.));
#5522 = DIRECTION('',(0.,0.,1.));
#5523 = DIRECTION('',(1.,0.,0.));
#5524 = PCURVE('',#2266,#5525);
#5525 = DEFINITIONAL_REPRESENTATION('',(#5526),#5530);
#5526 = CIRCLE('',#5527,2.1);
#5527 = AXIS2_PLACEMENT_2D('',#5528,#5529);
#5528 = CARTESIAN_POINT('',(27.,82.));
#5529 = DIRECTION('',(1.,0.));
#5530 = ( GEOMETRIC_REPRESENTATION_CONTEXT(2) 
PARAMETRIC_REPRESENTATION_CONTEXT() REPRESENTATION_CONTEXT('2D SPACE',''
  ) );
#5531 = PCURVE('',#5532,#5537);
#5532 = CYLINDRICAL_SURFACE('',#5533,2.1);
#5533 = AXIS2_PLACEMENT_3D('',#5534,#5535,#5536);
#5534 = CARTESIAN_POINT('',(-23.,32.,20.5));
#5535 = DIRECTION('',(-0.,-0.,-1.));
#5536 = DIRECTION('',(1.,0.,0.));
#5537 = DEFINITIONAL_REPRESENTATION('',(#5538),#5542);
#5538 = LINE('',#5539,#5540);
#5539 = CARTESIAN_POINT('',(-0.,-5.5));
#5540 = VECTOR('',#5541,1.);
#5541 = DIRECTION('',(-1.,0.));
#5542 = ( GEOMETRIC_REPRESENTATION_CONTEXT(2) 
PARAMETRIC_REPRESENTATION_CONTEXT() REPRESENTATION_CONTEXT('2D SPACE',''
  ) );
#5543 = ADVANCED_FACE('',(#5544),#2238,.T.);
#5544 = FACE_BOUND('',#5545,.T.);
#5545 = EDGE_LOOP('',(#5546,#5567,#5568,#5569,#5570,#5591));
#5546 = ORIENTED_EDGE('',*,*,#5547,.F.);
#5547 = EDGE_CURVE('',#2195,#4150,#5548,.T.);
#5548 = SURFACE_CURVE('',#5549,(#5553,#5560),.PCURVE_S1.);
#5549 = LINE('',#5550,#5551);
#5550 = CARTESIAN_POINT('',(-27.5,38.5,16.));
#5551 = VECTOR('',#5552,1.);
#5552 = DIRECTION('',(1.,0.,0.));
#5553 = PCURVE('',#2238,#5554);
#5554 = DEFINITIONAL_REPRESENTATION('',(#5555),#5559);
#5555 = LINE('',#5556,#5557);
#5556 = CARTESIAN_POINT('',(0.,0.));
#5557 = VECTOR('',#5558,1.);
#5558 = DIRECTION('',(0.,1.));
#5559 = ( GEOMETRIC_REPRESENTATION_CONTEXT(2) 
PARAMETRIC_REPRESENTATION_CONTEXT() REPRESENTATION_CONTEXT('2D SPACE',''
  ) );
#5560 = PCURVE('',#2210,#5561);
#5561 = DEFINITIONAL_REPRESENTATION('',(#5562),#5566);
#5562 = LINE('',#5563,#5564);
#5563 = CARTESIAN_POINT('',(0.,23.5));
#5564 = VECTOR('',#5565,1.);
#5565 = DIRECTION('',(1.,0.));
#5566 = ( GEOMETRIC_REPRESENTATION_CONTEXT(2) 
PARAMETRIC_REPRESENTATION_CONTEXT() REPRESENTATION_CONTEXT('2D SPACE',''
  ) );
#5567 = ORIENTED_EDGE('',*,*,#2222,.T.);
#5568 = ORIENTED_EDGE('',*,*,#5492,.T.);
#5569 = ORIENTED_EDGE('',*,*,#2721,.F.);
#5570 = ORIENTED_EDGE('',*,*,#5571,.F.);
#5571 = EDGE_CURVE('',#4271,#2699,#5572,.T.);
#5572 = SURFACE_CURVE('',#5573,(#5577,#5584),.PCURVE_S1.);
#5573 = LINE('',#5574,#5575);
#5574 = CARTESIAN_POINT('',(-27.5,38.5,16.));
#5575 = VECTOR('',#5576,1.);
#5576 = DIRECTION('',(1.,0.,0.));
#5577 = PCURVE('',#2238,#5578);
#5578 = DEFINITIONAL_REPRESENTATION('',(#5579),#5583);
#5579 = LINE('',#5580,#5581);
#5580 = CARTESIAN_POINT('',(0.,0.));
#5581 = VECTOR('',#5582,1.);
#5582 = DIRECTION('',(0.,1.));
#5583 = ( GEOMETRIC_REPRESENTATION_CONTEXT(2) 
PARAMETRIC_REPRESENTATION_CONTEXT() REPRESENTATION_CONTEXT('2D SPACE',''
  ) );
#5584 = PCURVE('',#2210,#5585);
#5585 = DEFINITIONAL_REPRESENTATION('',(#5586),#5590);
#5586 = LINE('',#5587,#5588);
#5587 = CARTESIAN_POINT('',(0.,23.5));
#5588 = VECTOR('',#5589,1.);
#5589 = DIRECTION('',(1.,0.));
#5590 = ( GEOMETRIC_REPRESENTATION_CONTEXT(2) 
PARAMETRIC_REPRESENTATION_CONTEXT() REPRESENTATION_CONTEXT('2D SPACE',''
  ) );
#5591 = ORIENTED_EDGE('',*,*,#4293,.F.);
#5592 = ADVANCED_FACE('',(#5593),#2210,.F.);
#5593 = FACE_BOUND('',#5594,.F.);
#5594 = EDGE_LOOP('',(#5595,#5596,#5597,#5598,#5599,#5600,#5601,#5602));
#5595 = ORIENTED_EDGE('',*,*,#2194,.F.);
#5596 = ORIENTED_EDGE('',*,*,#2627,.T.);
#5597 = ORIENTED_EDGE('',*,*,#2698,.T.);
#5598 = ORIENTED_EDGE('',*,*,#5571,.F.);
#5599 = ORIENTED_EDGE('',*,*,#4319,.T.);
#5600 = ORIENTED_EDGE('',*,*,#4220,.F.);
#5601 = ORIENTED_EDGE('',*,*,#4172,.F.);
#5602 = ORIENTED_EDGE('',*,*,#5547,.F.);
#5603 = ADVANCED_FACE('',(#5604),#3095,.F.);
#5604 = FACE_BOUND('',#5605,.F.);
#5605 = EDGE_LOOP('',(#5606,#5607,#5628,#5629,#5630,#5631,#5652,#5653));
#5606 = ORIENTED_EDGE('',*,*,#3647,.F.);
#5607 = ORIENTED_EDGE('',*,*,#5608,.T.);
#5608 = EDGE_CURVE('',#3625,#3183,#5609,.T.);
#5609 = SURFACE_CURVE('',#5610,(#5614,#5621),.PCURVE_S1.);
#5610 = LINE('',#5611,#5612);
#5611 = CARTESIAN_POINT('',(18.5,-38.5,16.));
#5612 = VECTOR('',#5613,1.);
#5613 = DIRECTION('',(1.,0.,0.));
#5614 = PCURVE('',#3095,#5615);
#5615 = DEFINITIONAL_REPRESENTATION('',(#5616),#5620);
#5616 = LINE('',#5617,#5618);
#5617 = CARTESIAN_POINT('',(0.,0.));
#5618 = VECTOR('',#5619,1.);
#5619 = DIRECTION('',(1.,0.));
#5620 = ( GEOMETRIC_REPRESENTATION_CONTEXT(2) 
PARAMETRIC_REPRESENTATION_CONTEXT() REPRESENTATION_CONTEXT('2D SPACE',''
  ) );
#5621 = PCURVE('',#3247,#5622);
#5622 = DEFINITIONAL_REPRESENTATION('',(#5623),#5627);
#5623 = LINE('',#5624,#5625);
#5624 = CARTESIAN_POINT('',(0.,0.));
#5625 = VECTOR('',#5626,1.);
#5626 = DIRECTION('',(0.,1.));
#5627 = ( GEOMETRIC_REPRESENTATION_CONTEXT(2) 
PARAMETRIC_REPRESENTATION_CONTEXT() REPRESENTATION_CONTEXT('2D SPACE',''
  ) );
#5628 = ORIENTED_EDGE('',*,*,#3205,.T.);
#5629 = ORIENTED_EDGE('',*,*,#3079,.T.);
#5630 = ORIENTED_EDGE('',*,*,#3156,.F.);
#5631 = ORIENTED_EDGE('',*,*,#5632,.T.);
#5632 = EDGE_CURVE('',#3134,#4101,#5633,.T.);
#5633 = SURFACE_CURVE('',#5634,(#5638,#5645),.PCURVE_S1.);
#5634 = LINE('',#5635,#5636);
#5635 = CARTESIAN_POINT('',(18.5,-38.5,16.));
#5636 = VECTOR('',#5637,1.);
#5637 = DIRECTION('',(1.,0.,0.));
#5638 = PCURVE('',#3095,#5639);
#5639 = DEFINITIONAL_REPRESENTATION('',(#5640),#5644);
#5640 = LINE('',#5641,#5642);
#5641 = CARTESIAN_POINT('',(0.,0.));
#5642 = VECTOR('',#5643,1.);
#5643 = DIRECTION('',(1.,0.));
#5644 = ( GEOMETRIC_REPRESENTATION_CONTEXT(2) 
PARAMETRIC_REPRESENTATION_CONTEXT() REPRESENTATION_CONTEXT('2D SPACE',''
  ) );
#5645 = PCURVE('',#3247,#5646);
#5646 = DEFINITIONAL_REPRESENTATION('',(#5647),#5651);
#5647 = LINE('',#5648,#5649);
#5648 = CARTESIAN_POINT('',(0.,0.));
#5649 = VECTOR('',#5650,1.);
#5650 = DIRECTION('',(0.,1.));
#5651 = ( GEOMETRIC_REPRESENTATION_CONTEXT(2) 
PARAMETRIC_REPRESENTATION_CONTEXT() REPRESENTATION_CONTEXT('2D SPACE',''
  ) );
#5652 = ORIENTED_EDGE('',*,*,#4123,.T.);
#5653 = ORIENTED_EDGE('',*,*,#3766,.F.);
#5654 = ADVANCED_FACE('',(#5655),#3247,.F.);
#5655 = FACE_BOUND('',#5656,.F.);
#5656 = EDGE_LOOP('',(#5657,#5658,#5659,#5680,#5681,#5682));
#5657 = ORIENTED_EDGE('',*,*,#5608,.F.);
#5658 = ORIENTED_EDGE('',*,*,#3624,.T.);
#5659 = ORIENTED_EDGE('',*,*,#5660,.T.);
#5660 = EDGE_CURVE('',#3597,#4078,#5661,.T.);
#5661 = SURFACE_CURVE('',#5662,(#5666,#5673),.PCURVE_S1.);
#5662 = LINE('',#5663,#5664);
#5663 = CARTESIAN_POINT('',(18.5,-38.5,26.));
#5664 = VECTOR('',#5665,1.);
#5665 = DIRECTION('',(1.,0.,0.));
#5666 = PCURVE('',#3247,#5667);
#5667 = DEFINITIONAL_REPRESENTATION('',(#5668),#5672);
#5668 = LINE('',#5669,#5670);
#5669 = CARTESIAN_POINT('',(10.,0.));
#5670 = VECTOR('',#5671,1.);
#5671 = DIRECTION('',(0.,1.));
#5672 = ( GEOMETRIC_REPRESENTATION_CONTEXT(2) 
PARAMETRIC_REPRESENTATION_CONTEXT() REPRESENTATION_CONTEXT('2D SPACE',''
  ) );
#5673 = PCURVE('',#3612,#5674);
#5674 = DEFINITIONAL_REPRESENTATION('',(#5675),#5679);
#5675 = LINE('',#5676,#5677);
#5676 = CARTESIAN_POINT('',(68.5,11.5));
#5677 = VECTOR('',#5678,1.);
#5678 = DIRECTION('',(1.,0.));
#5679 = ( GEOMETRIC_REPRESENTATION_CONTEXT(2) 
PARAMETRIC_REPRESENTATION_CONTEXT() REPRESENTATION_CONTEXT('2D SPACE',''
  ) );
#5680 = ORIENTED_EDGE('',*,*,#4100,.F.);
#5681 = ORIENTED_EDGE('',*,*,#5632,.F.);
#5682 = ORIENTED_EDGE('',*,*,#3233,.F.);
#5683 = ADVANCED_FACE('',(#5684,#5716),#3612,.T.);
#5684 = FACE_BOUND('',#5685,.T.);
#5685 = EDGE_LOOP('',(#5686,#5687,#5688,#5689));
#5686 = ORIENTED_EDGE('',*,*,#3596,.F.);
#5687 = ORIENTED_EDGE('',*,*,#5660,.T.);
#5688 = ORIENTED_EDGE('',*,*,#4077,.T.);
#5689 = ORIENTED_EDGE('',*,*,#5690,.T.);
#5690 = EDGE_CURVE('',#3860,#3371,#5691,.T.);
#5691 = SURFACE_CURVE('',#5692,(#5698,#5707),.PCURVE_S1.);
#5692 = B_SPLINE_CURVE_WITH_KNOTS('',4,(#5693,#5694,#5695,#5696,#5697),
  .UNSPECIFIED.,.F.,.F.,(5,5),(0.,1.),.PIECEWISE_BEZIER_KNOTS.);
#5693 = CARTESIAN_POINT('',(27.5,-12.68157894736,26.));
#5694 = CARTESIAN_POINT('',(25.25,-12.68157894736,26.));
#5695 = CARTESIAN_POINT('',(23.,-12.68157894736,26.));
#5696 = CARTESIAN_POINT('',(20.75,-12.68157894736,26.));
#5697 = CARTESIAN_POINT('',(18.5,-12.68157894736,26.));
#5698 = PCURVE('',#3612,#5699);
#5699 = DEFINITIONAL_REPRESENTATION('',(#5700),#5706);
#5700 = B_SPLINE_CURVE_WITH_KNOTS('',4,(#5701,#5702,#5703,#5704,#5705),
  .UNSPECIFIED.,.F.,.F.,(5,5),(0.,1.),.PIECEWISE_BEZIER_KNOTS.);
#5701 = CARTESIAN_POINT('',(77.5,37.318421052632));
#5702 = CARTESIAN_POINT('',(75.25,37.318421052632));
#5703 = CARTESIAN_POINT('',(73.,37.318421052632));
#5704 = CARTESIAN_POINT('',(70.75,37.318421052632));
#5705 = CARTESIAN_POINT('',(68.5,37.318421052632));
#5706 = ( GEOMETRIC_REPRESENTATION_CONTEXT(2) 
PARAMETRIC_REPRESENTATION_CONTEXT() REPRESENTATION_CONTEXT('2D SPACE',''
  ) );
#5707 = PCURVE('',#3516,#5708);
#5708 = DEFINITIONAL_REPRESENTATION('',(#5709),#5715);
#5709 = B_SPLINE_CURVE_WITH_KNOTS('',4,(#5710,#5711,#5712,#5713,#5714),
  .UNSPECIFIED.,.F.,.F.,(5,5),(0.,1.),.PIECEWISE_BEZIER_KNOTS.);
#5710 = CARTESIAN_POINT('',(1.570796326795,-10.));
#5711 = CARTESIAN_POINT('',(1.570796326795,-7.75));
#5712 = CARTESIAN_POINT('',(1.570796326795,-5.5));
#5713 = CARTESIAN_POINT('',(1.570796326795,-3.25));
#5714 = CARTESIAN_POINT('',(1.570796326795,-1.));
#5715 = ( GEOMETRIC_REPRESENTATION_CONTEXT(2) 
PARAMETRIC_REPRESENTATION_CONTEXT() REPRESENTATION_CONTEXT('2D SPACE',''
  ) );
#5716 = FACE_BOUND('',#5717,.T.);
#5717 = EDGE_LOOP('',(#5718));
#5718 = ORIENTED_EDGE('',*,*,#5719,.F.);
#5719 = EDGE_CURVE('',#5720,#5720,#5722,.T.);
#5720 = VERTEX_POINT('',#5721);
#5721 = CARTESIAN_POINT('',(25.1,-32.,26.));
#5722 = SURFACE_CURVE('',#5723,(#5728,#5735),.PCURVE_S1.);
#5723 = CIRCLE('',#5724,2.1);
#5724 = AXIS2_PLACEMENT_3D('',#5725,#5726,#5727);
#5725 = CARTESIAN_POINT('',(23.,-32.,26.));
#5726 = DIRECTION('',(0.,0.,1.));
#5727 = DIRECTION('',(1.,0.,0.));
#5728 = PCURVE('',#3612,#5729);
#5729 = DEFINITIONAL_REPRESENTATION('',(#5730),#5734);
#5730 = CIRCLE('',#5731,2.1);
#5731 = AXIS2_PLACEMENT_2D('',#5732,#5733);
#5732 = CARTESIAN_POINT('',(73.,18.));
#5733 = DIRECTION('',(1.,0.));
#5734 = ( GEOMETRIC_REPRESENTATION_CONTEXT(2) 
PARAMETRIC_REPRESENTATION_CONTEXT() REPRESENTATION_CONTEXT('2D SPACE',''
  ) );
#5735 = PCURVE('',#5736,#5741);
#5736 = CYLINDRICAL_SURFACE('',#5737,2.1);
#5737 = AXIS2_PLACEMENT_3D('',#5738,#5739,#5740);
#5738 = CARTESIAN_POINT('',(23.,-32.,20.5));
#5739 = DIRECTION('',(-0.,-0.,-1.));
#5740 = DIRECTION('',(1.,0.,0.));
#5741 = DEFINITIONAL_REPRESENTATION('',(#5742),#5746);
#5742 = LINE('',#5743,#5744);
#5743 = CARTESIAN_POINT('',(-0.,-5.5));
#5744 = VECTOR('',#5745,1.);
#5745 = DIRECTION('',(-1.,0.));
#5746 = ( GEOMETRIC_REPRESENTATION_CONTEXT(2) 
PARAMETRIC_REPRESENTATION_CONTEXT() REPRESENTATION_CONTEXT('2D SPACE',''
  ) );
#5747 = ADVANCED_FACE('',(#5748),#3516,.T.);
#5748 = FACE_BOUND('',#5749,.T.);
#5749 = EDGE_LOOP('',(#5750,#5777,#5778,#5779));
#5750 = ORIENTED_EDGE('',*,*,#5751,.T.);
#5751 = EDGE_CURVE('',#3837,#3343,#5752,.T.);
#5752 = SURFACE_CURVE('',#5753,(#5759,#5768),.PCURVE_S1.);
#5753 = B_SPLINE_CURVE_WITH_KNOTS('',4,(#5754,#5755,#5756,#5757,#5758),
  .UNSPECIFIED.,.F.,.F.,(5,5),(0.,1.),.PIECEWISE_BEZIER_KNOTS.);
#5754 = CARTESIAN_POINT('',(27.5,12.681578947368,26.));
#5755 = CARTESIAN_POINT('',(25.25,12.681578947368,26.));
#5756 = CARTESIAN_POINT('',(23.,12.681578947368,26.));
#5757 = CARTESIAN_POINT('',(20.75,12.681578947368,26.));
#5758 = CARTESIAN_POINT('',(18.5,12.681578947368,26.));
#5759 = PCURVE('',#3516,#5760);
#5760 = DEFINITIONAL_REPRESENTATION('',(#5761),#5767);
#5761 = B_SPLINE_CURVE_WITH_KNOTS('',4,(#5762,#5763,#5764,#5765,#5766),
  .UNSPECIFIED.,.F.,.F.,(5,5),(0.,1.),.PIECEWISE_BEZIER_KNOTS.);
#5762 = CARTESIAN_POINT('',(4.712388980385,-10.));
#5763 = CARTESIAN_POINT('',(4.712388980385,-7.75));
#5764 = CARTESIAN_POINT('',(4.712388980385,-5.5));
#5765 = CARTESIAN_POINT('',(4.712388980385,-3.25));
#5766 = CARTESIAN_POINT('',(4.712388980385,-1.));
#5767 = ( GEOMETRIC_REPRESENTATION_CONTEXT(2) 
PARAMETRIC_REPRESENTATION_CONTEXT() REPRESENTATION_CONTEXT('2D SPACE',''
  ) );
#5768 = PCURVE('',#3358,#5769);
#5769 = DEFINITIONAL_REPRESENTATION('',(#5770),#5776);
#5770 = B_SPLINE_CURVE_WITH_KNOTS('',4,(#5771,#5772,#5773,#5774,#5775),
  .UNSPECIFIED.,.F.,.F.,(5,5),(0.,1.),.PIECEWISE_BEZIER_KNOTS.);
#5771 = CARTESIAN_POINT('',(77.5,62.681578947368));
#5772 = CARTESIAN_POINT('',(75.25,62.681578947368));
#5773 = CARTESIAN_POINT('',(73.,62.681578947368));
#5774 = CARTESIAN_POINT('',(70.75,62.681578947368));
#5775 = CARTESIAN_POINT('',(68.5,62.681578947368));
#5776 = ( GEOMETRIC_REPRESENTATION_CONTEXT(2) 
PARAMETRIC_REPRESENTATION_CONTEXT() REPRESENTATION_CONTEXT('2D SPACE',''
  ) );
#5777 = ORIENTED_EDGE('',*,*,#3370,.T.);
#5778 = ORIENTED_EDGE('',*,*,#5690,.F.);
#5779 = ORIENTED_EDGE('',*,*,#3859,.F.);
#5780 = ADVANCED_FACE('',(#5781,#5807),#3358,.T.);
#5781 = FACE_BOUND('',#5782,.T.);
#5782 = EDGE_LOOP('',(#5783,#5784,#5785,#5786));
#5783 = ORIENTED_EDGE('',*,*,#3342,.F.);
#5784 = ORIENTED_EDGE('',*,*,#5751,.F.);
#5785 = ORIENTED_EDGE('',*,*,#3836,.T.);
#5786 = ORIENTED_EDGE('',*,*,#5787,.F.);
#5787 = EDGE_CURVE('',#3315,#3814,#5788,.T.);
#5788 = SURFACE_CURVE('',#5789,(#5793,#5800),.PCURVE_S1.);
#5789 = LINE('',#5790,#5791);
#5790 = CARTESIAN_POINT('',(18.5,38.5,26.));
#5791 = VECTOR('',#5792,1.);
#5792 = DIRECTION('',(1.,0.,0.));
#5793 = PCURVE('',#3358,#5794);
#5794 = DEFINITIONAL_REPRESENTATION('',(#5795),#5799);
#5795 = LINE('',#5796,#5797);
#5796 = CARTESIAN_POINT('',(68.5,88.5));
#5797 = VECTOR('',#5798,1.);
#5798 = DIRECTION('',(1.,0.));
#5799 = ( GEOMETRIC_REPRESENTATION_CONTEXT(2) 
PARAMETRIC_REPRESENTATION_CONTEXT() REPRESENTATION_CONTEXT('2D SPACE',''
  ) );
#5800 = PCURVE('',#3330,#5801);
#5801 = DEFINITIONAL_REPRESENTATION('',(#5802),#5806);
#5802 = LINE('',#5803,#5804);
#5803 = CARTESIAN_POINT('',(10.,0.));
#5804 = VECTOR('',#5805,1.);
#5805 = DIRECTION('',(0.,1.));
#5806 = ( GEOMETRIC_REPRESENTATION_CONTEXT(2) 
PARAMETRIC_REPRESENTATION_CONTEXT() REPRESENTATION_CONTEXT('2D SPACE',''
  ) );
#5807 = FACE_BOUND('',#5808,.T.);
#5808 = EDGE_LOOP('',(#5809));
#5809 = ORIENTED_EDGE('',*,*,#5810,.F.);
#5810 = EDGE_CURVE('',#5811,#5811,#5813,.T.);
#5811 = VERTEX_POINT('',#5812);
#5812 = CARTESIAN_POINT('',(25.1,32.,26.));
#5813 = SURFACE_CURVE('',#5814,(#5819,#5826),.PCURVE_S1.);
#5814 = CIRCLE('',#5815,2.1);
#5815 = AXIS2_PLACEMENT_3D('',#5816,#5817,#5818);
#5816 = CARTESIAN_POINT('',(23.,32.,26.));
#5817 = DIRECTION('',(0.,0.,1.));
#5818 = DIRECTION('',(1.,0.,0.));
#5819 = PCURVE('',#3358,#5820);
#5820 = DEFINITIONAL_REPRESENTATION('',(#5821),#5825);
#5821 = CIRCLE('',#5822,2.1);
#5822 = AXIS2_PLACEMENT_2D('',#5823,#5824);
#5823 = CARTESIAN_POINT('',(73.,82.));
#5824 = DIRECTION('',(1.,0.));
#5825 = ( GEOMETRIC_REPRESENTATION_CONTEXT(2) 
PARAMETRIC_REPRESENTATION_CONTEXT() REPRESENTATION_CONTEXT('2D SPACE',''
  ) );
#5826 = PCURVE('',#5827,#5832);
#5827 = CYLINDRICAL_SURFACE('',#5828,2.1);
#5828 = AXIS2_PLACEMENT_3D('',#5829,#5830,#5831);
#5829 = CARTESIAN_POINT('',(23.,32.,20.5));
#5830 = DIRECTION('',(-0.,-0.,-1.));
#5831 = DIRECTION('',(1.,0.,0.));
#5832 = DEFINITIONAL_REPRESENTATION('',(#5833),#5837);
#5833 = LINE('',#5834,#5835);
#5834 = CARTESIAN_POINT('',(-0.,-5.5));
#5835 = VECTOR('',#5836,1.);
#5836 = DIRECTION('',(-1.,0.));
#5837 = ( GEOMETRIC_REPRESENTATION_CONTEXT(2) 
PARAMETRIC_REPRESENTATION_CONTEXT() REPRESENTATION_CONTEXT('2D SPACE',''
  ) );
#5838 = ADVANCED_FACE('',(#5839),#3330,.T.);
#5839 = FACE_BOUND('',#5840,.T.);
#5840 = EDGE_LOOP('',(#5841,#5862,#5863,#5864,#5865,#5886));
#5841 = ORIENTED_EDGE('',*,*,#5842,.F.);
#5842 = EDGE_CURVE('',#3287,#4346,#5843,.T.);
#5843 = SURFACE_CURVE('',#5844,(#5848,#5855),.PCURVE_S1.);
#5844 = LINE('',#5845,#5846);
#5845 = CARTESIAN_POINT('',(18.5,38.5,16.));
#5846 = VECTOR('',#5847,1.);
#5847 = DIRECTION('',(1.,0.,0.));
#5848 = PCURVE('',#3330,#5849);
#5849 = DEFINITIONAL_REPRESENTATION('',(#5850),#5854);
#5850 = LINE('',#5851,#5852);
#5851 = CARTESIAN_POINT('',(0.,0.));
#5852 = VECTOR('',#5853,1.);
#5853 = DIRECTION('',(0.,1.));
#5854 = ( GEOMETRIC_REPRESENTATION_CONTEXT(2) 
PARAMETRIC_REPRESENTATION_CONTEXT() REPRESENTATION_CONTEXT('2D SPACE',''
  ) );
#5855 = PCURVE('',#3302,#5856);
#5856 = DEFINITIONAL_REPRESENTATION('',(#5857),#5861);
#5857 = LINE('',#5858,#5859);
#5858 = CARTESIAN_POINT('',(0.,23.5));
#5859 = VECTOR('',#5860,1.);
#5860 = DIRECTION('',(1.,0.));
#5861 = ( GEOMETRIC_REPRESENTATION_CONTEXT(2) 
PARAMETRIC_REPRESENTATION_CONTEXT() REPRESENTATION_CONTEXT('2D SPACE',''
  ) );
#5862 = ORIENTED_EDGE('',*,*,#3314,.T.);
#5863 = ORIENTED_EDGE('',*,*,#5787,.T.);
#5864 = ORIENTED_EDGE('',*,*,#3813,.F.);
#5865 = ORIENTED_EDGE('',*,*,#5866,.F.);
#5866 = EDGE_CURVE('',#4467,#3791,#5867,.T.);
#5867 = SURFACE_CURVE('',#5868,(#5872,#5879),.PCURVE_S1.);
#5868 = LINE('',#5869,#5870);
#5869 = CARTESIAN_POINT('',(18.5,38.5,16.));
#5870 = VECTOR('',#5871,1.);
#5871 = DIRECTION('',(1.,0.,0.));
#5872 = PCURVE('',#3330,#5873);
#5873 = DEFINITIONAL_REPRESENTATION('',(#5874),#5878);
#5874 = LINE('',#5875,#5876);
#5875 = CARTESIAN_POINT('',(0.,0.));
#5876 = VECTOR('',#5877,1.);
#5877 = DIRECTION('',(0.,1.));
#5878 = ( GEOMETRIC_REPRESENTATION_CONTEXT(2) 
PARAMETRIC_REPRESENTATION_CONTEXT() REPRESENTATION_CONTEXT('2D SPACE',''
  ) );
#5879 = PCURVE('',#3302,#5880);
#5880 = DEFINITIONAL_REPRESENTATION('',(#5881),#5885);
#5881 = LINE('',#5882,#5883);
#5882 = CARTESIAN_POINT('',(0.,23.5));
#5883 = VECTOR('',#5884,1.);
#5884 = DIRECTION('',(1.,0.));
#5885 = ( GEOMETRIC_REPRESENTATION_CONTEXT(2) 
PARAMETRIC_REPRESENTATION_CONTEXT() REPRESENTATION_CONTEXT('2D SPACE',''
  ) );
#5886 = ORIENTED_EDGE('',*,*,#4489,.F.);
#5887 = ADVANCED_FACE('',(#5888),#3302,.F.);
#5888 = FACE_BOUND('',#5889,.F.);
#5889 = EDGE_LOOP('',(#5890,#5891,#5892,#5893,#5894,#5895,#5896,#5897));
#5890 = ORIENTED_EDGE('',*,*,#3286,.F.);
#5891 = ORIENTED_EDGE('',*,*,#3719,.T.);
#5892 = ORIENTED_EDGE('',*,*,#3790,.T.);
#5893 = ORIENTED_EDGE('',*,*,#5866,.F.);
#5894 = ORIENTED_EDGE('',*,*,#4515,.T.);
#5895 = ORIENTED_EDGE('',*,*,#4416,.F.);
#5896 = ORIENTED_EDGE('',*,*,#4368,.F.);
#5897 = ORIENTED_EDGE('',*,*,#5842,.F.);
#5898 = ADVANCED_FACE('',(#5899),#4576,.F.);
#5899 = FACE_BOUND('',#5900,.T.);
#5900 = EDGE_LOOP('',(#5901,#5902,#5925,#5952));
#5901 = ORIENTED_EDGE('',*,*,#4561,.F.);
#5902 = ORIENTED_EDGE('',*,*,#5903,.T.);
#5903 = EDGE_CURVE('',#4542,#5904,#5906,.T.);
#5904 = VERTEX_POINT('',#5905);
#5905 = CARTESIAN_POINT('',(-10.9,-13.,5.5));
#5906 = SEAM_CURVE('',#5907,(#5911,#5918),.PCURVE_S1.);
#5907 = LINE('',#5908,#5909);
#5908 = CARTESIAN_POINT('',(-10.9,-13.,0.));
#5909 = VECTOR('',#5910,1.);
#5910 = DIRECTION('',(0.,0.,1.));
#5911 = PCURVE('',#4576,#5912);
#5912 = DEFINITIONAL_REPRESENTATION('',(#5913),#5917);
#5913 = LINE('',#5914,#5915);
#5914 = CARTESIAN_POINT('',(-6.28318530718,0.));
#5915 = VECTOR('',#5916,1.);
#5916 = DIRECTION('',(-0.,-1.));
#5917 = ( GEOMETRIC_REPRESENTATION_CONTEXT(2) 
PARAMETRIC_REPRESENTATION_CONTEXT() REPRESENTATION_CONTEXT('2D SPACE',''
  ) );
#5918 = PCURVE('',#4576,#5919);
#5919 = DEFINITIONAL_REPRESENTATION('',(#5920),#5924);
#5920 = LINE('',#5921,#5922);
#5921 = CARTESIAN_POINT('',(-0.,0.));
#5922 = VECTOR('',#5923,1.);
#5923 = DIRECTION('',(-0.,-1.));
#5924 = ( GEOMETRIC_REPRESENTATION_CONTEXT(2) 
PARAMETRIC_REPRESENTATION_CONTEXT() REPRESENTATION_CONTEXT('2D SPACE',''
  ) );
#5925 = ORIENTED_EDGE('',*,*,#5926,.T.);
#5926 = EDGE_CURVE('',#5904,#5904,#5927,.T.);
#5927 = SURFACE_CURVE('',#5928,(#5933,#5940),.PCURVE_S1.);
#5928 = CIRCLE('',#5929,2.1);
#5929 = AXIS2_PLACEMENT_3D('',#5930,#5931,#5932);
#5930 = CARTESIAN_POINT('',(-13.,-13.,5.5));
#5931 = DIRECTION('',(0.,0.,1.));
#5932 = DIRECTION('',(1.,0.,0.));
#5933 = PCURVE('',#4576,#5934);
#5934 = DEFINITIONAL_REPRESENTATION('',(#5935),#5939);
#5935 = LINE('',#5936,#5937);
#5936 = CARTESIAN_POINT('',(-0.,-5.5));
#5937 = VECTOR('',#5938,1.);
#5938 = DIRECTION('',(-1.,0.));
#5939 = ( GEOMETRIC_REPRESENTATION_CONTEXT(2) 
PARAMETRIC_REPRESENTATION_CONTEXT() REPRESENTATION_CONTEXT('2D SPACE',''
  ) );
#5940 = PCURVE('',#5941,#5946);
#5941 = PLANE('',#5942);
#5942 = AXIS2_PLACEMENT_3D('',#5943,#5944,#5945);
#5943 = CARTESIAN_POINT('',(-13.,-13.,5.5));
#5944 = DIRECTION('',(0.,0.,1.));
#5945 = DIRECTION('',(1.,0.,-0.));
#5946 = DEFINITIONAL_REPRESENTATION('',(#5947),#5951);
#5947 = CIRCLE('',#5948,2.1);
#5948 = AXIS2_PLACEMENT_2D('',#5949,#5950);
#5949 = CARTESIAN_POINT('',(0.,0.));
#5950 = DIRECTION('',(1.,0.));
#5951 = ( GEOMETRIC_REPRESENTATION_CONTEXT(2) 
PARAMETRIC_REPRESENTATION_CONTEXT() REPRESENTATION_CONTEXT('2D SPACE',''
  ) );
#5952 = ORIENTED_EDGE('',*,*,#5903,.F.);
#5953 = ADVANCED_FACE('',(#5954),#4628,.F.);
#5954 = FACE_BOUND('',#5955,.T.);
#5955 = EDGE_LOOP('',(#5956,#5957,#5980,#6007));
#5956 = ORIENTED_EDGE('',*,*,#4613,.F.);
#5957 = ORIENTED_EDGE('',*,*,#5958,.T.);
#5958 = EDGE_CURVE('',#4594,#5959,#5961,.T.);
#5959 = VERTEX_POINT('',#5960);
#5960 = CARTESIAN_POINT('',(15.1,-13.,5.5));
#5961 = SEAM_CURVE('',#5962,(#5966,#5973),.PCURVE_S1.);
#5962 = LINE('',#5963,#5964);
#5963 = CARTESIAN_POINT('',(15.1,-13.,0.));
#5964 = VECTOR('',#5965,1.);
#5965 = DIRECTION('',(0.,0.,1.));
#5966 = PCURVE('',#4628,#5967);
#5967 = DEFINITIONAL_REPRESENTATION('',(#5968),#5972);
#5968 = LINE('',#5969,#5970);
#5969 = CARTESIAN_POINT('',(-6.28318530718,0.));
#5970 = VECTOR('',#5971,1.);
#5971 = DIRECTION('',(-0.,-1.));
#5972 = ( GEOMETRIC_REPRESENTATION_CONTEXT(2) 
PARAMETRIC_REPRESENTATION_CONTEXT() REPRESENTATION_CONTEXT('2D SPACE',''
  ) );
#5973 = PCURVE('',#4628,#5974);
#5974 = DEFINITIONAL_REPRESENTATION('',(#5975),#5979);
#5975 = LINE('',#5976,#5977);
#5976 = CARTESIAN_POINT('',(-0.,0.));
#5977 = VECTOR('',#5978,1.);
#5978 = DIRECTION('',(-0.,-1.));
#5979 = ( GEOMETRIC_REPRESENTATION_CONTEXT(2) 
PARAMETRIC_REPRESENTATION_CONTEXT() REPRESENTATION_CONTEXT('2D SPACE',''
  ) );
#5980 = ORIENTED_EDGE('',*,*,#5981,.T.);
#5981 = EDGE_CURVE('',#5959,#5959,#5982,.T.);
#5982 = SURFACE_CURVE('',#5983,(#5988,#5995),.PCURVE_S1.);
#5983 = CIRCLE('',#5984,2.1);
#5984 = AXIS2_PLACEMENT_3D('',#5985,#5986,#5987);
#5985 = CARTESIAN_POINT('',(13.,-13.,5.5));
#5986 = DIRECTION('',(0.,0.,1.));
#5987 = DIRECTION('',(1.,0.,0.));
#5988 = PCURVE('',#4628,#5989);
#5989 = DEFINITIONAL_REPRESENTATION('',(#5990),#5994);
#5990 = LINE('',#5991,#5992);
#5991 = CARTESIAN_POINT('',(-0.,-5.5));
#5992 = VECTOR('',#5993,1.);
#5993 = DIRECTION('',(-1.,0.));
#5994 = ( GEOMETRIC_REPRESENTATION_CONTEXT(2) 
PARAMETRIC_REPRESENTATION_CONTEXT() REPRESENTATION_CONTEXT('2D SPACE',''
  ) );
#5995 = PCURVE('',#5996,#6001);
#5996 = PLANE('',#5997);
#5997 = AXIS2_PLACEMENT_3D('',#5998,#5999,#6000);
#5998 = CARTESIAN_POINT('',(13.,-13.,5.5));
#5999 = DIRECTION('',(0.,0.,1.));
#6000 = DIRECTION('',(1.,0.,-0.));
#6001 = DEFINITIONAL_REPRESENTATION('',(#6002),#6006);
#6002 = CIRCLE('',#6003,2.1);
#6003 = AXIS2_PLACEMENT_2D('',#6004,#6005);
#6004 = CARTESIAN_POINT('',(0.,0.));
#6005 = DIRECTION('',(1.,0.));
#6006 = ( GEOMETRIC_REPRESENTATION_CONTEXT(2) 
PARAMETRIC_REPRESENTATION_CONTEXT() REPRESENTATION_CONTEXT('2D SPACE',''
  ) );
#6007 = ORIENTED_EDGE('',*,*,#5958,.F.);
#6008 = ADVANCED_FACE('',(#6009),#4680,.F.);
#6009 = FACE_BOUND('',#6010,.T.);
#6010 = EDGE_LOOP('',(#6011,#6012,#6035,#6062));
#6011 = ORIENTED_EDGE('',*,*,#4665,.F.);
#6012 = ORIENTED_EDGE('',*,*,#6013,.T.);
#6013 = EDGE_CURVE('',#4646,#6014,#6016,.T.);
#6014 = VERTEX_POINT('',#6015);
#6015 = CARTESIAN_POINT('',(-10.9,13.,5.5));
#6016 = SEAM_CURVE('',#6017,(#6021,#6028),.PCURVE_S1.);
#6017 = LINE('',#6018,#6019);
#6018 = CARTESIAN_POINT('',(-10.9,13.,0.));
#6019 = VECTOR('',#6020,1.);
#6020 = DIRECTION('',(0.,0.,1.));
#6021 = PCURVE('',#4680,#6022);
#6022 = DEFINITIONAL_REPRESENTATION('',(#6023),#6027);
#6023 = LINE('',#6024,#6025);
#6024 = CARTESIAN_POINT('',(-6.28318530718,0.));
#6025 = VECTOR('',#6026,1.);
#6026 = DIRECTION('',(-0.,-1.));
#6027 = ( GEOMETRIC_REPRESENTATION_CONTEXT(2) 
PARAMETRIC_REPRESENTATION_CONTEXT() REPRESENTATION_CONTEXT('2D SPACE',''
  ) );
#6028 = PCURVE('',#4680,#6029);
#6029 = DEFINITIONAL_REPRESENTATION('',(#6030),#6034);
#6030 = LINE('',#6031,#6032);
#6031 = CARTESIAN_POINT('',(-0.,0.));
#6032 = VECTOR('',#6033,1.);
#6033 = DIRECTION('',(-0.,-1.));
#6034 = ( GEOMETRIC_REPRESENTATION_CONTEXT(2) 
PARAMETRIC_REPRESENTATION_CONTEXT() REPRESENTATION_CONTEXT('2D SPACE',''
  ) );
#6035 = ORIENTED_EDGE('',*,*,#6036,.T.);
#6036 = EDGE_CURVE('',#6014,#6014,#6037,.T.);
#6037 = SURFACE_CURVE('',#6038,(#6043,#6050),.PCURVE_S1.);
#6038 = CIRCLE('',#6039,2.1);
#6039 = AXIS2_PLACEMENT_3D('',#6040,#6041,#6042);
#6040 = CARTESIAN_POINT('',(-13.,13.,5.5));
#6041 = DIRECTION('',(0.,0.,1.));
#6042 = DIRECTION('',(1.,0.,0.));
#6043 = PCURVE('',#4680,#6044);
#6044 = DEFINITIONAL_REPRESENTATION('',(#6045),#6049);
#6045 = LINE('',#6046,#6047);
#6046 = CARTESIAN_POINT('',(-0.,-5.5));
#6047 = VECTOR('',#6048,1.);
#6048 = DIRECTION('',(-1.,0.));
#6049 = ( GEOMETRIC_REPRESENTATION_CONTEXT(2) 
PARAMETRIC_REPRESENTATION_CONTEXT() REPRESENTATION_CONTEXT('2D SPACE',''
  ) );
#6050 = PCURVE('',#6051,#6056);
#6051 = PLANE('',#6052);
#6052 = AXIS2_PLACEMENT_3D('',#6053,#6054,#6055);
#6053 = CARTESIAN_POINT('',(-13.,13.,5.5));
#6054 = DIRECTION('',(0.,0.,1.));
#6055 = DIRECTION('',(1.,0.,-0.));
#6056 = DEFINITIONAL_REPRESENTATION('',(#6057),#6061);
#6057 = CIRCLE('',#6058,2.1);
#6058 = AXIS2_PLACEMENT_2D('',#6059,#6060);
#6059 = CARTESIAN_POINT('',(0.,0.));
#6060 = DIRECTION('',(1.,0.));
#6061 = ( GEOMETRIC_REPRESENTATION_CONTEXT(2) 
PARAMETRIC_REPRESENTATION_CONTEXT() REPRESENTATION_CONTEXT('2D SPACE',''
  ) );
#6062 = ORIENTED_EDGE('',*,*,#6013,.F.);
#6063 = ADVANCED_FACE('',(#6064),#4732,.F.);
#6064 = FACE_BOUND('',#6065,.T.);
#6065 = EDGE_LOOP('',(#6066,#6067,#6090,#6117));
#6066 = ORIENTED_EDGE('',*,*,#4717,.F.);
#6067 = ORIENTED_EDGE('',*,*,#6068,.T.);
#6068 = EDGE_CURVE('',#4698,#6069,#6071,.T.);
#6069 = VERTEX_POINT('',#6070);
#6070 = CARTESIAN_POINT('',(15.1,13.,5.5));
#6071 = SEAM_CURVE('',#6072,(#6076,#6083),.PCURVE_S1.);
#6072 = LINE('',#6073,#6074);
#6073 = CARTESIAN_POINT('',(15.1,13.,0.));
#6074 = VECTOR('',#6075,1.);
#6075 = DIRECTION('',(0.,0.,1.));
#6076 = PCURVE('',#4732,#6077);
#6077 = DEFINITIONAL_REPRESENTATION('',(#6078),#6082);
#6078 = LINE('',#6079,#6080);
#6079 = CARTESIAN_POINT('',(-6.28318530718,0.));
#6080 = VECTOR('',#6081,1.);
#6081 = DIRECTION('',(-0.,-1.));
#6082 = ( GEOMETRIC_REPRESENTATION_CONTEXT(2) 
PARAMETRIC_REPRESENTATION_CONTEXT() REPRESENTATION_CONTEXT('2D SPACE',''
  ) );
#6083 = PCURVE('',#4732,#6084);
#6084 = DEFINITIONAL_REPRESENTATION('',(#6085),#6089);
#6085 = LINE('',#6086,#6087);
#6086 = CARTESIAN_POINT('',(-0.,0.));
#6087 = VECTOR('',#6088,1.);
#6088 = DIRECTION('',(-0.,-1.));
#6089 = ( GEOMETRIC_REPRESENTATION_CONTEXT(2) 
PARAMETRIC_REPRESENTATION_CONTEXT() REPRESENTATION_CONTEXT('2D SPACE',''
  ) );
#6090 = ORIENTED_EDGE('',*,*,#6091,.T.);
#6091 = EDGE_CURVE('',#6069,#6069,#6092,.T.);
#6092 = SURFACE_CURVE('',#6093,(#6098,#6105),.PCURVE_S1.);
#6093 = CIRCLE('',#6094,2.1);
#6094 = AXIS2_PLACEMENT_3D('',#6095,#6096,#6097);
#6095 = CARTESIAN_POINT('',(13.,13.,5.5));
#6096 = DIRECTION('',(0.,0.,1.));
#6097 = DIRECTION('',(1.,0.,0.));
#6098 = PCURVE('',#4732,#6099);
#6099 = DEFINITIONAL_REPRESENTATION('',(#6100),#6104);
#6100 = LINE('',#6101,#6102);
#6101 = CARTESIAN_POINT('',(-0.,-5.5));
#6102 = VECTOR('',#6103,1.);
#6103 = DIRECTION('',(-1.,0.));
#6104 = ( GEOMETRIC_REPRESENTATION_CONTEXT(2) 
PARAMETRIC_REPRESENTATION_CONTEXT() REPRESENTATION_CONTEXT('2D SPACE',''
  ) );
#6105 = PCURVE('',#6106,#6111);
#6106 = PLANE('',#6107);
#6107 = AXIS2_PLACEMENT_3D('',#6108,#6109,#6110);
#6108 = CARTESIAN_POINT('',(13.,13.,5.5));
#6109 = DIRECTION('',(0.,0.,1.));
#6110 = DIRECTION('',(1.,0.,-0.));
#6111 = DEFINITIONAL_REPRESENTATION('',(#6112),#6116);
#6112 = CIRCLE('',#6113,2.1);
#6113 = AXIS2_PLACEMENT_2D('',#6114,#6115);
#6114 = CARTESIAN_POINT('',(0.,0.));
#6115 = DIRECTION('',(1.,0.));
#6116 = ( GEOMETRIC_REPRESENTATION_CONTEXT(2) 
PARAMETRIC_REPRESENTATION_CONTEXT() REPRESENTATION_CONTEXT('2D SPACE',''
  ) );
#6117 = ORIENTED_EDGE('',*,*,#6068,.F.);
#6118 = ADVANCED_FACE('',(#6119),#4914,.F.);
#6119 = FACE_BOUND('',#6120,.F.);
#6120 = EDGE_LOOP('',(#6121,#6122,#6123,#6144));
#6121 = ORIENTED_EDGE('',*,*,#5259,.F.);
#6122 = ORIENTED_EDGE('',*,*,#4898,.T.);
#6123 = ORIENTED_EDGE('',*,*,#6124,.T.);
#6124 = EDGE_CURVE('',#4871,#5129,#6125,.T.);
#6125 = SURFACE_CURVE('',#6126,(#6130,#6137),.PCURVE_S1.);
#6126 = LINE('',#6127,#6128);
#6127 = CARTESIAN_POINT('',(-28.5,79.,8.));
#6128 = VECTOR('',#6129,1.);
#6129 = DIRECTION('',(0.,0.,1.));
#6130 = PCURVE('',#4914,#6131);
#6131 = DEFINITIONAL_REPRESENTATION('',(#6132),#6136);
#6132 = LINE('',#6133,#6134);
#6133 = CARTESIAN_POINT('',(0.,-18.));
#6134 = VECTOR('',#6135,1.);
#6135 = DIRECTION('',(1.,0.));
#6136 = ( GEOMETRIC_REPRESENTATION_CONTEXT(2) 
PARAMETRIC_REPRESENTATION_CONTEXT() REPRESENTATION_CONTEXT('2D SPACE',''
  ) );
#6137 = PCURVE('',#4886,#6138);
#6138 = DEFINITIONAL_REPRESENTATION('',(#6139),#6143);
#6139 = LINE('',#6140,#6141);
#6140 = CARTESIAN_POINT('',(0.,0.));
#6141 = VECTOR('',#6142,1.);
#6142 = DIRECTION('',(1.,0.));
#6143 = ( GEOMETRIC_REPRESENTATION_CONTEXT(2) 
PARAMETRIC_REPRESENTATION_CONTEXT() REPRESENTATION_CONTEXT('2D SPACE',''
  ) );
#6144 = ORIENTED_EDGE('',*,*,#5151,.F.);
#6145 = ADVANCED_FACE('',(#6146),#4886,.T.);
#6146 = FACE_BOUND('',#6147,.T.);
#6147 = EDGE_LOOP('',(#6148,#6149,#6150,#6151));
#6148 = ORIENTED_EDGE('',*,*,#4870,.F.);
#6149 = ORIENTED_EDGE('',*,*,#6124,.T.);
#6150 = ORIENTED_EDGE('',*,*,#5128,.T.);
#6151 = ORIENTED_EDGE('',*,*,#6152,.F.);
#6152 = EDGE_CURVE('',#4843,#5106,#6153,.T.);
#6153 = SURFACE_CURVE('',#6154,(#6158,#6165),.PCURVE_S1.);
#6154 = LINE('',#6155,#6156);
#6155 = CARTESIAN_POINT('',(28.5,79.,8.));
#6156 = VECTOR('',#6157,1.);
#6157 = DIRECTION('',(0.,0.,1.));
#6158 = PCURVE('',#4886,#6159);
#6159 = DEFINITIONAL_REPRESENTATION('',(#6160),#6164);
#6160 = LINE('',#6161,#6162);
#6161 = CARTESIAN_POINT('',(0.,57.));
#6162 = VECTOR('',#6163,1.);
#6163 = DIRECTION('',(1.,0.));
#6164 = ( GEOMETRIC_REPRESENTATION_CONTEXT(2) 
PARAMETRIC_REPRESENTATION_CONTEXT() REPRESENTATION_CONTEXT('2D SPACE',''
  ) );
#6165 = PCURVE('',#4858,#6166);
#6166 = DEFINITIONAL_REPRESENTATION('',(#6167),#6171);
#6167 = LINE('',#6168,#6169);
#6168 = CARTESIAN_POINT('',(0.,-18.));
#6169 = VECTOR('',#6170,1.);
#6170 = DIRECTION('',(1.,0.));
#6171 = ( GEOMETRIC_REPRESENTATION_CONTEXT(2) 
PARAMETRIC_REPRESENTATION_CONTEXT() REPRESENTATION_CONTEXT('2D SPACE',''
  ) );
#6172 = ADVANCED_FACE('',(#6173),#4858,.T.);
#6173 = FACE_BOUND('',#6174,.T.);
#6174 = EDGE_LOOP('',(#6175,#6176,#6177,#6178));
#6175 = ORIENTED_EDGE('',*,*,#5288,.F.);
#6176 = ORIENTED_EDGE('',*,*,#4842,.T.);
#6177 = ORIENTED_EDGE('',*,*,#6152,.T.);
#6178 = ORIENTED_EDGE('',*,*,#5105,.F.);
#6179 = ADVANCED_FACE('',(#6180),#4970,.F.);
#6180 = FACE_BOUND('',#6181,.T.);
#6181 = EDGE_LOOP('',(#6182,#6183,#6204,#6205));
#6182 = ORIENTED_EDGE('',*,*,#4949,.T.);
#6183 = ORIENTED_EDGE('',*,*,#6184,.T.);
#6184 = EDGE_CURVE('',#4950,#5198,#6185,.T.);
#6185 = SEAM_CURVE('',#6186,(#6190,#6197),.PCURVE_S1.);
#6186 = LINE('',#6187,#6188);
#6187 = CARTESIAN_POINT('',(-20.9,70.,7.));
#6188 = VECTOR('',#6189,1.);
#6189 = DIRECTION('',(0.,0.,1.));
#6190 = PCURVE('',#4970,#6191);
#6191 = DEFINITIONAL_REPRESENTATION('',(#6192),#6196);
#6192 = LINE('',#6193,#6194);
#6193 = CARTESIAN_POINT('',(-6.28318530718,0.));
#6194 = VECTOR('',#6195,1.);
#6195 = DIRECTION('',(-0.,-1.));
#6196 = ( GEOMETRIC_REPRESENTATION_CONTEXT(2) 
PARAMETRIC_REPRESENTATION_CONTEXT() REPRESENTATION_CONTEXT('2D SPACE',''
  ) );
#6197 = PCURVE('',#4970,#6198);
#6198 = DEFINITIONAL_REPRESENTATION('',(#6199),#6203);
#6199 = LINE('',#6200,#6201);
#6200 = CARTESIAN_POINT('',(-0.,0.));
#6201 = VECTOR('',#6202,1.);
#6202 = DIRECTION('',(-0.,-1.));
#6203 = ( GEOMETRIC_REPRESENTATION_CONTEXT(2) 
PARAMETRIC_REPRESENTATION_CONTEXT() REPRESENTATION_CONTEXT('2D SPACE',''
  ) );
#6204 = ORIENTED_EDGE('',*,*,#5197,.F.);
#6205 = ORIENTED_EDGE('',*,*,#6184,.F.);
#6206 = ADVANCED_FACE('',(#6207),#5005,.F.);
#6207 = FACE_BOUND('',#6208,.T.);
#6208 = EDGE_LOOP('',(#6209,#6210,#6231,#6232));
#6209 = ORIENTED_EDGE('',*,*,#4984,.T.);
#6210 = ORIENTED_EDGE('',*,*,#6211,.T.);
#6211 = EDGE_CURVE('',#4985,#5228,#6212,.T.);
#6212 = SEAM_CURVE('',#6213,(#6217,#6224),.PCURVE_S1.);
#6213 = LINE('',#6214,#6215);
#6214 = CARTESIAN_POINT('',(24.1,70.,7.));
#6215 = VECTOR('',#6216,1.);
#6216 = DIRECTION('',(0.,0.,1.));
#6217 = PCURVE('',#5005,#6218);
#6218 = DEFINITIONAL_REPRESENTATION('',(#6219),#6223);
#6219 = LINE('',#6220,#6221);
#6220 = CARTESIAN_POINT('',(-6.28318530718,0.));
#6221 = VECTOR('',#6222,1.);
#6222 = DIRECTION('',(-0.,-1.));
#6223 = ( GEOMETRIC_REPRESENTATION_CONTEXT(2) 
PARAMETRIC_REPRESENTATION_CONTEXT() REPRESENTATION_CONTEXT('2D SPACE',''
  ) );
#6224 = PCURVE('',#5005,#6225);
#6225 = DEFINITIONAL_REPRESENTATION('',(#6226),#6230);
#6226 = LINE('',#6227,#6228);
#6227 = CARTESIAN_POINT('',(-0.,0.));
#6228 = VECTOR('',#6229,1.);
#6229 = DIRECTION('',(-0.,-1.));
#6230 = ( GEOMETRIC_REPRESENTATION_CONTEXT(2) 
PARAMETRIC_REPRESENTATION_CONTEXT() REPRESENTATION_CONTEXT('2D SPACE',''
  ) );
#6231 = ORIENTED_EDGE('',*,*,#5227,.F.);
#6232 = ORIENTED_EDGE('',*,*,#6211,.F.);
#6233 = ADVANCED_FACE('',(#6234),#5441,.F.);
#6234 = FACE_BOUND('',#6235,.T.);
#6235 = EDGE_LOOP('',(#6236,#6259,#6260,#6261));
#6236 = ORIENTED_EDGE('',*,*,#6237,.T.);
#6237 = EDGE_CURVE('',#6238,#5425,#6240,.T.);
#6238 = VERTEX_POINT('',#6239);
#6239 = CARTESIAN_POINT('',(-20.9,-32.,20.5));
#6240 = SEAM_CURVE('',#6241,(#6245,#6252),.PCURVE_S1.);
#6241 = LINE('',#6242,#6243);
#6242 = CARTESIAN_POINT('',(-20.9,-32.,20.5));
#6243 = VECTOR('',#6244,1.);
#6244 = DIRECTION('',(0.,0.,1.));
#6245 = PCURVE('',#5441,#6246);
#6246 = DEFINITIONAL_REPRESENTATION('',(#6247),#6251);
#6247 = LINE('',#6248,#6249);
#6248 = CARTESIAN_POINT('',(-0.,0.));
#6249 = VECTOR('',#6250,1.);
#6250 = DIRECTION('',(-0.,-1.));
#6251 = ( GEOMETRIC_REPRESENTATION_CONTEXT(2) 
PARAMETRIC_REPRESENTATION_CONTEXT() REPRESENTATION_CONTEXT('2D SPACE',''
  ) );
#6252 = PCURVE('',#5441,#6253);
#6253 = DEFINITIONAL_REPRESENTATION('',(#6254),#6258);
#6254 = LINE('',#6255,#6256);
#6255 = CARTESIAN_POINT('',(-6.28318530718,0.));
#6256 = VECTOR('',#6257,1.);
#6257 = DIRECTION('',(-0.,-1.));
#6258 = ( GEOMETRIC_REPRESENTATION_CONTEXT(2) 
PARAMETRIC_REPRESENTATION_CONTEXT() REPRESENTATION_CONTEXT('2D SPACE',''
  ) );
#6259 = ORIENTED_EDGE('',*,*,#5424,.T.);
#6260 = ORIENTED_EDGE('',*,*,#6237,.F.);
#6261 = ORIENTED_EDGE('',*,*,#6262,.F.);
#6262 = EDGE_CURVE('',#6238,#6238,#6263,.T.);
#6263 = SURFACE_CURVE('',#6264,(#6269,#6276),.PCURVE_S1.);
#6264 = CIRCLE('',#6265,2.1);
#6265 = AXIS2_PLACEMENT_3D('',#6266,#6267,#6268);
#6266 = CARTESIAN_POINT('',(-23.,-32.,20.5));
#6267 = DIRECTION('',(0.,0.,1.));
#6268 = DIRECTION('',(1.,0.,0.));
#6269 = PCURVE('',#5441,#6270);
#6270 = DEFINITIONAL_REPRESENTATION('',(#6271),#6275);
#6271 = LINE('',#6272,#6273);
#6272 = CARTESIAN_POINT('',(-0.,0.));
#6273 = VECTOR('',#6274,1.);
#6274 = DIRECTION('',(-1.,0.));
#6275 = ( GEOMETRIC_REPRESENTATION_CONTEXT(2) 
PARAMETRIC_REPRESENTATION_CONTEXT() REPRESENTATION_CONTEXT('2D SPACE',''
  ) );
#6276 = PCURVE('',#6277,#6282);
#6277 = PLANE('',#6278);
#6278 = AXIS2_PLACEMENT_3D('',#6279,#6280,#6281);
#6279 = CARTESIAN_POINT('',(-23.,-32.,20.5));
#6280 = DIRECTION('',(0.,0.,1.));
#6281 = DIRECTION('',(1.,0.,-0.));
#6282 = DEFINITIONAL_REPRESENTATION('',(#6283),#6287);
#6283 = CIRCLE('',#6284,2.1);
#6284 = AXIS2_PLACEMENT_2D('',#6285,#6286);
#6285 = CARTESIAN_POINT('',(0.,0.));
#6286 = DIRECTION('',(1.,0.));
#6287 = ( GEOMETRIC_REPRESENTATION_CONTEXT(2) 
PARAMETRIC_REPRESENTATION_CONTEXT() REPRESENTATION_CONTEXT('2D SPACE',''
  ) );
#6288 = ADVANCED_FACE('',(#6289),#5532,.F.);
#6289 = FACE_BOUND('',#6290,.T.);
#6290 = EDGE_LOOP('',(#6291,#6314,#6315,#6316));
#6291 = ORIENTED_EDGE('',*,*,#6292,.T.);
#6292 = EDGE_CURVE('',#6293,#5516,#6295,.T.);
#6293 = VERTEX_POINT('',#6294);
#6294 = CARTESIAN_POINT('',(-20.9,32.,20.5));
#6295 = SEAM_CURVE('',#6296,(#6300,#6307),.PCURVE_S1.);
#6296 = LINE('',#6297,#6298);
#6297 = CARTESIAN_POINT('',(-20.9,32.,20.5));
#6298 = VECTOR('',#6299,1.);
#6299 = DIRECTION('',(0.,0.,1.));
#6300 = PCURVE('',#5532,#6301);
#6301 = DEFINITIONAL_REPRESENTATION('',(#6302),#6306);
#6302 = LINE('',#6303,#6304);
#6303 = CARTESIAN_POINT('',(-0.,0.));
#6304 = VECTOR('',#6305,1.);
#6305 = DIRECTION('',(-0.,-1.));
#6306 = ( GEOMETRIC_REPRESENTATION_CONTEXT(2) 
PARAMETRIC_REPRESENTATION_CONTEXT() REPRESENTATION_CONTEXT('2D SPACE',''
  ) );
#6307 = PCURVE('',#5532,#6308);
#6308 = DEFINITIONAL_REPRESENTATION('',(#6309),#6313);
#6309 = LINE('',#6310,#6311);
#6310 = CARTESIAN_POINT('',(-6.28318530718,0.));
#6311 = VECTOR('',#6312,1.);
#6312 = DIRECTION('',(-0.,-1.));
#6313 = ( GEOMETRIC_REPRESENTATION_CONTEXT(2) 
PARAMETRIC_REPRESENTATION_CONTEXT() REPRESENTATION_CONTEXT('2D SPACE',''
  ) );
#6314 = ORIENTED_EDGE('',*,*,#5515,.T.);
#6315 = ORIENTED_EDGE('',*,*,#6292,.F.);
#6316 = ORIENTED_EDGE('',*,*,#6317,.F.);
#6317 = EDGE_CURVE('',#6293,#6293,#6318,.T.);
#6318 = SURFACE_CURVE('',#6319,(#6324,#6331),.PCURVE_S1.);
#6319 = CIRCLE('',#6320,2.1);
#6320 = AXIS2_PLACEMENT_3D('',#6321,#6322,#6323);
#6321 = CARTESIAN_POINT('',(-23.,32.,20.5));
#6322 = DIRECTION('',(0.,0.,1.));
#6323 = DIRECTION('',(1.,0.,0.));
#6324 = PCURVE('',#5532,#6325);
#6325 = DEFINITIONAL_REPRESENTATION('',(#6326),#6330);
#6326 = LINE('',#6327,#6328);
#6327 = CARTESIAN_POINT('',(-0.,0.));
#6328 = VECTOR('',#6329,1.);
#6329 = DIRECTION('',(-1.,0.));
#6330 = ( GEOMETRIC_REPRESENTATION_CONTEXT(2) 
PARAMETRIC_REPRESENTATION_CONTEXT() REPRESENTATION_CONTEXT('2D SPACE',''
  ) );
#6331 = PCURVE('',#6332,#6337);
#6332 = PLANE('',#6333);
#6333 = AXIS2_PLACEMENT_3D('',#6334,#6335,#6336);
#6334 = CARTESIAN_POINT('',(-23.,32.,20.5));
#6335 = DIRECTION('',(0.,0.,1.));
#6336 = DIRECTION('',(1.,0.,-0.));
#6337 = DEFINITIONAL_REPRESENTATION('',(#6338),#6342);
#6338 = CIRCLE('',#6339,2.1);
#6339 = AXIS2_PLACEMENT_2D('',#6340,#6341);
#6340 = CARTESIAN_POINT('',(0.,0.));
#6341 = DIRECTION('',(1.,0.));
#6342 = ( GEOMETRIC_REPRESENTATION_CONTEXT(2) 
PARAMETRIC_REPRESENTATION_CONTEXT() REPRESENTATION_CONTEXT('2D SPACE',''
  ) );
#6343 = ADVANCED_FACE('',(#6344),#5736,.F.);
#6344 = FACE_BOUND('',#6345,.T.);
#6345 = EDGE_LOOP('',(#6346,#6369,#6370,#6371));
#6346 = ORIENTED_EDGE('',*,*,#6347,.T.);
#6347 = EDGE_CURVE('',#6348,#5720,#6350,.T.);
#6348 = VERTEX_POINT('',#6349);
#6349 = CARTESIAN_POINT('',(25.1,-32.,20.5));
#6350 = SEAM_CURVE('',#6351,(#6355,#6362),.PCURVE_S1.);
#6351 = LINE('',#6352,#6353);
#6352 = CARTESIAN_POINT('',(25.1,-32.,20.5));
#6353 = VECTOR('',#6354,1.);
#6354 = DIRECTION('',(0.,0.,1.));
#6355 = PCURVE('',#5736,#6356);
#6356 = DEFINITIONAL_REPRESENTATION('',(#6357),#6361);
#6357 = LINE('',#6358,#6359);
#6358 = CARTESIAN_POINT('',(-0.,0.));
#6359 = VECTOR('',#6360,1.);
#6360 = DIRECTION('',(-0.,-1.));
#6361 = ( GEOMETRIC_REPRESENTATION_CONTEXT(2) 
PARAMETRIC_REPRESENTATION_CONTEXT() REPRESENTATION_CONTEXT('2D SPACE',''
  ) );
#6362 = PCURVE('',#5736,#6363);
#6363 = DEFINITIONAL_REPRESENTATION('',(#6364),#6368);
#6364 = LINE('',#6365,#6366);
#6365 = CARTESIAN_POINT('',(-6.28318530718,0.));
#6366 = VECTOR('',#6367,1.);
#6367 = DIRECTION('',(-0.,-1.));
#6368 = ( GEOMETRIC_REPRESENTATION_CONTEXT(2) 
PARAMETRIC_REPRESENTATION_CONTEXT() REPRESENTATION_CONTEXT('2D SPACE',''
  ) );
#6369 = ORIENTED_EDGE('',*,*,#5719,.T.);
#6370 = ORIENTED_EDGE('',*,*,#6347,.F.);
#6371 = ORIENTED_EDGE('',*,*,#6372,.F.);
#6372 = EDGE_CURVE('',#6348,#6348,#6373,.T.);
#6373 = SURFACE_CURVE('',#6374,(#6379,#6386),.PCURVE_S1.);
#6374 = CIRCLE('',#6375,2.1);
#6375 = AXIS2_PLACEMENT_3D('',#6376,#6377,#6378);
#6376 = CARTESIAN_POINT('',(23.,-32.,20.5));
#6377 = DIRECTION('',(0.,0.,1.));
#6378 = DIRECTION('',(1.,0.,0.));
#6379 = PCURVE('',#5736,#6380);
#6380 = DEFINITIONAL_REPRESENTATION('',(#6381),#6385);
#6381 = LINE('',#6382,#6383);
#6382 = CARTESIAN_POINT('',(-0.,0.));
#6383 = VECTOR('',#6384,1.);
#6384 = DIRECTION('',(-1.,0.));
#6385 = ( GEOMETRIC_REPRESENTATION_CONTEXT(2) 
PARAMETRIC_REPRESENTATION_CONTEXT() REPRESENTATION_CONTEXT('2D SPACE',''
  ) );
#6386 = PCURVE('',#6387,#6392);
#6387 = PLANE('',#6388);
#6388 = AXIS2_PLACEMENT_3D('',#6389,#6390,#6391);
#6389 = CARTESIAN_POINT('',(23.,-32.,20.5));
#6390 = DIRECTION('',(0.,0.,1.));
#6391 = DIRECTION('',(1.,0.,-0.));
#6392 = DEFINITIONAL_REPRESENTATION('',(#6393),#6397);
#6393 = CIRCLE('',#6394,2.1);
#6394 = AXIS2_PLACEMENT_2D('',#6395,#6396);
#6395 = CARTESIAN_POINT('',(0.,0.));
#6396 = DIRECTION('',(1.,0.));
#6397 = ( GEOMETRIC_REPRESENTATION_CONTEXT(2) 
PARAMETRIC_REPRESENTATION_CONTEXT() REPRESENTATION_CONTEXT('2D SPACE',''
  ) );
#6398 = ADVANCED_FACE('',(#6399),#5827,.F.);
#6399 = FACE_BOUND('',#6400,.T.);
#6400 = EDGE_LOOP('',(#6401,#6424,#6425,#6426));
#6401 = ORIENTED_EDGE('',*,*,#6402,.T.);
#6402 = EDGE_CURVE('',#6403,#5811,#6405,.T.);
#6403 = VERTEX_POINT('',#6404);
#6404 = CARTESIAN_POINT('',(25.1,32.,20.5));
#6405 = SEAM_CURVE('',#6406,(#6410,#6417),.PCURVE_S1.);
#6406 = LINE('',#6407,#6408);
#6407 = CARTESIAN_POINT('',(25.1,32.,20.5));
#6408 = VECTOR('',#6409,1.);
#6409 = DIRECTION('',(0.,0.,1.));
#6410 = PCURVE('',#5827,#6411);
#6411 = DEFINITIONAL_REPRESENTATION('',(#6412),#6416);
#6412 = LINE('',#6413,#6414);
#6413 = CARTESIAN_POINT('',(-0.,0.));
#6414 = VECTOR('',#6415,1.);
#6415 = DIRECTION('',(-0.,-1.));
#6416 = ( GEOMETRIC_REPRESENTATION_CONTEXT(2) 
PARAMETRIC_REPRESENTATION_CONTEXT() REPRESENTATION_CONTEXT('2D SPACE',''
  ) );
#6417 = PCURVE('',#5827,#6418);
#6418 = DEFINITIONAL_REPRESENTATION('',(#6419),#6423);
#6419 = LINE('',#6420,#6421);
#6420 = CARTESIAN_POINT('',(-6.28318530718,0.));
#6421 = VECTOR('',#6422,1.);
#6422 = DIRECTION('',(-0.,-1.));
#6423 = ( GEOMETRIC_REPRESENTATION_CONTEXT(2) 
PARAMETRIC_REPRESENTATION_CONTEXT() REPRESENTATION_CONTEXT('2D SPACE',''
  ) );
#6424 = ORIENTED_EDGE('',*,*,#5810,.T.);
#6425 = ORIENTED_EDGE('',*,*,#6402,.F.);
#6426 = ORIENTED_EDGE('',*,*,#6427,.F.);
#6427 = EDGE_CURVE('',#6403,#6403,#6428,.T.);
#6428 = SURFACE_CURVE('',#6429,(#6434,#6441),.PCURVE_S1.);
#6429 = CIRCLE('',#6430,2.1);
#6430 = AXIS2_PLACEMENT_3D('',#6431,#6432,#6433);
#6431 = CARTESIAN_POINT('',(23.,32.,20.5));
#6432 = DIRECTION('',(0.,0.,1.));
#6433 = DIRECTION('',(1.,0.,0.));
#6434 = PCURVE('',#5827,#6435);
#6435 = DEFINITIONAL_REPRESENTATION('',(#6436),#6440);
#6436 = LINE('',#6437,#6438);
#6437 = CARTESIAN_POINT('',(-0.,0.));
#6438 = VECTOR('',#6439,1.);
#6439 = DIRECTION('',(-1.,0.));
#6440 = ( GEOMETRIC_REPRESENTATION_CONTEXT(2) 
PARAMETRIC_REPRESENTATION_CONTEXT() REPRESENTATION_CONTEXT('2D SPACE',''
  ) );
#6441 = PCURVE('',#6442,#6447);
#6442 = PLANE('',#6443);
#6443 = AXIS2_PLACEMENT_3D('',#6444,#6445,#6446);
#6444 = CARTESIAN_POINT('',(23.,32.,20.5));
#6445 = DIRECTION('',(0.,0.,1.));
#6446 = DIRECTION('',(1.,0.,-0.));
#6447 = DEFINITIONAL_REPRESENTATION('',(#6448),#6452);
#6448 = CIRCLE('',#6449,2.1);
#6449 = AXIS2_PLACEMENT_2D('',#6450,#6451);
#6450 = CARTESIAN_POINT('',(0.,0.));
#6451 = DIRECTION('',(1.,0.));
#6452 = ( GEOMETRIC_REPRESENTATION_CONTEXT(2) 
PARAMETRIC_REPRESENTATION_CONTEXT() REPRESENTATION_CONTEXT('2D SPACE',''
  ) );
#6453 = ADVANCED_FACE('',(#6454),#5941,.F.);
#6454 = FACE_BOUND('',#6455,.F.);
#6455 = EDGE_LOOP('',(#6456));
#6456 = ORIENTED_EDGE('',*,*,#5926,.T.);
#6457 = ADVANCED_FACE('',(#6458),#5996,.F.);
#6458 = FACE_BOUND('',#6459,.F.);
#6459 = EDGE_LOOP('',(#6460));
#6460 = ORIENTED_EDGE('',*,*,#5981,.T.);
#6461 = ADVANCED_FACE('',(#6462),#6051,.F.);
#6462 = FACE_BOUND('',#6463,.F.);
#6463 = EDGE_LOOP('',(#6464));
#6464 = ORIENTED_EDGE('',*,*,#6036,.T.);
#6465 = ADVANCED_FACE('',(#6466),#6106,.F.);
#6466 = FACE_BOUND('',#6467,.F.);
#6467 = EDGE_LOOP('',(#6468));
#6468 = ORIENTED_EDGE('',*,*,#6091,.T.);
#6469 = ADVANCED_FACE('',(#6470),#6277,.T.);
#6470 = FACE_BOUND('',#6471,.T.);
#6471 = EDGE_LOOP('',(#6472));
#6472 = ORIENTED_EDGE('',*,*,#6262,.T.);
#6473 = ADVANCED_FACE('',(#6474),#6332,.T.);
#6474 = FACE_BOUND('',#6475,.T.);
#6475 = EDGE_LOOP('',(#6476));
#6476 = ORIENTED_EDGE('',*,*,#6317,.T.);
#6477 = ADVANCED_FACE('',(#6478),#6387,.T.);
#6478 = FACE_BOUND('',#6479,.T.);
#6479 = EDGE_LOOP('',(#6480));
#6480 = ORIENTED_EDGE('',*,*,#6372,.T.);
#6481 = ADVANCED_FACE('',(#6482),#6442,.T.);
#6482 = FACE_BOUND('',#6483,.T.);
#6483 = EDGE_LOOP('',(#6484));
#6484 = ORIENTED_EDGE('',*,*,#6427,.T.);
#6485 = ( GEOMETRIC_REPRESENTATION_CONTEXT(3) 
GLOBAL_UNCERTAINTY_ASSIGNED_CONTEXT((#6489)) 
GLOBAL_UNIT_ASSIGNED_CONTEXT((#6486,#6487,#6488)) REPRESENTATION_CONTEXT
('Context #1','3D Context with UNIT and UNCERTAINTY') );
#6486 = ( LENGTH_UNIT() NAMED_UNIT(*) SI_UNIT(.MILLI.,.METRE.) );
#6487 = ( NAMED_UNIT(*) PLANE_ANGLE_UNIT() SI_UNIT($,.RADIAN.) );
#6488 = ( NAMED_UNIT(*) SI_UNIT($,.STERADIAN.) SOLID_ANGLE_UNIT() );
#6489 = UNCERTAINTY_MEASURE_WITH_UNIT(LENGTH_MEASURE(5.E-07),#6486,
  'distance_accuracy_value','confusion accuracy');
#6490 = CONTEXT_DEPENDENT_SHAPE_REPRESENTATION(#6491,#6493);
#6491 = ( REPRESENTATION_RELATIONSHIP('','',#56,#10) 
REPRESENTATION_RELATIONSHIP_WITH_TRANSFORMATION(#6492) 
SHAPE_REPRESENTATION_RELATIONSHIP() );
#6492 = ITEM_DEFINED_TRANSFORMATION('','',#11,#15);
#6493 = PRODUCT_DEFINITION_SHAPE('Placement','Placement of an item',
  #6494);
#6494 = NEXT_ASSEMBLY_USAGE_OCCURRENCE('4','','',#5,#51,$);
#6495 = PRODUCT_RELATED_PRODUCT_CATEGORY('part',$,(#53));
#6496 = SHAPE_DEFINITION_REPRESENTATION(#6497,#6503);
#6497 = PRODUCT_DEFINITION_SHAPE('','',#6498);
#6498 = PRODUCT_DEFINITION('design','',#6499,#6502);
#6499 = PRODUCT_DEFINITION_FORMATION('','',#6500);
#6500 = PRODUCT('Open CASCADE STEP translator 7.9 6.2',
  'Open CASCADE STEP translator 7.9 6.2','',(#6501));
#6501 = PRODUCT_CONTEXT('',#2,'mechanical');
#6502 = PRODUCT_DEFINITION_CONTEXT('part definition',#2,'design');
#6503 = ADVANCED_BREP_SHAPE_REPRESENTATION('',(#11,#6504),#8040);
#6504 = MANIFOLD_SOLID_BREP('',#6505);
#6505 = CLOSED_SHELL('',(#6506,#7039,#7150,#7199,#7284,#7499,#7583,#7632
    ,#7711,#7760,#7815,#7894,#7943,#7970,#7986,#8013));
#6506 = ADVANCED_FACE('',(#6507),#6521,.T.);
#6507 = FACE_BOUND('',#6508,.T.);
#6508 = EDGE_LOOP('',(#6509,#6544,#6572,#6600,#6791,#6819,#6847,#6875,
    #6903,#6931,#6962,#6985,#7013));
#6509 = ORIENTED_EDGE('',*,*,#6510,.F.);
#6510 = EDGE_CURVE('',#6511,#6513,#6515,.T.);
#6511 = VERTEX_POINT('',#6512);
#6512 = CARTESIAN_POINT('',(-18.5,-38.5,31.8));
#6513 = VERTEX_POINT('',#6514);
#6514 = CARTESIAN_POINT('',(-18.5,-26.,31.8));
#6515 = SURFACE_CURVE('',#6516,(#6520,#6532),.PCURVE_S1.);
#6516 = LINE('',#6517,#6518);
#6517 = CARTESIAN_POINT('',(-18.5,-38.5,31.8));
#6518 = VECTOR('',#6519,1.);
#6519 = DIRECTION('',(0.,1.,0.));
#6520 = PCURVE('',#6521,#6526);
#6521 = PLANE('',#6522);
#6522 = AXIS2_PLACEMENT_3D('',#6523,#6524,#6525);
#6523 = CARTESIAN_POINT('',(-18.5,-1.746000824833E-16,26.122357823109));
#6524 = DIRECTION('',(1.,0.,0.));
#6525 = DIRECTION('',(-0.,0.,1.));
#6526 = DEFINITIONAL_REPRESENTATION('',(#6527),#6531);
#6527 = LINE('',#6528,#6529);
#6528 = CARTESIAN_POINT('',(5.677642176891,38.5));
#6529 = VECTOR('',#6530,1.);
#6530 = DIRECTION('',(0.,-1.));
#6531 = ( GEOMETRIC_REPRESENTATION_CONTEXT(2) 
PARAMETRIC_REPRESENTATION_CONTEXT() REPRESENTATION_CONTEXT('2D SPACE',''
  ) );
#6532 = PCURVE('',#6533,#6538);
#6533 = PLANE('',#6534);
#6534 = AXIS2_PLACEMENT_3D('',#6535,#6536,#6537);
#6535 = CARTESIAN_POINT('',(-27.5,-38.5,31.8));
#6536 = DIRECTION('',(0.,0.,1.));
#6537 = DIRECTION('',(1.,0.,0.));
#6538 = DEFINITIONAL_REPRESENTATION('',(#6539),#6543);
#6539 = LINE('',#6540,#6541);
#6540 = CARTESIAN_POINT('',(9.,0.));
#6541 = VECTOR('',#6542,1.);
#6542 = DIRECTION('',(0.,1.));
#6543 = ( GEOMETRIC_REPRESENTATION_CONTEXT(2) 
PARAMETRIC_REPRESENTATION_CONTEXT() REPRESENTATION_CONTEXT('2D SPACE',''
  ) );
#6544 = ORIENTED_EDGE('',*,*,#6545,.F.);
#6545 = EDGE_CURVE('',#6546,#6511,#6548,.T.);
#6546 = VERTEX_POINT('',#6547);
#6547 = CARTESIAN_POINT('',(-18.5,-38.5,26.8));
#6548 = SURFACE_CURVE('',#6549,(#6553,#6560),.PCURVE_S1.);
#6549 = LINE('',#6550,#6551);
#6550 = CARTESIAN_POINT('',(-18.5,-38.5,26.8));
#6551 = VECTOR('',#6552,1.);
#6552 = DIRECTION('',(0.,0.,1.));
#6553 = PCURVE('',#6521,#6554);
#6554 = DEFINITIONAL_REPRESENTATION('',(#6555),#6559);
#6555 = LINE('',#6556,#6557);
#6556 = CARTESIAN_POINT('',(0.677642176891,38.5));
#6557 = VECTOR('',#6558,1.);
#6558 = DIRECTION('',(1.,0.));
#6559 = ( GEOMETRIC_REPRESENTATION_CONTEXT(2) 
PARAMETRIC_REPRESENTATION_CONTEXT() REPRESENTATION_CONTEXT('2D SPACE',''
  ) );
#6560 = PCURVE('',#6561,#6566);
#6561 = PLANE('',#6562);
#6562 = AXIS2_PLACEMENT_3D('',#6563,#6564,#6565);
#6563 = CARTESIAN_POINT('',(-27.5,-38.5,26.8));
#6564 = DIRECTION('',(0.,1.,0.));
#6565 = DIRECTION('',(0.,0.,1.));
#6566 = DEFINITIONAL_REPRESENTATION('',(#6567),#6571);
#6567 = LINE('',#6568,#6569);
#6568 = CARTESIAN_POINT('',(0.,9.));
#6569 = VECTOR('',#6570,1.);
#6570 = DIRECTION('',(1.,0.));
#6571 = ( GEOMETRIC_REPRESENTATION_CONTEXT(2) 
PARAMETRIC_REPRESENTATION_CONTEXT() REPRESENTATION_CONTEXT('2D SPACE',''
  ) );
#6572 = ORIENTED_EDGE('',*,*,#6573,.T.);
#6573 = EDGE_CURVE('',#6546,#6574,#6576,.T.);
#6574 = VERTEX_POINT('',#6575);
#6575 = CARTESIAN_POINT('',(-18.5,-13.26584070051,26.8));
#6576 = SURFACE_CURVE('',#6577,(#6581,#6588),.PCURVE_S1.);
#6577 = LINE('',#6578,#6579);
#6578 = CARTESIAN_POINT('',(-18.5,-38.5,26.8));
#6579 = VECTOR('',#6580,1.);
#6580 = DIRECTION('',(0.,1.,0.));
#6581 = PCURVE('',#6521,#6582);
#6582 = DEFINITIONAL_REPRESENTATION('',(#6583),#6587);
#6583 = LINE('',#6584,#6585);
#6584 = CARTESIAN_POINT('',(0.677642176891,38.5));
#6585 = VECTOR('',#6586,1.);
#6586 = DIRECTION('',(0.,-1.));
#6587 = ( GEOMETRIC_REPRESENTATION_CONTEXT(2) 
PARAMETRIC_REPRESENTATION_CONTEXT() REPRESENTATION_CONTEXT('2D SPACE',''
  ) );
#6588 = PCURVE('',#6589,#6594);
#6589 = PLANE('',#6590);
#6590 = AXIS2_PLACEMENT_3D('',#6591,#6592,#6593);
#6591 = CARTESIAN_POINT('',(-50.,-50.,26.8));
#6592 = DIRECTION('',(0.,0.,1.));
#6593 = DIRECTION('',(1.,0.,0.));
#6594 = DEFINITIONAL_REPRESENTATION('',(#6595),#6599);
#6595 = LINE('',#6596,#6597);
#6596 = CARTESIAN_POINT('',(31.5,11.5));
#6597 = VECTOR('',#6598,1.);
#6598 = DIRECTION('',(0.,1.));
#6599 = ( GEOMETRIC_REPRESENTATION_CONTEXT(2) 
PARAMETRIC_REPRESENTATION_CONTEXT() REPRESENTATION_CONTEXT('2D SPACE',''
  ) );
#6600 = ORIENTED_EDGE('',*,*,#6601,.T.);
#6601 = EDGE_CURVE('',#6574,#6602,#6604,.T.);
#6602 = VERTEX_POINT('',#6603);
#6603 = CARTESIAN_POINT('',(-18.5,13.265840700511,26.8));
#6604 = SURFACE_CURVE('',#6605,(#6656,#6710),.PCURVE_S1.);
#6605 = B_SPLINE_CURVE_WITH_KNOTS('',7,(#6606,#6607,#6608,#6609,#6610,
    #6611,#6612,#6613,#6614,#6615,#6616,#6617,#6618,#6619,#6620,#6621,
    #6622,#6623,#6624,#6625,#6626,#6627,#6628,#6629,#6630,#6631,#6632,
    #6633,#6634,#6635,#6636,#6637,#6638,#6639,#6640,#6641,#6642,#6643,
    #6644,#6645,#6646,#6647,#6648,#6649,#6650,#6651,#6652,#6653,#6654,
    #6655),.UNSPECIFIED.,.F.,.F.,(8,6,6,6,6,6,6,6,8),(0.,0.345628100968,
    0.521168548236,0.689560054595,1.,1.310439945405,1.478831451765,
    1.654371899033,2.000000000001),.UNSPECIFIED.);
#6606 = CARTESIAN_POINT('',(-18.5,-13.26584070051,26.8));
#6607 = CARTESIAN_POINT('',(-18.5,-13.21189088932,27.826733994388));
#6608 = CARTESIAN_POINT('',(-18.5,-13.07713027783,28.849193887064));
#6609 = CARTESIAN_POINT('',(-18.5,-12.86178255434,29.859815565392));
#6610 = CARTESIAN_POINT('',(-18.5,-12.5665622861,30.850858878361));
#6611 = CARTESIAN_POINT('',(-18.5,-12.19277480292,31.814430705203));
#6612 = CARTESIAN_POINT('',(-18.5,-11.74244168164,32.742523799011));
#6613 = CARTESIAN_POINT('',(-18.5,-10.95232354924,34.076322730756));
#6614 = CARTESIAN_POINT('',(-18.5,-10.66720740093,34.514321278723));
#6615 = CARTESIAN_POINT('',(-18.5,-10.36349673385,34.939994978615));
#6616 = CARTESIAN_POINT('',(-18.5,-10.04164967689,35.352264778579));
#6617 = CARTESIAN_POINT('',(-18.5,-9.702198531412,35.750052332992));
#6618 = CARTESIAN_POINT('',(-18.5,-9.345759162464,36.132287689888));
#6619 = CARTESIAN_POINT('',(-18.5,-8.615500708875,36.848655897083));
#6620 = CARTESIAN_POINT('',(-18.5,-8.242975902108,37.184118793114));
#6621 = CARTESIAN_POINT('',(-18.5,-7.856098451812,37.503368501301));
#6622 = CARTESIAN_POINT('',(-18.5,-7.455574052424,37.80549418132));
#6623 = CARTESIAN_POINT('',(-18.5,-7.042185992109,38.08961719114));
#6624 = CARTESIAN_POINT('',(-18.5,-6.616802767174,38.354901529867));
#6625 = CARTESIAN_POINT('',(-18.5,-5.375833575934,39.053471440485));
#6626 = CARTESIAN_POINT('',(-18.5,-4.533483514763,39.439872698358));
#6627 = CARTESIAN_POINT('',(-18.5,-3.659744009914,39.754576214207));
#6628 = CARTESIAN_POINT('',(-18.5,-2.761636792546,39.993589165815));
#6629 = CARTESIAN_POINT('',(-18.5,-1.846748498123,40.154028699762));
#6630 = CARTESIAN_POINT('',(-18.5,-0.92324874504,40.234210526316));
#6631 = CARTESIAN_POINT('',(-18.5,0.923248745041,40.234210526316));
#6632 = CARTESIAN_POINT('',(-18.5,1.846748498118,40.154028699763));
#6633 = CARTESIAN_POINT('',(-18.5,2.761636792552,39.993589165813));
#6634 = CARTESIAN_POINT('',(-18.5,3.659744009907,39.75457621421));
#6635 = CARTESIAN_POINT('',(-18.5,4.533483514764,39.439872698358));
#6636 = CARTESIAN_POINT('',(-18.5,5.375833575932,39.053471440486));
#6637 = CARTESIAN_POINT('',(-18.5,6.616802767172,38.354901529868));
#6638 = CARTESIAN_POINT('',(-18.5,7.042185992108,38.089617191142));
#6639 = CARTESIAN_POINT('',(-18.5,7.455574052423,37.805494181322));
#6640 = CARTESIAN_POINT('',(-18.5,7.85609845181,37.503368501302));
#6641 = CARTESIAN_POINT('',(-18.5,8.242975902107,37.184118793115));
#6642 = CARTESIAN_POINT('',(-18.5,8.615500708874,36.848655897085));
#6643 = CARTESIAN_POINT('',(-18.5,9.345759162463,36.13228768989));
#6644 = CARTESIAN_POINT('',(-18.5,9.702198531411,35.750052332993));
#6645 = CARTESIAN_POINT('',(-18.5,10.041649676896,35.352264778581));
#6646 = CARTESIAN_POINT('',(-18.5,10.363496733858,34.939994978617));
#6647 = CARTESIAN_POINT('',(-18.5,10.667207400932,34.514321278725));
#6648 = CARTESIAN_POINT('',(-18.5,10.952323549244,34.076322730758));
#6649 = CARTESIAN_POINT('',(-18.5,11.742441681646,32.742523799013));
#6650 = CARTESIAN_POINT('',(-18.5,12.192774802926,31.814430705205));
#6651 = CARTESIAN_POINT('',(-18.5,12.566562286101,30.850858878363));
#6652 = CARTESIAN_POINT('',(-18.5,12.861782554348,29.859815565393));
#6653 = CARTESIAN_POINT('',(-18.5,13.077130277838,28.849193887065));
#6654 = CARTESIAN_POINT('',(-18.5,13.211890889329,27.826733994389));
#6655 = CARTESIAN_POINT('',(-18.5,13.265840700511,26.8));
#6656 = PCURVE('',#6521,#6657);
#6657 = DEFINITIONAL_REPRESENTATION('',(#6658),#6709);
#6658 = B_SPLINE_CURVE_WITH_KNOTS('',7,(#6659,#6660,#6661,#6662,#6663,
    #6664,#6665,#6666,#6667,#6668,#6669,#6670,#6671,#6672,#6673,#6674,
    #6675,#6676,#6677,#6678,#6679,#6680,#6681,#6682,#6683,#6684,#6685,
    #6686,#6687,#6688,#6689,#6690,#6691,#6692,#6693,#6694,#6695,#6696,
    #6697,#6698,#6699,#6700,#6701,#6702,#6703,#6704,#6705,#6706,#6707,
    #6708),.UNSPECIFIED.,.F.,.F.,(8,6,6,6,6,6,6,6,8),(0.,0.345628100968,
    0.521168548236,0.689560054595,1.,1.310439945405,1.478831451765,
    1.654371899033,2.000000000001),.UNSPECIFIED.);
#6659 = CARTESIAN_POINT('',(0.677642176891,13.265840700511));
#6660 = CARTESIAN_POINT('',(1.704376171279,13.211890889329));
#6661 = CARTESIAN_POINT('',(2.726836063955,13.077130277838));
#6662 = CARTESIAN_POINT('',(3.737457742283,12.861782554349));
#6663 = CARTESIAN_POINT('',(4.728501055252,12.566562286101));
#6664 = CARTESIAN_POINT('',(5.692072882094,12.192774802927));
#6665 = CARTESIAN_POINT('',(6.620165975902,11.742441681647));
#6666 = CARTESIAN_POINT('',(7.953964907647,10.952323549245));
#6667 = CARTESIAN_POINT('',(8.391963455614,10.667207400933));
#6668 = CARTESIAN_POINT('',(8.817637155506,10.363496733859));
#6669 = CARTESIAN_POINT('',(9.22990695547,10.041649676897));
#6670 = CARTESIAN_POINT('',(9.627694509883,9.702198531412));
#6671 = CARTESIAN_POINT('',(10.009929866779,9.345759162464));
#6672 = CARTESIAN_POINT('',(10.726298073974,8.615500708875));
#6673 = CARTESIAN_POINT('',(11.061760970005,8.242975902108));
#6674 = CARTESIAN_POINT('',(11.381010678192,7.856098451812));
#6675 = CARTESIAN_POINT('',(11.683136358211,7.455574052424));
#6676 = CARTESIAN_POINT('',(11.967259368031,7.042185992109));
#6677 = CARTESIAN_POINT('',(12.232543706758,6.616802767174));
#6678 = CARTESIAN_POINT('',(12.931113617376,5.375833575934));
#6679 = CARTESIAN_POINT('',(13.317514875249,4.533483514763));
#6680 = CARTESIAN_POINT('',(13.632218391098,3.659744009914));
#6681 = CARTESIAN_POINT('',(13.871231342706,2.761636792546));
#6682 = CARTESIAN_POINT('',(14.031670876653,1.846748498123));
#6683 = CARTESIAN_POINT('',(14.111852703207,0.92324874504));
#6684 = CARTESIAN_POINT('',(14.111852703207,-0.923248745041));
#6685 = CARTESIAN_POINT('',(14.031670876654,-1.846748498118));
#6686 = CARTESIAN_POINT('',(13.871231342705,-2.761636792552));
#6687 = CARTESIAN_POINT('',(13.632218391101,-3.659744009907));
#6688 = CARTESIAN_POINT('',(13.317514875249,-4.533483514764));
#6689 = CARTESIAN_POINT('',(12.931113617377,-5.375833575932));
#6690 = CARTESIAN_POINT('',(12.232543706759,-6.616802767172));
#6691 = CARTESIAN_POINT('',(11.967259368033,-7.042185992108));
#6692 = CARTESIAN_POINT('',(11.683136358213,-7.455574052423));
#6693 = CARTESIAN_POINT('',(11.381010678193,-7.85609845181));
#6694 = CARTESIAN_POINT('',(11.061760970006,-8.242975902107));
#6695 = CARTESIAN_POINT('',(10.726298073976,-8.615500708874));
#6696 = CARTESIAN_POINT('',(10.009929866781,-9.345759162463));
#6697 = CARTESIAN_POINT('',(9.627694509884,-9.702198531411));
#6698 = CARTESIAN_POINT('',(9.229906955472,-10.04164967689));
#6699 = CARTESIAN_POINT('',(8.817637155508,-10.36349673385));
#6700 = CARTESIAN_POINT('',(8.391963455616,-10.66720740093));
#6701 = CARTESIAN_POINT('',(7.953964907649,-10.95232354924));
#6702 = CARTESIAN_POINT('',(6.620165975904,-11.74244168164));
#6703 = CARTESIAN_POINT('',(5.692072882096,-12.19277480292));
#6704 = CARTESIAN_POINT('',(4.728501055254,-12.5665622861));
#6705 = CARTESIAN_POINT('',(3.737457742284,-12.86178255434));
#6706 = CARTESIAN_POINT('',(2.726836063956,-13.07713027783));
#6707 = CARTESIAN_POINT('',(1.70437617128,-13.21189088932));
#6708 = CARTESIAN_POINT('',(0.677642176891,-13.26584070051));
#6709 = ( GEOMETRIC_REPRESENTATION_CONTEXT(2) 
PARAMETRIC_REPRESENTATION_CONTEXT() REPRESENTATION_CONTEXT('2D SPACE',''
  ) );
#6710 = PCURVE('',#6711,#6719);
#6711 = SURFACE_OF_LINEAR_EXTRUSION('',#6712,#6717);
#6712 = ELLIPSE('',#6713,14.234210526316,13.286842105263);
#6713 = AXIS2_PLACEMENT_3D('',#6714,#6715,#6716);
#6714 = CARTESIAN_POINT('',(-28.5,0.,26.));
#6715 = DIRECTION('',(1.,0.,-0.));
#6716 = DIRECTION('',(0.,1.110223024625E-16,1.));
#6717 = VECTOR('',#6718,1.);
#6718 = DIRECTION('',(-1.,-0.,-0.));
#6719 = DEFINITIONAL_REPRESENTATION('',(#6720),#6790);
#6720 = B_SPLINE_CURVE_WITH_KNOTS('',3,(#6721,#6722,#6723,#6724,#6725,
    #6726,#6727,#6728,#6729,#6730,#6731,#6732,#6733,#6734,#6735,#6736,
    #6737,#6738,#6739,#6740,#6741,#6742,#6743,#6744,#6745,#6746,#6747,
    #6748,#6749,#6750,#6751,#6752,#6753,#6754,#6755,#6756,#6757,#6758,
    #6759,#6760,#6761,#6762,#6763,#6764,#6765,#6766,#6767,#6768,#6769,
    #6770,#6771,#6772,#6773,#6774,#6775,#6776,#6777,#6778,#6779,#6780,
    #6781,#6782,#6783,#6784,#6785,#6786,#6787,#6788,#6789),
  .UNSPECIFIED.,.F.,.F.,(4,1,1,1,1,1,1,1,1,1,1,1,1,1,1,1,1,1,1,1,1,1,1,1
    ,1,1,1,1,1,1,1,1,1,1,1,1,1,1,1,1,1,1,1,1,1,1,1,1,1,1,1,1,1,1,1,1,1,1
    ,1,1,1,1,1,1,1,1,4),(0.,3.030303030305E-02,6.060606060609E-02,
    9.090909090914E-02,0.121212121212,0.151515151515,0.181818181818,
    0.212121212121,0.242424242424,0.272727272727,0.30303030303,
    0.333333333334,0.363636363637,0.39393939394,0.424242424243,
    0.454545454546,0.484848484849,0.515151515152,0.545454545455,
    0.575757575758,0.606060606061,0.636363636364,0.666666666667,
    0.69696969697,0.727272727273,0.757575757576,0.787878787879,
    0.818181818182,0.848484848485,0.878787878788,0.909090909091,
    0.939393939394,0.969696969697,1.000000000001,1.030303030304,
    1.060606060607,1.09090909091,1.121212121213,1.151515151516,
    1.181818181819,1.212121212122,1.242424242425,1.272727272728,
    1.303030303031,1.333333333334,1.363636363637,1.39393939394,
    1.424242424243,1.454545454546,1.484848484849,1.515151515152,
    1.545454545455,1.575757575758,1.606060606061,1.636363636364,
    1.666666666668,1.696969696971,1.727272727274,1.757575757577,
    1.78787878788,1.818181818183,1.848484848486,1.878787878789,
    1.909090909092,1.939393939395,1.969696969698,2.000000000001),
  .QUASI_UNIFORM_KNOTS.);
#6721 = CARTESIAN_POINT('',(7.797749378383,-10.));
#6722 = CARTESIAN_POINT('',(7.782969726732,-10.));
#6723 = CARTESIAN_POINT('',(7.753405749248,-10.));
#6724 = CARTESIAN_POINT('',(7.709034604145,-10.));
#6725 = CARTESIAN_POINT('',(7.664626952328,-10.));
#6726 = CARTESIAN_POINT('',(7.62017206624,-10.));
#6727 = CARTESIAN_POINT('',(7.575659546762,-10.));
#6728 = CARTESIAN_POINT('',(7.531079342723,-10.));
#6729 = CARTESIAN_POINT('',(7.486421705799,-10.));
#6730 = CARTESIAN_POINT('',(7.441677173971,-10.));
#6731 = CARTESIAN_POINT('',(7.396836570213,-10.));
#6732 = CARTESIAN_POINT('',(7.351890978674,-10.));
#6733 = CARTESIAN_POINT('',(7.3068318634,-10.));
#6734 = CARTESIAN_POINT('',(7.261650706123,-10.));
#6735 = CARTESIAN_POINT('',(7.216343066854,-10.));
#6736 = CARTESIAN_POINT('',(7.170903218721,-10.));
#6737 = CARTESIAN_POINT('',(7.125326560164,-10.));
#6738 = CARTESIAN_POINT('',(7.079609294281,-10.));
#6739 = CARTESIAN_POINT('',(7.0337487519,-10.));
#6740 = CARTESIAN_POINT('',(6.98774318549,-10.));
#6741 = CARTESIAN_POINT('',(6.941592304996,-10.));
#6742 = CARTESIAN_POINT('',(6.895297522044,-10.));
#6743 = CARTESIAN_POINT('',(6.848861201319,-10.));
#6744 = CARTESIAN_POINT('',(6.802286353678,-10.));
#6745 = CARTESIAN_POINT('',(6.755580094234,-10.));
#6746 = CARTESIAN_POINT('',(6.70874025339,-10.));
#6747 = CARTESIAN_POINT('',(6.661779050162,-10.));
#6748 = CARTESIAN_POINT('',(6.614708990882,-10.));
#6749 = CARTESIAN_POINT('',(6.567541616931,-10.));
#6750 = CARTESIAN_POINT('',(6.520288408294,-10.));
#6751 = CARTESIAN_POINT('',(6.472961131206,-10.));
#6752 = CARTESIAN_POINT('',(6.425572262526,-10.));
#6753 = CARTESIAN_POINT('',(6.378135767158,-10.));
#6754 = CARTESIAN_POINT('',(6.33066660362,-10.));
#6755 = CARTESIAN_POINT('',(6.283185307179,-10.));
#6756 = CARTESIAN_POINT('',(6.235704010738,-10.));
#6757 = CARTESIAN_POINT('',(6.188234847199,-10.));
#6758 = CARTESIAN_POINT('',(6.140798351832,-10.));
#6759 = CARTESIAN_POINT('',(6.093409483151,-10.));
#6760 = CARTESIAN_POINT('',(6.046082206064,-10.));
#6761 = CARTESIAN_POINT('',(5.998828997427,-10.));
#6762 = CARTESIAN_POINT('',(5.951661623476,-10.));
#6763 = CARTESIAN_POINT('',(5.904591564196,-10.));
#6764 = CARTESIAN_POINT('',(5.857630360969,-10.));
#6765 = CARTESIAN_POINT('',(5.810790520124,-10.));
#6766 = CARTESIAN_POINT('',(5.76408426068,-10.));
#6767 = CARTESIAN_POINT('',(5.717509413039,-10.));
#6768 = CARTESIAN_POINT('',(5.671073092314,-10.));
#6769 = CARTESIAN_POINT('',(5.624778309362,-10.));
#6770 = CARTESIAN_POINT('',(5.578627428869,-10.));
#6771 = CARTESIAN_POINT('',(5.532621862458,-10.));
#6772 = CARTESIAN_POINT('',(5.486761320078,-10.));
#6773 = CARTESIAN_POINT('',(5.441044054195,-10.));
#6774 = CARTESIAN_POINT('',(5.395467395638,-10.));
#6775 = CARTESIAN_POINT('',(5.350027547504,-10.));
#6776 = CARTESIAN_POINT('',(5.304719908236,-10.));
#6777 = CARTESIAN_POINT('',(5.259538750958,-10.));
#6778 = CARTESIAN_POINT('',(5.214479635685,-10.));
#6779 = CARTESIAN_POINT('',(5.169534044146,-10.));
#6780 = CARTESIAN_POINT('',(5.124693440388,-10.));
#6781 = CARTESIAN_POINT('',(5.07994890856,-10.));
#6782 = CARTESIAN_POINT('',(5.035291271636,-10.));
#6783 = CARTESIAN_POINT('',(4.990711067597,-10.));
#6784 = CARTESIAN_POINT('',(4.946198548119,-10.));
#6785 = CARTESIAN_POINT('',(4.901743662031,-10.));
#6786 = CARTESIAN_POINT('',(4.857336010214,-10.));
#6787 = CARTESIAN_POINT('',(4.812964865111,-10.));
#6788 = CARTESIAN_POINT('',(4.783400887627,-10.));
#6789 = CARTESIAN_POINT('',(4.768621235976,-10.));
#6790 = ( GEOMETRIC_REPRESENTATION_CONTEXT(2) 
PARAMETRIC_REPRESENTATION_CONTEXT() REPRESENTATION_CONTEXT('2D SPACE',''
  ) );
#6791 = ORIENTED_EDGE('',*,*,#6792,.T.);
#6792 = EDGE_CURVE('',#6602,#6793,#6795,.T.);
#6793 = VERTEX_POINT('',#6794);
#6794 = CARTESIAN_POINT('',(-18.5,38.5,26.8));
#6795 = SURFACE_CURVE('',#6796,(#6800,#6807),.PCURVE_S1.);
#6796 = LINE('',#6797,#6798);
#6797 = CARTESIAN_POINT('',(-18.5,-38.5,26.8));
#6798 = VECTOR('',#6799,1.);
#6799 = DIRECTION('',(0.,1.,0.));
#6800 = PCURVE('',#6521,#6801);
#6801 = DEFINITIONAL_REPRESENTATION('',(#6802),#6806);
#6802 = LINE('',#6803,#6804);
#6803 = CARTESIAN_POINT('',(0.677642176891,38.5));
#6804 = VECTOR('',#6805,1.);
#6805 = DIRECTION('',(0.,-1.));
#6806 = ( GEOMETRIC_REPRESENTATION_CONTEXT(2) 
PARAMETRIC_REPRESENTATION_CONTEXT() REPRESENTATION_CONTEXT('2D SPACE',''
  ) );
#6807 = PCURVE('',#6808,#6813);
#6808 = PLANE('',#6809);
#6809 = AXIS2_PLACEMENT_3D('',#6810,#6811,#6812);
#6810 = CARTESIAN_POINT('',(-50.,-50.,26.8));
#6811 = DIRECTION('',(0.,0.,1.));
#6812 = DIRECTION('',(1.,0.,0.));
#6813 = DEFINITIONAL_REPRESENTATION('',(#6814),#6818);
#6814 = LINE('',#6815,#6816);
#6815 = CARTESIAN_POINT('',(31.5,11.5));
#6816 = VECTOR('',#6817,1.);
#6817 = DIRECTION('',(0.,1.));
#6818 = ( GEOMETRIC_REPRESENTATION_CONTEXT(2) 
PARAMETRIC_REPRESENTATION_CONTEXT() REPRESENTATION_CONTEXT('2D SPACE',''
  ) );
#6819 = ORIENTED_EDGE('',*,*,#6820,.T.);
#6820 = EDGE_CURVE('',#6793,#6821,#6823,.T.);
#6821 = VERTEX_POINT('',#6822);
#6822 = CARTESIAN_POINT('',(-18.5,38.5,31.8));
#6823 = SURFACE_CURVE('',#6824,(#6828,#6835),.PCURVE_S1.);
#6824 = LINE('',#6825,#6826);
#6825 = CARTESIAN_POINT('',(-18.5,38.5,26.8));
#6826 = VECTOR('',#6827,1.);
#6827 = DIRECTION('',(0.,0.,1.));
#6828 = PCURVE('',#6521,#6829);
#6829 = DEFINITIONAL_REPRESENTATION('',(#6830),#6834);
#6830 = LINE('',#6831,#6832);
#6831 = CARTESIAN_POINT('',(0.677642176891,-38.5));
#6832 = VECTOR('',#6833,1.);
#6833 = DIRECTION('',(1.,0.));
#6834 = ( GEOMETRIC_REPRESENTATION_CONTEXT(2) 
PARAMETRIC_REPRESENTATION_CONTEXT() REPRESENTATION_CONTEXT('2D SPACE',''
  ) );
#6835 = PCURVE('',#6836,#6841);
#6836 = PLANE('',#6837);
#6837 = AXIS2_PLACEMENT_3D('',#6838,#6839,#6840);
#6838 = CARTESIAN_POINT('',(-27.5,38.5,26.8));
#6839 = DIRECTION('',(0.,1.,0.));
#6840 = DIRECTION('',(0.,0.,1.));
#6841 = DEFINITIONAL_REPRESENTATION('',(#6842),#6846);
#6842 = LINE('',#6843,#6844);
#6843 = CARTESIAN_POINT('',(0.,9.));
#6844 = VECTOR('',#6845,1.);
#6845 = DIRECTION('',(1.,0.));
#6846 = ( GEOMETRIC_REPRESENTATION_CONTEXT(2) 
PARAMETRIC_REPRESENTATION_CONTEXT() REPRESENTATION_CONTEXT('2D SPACE',''
  ) );
#6847 = ORIENTED_EDGE('',*,*,#6848,.F.);
#6848 = EDGE_CURVE('',#6849,#6821,#6851,.T.);
#6849 = VERTEX_POINT('',#6850);
#6850 = CARTESIAN_POINT('',(-18.5,26.,31.8));
#6851 = SURFACE_CURVE('',#6852,(#6856,#6863),.PCURVE_S1.);
#6852 = LINE('',#6853,#6854);
#6853 = CARTESIAN_POINT('',(-18.5,15.,31.8));
#6854 = VECTOR('',#6855,1.);
#6855 = DIRECTION('',(0.,1.,0.));
#6856 = PCURVE('',#6521,#6857);
#6857 = DEFINITIONAL_REPRESENTATION('',(#6858),#6862);
#6858 = LINE('',#6859,#6860);
#6859 = CARTESIAN_POINT('',(5.677642176891,-15.));
#6860 = VECTOR('',#6861,1.);
#6861 = DIRECTION('',(0.,-1.));
#6862 = ( GEOMETRIC_REPRESENTATION_CONTEXT(2) 
PARAMETRIC_REPRESENTATION_CONTEXT() REPRESENTATION_CONTEXT('2D SPACE',''
  ) );
#6863 = PCURVE('',#6864,#6869);
#6864 = PLANE('',#6865);
#6865 = AXIS2_PLACEMENT_3D('',#6866,#6867,#6868);
#6866 = CARTESIAN_POINT('',(-27.5,15.,31.8));
#6867 = DIRECTION('',(0.,0.,1.));
#6868 = DIRECTION('',(1.,0.,0.));
#6869 = DEFINITIONAL_REPRESENTATION('',(#6870),#6874);
#6870 = LINE('',#6871,#6872);
#6871 = CARTESIAN_POINT('',(9.,0.));
#6872 = VECTOR('',#6873,1.);
#6873 = DIRECTION('',(0.,1.));
#6874 = ( GEOMETRIC_REPRESENTATION_CONTEXT(2) 
PARAMETRIC_REPRESENTATION_CONTEXT() REPRESENTATION_CONTEXT('2D SPACE',''
  ) );
#6875 = ORIENTED_EDGE('',*,*,#6876,.T.);
#6876 = EDGE_CURVE('',#6849,#6877,#6879,.T.);
#6877 = VERTEX_POINT('',#6878);
#6878 = CARTESIAN_POINT('',(-18.5,26.,33.8));
#6879 = SURFACE_CURVE('',#6880,(#6884,#6891),.PCURVE_S1.);
#6880 = LINE('',#6881,#6882);
#6881 = CARTESIAN_POINT('',(-18.5,26.,31.8));
#6882 = VECTOR('',#6883,1.);
#6883 = DIRECTION('',(0.,0.,1.));
#6884 = PCURVE('',#6521,#6885);
#6885 = DEFINITIONAL_REPRESENTATION('',(#6886),#6890);
#6886 = LINE('',#6887,#6888);
#6887 = CARTESIAN_POINT('',(5.677642176891,-26.));
#6888 = VECTOR('',#6889,1.);
#6889 = DIRECTION('',(1.,0.));
#6890 = ( GEOMETRIC_REPRESENTATION_CONTEXT(2) 
PARAMETRIC_REPRESENTATION_CONTEXT() REPRESENTATION_CONTEXT('2D SPACE',''
  ) );
#6891 = PCURVE('',#6892,#6897);
#6892 = PLANE('',#6893);
#6893 = AXIS2_PLACEMENT_3D('',#6894,#6895,#6896);
#6894 = CARTESIAN_POINT('',(-27.5,26.,31.8));
#6895 = DIRECTION('',(0.,1.,0.));
#6896 = DIRECTION('',(0.,0.,1.));
#6897 = DEFINITIONAL_REPRESENTATION('',(#6898),#6902);
#6898 = LINE('',#6899,#6900);
#6899 = CARTESIAN_POINT('',(0.,9.));
#6900 = VECTOR('',#6901,1.);
#6901 = DIRECTION('',(1.,0.));
#6902 = ( GEOMETRIC_REPRESENTATION_CONTEXT(2) 
PARAMETRIC_REPRESENTATION_CONTEXT() REPRESENTATION_CONTEXT('2D SPACE',''
  ) );
#6903 = ORIENTED_EDGE('',*,*,#6904,.F.);
#6904 = EDGE_CURVE('',#6905,#6877,#6907,.T.);
#6905 = VERTEX_POINT('',#6906);
#6906 = CARTESIAN_POINT('',(-18.5,15.625384186259,33.8));
#6907 = SURFACE_CURVE('',#6908,(#6912,#6919),.PCURVE_S1.);
#6908 = LINE('',#6909,#6910);
#6909 = CARTESIAN_POINT('',(-18.5,15.,33.8));
#6910 = VECTOR('',#6911,1.);
#6911 = DIRECTION('',(0.,1.,0.));
#6912 = PCURVE('',#6521,#6913);
#6913 = DEFINITIONAL_REPRESENTATION('',(#6914),#6918);
#6914 = LINE('',#6915,#6916);
#6915 = CARTESIAN_POINT('',(7.677642176891,-15.));
#6916 = VECTOR('',#6917,1.);
#6917 = DIRECTION('',(0.,-1.));
#6918 = ( GEOMETRIC_REPRESENTATION_CONTEXT(2) 
PARAMETRIC_REPRESENTATION_CONTEXT() REPRESENTATION_CONTEXT('2D SPACE',''
  ) );
#6919 = PCURVE('',#6920,#6925);
#6920 = PLANE('',#6921);
#6921 = AXIS2_PLACEMENT_3D('',#6922,#6923,#6924);
#6922 = CARTESIAN_POINT('',(-27.5,15.,33.8));
#6923 = DIRECTION('',(0.,0.,1.));
#6924 = DIRECTION('',(1.,0.,0.));
#6925 = DEFINITIONAL_REPRESENTATION('',(#6926),#6930);
#6926 = LINE('',#6927,#6928);
#6927 = CARTESIAN_POINT('',(9.,0.));
#6928 = VECTOR('',#6929,1.);
#6929 = DIRECTION('',(0.,1.));
#6930 = ( GEOMETRIC_REPRESENTATION_CONTEXT(2) 
PARAMETRIC_REPRESENTATION_CONTEXT() REPRESENTATION_CONTEXT('2D SPACE',''
  ) );
#6931 = ORIENTED_EDGE('',*,*,#6932,.T.);
#6932 = EDGE_CURVE('',#6905,#6933,#6935,.T.);
#6933 = VERTEX_POINT('',#6934);
#6934 = CARTESIAN_POINT('',(-18.5,2.024404036218E-15,44.234210526316));
#6935 = SURFACE_CURVE('',#6936,(#6941,#6948),.PCURVE_S1.);
#6936 = ELLIPSE('',#6937,18.234210526316,17.286842105263);
#6937 = AXIS2_PLACEMENT_3D('',#6938,#6939,#6940);
#6938 = CARTESIAN_POINT('',(-18.5,0.,26.));
#6939 = DIRECTION('',(1.,0.,-0.));
#6940 = DIRECTION('',(0.,1.110223024625E-16,1.));
#6941 = PCURVE('',#6521,#6942);
#6942 = DEFINITIONAL_REPRESENTATION('',(#6943),#6947);
#6943 = ELLIPSE('',#6944,18.234210526316,17.286842105263);
#6944 = AXIS2_PLACEMENT_2D('',#6945,#6946);
#6945 = CARTESIAN_POINT('',(-0.122357823109,-1.746000824833E-16));
#6946 = DIRECTION('',(1.,-1.110223024625E-16));
#6947 = ( GEOMETRIC_REPRESENTATION_CONTEXT(2) 
PARAMETRIC_REPRESENTATION_CONTEXT() REPRESENTATION_CONTEXT('2D SPACE',''
  ) );
#6948 = PCURVE('',#6949,#6957);
#6949 = SURFACE_OF_LINEAR_EXTRUSION('',#6950,#6955);
#6950 = ELLIPSE('',#6951,18.234210526316,17.286842105263);
#6951 = AXIS2_PLACEMENT_3D('',#6952,#6953,#6954);
#6952 = CARTESIAN_POINT('',(-27.5,0.,26.));
#6953 = DIRECTION('',(1.,0.,-0.));
#6954 = DIRECTION('',(0.,1.110223024625E-16,1.));
#6955 = VECTOR('',#6956,1.);
#6956 = DIRECTION('',(-1.,-0.,-0.));
#6957 = DEFINITIONAL_REPRESENTATION('',(#6958),#6961);
#6958 = B_SPLINE_CURVE_WITH_KNOTS('',1,(#6959,#6960),.UNSPECIFIED.,.F.,
  .F.,(2,2),(4.756276642726,6.28318530718),.PIECEWISE_BEZIER_KNOTS.);
#6959 = CARTESIAN_POINT('',(4.756276642726,-9.));
#6960 = CARTESIAN_POINT('',(6.28318530718,-9.));
#6961 = ( GEOMETRIC_REPRESENTATION_CONTEXT(2) 
PARAMETRIC_REPRESENTATION_CONTEXT() REPRESENTATION_CONTEXT('2D SPACE',''
  ) );
#6962 = ORIENTED_EDGE('',*,*,#6963,.T.);
#6963 = EDGE_CURVE('',#6933,#6964,#6966,.T.);
#6964 = VERTEX_POINT('',#6965);
#6965 = CARTESIAN_POINT('',(-18.5,-15.62538418625,33.8));
#6966 = SURFACE_CURVE('',#6967,(#6972,#6979),.PCURVE_S1.);
#6967 = ELLIPSE('',#6968,18.234210526316,17.286842105263);
#6968 = AXIS2_PLACEMENT_3D('',#6969,#6970,#6971);
#6969 = CARTESIAN_POINT('',(-18.5,0.,26.));
#6970 = DIRECTION('',(1.,0.,-0.));
#6971 = DIRECTION('',(0.,1.110223024625E-16,1.));
#6972 = PCURVE('',#6521,#6973);
#6973 = DEFINITIONAL_REPRESENTATION('',(#6974),#6978);
#6974 = ELLIPSE('',#6975,18.234210526316,17.286842105263);
#6975 = AXIS2_PLACEMENT_2D('',#6976,#6977);
#6976 = CARTESIAN_POINT('',(-0.122357823109,-1.746000824833E-16));
#6977 = DIRECTION('',(1.,-1.110223024625E-16));
#6978 = ( GEOMETRIC_REPRESENTATION_CONTEXT(2) 
PARAMETRIC_REPRESENTATION_CONTEXT() REPRESENTATION_CONTEXT('2D SPACE',''
  ) );
#6979 = PCURVE('',#6949,#6980);
#6980 = DEFINITIONAL_REPRESENTATION('',(#6981),#6984);
#6981 = B_SPLINE_CURVE_WITH_KNOTS('',1,(#6982,#6983),.UNSPECIFIED.,.F.,
  .F.,(2,2),(0.,1.526908664453),.PIECEWISE_BEZIER_KNOTS.);
#6982 = CARTESIAN_POINT('',(6.28318530718,-9.));
#6983 = CARTESIAN_POINT('',(7.810093971633,-9.));
#6984 = ( GEOMETRIC_REPRESENTATION_CONTEXT(2) 
PARAMETRIC_REPRESENTATION_CONTEXT() REPRESENTATION_CONTEXT('2D SPACE',''
  ) );
#6985 = ORIENTED_EDGE('',*,*,#6986,.F.);
#6986 = EDGE_CURVE('',#6987,#6964,#6989,.T.);
#6987 = VERTEX_POINT('',#6988);
#6988 = CARTESIAN_POINT('',(-18.5,-26.,33.8));
#6989 = SURFACE_CURVE('',#6990,(#6994,#7001),.PCURVE_S1.);
#6990 = LINE('',#6991,#6992);
#6991 = CARTESIAN_POINT('',(-18.5,-26.,33.8));
#6992 = VECTOR('',#6993,1.);
#6993 = DIRECTION('',(0.,1.,0.));
#6994 = PCURVE('',#6521,#6995);
#6995 = DEFINITIONAL_REPRESENTATION('',(#6996),#7000);
#6996 = LINE('',#6997,#6998);
#6997 = CARTESIAN_POINT('',(7.677642176891,26.));
#6998 = VECTOR('',#6999,1.);
#6999 = DIRECTION('',(0.,-1.));
#7000 = ( GEOMETRIC_REPRESENTATION_CONTEXT(2) 
PARAMETRIC_REPRESENTATION_CONTEXT() REPRESENTATION_CONTEXT('2D SPACE',''
  ) );
#7001 = PCURVE('',#7002,#7007);
#7002 = PLANE('',#7003);
#7003 = AXIS2_PLACEMENT_3D('',#7004,#7005,#7006);
#7004 = CARTESIAN_POINT('',(-27.5,-26.,33.8));
#7005 = DIRECTION('',(0.,0.,1.));
#7006 = DIRECTION('',(1.,0.,0.));
#7007 = DEFINITIONAL_REPRESENTATION('',(#7008),#7012);
#7008 = LINE('',#7009,#7010);
#7009 = CARTESIAN_POINT('',(9.,0.));
#7010 = VECTOR('',#7011,1.);
#7011 = DIRECTION('',(0.,1.));
#7012 = ( GEOMETRIC_REPRESENTATION_CONTEXT(2) 
PARAMETRIC_REPRESENTATION_CONTEXT() REPRESENTATION_CONTEXT('2D SPACE',''
  ) );
#7013 = ORIENTED_EDGE('',*,*,#7014,.F.);
#7014 = EDGE_CURVE('',#6513,#6987,#7015,.T.);
#7015 = SURFACE_CURVE('',#7016,(#7020,#7027),.PCURVE_S1.);
#7016 = LINE('',#7017,#7018);
#7017 = CARTESIAN_POINT('',(-18.5,-26.,31.8));
#7018 = VECTOR('',#7019,1.);
#7019 = DIRECTION('',(0.,0.,1.));
#7020 = PCURVE('',#6521,#7021);
#7021 = DEFINITIONAL_REPRESENTATION('',(#7022),#7026);
#7022 = LINE('',#7023,#7024);
#7023 = CARTESIAN_POINT('',(5.677642176891,26.));
#7024 = VECTOR('',#7025,1.);
#7025 = DIRECTION('',(1.,0.));
#7026 = ( GEOMETRIC_REPRESENTATION_CONTEXT(2) 
PARAMETRIC_REPRESENTATION_CONTEXT() REPRESENTATION_CONTEXT('2D SPACE',''
  ) );
#7027 = PCURVE('',#7028,#7033);
#7028 = PLANE('',#7029);
#7029 = AXIS2_PLACEMENT_3D('',#7030,#7031,#7032);
#7030 = CARTESIAN_POINT('',(-27.5,-26.,31.8));
#7031 = DIRECTION('',(0.,1.,0.));
#7032 = DIRECTION('',(0.,0.,1.));
#7033 = DEFINITIONAL_REPRESENTATION('',(#7034),#7038);
#7034 = LINE('',#7035,#7036);
#7035 = CARTESIAN_POINT('',(0.,9.));
#7036 = VECTOR('',#7037,1.);
#7037 = DIRECTION('',(1.,0.));
#7038 = ( GEOMETRIC_REPRESENTATION_CONTEXT(2) 
PARAMETRIC_REPRESENTATION_CONTEXT() REPRESENTATION_CONTEXT('2D SPACE',''
  ) );
#7039 = ADVANCED_FACE('',(#7040,#7115),#6533,.T.);
#7040 = FACE_BOUND('',#7041,.T.);
#7041 = EDGE_LOOP('',(#7042,#7072,#7093,#7094));
#7042 = ORIENTED_EDGE('',*,*,#7043,.F.);
#7043 = EDGE_CURVE('',#7044,#7046,#7048,.T.);
#7044 = VERTEX_POINT('',#7045);
#7045 = CARTESIAN_POINT('',(-27.5,-38.5,31.8));
#7046 = VERTEX_POINT('',#7047);
#7047 = CARTESIAN_POINT('',(-27.5,-26.,31.8));
#7048 = SURFACE_CURVE('',#7049,(#7053,#7060),.PCURVE_S1.);
#7049 = LINE('',#7050,#7051);
#7050 = CARTESIAN_POINT('',(-27.5,-38.5,31.8));
#7051 = VECTOR('',#7052,1.);
#7052 = DIRECTION('',(0.,1.,0.));
#7053 = PCURVE('',#6533,#7054);
#7054 = DEFINITIONAL_REPRESENTATION('',(#7055),#7059);
#7055 = LINE('',#7056,#7057);
#7056 = CARTESIAN_POINT('',(0.,0.));
#7057 = VECTOR('',#7058,1.);
#7058 = DIRECTION('',(0.,1.));
#7059 = ( GEOMETRIC_REPRESENTATION_CONTEXT(2) 
PARAMETRIC_REPRESENTATION_CONTEXT() REPRESENTATION_CONTEXT('2D SPACE',''
  ) );
#7060 = PCURVE('',#7061,#7066);
#7061 = PLANE('',#7062);
#7062 = AXIS2_PLACEMENT_3D('',#7063,#7064,#7065);
#7063 = CARTESIAN_POINT('',(-27.5,-1.746000824833E-16,26.122357823109));
#7064 = DIRECTION('',(1.,0.,0.));
#7065 = DIRECTION('',(-0.,0.,1.));
#7066 = DEFINITIONAL_REPRESENTATION('',(#7067),#7071);
#7067 = LINE('',#7068,#7069);
#7068 = CARTESIAN_POINT('',(5.677642176891,38.5));
#7069 = VECTOR('',#7070,1.);
#7070 = DIRECTION('',(0.,-1.));
#7071 = ( GEOMETRIC_REPRESENTATION_CONTEXT(2) 
PARAMETRIC_REPRESENTATION_CONTEXT() REPRESENTATION_CONTEXT('2D SPACE',''
  ) );
#7072 = ORIENTED_EDGE('',*,*,#7073,.T.);
#7073 = EDGE_CURVE('',#7044,#6511,#7074,.T.);
#7074 = SURFACE_CURVE('',#7075,(#7079,#7086),.PCURVE_S1.);
#7075 = LINE('',#7076,#7077);
#7076 = CARTESIAN_POINT('',(-27.5,-38.5,31.8));
#7077 = VECTOR('',#7078,1.);
#7078 = DIRECTION('',(1.,0.,0.));
#7079 = PCURVE('',#6533,#7080);
#7080 = DEFINITIONAL_REPRESENTATION('',(#7081),#7085);
#7081 = LINE('',#7082,#7083);
#7082 = CARTESIAN_POINT('',(0.,0.));
#7083 = VECTOR('',#7084,1.);
#7084 = DIRECTION('',(1.,0.));
#7085 = ( GEOMETRIC_REPRESENTATION_CONTEXT(2) 
PARAMETRIC_REPRESENTATION_CONTEXT() REPRESENTATION_CONTEXT('2D SPACE',''
  ) );
#7086 = PCURVE('',#6561,#7087);
#7087 = DEFINITIONAL_REPRESENTATION('',(#7088),#7092);
#7088 = LINE('',#7089,#7090);
#7089 = CARTESIAN_POINT('',(5.,0.));
#7090 = VECTOR('',#7091,1.);
#7091 = DIRECTION('',(0.,1.));
#7092 = ( GEOMETRIC_REPRESENTATION_CONTEXT(2) 
PARAMETRIC_REPRESENTATION_CONTEXT() REPRESENTATION_CONTEXT('2D SPACE',''
  ) );
#7093 = ORIENTED_EDGE('',*,*,#6510,.T.);
#7094 = ORIENTED_EDGE('',*,*,#7095,.F.);
#7095 = EDGE_CURVE('',#7046,#6513,#7096,.T.);
#7096 = SURFACE_CURVE('',#7097,(#7101,#7108),.PCURVE_S1.);
#7097 = LINE('',#7098,#7099);
#7098 = CARTESIAN_POINT('',(-27.5,-26.,31.8));
#7099 = VECTOR('',#7100,1.);
#7100 = DIRECTION('',(1.,0.,0.));
#7101 = PCURVE('',#6533,#7102);
#7102 = DEFINITIONAL_REPRESENTATION('',(#7103),#7107);
#7103 = LINE('',#7104,#7105);
#7104 = CARTESIAN_POINT('',(0.,12.5));
#7105 = VECTOR('',#7106,1.);
#7106 = DIRECTION('',(1.,0.));
#7107 = ( GEOMETRIC_REPRESENTATION_CONTEXT(2) 
PARAMETRIC_REPRESENTATION_CONTEXT() REPRESENTATION_CONTEXT('2D SPACE',''
  ) );
#7108 = PCURVE('',#7028,#7109);
#7109 = DEFINITIONAL_REPRESENTATION('',(#7110),#7114);
#7110 = LINE('',#7111,#7112);
#7111 = CARTESIAN_POINT('',(0.,0.));
#7112 = VECTOR('',#7113,1.);
#7113 = DIRECTION('',(0.,1.));
#7114 = ( GEOMETRIC_REPRESENTATION_CONTEXT(2) 
PARAMETRIC_REPRESENTATION_CONTEXT() REPRESENTATION_CONTEXT('2D SPACE',''
  ) );
#7115 = FACE_BOUND('',#7116,.T.);
#7116 = EDGE_LOOP('',(#7117));
#7117 = ORIENTED_EDGE('',*,*,#7118,.T.);
#7118 = EDGE_CURVE('',#7119,#7119,#7121,.T.);
#7119 = VERTEX_POINT('',#7120);
#7120 = CARTESIAN_POINT('',(-21.3,-32.,31.8));
#7121 = SURFACE_CURVE('',#7122,(#7127,#7138),.PCURVE_S1.);
#7122 = CIRCLE('',#7123,1.7);
#7123 = AXIS2_PLACEMENT_3D('',#7124,#7125,#7126);
#7124 = CARTESIAN_POINT('',(-23.,-32.,31.8));
#7125 = DIRECTION('',(0.,0.,-1.));
#7126 = DIRECTION('',(1.,0.,0.));
#7127 = PCURVE('',#6533,#7128);
#7128 = DEFINITIONAL_REPRESENTATION('',(#7129),#7137);
#7129 = ( BOUNDED_CURVE() B_SPLINE_CURVE(2,(#7130,#7131,#7132,#7133,
#7134,#7135,#7136),.UNSPECIFIED.,.T.,.F.) B_SPLINE_CURVE_WITH_KNOTS((1,2
    ,2,2,2,1),(-2.094395102393,0.,2.094395102393,4.188790204786,
6.28318530718,8.377580409573),.UNSPECIFIED.) CURVE() 
GEOMETRIC_REPRESENTATION_ITEM() RATIONAL_B_SPLINE_CURVE((1.,0.5,1.,0.5,
1.,0.5,1.)) REPRESENTATION_ITEM('') );
#7130 = CARTESIAN_POINT('',(6.2,6.5));
#7131 = CARTESIAN_POINT('',(6.2,3.555513627133));
#7132 = CARTESIAN_POINT('',(3.65,5.027756813566));
#7133 = CARTESIAN_POINT('',(1.1,6.5));
#7134 = CARTESIAN_POINT('',(3.65,7.972243186434));
#7135 = CARTESIAN_POINT('',(6.2,9.444486372867));
#7136 = CARTESIAN_POINT('',(6.2,6.5));
#7137 = ( GEOMETRIC_REPRESENTATION_CONTEXT(2) 
PARAMETRIC_REPRESENTATION_CONTEXT() REPRESENTATION_CONTEXT('2D SPACE',''
  ) );
#7138 = PCURVE('',#7139,#7144);
#7139 = CYLINDRICAL_SURFACE('',#7140,1.7);
#7140 = AXIS2_PLACEMENT_3D('',#7141,#7142,#7143);
#7141 = CARTESIAN_POINT('',(-23.,-32.,26.));
#7142 = DIRECTION('',(-0.,-0.,-1.));
#7143 = DIRECTION('',(1.,0.,0.));
#7144 = DEFINITIONAL_REPRESENTATION('',(#7145),#7149);
#7145 = LINE('',#7146,#7147);
#7146 = CARTESIAN_POINT('',(-6.28318530718,-5.8));
#7147 = VECTOR('',#7148,1.);
#7148 = DIRECTION('',(1.,-0.));
#7149 = ( GEOMETRIC_REPRESENTATION_CONTEXT(2) 
PARAMETRIC_REPRESENTATION_CONTEXT() REPRESENTATION_CONTEXT('2D SPACE',''
  ) );
#7150 = ADVANCED_FACE('',(#7151),#6561,.F.);
#7151 = FACE_BOUND('',#7152,.F.);
#7152 = EDGE_LOOP('',(#7153,#7176,#7197,#7198));
#7153 = ORIENTED_EDGE('',*,*,#7154,.F.);
#7154 = EDGE_CURVE('',#7155,#6546,#7157,.T.);
#7155 = VERTEX_POINT('',#7156);
#7156 = CARTESIAN_POINT('',(-27.5,-38.5,26.8));
#7157 = SURFACE_CURVE('',#7158,(#7162,#7169),.PCURVE_S1.);
#7158 = LINE('',#7159,#7160);
#7159 = CARTESIAN_POINT('',(-27.5,-38.5,26.8));
#7160 = VECTOR('',#7161,1.);
#7161 = DIRECTION('',(1.,0.,0.));
#7162 = PCURVE('',#6561,#7163);
#7163 = DEFINITIONAL_REPRESENTATION('',(#7164),#7168);
#7164 = LINE('',#7165,#7166);
#7165 = CARTESIAN_POINT('',(0.,0.));
#7166 = VECTOR('',#7167,1.);
#7167 = DIRECTION('',(0.,1.));
#7168 = ( GEOMETRIC_REPRESENTATION_CONTEXT(2) 
PARAMETRIC_REPRESENTATION_CONTEXT() REPRESENTATION_CONTEXT('2D SPACE',''
  ) );
#7169 = PCURVE('',#6589,#7170);
#7170 = DEFINITIONAL_REPRESENTATION('',(#7171),#7175);
#7171 = LINE('',#7172,#7173);
#7172 = CARTESIAN_POINT('',(22.5,11.5));
#7173 = VECTOR('',#7174,1.);
#7174 = DIRECTION('',(1.,0.));
#7175 = ( GEOMETRIC_REPRESENTATION_CONTEXT(2) 
PARAMETRIC_REPRESENTATION_CONTEXT() REPRESENTATION_CONTEXT('2D SPACE',''
  ) );
#7176 = ORIENTED_EDGE('',*,*,#7177,.T.);
#7177 = EDGE_CURVE('',#7155,#7044,#7178,.T.);
#7178 = SURFACE_CURVE('',#7179,(#7183,#7190),.PCURVE_S1.);
#7179 = LINE('',#7180,#7181);
#7180 = CARTESIAN_POINT('',(-27.5,-38.5,26.8));
#7181 = VECTOR('',#7182,1.);
#7182 = DIRECTION('',(0.,0.,1.));
#7183 = PCURVE('',#6561,#7184);
#7184 = DEFINITIONAL_REPRESENTATION('',(#7185),#7189);
#7185 = LINE('',#7186,#7187);
#7186 = CARTESIAN_POINT('',(0.,0.));
#7187 = VECTOR('',#7188,1.);
#7188 = DIRECTION('',(1.,0.));
#7189 = ( GEOMETRIC_REPRESENTATION_CONTEXT(2) 
PARAMETRIC_REPRESENTATION_CONTEXT() REPRESENTATION_CONTEXT('2D SPACE',''
  ) );
#7190 = PCURVE('',#7061,#7191);
#7191 = DEFINITIONAL_REPRESENTATION('',(#7192),#7196);
#7192 = LINE('',#7193,#7194);
#7193 = CARTESIAN_POINT('',(0.677642176891,38.5));
#7194 = VECTOR('',#7195,1.);
#7195 = DIRECTION('',(1.,0.));
#7196 = ( GEOMETRIC_REPRESENTATION_CONTEXT(2) 
PARAMETRIC_REPRESENTATION_CONTEXT() REPRESENTATION_CONTEXT('2D SPACE',''
  ) );
#7197 = ORIENTED_EDGE('',*,*,#7073,.T.);
#7198 = ORIENTED_EDGE('',*,*,#6545,.F.);
#7199 = ADVANCED_FACE('',(#7200,#7254),#6589,.F.);
#7200 = FACE_BOUND('',#7201,.F.);
#7201 = EDGE_LOOP('',(#7202,#7225,#7226,#7227));
#7202 = ORIENTED_EDGE('',*,*,#7203,.F.);
#7203 = EDGE_CURVE('',#7155,#7204,#7206,.T.);
#7204 = VERTEX_POINT('',#7205);
#7205 = CARTESIAN_POINT('',(-27.5,-13.26584070051,26.8));
#7206 = SURFACE_CURVE('',#7207,(#7211,#7218),.PCURVE_S1.);
#7207 = LINE('',#7208,#7209);
#7208 = CARTESIAN_POINT('',(-27.5,-38.5,26.8));
#7209 = VECTOR('',#7210,1.);
#7210 = DIRECTION('',(0.,1.,0.));
#7211 = PCURVE('',#6589,#7212);
#7212 = DEFINITIONAL_REPRESENTATION('',(#7213),#7217);
#7213 = LINE('',#7214,#7215);
#7214 = CARTESIAN_POINT('',(22.5,11.5));
#7215 = VECTOR('',#7216,1.);
#7216 = DIRECTION('',(0.,1.));
#7217 = ( GEOMETRIC_REPRESENTATION_CONTEXT(2) 
PARAMETRIC_REPRESENTATION_CONTEXT() REPRESENTATION_CONTEXT('2D SPACE',''
  ) );
#7218 = PCURVE('',#7061,#7219);
#7219 = DEFINITIONAL_REPRESENTATION('',(#7220),#7224);
#7220 = LINE('',#7221,#7222);
#7221 = CARTESIAN_POINT('',(0.677642176891,38.5));
#7222 = VECTOR('',#7223,1.);
#7223 = DIRECTION('',(0.,-1.));
#7224 = ( GEOMETRIC_REPRESENTATION_CONTEXT(2) 
PARAMETRIC_REPRESENTATION_CONTEXT() REPRESENTATION_CONTEXT('2D SPACE',''
  ) );
#7225 = ORIENTED_EDGE('',*,*,#7154,.T.);
#7226 = ORIENTED_EDGE('',*,*,#6573,.T.);
#7227 = ORIENTED_EDGE('',*,*,#7228,.T.);
#7228 = EDGE_CURVE('',#6574,#7204,#7229,.T.);
#7229 = SURFACE_CURVE('',#7230,(#7236,#7245),.PCURVE_S1.);
#7230 = B_SPLINE_CURVE_WITH_KNOTS('',4,(#7231,#7232,#7233,#7234,#7235),
  .UNSPECIFIED.,.F.,.F.,(5,5),(0.,1.),.PIECEWISE_BEZIER_KNOTS.);
#7231 = CARTESIAN_POINT('',(-18.5,-13.26584070051,26.8));
#7232 = CARTESIAN_POINT('',(-20.75,-13.26584070051,26.8));
#7233 = CARTESIAN_POINT('',(-23.,-13.26584070051,26.8));
#7234 = CARTESIAN_POINT('',(-25.25,-13.26584070051,26.8));
#7235 = CARTESIAN_POINT('',(-27.5,-13.26584070051,26.8));
#7236 = PCURVE('',#6589,#7237);
#7237 = DEFINITIONAL_REPRESENTATION('',(#7238),#7244);
#7238 = B_SPLINE_CURVE_WITH_KNOTS('',4,(#7239,#7240,#7241,#7242,#7243),
  .UNSPECIFIED.,.F.,.F.,(5,5),(0.,1.),.PIECEWISE_BEZIER_KNOTS.);
#7239 = CARTESIAN_POINT('',(31.5,36.734159299489));
#7240 = CARTESIAN_POINT('',(29.25,36.734159299489));
#7241 = CARTESIAN_POINT('',(27.,36.734159299489));
#7242 = CARTESIAN_POINT('',(24.75,36.734159299489));
#7243 = CARTESIAN_POINT('',(22.5,36.734159299489));
#7244 = ( GEOMETRIC_REPRESENTATION_CONTEXT(2) 
PARAMETRIC_REPRESENTATION_CONTEXT() REPRESENTATION_CONTEXT('2D SPACE',''
  ) );
#7245 = PCURVE('',#6711,#7246);
#7246 = DEFINITIONAL_REPRESENTATION('',(#7247),#7253);
#7247 = B_SPLINE_CURVE_WITH_KNOTS('',4,(#7248,#7249,#7250,#7251,#7252),
  .UNSPECIFIED.,.F.,.F.,(5,5),(0.,1.),.PIECEWISE_BEZIER_KNOTS.);
#7248 = CARTESIAN_POINT('',(7.797749378383,-10.));
#7249 = CARTESIAN_POINT('',(7.797749378383,-7.75));
#7250 = CARTESIAN_POINT('',(7.797749378383,-5.5));
#7251 = CARTESIAN_POINT('',(7.797749378383,-3.25));
#7252 = CARTESIAN_POINT('',(7.797749378383,-1.));
#7253 = ( GEOMETRIC_REPRESENTATION_CONTEXT(2) 
PARAMETRIC_REPRESENTATION_CONTEXT() REPRESENTATION_CONTEXT('2D SPACE',''
  ) );
#7254 = FACE_BOUND('',#7255,.F.);
#7255 = EDGE_LOOP('',(#7256));
#7256 = ORIENTED_EDGE('',*,*,#7257,.T.);
#7257 = EDGE_CURVE('',#7258,#7258,#7260,.T.);
#7258 = VERTEX_POINT('',#7259);
#7259 = CARTESIAN_POINT('',(-21.3,-32.,26.8));
#7260 = SURFACE_CURVE('',#7261,(#7266,#7277),.PCURVE_S1.);
#7261 = CIRCLE('',#7262,1.7);
#7262 = AXIS2_PLACEMENT_3D('',#7263,#7264,#7265);
#7263 = CARTESIAN_POINT('',(-23.,-32.,26.8));
#7264 = DIRECTION('',(0.,0.,-1.));
#7265 = DIRECTION('',(1.,0.,0.));
#7266 = PCURVE('',#6589,#7267);
#7267 = DEFINITIONAL_REPRESENTATION('',(#7268),#7276);
#7268 = ( BOUNDED_CURVE() B_SPLINE_CURVE(2,(#7269,#7270,#7271,#7272,
#7273,#7274,#7275),.UNSPECIFIED.,.T.,.F.) B_SPLINE_CURVE_WITH_KNOTS((1,2
    ,2,2,2,1),(-2.094395102393,0.,2.094395102393,4.188790204786,
6.28318530718,8.377580409573),.UNSPECIFIED.) CURVE() 
GEOMETRIC_REPRESENTATION_ITEM() RATIONAL_B_SPLINE_CURVE((1.,0.5,1.,0.5,
1.,0.5,1.)) REPRESENTATION_ITEM('') );
#7269 = CARTESIAN_POINT('',(28.7,18.));
#7270 = CARTESIAN_POINT('',(28.7,15.055513627133));
#7271 = CARTESIAN_POINT('',(26.15,16.527756813566));
#7272 = CARTESIAN_POINT('',(23.6,18.));
#7273 = CARTESIAN_POINT('',(26.15,19.472243186434));
#7274 = CARTESIAN_POINT('',(28.7,20.944486372867));
#7275 = CARTESIAN_POINT('',(28.7,18.));
#7276 = ( GEOMETRIC_REPRESENTATION_CONTEXT(2) 
PARAMETRIC_REPRESENTATION_CONTEXT() REPRESENTATION_CONTEXT('2D SPACE',''
  ) );
#7277 = PCURVE('',#7139,#7278);
#7278 = DEFINITIONAL_REPRESENTATION('',(#7279),#7283);
#7279 = LINE('',#7280,#7281);
#7280 = CARTESIAN_POINT('',(-6.28318530718,-0.8));
#7281 = VECTOR('',#7282,1.);
#7282 = DIRECTION('',(1.,-0.));
#7283 = ( GEOMETRIC_REPRESENTATION_CONTEXT(2) 
PARAMETRIC_REPRESENTATION_CONTEXT() REPRESENTATION_CONTEXT('2D SPACE',''
  ) );
#7284 = ADVANCED_FACE('',(#7285),#6711,.T.);
#7285 = FACE_BOUND('',#7286,.T.);
#7286 = EDGE_LOOP('',(#7287,#7288,#7289,#7472));
#7287 = ORIENTED_EDGE('',*,*,#6601,.F.);
#7288 = ORIENTED_EDGE('',*,*,#7228,.T.);
#7289 = ORIENTED_EDGE('',*,*,#7290,.T.);
#7290 = EDGE_CURVE('',#7204,#7291,#7293,.T.);
#7291 = VERTEX_POINT('',#7292);
#7292 = CARTESIAN_POINT('',(-27.5,13.265840700511,26.8));
#7293 = SURFACE_CURVE('',#7294,(#7345,#7418),.PCURVE_S1.);
#7294 = B_SPLINE_CURVE_WITH_KNOTS('',7,(#7295,#7296,#7297,#7298,#7299,
    #7300,#7301,#7302,#7303,#7304,#7305,#7306,#7307,#7308,#7309,#7310,
    #7311,#7312,#7313,#7314,#7315,#7316,#7317,#7318,#7319,#7320,#7321,
    #7322,#7323,#7324,#7325,#7326,#7327,#7328,#7329,#7330,#7331,#7332,
    #7333,#7334,#7335,#7336,#7337,#7338,#7339,#7340,#7341,#7342,#7343,
    #7344),.UNSPECIFIED.,.F.,.F.,(8,6,6,6,6,6,6,6,8),(0.,0.345628100968,
    0.521168548236,0.689560054595,1.,1.310439945405,1.478831451765,
    1.654371899033,2.000000000001),.UNSPECIFIED.);
#7295 = CARTESIAN_POINT('',(-27.5,-13.26584070051,26.8));
#7296 = CARTESIAN_POINT('',(-27.5,-13.21189088932,27.826733994388));
#7297 = CARTESIAN_POINT('',(-27.5,-13.07713027783,28.849193887064));
#7298 = CARTESIAN_POINT('',(-27.5,-12.86178255434,29.859815565392));
#7299 = CARTESIAN_POINT('',(-27.5,-12.5665622861,30.850858878361));
#7300 = CARTESIAN_POINT('',(-27.5,-12.19277480292,31.814430705203));
#7301 = CARTESIAN_POINT('',(-27.5,-11.74244168164,32.742523799011));
#7302 = CARTESIAN_POINT('',(-27.5,-10.95232354924,34.076322730756));
#7303 = CARTESIAN_POINT('',(-27.5,-10.66720740093,34.514321278723));
#7304 = CARTESIAN_POINT('',(-27.5,-10.36349673385,34.939994978615));
#7305 = CARTESIAN_POINT('',(-27.5,-10.04164967689,35.352264778579));
#7306 = CARTESIAN_POINT('',(-27.5,-9.702198531412,35.750052332992));
#7307 = CARTESIAN_POINT('',(-27.5,-9.345759162464,36.132287689888));
#7308 = CARTESIAN_POINT('',(-27.5,-8.615500708875,36.848655897083));
#7309 = CARTESIAN_POINT('',(-27.5,-8.242975902108,37.184118793114));
#7310 = CARTESIAN_POINT('',(-27.5,-7.856098451812,37.503368501301));
#7311 = CARTESIAN_POINT('',(-27.5,-7.455574052424,37.80549418132));
#7312 = CARTESIAN_POINT('',(-27.5,-7.042185992109,38.08961719114));
#7313 = CARTESIAN_POINT('',(-27.5,-6.616802767174,38.354901529867));
#7314 = CARTESIAN_POINT('',(-27.5,-5.375833575934,39.053471440485));
#7315 = CARTESIAN_POINT('',(-27.5,-4.533483514763,39.439872698358));
#7316 = CARTESIAN_POINT('',(-27.5,-3.659744009914,39.754576214207));
#7317 = CARTESIAN_POINT('',(-27.5,-2.761636792546,39.993589165815));
#7318 = CARTESIAN_POINT('',(-27.5,-1.846748498123,40.154028699762));
#7319 = CARTESIAN_POINT('',(-27.5,-0.92324874504,40.234210526316));
#7320 = CARTESIAN_POINT('',(-27.5,0.923248745041,40.234210526316));
#7321 = CARTESIAN_POINT('',(-27.5,1.846748498118,40.154028699763));
#7322 = CARTESIAN_POINT('',(-27.5,2.761636792552,39.993589165813));
#7323 = CARTESIAN_POINT('',(-27.5,3.659744009907,39.75457621421));
#7324 = CARTESIAN_POINT('',(-27.5,4.533483514764,39.439872698358));
#7325 = CARTESIAN_POINT('',(-27.5,5.375833575932,39.053471440486));
#7326 = CARTESIAN_POINT('',(-27.5,6.616802767172,38.354901529868));
#7327 = CARTESIAN_POINT('',(-27.5,7.042185992108,38.089617191142));
#7328 = CARTESIAN_POINT('',(-27.5,7.455574052423,37.805494181322));
#7329 = CARTESIAN_POINT('',(-27.5,7.85609845181,37.503368501302));
#7330 = CARTESIAN_POINT('',(-27.5,8.242975902107,37.184118793115));
#7331 = CARTESIAN_POINT('',(-27.5,8.615500708874,36.848655897085));
#7332 = CARTESIAN_POINT('',(-27.5,9.345759162463,36.13228768989));
#7333 = CARTESIAN_POINT('',(-27.5,9.702198531411,35.750052332993));
#7334 = CARTESIAN_POINT('',(-27.5,10.041649676896,35.352264778581));
#7335 = CARTESIAN_POINT('',(-27.5,10.363496733858,34.939994978617));
#7336 = CARTESIAN_POINT('',(-27.5,10.667207400932,34.514321278725));
#7337 = CARTESIAN_POINT('',(-27.5,10.952323549244,34.076322730758));
#7338 = CARTESIAN_POINT('',(-27.5,11.742441681646,32.742523799013));
#7339 = CARTESIAN_POINT('',(-27.5,12.192774802926,31.814430705205));
#7340 = CARTESIAN_POINT('',(-27.5,12.566562286101,30.850858878363));
#7341 = CARTESIAN_POINT('',(-27.5,12.861782554348,29.859815565393));
#7342 = CARTESIAN_POINT('',(-27.5,13.077130277838,28.849193887065));
#7343 = CARTESIAN_POINT('',(-27.5,13.211890889329,27.826733994389));
#7344 = CARTESIAN_POINT('',(-27.5,13.265840700511,26.8));
#7345 = PCURVE('',#6711,#7346);
#7346 = DEFINITIONAL_REPRESENTATION('',(#7347),#7417);
#7347 = B_SPLINE_CURVE_WITH_KNOTS('',3,(#7348,#7349,#7350,#7351,#7352,
    #7353,#7354,#7355,#7356,#7357,#7358,#7359,#7360,#7361,#7362,#7363,
    #7364,#7365,#7366,#7367,#7368,#7369,#7370,#7371,#7372,#7373,#7374,
    #7375,#7376,#7377,#7378,#7379,#7380,#7381,#7382,#7383,#7384,#7385,
    #7386,#7387,#7388,#7389,#7390,#7391,#7392,#7393,#7394,#7395,#7396,
    #7397,#7398,#7399,#7400,#7401,#7402,#7403,#7404,#7405,#7406,#7407,
    #7408,#7409,#7410,#7411,#7412,#7413,#7414,#7415,#7416),
  .UNSPECIFIED.,.F.,.F.,(4,1,1,1,1,1,1,1,1,1,1,1,1,1,1,1,1,1,1,1,1,1,1,1
    ,1,1,1,1,1,1,1,1,1,1,1,1,1,1,1,1,1,1,1,1,1,1,1,1,1,1,1,1,1,1,1,1,1,1
    ,1,1,1,1,1,1,1,1,4),(0.,3.030303030305E-02,6.060606060609E-02,
    9.090909090914E-02,0.121212121212,0.151515151515,0.181818181818,
    0.212121212121,0.242424242424,0.272727272727,0.30303030303,
    0.333333333334,0.363636363637,0.39393939394,0.424242424243,
    0.454545454546,0.484848484849,0.515151515152,0.545454545455,
    0.575757575758,0.606060606061,0.636363636364,0.666666666667,
    0.69696969697,0.727272727273,0.757575757576,0.787878787879,
    0.818181818182,0.848484848485,0.878787878788,0.909090909091,
    0.939393939394,0.969696969697,1.000000000001,1.030303030304,
    1.060606060607,1.09090909091,1.121212121213,1.151515151516,
    1.181818181819,1.212121212122,1.242424242425,1.272727272728,
    1.303030303031,1.333333333334,1.363636363637,1.39393939394,
    1.424242424243,1.454545454546,1.484848484849,1.515151515152,
    1.545454545455,1.575757575758,1.606060606061,1.636363636364,
    1.666666666668,1.696969696971,1.727272727274,1.757575757577,
    1.78787878788,1.818181818183,1.848484848486,1.878787878789,
    1.909090909092,1.939393939395,1.969696969698,2.000000000001),
  .QUASI_UNIFORM_KNOTS.);
#7348 = CARTESIAN_POINT('',(7.797749378383,-1.));
#7349 = CARTESIAN_POINT('',(7.782969726732,-1.));
#7350 = CARTESIAN_POINT('',(7.753405749248,-1.));
#7351 = CARTESIAN_POINT('',(7.709034604145,-1.));
#7352 = CARTESIAN_POINT('',(7.664626952328,-1.));
#7353 = CARTESIAN_POINT('',(7.62017206624,-1.));
#7354 = CARTESIAN_POINT('',(7.575659546762,-1.));
#7355 = CARTESIAN_POINT('',(7.531079342723,-1.));
#7356 = CARTESIAN_POINT('',(7.486421705799,-1.));
#7357 = CARTESIAN_POINT('',(7.441677173971,-1.));
#7358 = CARTESIAN_POINT('',(7.396836570213,-1.));
#7359 = CARTESIAN_POINT('',(7.351890978674,-1.));
#7360 = CARTESIAN_POINT('',(7.3068318634,-1.));
#7361 = CARTESIAN_POINT('',(7.261650706123,-1.));
#7362 = CARTESIAN_POINT('',(7.216343066854,-1.));
#7363 = CARTESIAN_POINT('',(7.170903218721,-1.));
#7364 = CARTESIAN_POINT('',(7.125326560164,-1.));
#7365 = CARTESIAN_POINT('',(7.079609294281,-1.));
#7366 = CARTESIAN_POINT('',(7.0337487519,-1.));
#7367 = CARTESIAN_POINT('',(6.98774318549,-1.));
#7368 = CARTESIAN_POINT('',(6.941592304996,-1.));
#7369 = CARTESIAN_POINT('',(6.895297522044,-1.));
#7370 = CARTESIAN_POINT('',(6.848861201319,-1.));
#7371 = CARTESIAN_POINT('',(6.802286353678,-1.));
#7372 = CARTESIAN_POINT('',(6.755580094234,-1.));
#7373 = CARTESIAN_POINT('',(6.70874025339,-1.));
#7374 = CARTESIAN_POINT('',(6.661779050162,-1.));
#7375 = CARTESIAN_POINT('',(6.614708990882,-1.));
#7376 = CARTESIAN_POINT('',(6.567541616931,-1.));
#7377 = CARTESIAN_POINT('',(6.520288408294,-1.));
#7378 = CARTESIAN_POINT('',(6.472961131206,-1.));
#7379 = CARTESIAN_POINT('',(6.425572262526,-1.));
#7380 = CARTESIAN_POINT('',(6.378135767158,-1.));
#7381 = CARTESIAN_POINT('',(6.33066660362,-1.));
#7382 = CARTESIAN_POINT('',(6.283185307179,-1.));
#7383 = CARTESIAN_POINT('',(6.235704010738,-1.));
#7384 = CARTESIAN_POINT('',(6.188234847199,-1.));
#7385 = CARTESIAN_POINT('',(6.140798351832,-1.));
#7386 = CARTESIAN_POINT('',(6.093409483151,-1.));
#7387 = CARTESIAN_POINT('',(6.046082206064,-1.));
#7388 = CARTESIAN_POINT('',(5.998828997427,-1.));
#7389 = CARTESIAN_POINT('',(5.951661623476,-1.));
#7390 = CARTESIAN_POINT('',(5.904591564196,-1.));
#7391 = CARTESIAN_POINT('',(5.857630360969,-1.));
#7392 = CARTESIAN_POINT('',(5.810790520124,-1.));
#7393 = CARTESIAN_POINT('',(5.76408426068,-1.));
#7394 = CARTESIAN_POINT('',(5.717509413039,-1.));
#7395 = CARTESIAN_POINT('',(5.671073092314,-1.));
#7396 = CARTESIAN_POINT('',(5.624778309362,-1.));
#7397 = CARTESIAN_POINT('',(5.578627428869,-1.));
#7398 = CARTESIAN_POINT('',(5.532621862458,-1.));
#7399 = CARTESIAN_POINT('',(5.486761320078,-1.));
#7400 = CARTESIAN_POINT('',(5.441044054195,-1.));
#7401 = CARTESIAN_POINT('',(5.395467395638,-1.));
#7402 = CARTESIAN_POINT('',(5.350027547504,-1.));
#7403 = CARTESIAN_POINT('',(5.304719908236,-1.));
#7404 = CARTESIAN_POINT('',(5.259538750958,-1.));
#7405 = CARTESIAN_POINT('',(5.214479635685,-1.));
#7406 = CARTESIAN_POINT('',(5.169534044146,-1.));
#7407 = CARTESIAN_POINT('',(5.124693440388,-1.));
#7408 = CARTESIAN_POINT('',(5.07994890856,-1.));
#7409 = CARTESIAN_POINT('',(5.035291271636,-1.));
#7410 = CARTESIAN_POINT('',(4.990711067597,-1.));
#7411 = CARTESIAN_POINT('',(4.946198548119,-1.));
#7412 = CARTESIAN_POINT('',(4.901743662031,-1.));
#7413 = CARTESIAN_POINT('',(4.857336010214,-1.));
#7414 = CARTESIAN_POINT('',(4.812964865111,-1.));
#7415 = CARTESIAN_POINT('',(4.783400887627,-1.));
#7416 = CARTESIAN_POINT('',(4.768621235976,-1.));
#7417 = ( GEOMETRIC_REPRESENTATION_CONTEXT(2) 
PARAMETRIC_REPRESENTATION_CONTEXT() REPRESENTATION_CONTEXT('2D SPACE',''
  ) );
#7418 = PCURVE('',#7061,#7419);
#7419 = DEFINITIONAL_REPRESENTATION('',(#7420),#7471);
#7420 = B_SPLINE_CURVE_WITH_KNOTS('',7,(#7421,#7422,#7423,#7424,#7425,
    #7426,#7427,#7428,#7429,#7430,#7431,#7432,#7433,#7434,#7435,#7436,
    #7437,#7438,#7439,#7440,#7441,#7442,#7443,#7444,#7445,#7446,#7447,
    #7448,#7449,#7450,#7451,#7452,#7453,#7454,#7455,#7456,#7457,#7458,
    #7459,#7460,#7461,#7462,#7463,#7464,#7465,#7466,#7467,#7468,#7469,
    #7470),.UNSPECIFIED.,.F.,.F.,(8,6,6,6,6,6,6,6,8),(0.,0.345628100968,
    0.521168548236,0.689560054595,1.,1.310439945405,1.478831451765,
    1.654371899033,2.000000000001),.UNSPECIFIED.);
#7421 = CARTESIAN_POINT('',(0.677642176891,13.265840700511));
#7422 = CARTESIAN_POINT('',(1.704376171279,13.211890889329));
#7423 = CARTESIAN_POINT('',(2.726836063955,13.077130277838));
#7424 = CARTESIAN_POINT('',(3.737457742283,12.861782554349));
#7425 = CARTESIAN_POINT('',(4.728501055252,12.566562286101));
#7426 = CARTESIAN_POINT('',(5.692072882094,12.192774802927));
#7427 = CARTESIAN_POINT('',(6.620165975902,11.742441681647));
#7428 = CARTESIAN_POINT('',(7.953964907647,10.952323549245));
#7429 = CARTESIAN_POINT('',(8.391963455614,10.667207400933));
#7430 = CARTESIAN_POINT('',(8.817637155506,10.363496733859));
#7431 = CARTESIAN_POINT('',(9.22990695547,10.041649676897));
#7432 = CARTESIAN_POINT('',(9.627694509883,9.702198531412));
#7433 = CARTESIAN_POINT('',(10.009929866779,9.345759162464));
#7434 = CARTESIAN_POINT('',(10.726298073974,8.615500708875));
#7435 = CARTESIAN_POINT('',(11.061760970005,8.242975902108));
#7436 = CARTESIAN_POINT('',(11.381010678192,7.856098451812));
#7437 = CARTESIAN_POINT('',(11.683136358211,7.455574052424));
#7438 = CARTESIAN_POINT('',(11.967259368031,7.042185992109));
#7439 = CARTESIAN_POINT('',(12.232543706758,6.616802767174));
#7440 = CARTESIAN_POINT('',(12.931113617376,5.375833575934));
#7441 = CARTESIAN_POINT('',(13.317514875249,4.533483514763));
#7442 = CARTESIAN_POINT('',(13.632218391098,3.659744009914));
#7443 = CARTESIAN_POINT('',(13.871231342706,2.761636792546));
#7444 = CARTESIAN_POINT('',(14.031670876653,1.846748498123));
#7445 = CARTESIAN_POINT('',(14.111852703207,0.92324874504));
#7446 = CARTESIAN_POINT('',(14.111852703207,-0.923248745041));
#7447 = CARTESIAN_POINT('',(14.031670876654,-1.846748498118));
#7448 = CARTESIAN_POINT('',(13.871231342705,-2.761636792552));
#7449 = CARTESIAN_POINT('',(13.632218391101,-3.659744009907));
#7450 = CARTESIAN_POINT('',(13.317514875249,-4.533483514764));
#7451 = CARTESIAN_POINT('',(12.931113617377,-5.375833575932));
#7452 = CARTESIAN_POINT('',(12.232543706759,-6.616802767172));
#7453 = CARTESIAN_POINT('',(11.967259368033,-7.042185992108));
#7454 = CARTESIAN_POINT('',(11.683136358213,-7.455574052423));
#7455 = CARTESIAN_POINT('',(11.381010678193,-7.85609845181));
#7456 = CARTESIAN_POINT('',(11.061760970006,-8.242975902107));
#7457 = CARTESIAN_POINT('',(10.726298073976,-8.615500708874));
#7458 = CARTESIAN_POINT('',(10.009929866781,-9.345759162463));
#7459 = CARTESIAN_POINT('',(9.627694509884,-9.702198531411));
#7460 = CARTESIAN_POINT('',(9.229906955472,-10.04164967689));
#7461 = CARTESIAN_POINT('',(8.817637155508,-10.36349673385));
#7462 = CARTESIAN_POINT('',(8.391963455616,-10.66720740093));
#7463 = CARTESIAN_POINT('',(7.953964907649,-10.95232354924));
#7464 = CARTESIAN_POINT('',(6.620165975904,-11.74244168164));
#7465 = CARTESIAN_POINT('',(5.692072882096,-12.19277480292));
#7466 = CARTESIAN_POINT('',(4.728501055254,-12.5665622861));
#7467 = CARTESIAN_POINT('',(3.737457742284,-12.86178255434));
#7468 = CARTESIAN_POINT('',(2.726836063956,-13.07713027783));
#7469 = CARTESIAN_POINT('',(1.70437617128,-13.21189088932));
#7470 = CARTESIAN_POINT('',(0.677642176891,-13.26584070051));
#7471 = ( GEOMETRIC_REPRESENTATION_CONTEXT(2) 
PARAMETRIC_REPRESENTATION_CONTEXT() REPRESENTATION_CONTEXT('2D SPACE',''
  ) );
#7472 = ORIENTED_EDGE('',*,*,#7473,.F.);
#7473 = EDGE_CURVE('',#6602,#7291,#7474,.T.);
#7474 = SURFACE_CURVE('',#7475,(#7481,#7490),.PCURVE_S1.);
#7475 = B_SPLINE_CURVE_WITH_KNOTS('',4,(#7476,#7477,#7478,#7479,#7480),
  .UNSPECIFIED.,.F.,.F.,(5,5),(0.,1.),.PIECEWISE_BEZIER_KNOTS.);
#7476 = CARTESIAN_POINT('',(-18.5,13.265840700511,26.8));
#7477 = CARTESIAN_POINT('',(-20.75,13.265840700511,26.8));
#7478 = CARTESIAN_POINT('',(-23.,13.265840700511,26.8));
#7479 = CARTESIAN_POINT('',(-25.25,13.265840700511,26.8));
#7480 = CARTESIAN_POINT('',(-27.5,13.265840700511,26.8));
#7481 = PCURVE('',#6711,#7482);
#7482 = DEFINITIONAL_REPRESENTATION('',(#7483),#7489);
#7483 = B_SPLINE_CURVE_WITH_KNOTS('',4,(#7484,#7485,#7486,#7487,#7488),
  .UNSPECIFIED.,.F.,.F.,(5,5),(0.,1.),.PIECEWISE_BEZIER_KNOTS.);
#7484 = CARTESIAN_POINT('',(4.768621235976,-10.));
#7485 = CARTESIAN_POINT('',(4.768621235976,-7.75));
#7486 = CARTESIAN_POINT('',(4.768621235976,-5.5));
#7487 = CARTESIAN_POINT('',(4.768621235976,-3.25));
#7488 = CARTESIAN_POINT('',(4.768621235976,-1.));
#7489 = ( GEOMETRIC_REPRESENTATION_CONTEXT(2) 
PARAMETRIC_REPRESENTATION_CONTEXT() REPRESENTATION_CONTEXT('2D SPACE',''
  ) );
#7490 = PCURVE('',#6808,#7491);
#7491 = DEFINITIONAL_REPRESENTATION('',(#7492),#7498);
#7492 = B_SPLINE_CURVE_WITH_KNOTS('',4,(#7493,#7494,#7495,#7496,#7497),
  .UNSPECIFIED.,.F.,.F.,(5,5),(0.,1.),.PIECEWISE_BEZIER_KNOTS.);
#7493 = CARTESIAN_POINT('',(31.5,63.265840700511));
#7494 = CARTESIAN_POINT('',(29.25,63.265840700511));
#7495 = CARTESIAN_POINT('',(27.,63.265840700511));
#7496 = CARTESIAN_POINT('',(24.75,63.265840700511));
#7497 = CARTESIAN_POINT('',(22.5,63.265840700511));
#7498 = ( GEOMETRIC_REPRESENTATION_CONTEXT(2) 
PARAMETRIC_REPRESENTATION_CONTEXT() REPRESENTATION_CONTEXT('2D SPACE',''
  ) );
#7499 = ADVANCED_FACE('',(#7500,#7548),#6808,.F.);
#7500 = FACE_BOUND('',#7501,.F.);
#7501 = EDGE_LOOP('',(#7502,#7525,#7526,#7527));
#7502 = ORIENTED_EDGE('',*,*,#7503,.F.);
#7503 = EDGE_CURVE('',#7291,#7504,#7506,.T.);
#7504 = VERTEX_POINT('',#7505);
#7505 = CARTESIAN_POINT('',(-27.5,38.5,26.8));
#7506 = SURFACE_CURVE('',#7507,(#7511,#7518),.PCURVE_S1.);
#7507 = LINE('',#7508,#7509);
#7508 = CARTESIAN_POINT('',(-27.5,-38.5,26.8));
#7509 = VECTOR('',#7510,1.);
#7510 = DIRECTION('',(0.,1.,0.));
#7511 = PCURVE('',#6808,#7512);
#7512 = DEFINITIONAL_REPRESENTATION('',(#7513),#7517);
#7513 = LINE('',#7514,#7515);
#7514 = CARTESIAN_POINT('',(22.5,11.5));
#7515 = VECTOR('',#7516,1.);
#7516 = DIRECTION('',(0.,1.));
#7517 = ( GEOMETRIC_REPRESENTATION_CONTEXT(2) 
PARAMETRIC_REPRESENTATION_CONTEXT() REPRESENTATION_CONTEXT('2D SPACE',''
  ) );
#7518 = PCURVE('',#7061,#7519);
#7519 = DEFINITIONAL_REPRESENTATION('',(#7520),#7524);
#7520 = LINE('',#7521,#7522);
#7521 = CARTESIAN_POINT('',(0.677642176891,38.5));
#7522 = VECTOR('',#7523,1.);
#7523 = DIRECTION('',(0.,-1.));
#7524 = ( GEOMETRIC_REPRESENTATION_CONTEXT(2) 
PARAMETRIC_REPRESENTATION_CONTEXT() REPRESENTATION_CONTEXT('2D SPACE',''
  ) );
#7525 = ORIENTED_EDGE('',*,*,#7473,.F.);
#7526 = ORIENTED_EDGE('',*,*,#6792,.T.);
#7527 = ORIENTED_EDGE('',*,*,#7528,.F.);
#7528 = EDGE_CURVE('',#7504,#6793,#7529,.T.);
#7529 = SURFACE_CURVE('',#7530,(#7534,#7541),.PCURVE_S1.);
#7530 = LINE('',#7531,#7532);
#7531 = CARTESIAN_POINT('',(-27.5,38.5,26.8));
#7532 = VECTOR('',#7533,1.);
#7533 = DIRECTION('',(1.,0.,0.));
#7534 = PCURVE('',#6808,#7535);
#7535 = DEFINITIONAL_REPRESENTATION('',(#7536),#7540);
#7536 = LINE('',#7537,#7538);
#7537 = CARTESIAN_POINT('',(22.5,88.5));
#7538 = VECTOR('',#7539,1.);
#7539 = DIRECTION('',(1.,0.));
#7540 = ( GEOMETRIC_REPRESENTATION_CONTEXT(2) 
PARAMETRIC_REPRESENTATION_CONTEXT() REPRESENTATION_CONTEXT('2D SPACE',''
  ) );
#7541 = PCURVE('',#6836,#7542);
#7542 = DEFINITIONAL_REPRESENTATION('',(#7543),#7547);
#7543 = LINE('',#7544,#7545);
#7544 = CARTESIAN_POINT('',(0.,0.));
#7545 = VECTOR('',#7546,1.);
#7546 = DIRECTION('',(0.,1.));
#7547 = ( GEOMETRIC_REPRESENTATION_CONTEXT(2) 
PARAMETRIC_REPRESENTATION_CONTEXT() REPRESENTATION_CONTEXT('2D SPACE',''
  ) );
#7548 = FACE_BOUND('',#7549,.F.);
#7549 = EDGE_LOOP('',(#7550));
#7550 = ORIENTED_EDGE('',*,*,#7551,.T.);
#7551 = EDGE_CURVE('',#7552,#7552,#7554,.T.);
#7552 = VERTEX_POINT('',#7553);
#7553 = CARTESIAN_POINT('',(-21.3,32.,26.8));
#7554 = SURFACE_CURVE('',#7555,(#7560,#7571),.PCURVE_S1.);
#7555 = CIRCLE('',#7556,1.7);
#7556 = AXIS2_PLACEMENT_3D('',#7557,#7558,#7559);
#7557 = CARTESIAN_POINT('',(-23.,32.,26.8));
#7558 = DIRECTION('',(0.,0.,-1.));
#7559 = DIRECTION('',(1.,0.,0.));
#7560 = PCURVE('',#6808,#7561);
#7561 = DEFINITIONAL_REPRESENTATION('',(#7562),#7570);
#7562 = ( BOUNDED_CURVE() B_SPLINE_CURVE(2,(#7563,#7564,#7565,#7566,
#7567,#7568,#7569),.UNSPECIFIED.,.T.,.F.) B_SPLINE_CURVE_WITH_KNOTS((1,2
    ,2,2,2,1),(-2.094395102393,0.,2.094395102393,4.188790204786,
6.28318530718,8.377580409573),.UNSPECIFIED.) CURVE() 
GEOMETRIC_REPRESENTATION_ITEM() RATIONAL_B_SPLINE_CURVE((1.,0.5,1.,0.5,
1.,0.5,1.)) REPRESENTATION_ITEM('') );
#7563 = CARTESIAN_POINT('',(28.7,82.));
#7564 = CARTESIAN_POINT('',(28.7,79.055513627133));
#7565 = CARTESIAN_POINT('',(26.15,80.527756813566));
#7566 = CARTESIAN_POINT('',(23.6,82.));
#7567 = CARTESIAN_POINT('',(26.15,83.472243186434));
#7568 = CARTESIAN_POINT('',(28.7,84.944486372867));
#7569 = CARTESIAN_POINT('',(28.7,82.));
#7570 = ( GEOMETRIC_REPRESENTATION_CONTEXT(2) 
PARAMETRIC_REPRESENTATION_CONTEXT() REPRESENTATION_CONTEXT('2D SPACE',''
  ) );
#7571 = PCURVE('',#7572,#7577);
#7572 = CYLINDRICAL_SURFACE('',#7573,1.7);
#7573 = AXIS2_PLACEMENT_3D('',#7574,#7575,#7576);
#7574 = CARTESIAN_POINT('',(-23.,32.,26.));
#7575 = DIRECTION('',(-0.,-0.,-1.));
#7576 = DIRECTION('',(1.,0.,0.));
#7577 = DEFINITIONAL_REPRESENTATION('',(#7578),#7582);
#7578 = LINE('',#7579,#7580);
#7579 = CARTESIAN_POINT('',(-6.28318530718,-0.8));
#7580 = VECTOR('',#7581,1.);
#7581 = DIRECTION('',(1.,-0.));
#7582 = ( GEOMETRIC_REPRESENTATION_CONTEXT(2) 
PARAMETRIC_REPRESENTATION_CONTEXT() REPRESENTATION_CONTEXT('2D SPACE',''
  ) );
#7583 = ADVANCED_FACE('',(#7584),#6836,.T.);
#7584 = FACE_BOUND('',#7585,.T.);
#7585 = EDGE_LOOP('',(#7586,#7587,#7610,#7631));
#7586 = ORIENTED_EDGE('',*,*,#7528,.F.);
#7587 = ORIENTED_EDGE('',*,*,#7588,.T.);
#7588 = EDGE_CURVE('',#7504,#7589,#7591,.T.);
#7589 = VERTEX_POINT('',#7590);
#7590 = CARTESIAN_POINT('',(-27.5,38.5,31.8));
#7591 = SURFACE_CURVE('',#7592,(#7596,#7603),.PCURVE_S1.);
#7592 = LINE('',#7593,#7594);
#7593 = CARTESIAN_POINT('',(-27.5,38.5,26.8));
#7594 = VECTOR('',#7595,1.);
#7595 = DIRECTION('',(0.,0.,1.));
#7596 = PCURVE('',#6836,#7597);
#7597 = DEFINITIONAL_REPRESENTATION('',(#7598),#7602);
#7598 = LINE('',#7599,#7600);
#7599 = CARTESIAN_POINT('',(0.,0.));
#7600 = VECTOR('',#7601,1.);
#7601 = DIRECTION('',(1.,0.));
#7602 = ( GEOMETRIC_REPRESENTATION_CONTEXT(2) 
PARAMETRIC_REPRESENTATION_CONTEXT() REPRESENTATION_CONTEXT('2D SPACE',''
  ) );
#7603 = PCURVE('',#7061,#7604);
#7604 = DEFINITIONAL_REPRESENTATION('',(#7605),#7609);
#7605 = LINE('',#7606,#7607);
#7606 = CARTESIAN_POINT('',(0.677642176891,-38.5));
#7607 = VECTOR('',#7608,1.);
#7608 = DIRECTION('',(1.,0.));
#7609 = ( GEOMETRIC_REPRESENTATION_CONTEXT(2) 
PARAMETRIC_REPRESENTATION_CONTEXT() REPRESENTATION_CONTEXT('2D SPACE',''
  ) );
#7610 = ORIENTED_EDGE('',*,*,#7611,.T.);
#7611 = EDGE_CURVE('',#7589,#6821,#7612,.T.);
#7612 = SURFACE_CURVE('',#7613,(#7617,#7624),.PCURVE_S1.);
#7613 = LINE('',#7614,#7615);
#7614 = CARTESIAN_POINT('',(-27.5,38.5,31.8));
#7615 = VECTOR('',#7616,1.);
#7616 = DIRECTION('',(1.,0.,0.));
#7617 = PCURVE('',#6836,#7618);
#7618 = DEFINITIONAL_REPRESENTATION('',(#7619),#7623);
#7619 = LINE('',#7620,#7621);
#7620 = CARTESIAN_POINT('',(5.,0.));
#7621 = VECTOR('',#7622,1.);
#7622 = DIRECTION('',(0.,1.));
#7623 = ( GEOMETRIC_REPRESENTATION_CONTEXT(2) 
PARAMETRIC_REPRESENTATION_CONTEXT() REPRESENTATION_CONTEXT('2D SPACE',''
  ) );
#7624 = PCURVE('',#6864,#7625);
#7625 = DEFINITIONAL_REPRESENTATION('',(#7626),#7630);
#7626 = LINE('',#7627,#7628);
#7627 = CARTESIAN_POINT('',(0.,23.5));
#7628 = VECTOR('',#7629,1.);
#7629 = DIRECTION('',(1.,0.));
#7630 = ( GEOMETRIC_REPRESENTATION_CONTEXT(2) 
PARAMETRIC_REPRESENTATION_CONTEXT() REPRESENTATION_CONTEXT('2D SPACE',''
  ) );
#7631 = ORIENTED_EDGE('',*,*,#6820,.F.);
#7632 = ADVANCED_FACE('',(#7633,#7681),#6864,.T.);
#7633 = FACE_BOUND('',#7634,.T.);
#7634 = EDGE_LOOP('',(#7635,#7658,#7679,#7680));
#7635 = ORIENTED_EDGE('',*,*,#7636,.F.);
#7636 = EDGE_CURVE('',#7637,#7589,#7639,.T.);
#7637 = VERTEX_POINT('',#7638);
#7638 = CARTESIAN_POINT('',(-27.5,26.,31.8));
#7639 = SURFACE_CURVE('',#7640,(#7644,#7651),.PCURVE_S1.);
#7640 = LINE('',#7641,#7642);
#7641 = CARTESIAN_POINT('',(-27.5,15.,31.8));
#7642 = VECTOR('',#7643,1.);
#7643 = DIRECTION('',(0.,1.,0.));
#7644 = PCURVE('',#6864,#7645);
#7645 = DEFINITIONAL_REPRESENTATION('',(#7646),#7650);
#7646 = LINE('',#7647,#7648);
#7647 = CARTESIAN_POINT('',(0.,0.));
#7648 = VECTOR('',#7649,1.);
#7649 = DIRECTION('',(0.,1.));
#7650 = ( GEOMETRIC_REPRESENTATION_CONTEXT(2) 
PARAMETRIC_REPRESENTATION_CONTEXT() REPRESENTATION_CONTEXT('2D SPACE',''
  ) );
#7651 = PCURVE('',#7061,#7652);
#7652 = DEFINITIONAL_REPRESENTATION('',(#7653),#7657);
#7653 = LINE('',#7654,#7655);
#7654 = CARTESIAN_POINT('',(5.677642176891,-15.));
#7655 = VECTOR('',#7656,1.);
#7656 = DIRECTION('',(0.,-1.));
#7657 = ( GEOMETRIC_REPRESENTATION_CONTEXT(2) 
PARAMETRIC_REPRESENTATION_CONTEXT() REPRESENTATION_CONTEXT('2D SPACE',''
  ) );
#7658 = ORIENTED_EDGE('',*,*,#7659,.T.);
#7659 = EDGE_CURVE('',#7637,#6849,#7660,.T.);
#7660 = SURFACE_CURVE('',#7661,(#7665,#7672),.PCURVE_S1.);
#7661 = LINE('',#7662,#7663);
#7662 = CARTESIAN_POINT('',(-27.5,26.,31.8));
#7663 = VECTOR('',#7664,1.);
#7664 = DIRECTION('',(1.,0.,0.));
#7665 = PCURVE('',#6864,#7666);
#7666 = DEFINITIONAL_REPRESENTATION('',(#7667),#7671);
#7667 = LINE('',#7668,#7669);
#7668 = CARTESIAN_POINT('',(0.,11.));
#7669 = VECTOR('',#7670,1.);
#7670 = DIRECTION('',(1.,0.));
#7671 = ( GEOMETRIC_REPRESENTATION_CONTEXT(2) 
PARAMETRIC_REPRESENTATION_CONTEXT() REPRESENTATION_CONTEXT('2D SPACE',''
  ) );
#7672 = PCURVE('',#6892,#7673);
#7673 = DEFINITIONAL_REPRESENTATION('',(#7674),#7678);
#7674 = LINE('',#7675,#7676);
#7675 = CARTESIAN_POINT('',(0.,0.));
#7676 = VECTOR('',#7677,1.);
#7677 = DIRECTION('',(0.,1.));
#7678 = ( GEOMETRIC_REPRESENTATION_CONTEXT(2) 
PARAMETRIC_REPRESENTATION_CONTEXT() REPRESENTATION_CONTEXT('2D SPACE',''
  ) );
#7679 = ORIENTED_EDGE('',*,*,#6848,.T.);
#7680 = ORIENTED_EDGE('',*,*,#7611,.F.);
#7681 = FACE_BOUND('',#7682,.T.);
#7682 = EDGE_LOOP('',(#7683));
#7683 = ORIENTED_EDGE('',*,*,#7684,.T.);
#7684 = EDGE_CURVE('',#7685,#7685,#7687,.T.);
#7685 = VERTEX_POINT('',#7686);
#7686 = CARTESIAN_POINT('',(-21.3,32.,31.8));
#7687 = SURFACE_CURVE('',#7688,(#7693,#7704),.PCURVE_S1.);
#7688 = CIRCLE('',#7689,1.7);
#7689 = AXIS2_PLACEMENT_3D('',#7690,#7691,#7692);
#7690 = CARTESIAN_POINT('',(-23.,32.,31.8));
#7691 = DIRECTION('',(0.,0.,-1.));
#7692 = DIRECTION('',(1.,0.,0.));
#7693 = PCURVE('',#6864,#7694);
#7694 = DEFINITIONAL_REPRESENTATION('',(#7695),#7703);
#7695 = ( BOUNDED_CURVE() B_SPLINE_CURVE(2,(#7696,#7697,#7698,#7699,
#7700,#7701,#7702),.UNSPECIFIED.,.T.,.F.) B_SPLINE_CURVE_WITH_KNOTS((1,2
    ,2,2,2,1),(-2.094395102393,0.,2.094395102393,4.188790204786,
6.28318530718,8.377580409573),.UNSPECIFIED.) CURVE() 
GEOMETRIC_REPRESENTATION_ITEM() RATIONAL_B_SPLINE_CURVE((1.,0.5,1.,0.5,
1.,0.5,1.)) REPRESENTATION_ITEM('') );
#7696 = CARTESIAN_POINT('',(6.2,17.));
#7697 = CARTESIAN_POINT('',(6.2,14.055513627133));
#7698 = CARTESIAN_POINT('',(3.65,15.527756813566));
#7699 = CARTESIAN_POINT('',(1.1,17.));
#7700 = CARTESIAN_POINT('',(3.65,18.472243186434));
#7701 = CARTESIAN_POINT('',(6.2,19.944486372867));
#7702 = CARTESIAN_POINT('',(6.2,17.));
#7703 = ( GEOMETRIC_REPRESENTATION_CONTEXT(2) 
PARAMETRIC_REPRESENTATION_CONTEXT() REPRESENTATION_CONTEXT('2D SPACE',''
  ) );
#7704 = PCURVE('',#7572,#7705);
#7705 = DEFINITIONAL_REPRESENTATION('',(#7706),#7710);
#7706 = LINE('',#7707,#7708);
#7707 = CARTESIAN_POINT('',(-6.28318530718,-5.8));
#7708 = VECTOR('',#7709,1.);
#7709 = DIRECTION('',(1.,-0.));
#7710 = ( GEOMETRIC_REPRESENTATION_CONTEXT(2) 
PARAMETRIC_REPRESENTATION_CONTEXT() REPRESENTATION_CONTEXT('2D SPACE',''
  ) );
#7711 = ADVANCED_FACE('',(#7712),#6892,.T.);
#7712 = FACE_BOUND('',#7713,.T.);
#7713 = EDGE_LOOP('',(#7714,#7715,#7738,#7759));
#7714 = ORIENTED_EDGE('',*,*,#7659,.F.);
#7715 = ORIENTED_EDGE('',*,*,#7716,.T.);
#7716 = EDGE_CURVE('',#7637,#7717,#7719,.T.);
#7717 = VERTEX_POINT('',#7718);
#7718 = CARTESIAN_POINT('',(-27.5,26.,33.8));
#7719 = SURFACE_CURVE('',#7720,(#7724,#7731),.PCURVE_S1.);
#7720 = LINE('',#7721,#7722);
#7721 = CARTESIAN_POINT('',(-27.5,26.,31.8));
#7722 = VECTOR('',#7723,1.);
#7723 = DIRECTION('',(0.,0.,1.));
#7724 = PCURVE('',#6892,#7725);
#7725 = DEFINITIONAL_REPRESENTATION('',(#7726),#7730);
#7726 = LINE('',#7727,#7728);
#7727 = CARTESIAN_POINT('',(0.,0.));
#7728 = VECTOR('',#7729,1.);
#7729 = DIRECTION('',(1.,0.));
#7730 = ( GEOMETRIC_REPRESENTATION_CONTEXT(2) 
PARAMETRIC_REPRESENTATION_CONTEXT() REPRESENTATION_CONTEXT('2D SPACE',''
  ) );
#7731 = PCURVE('',#7061,#7732);
#7732 = DEFINITIONAL_REPRESENTATION('',(#7733),#7737);
#7733 = LINE('',#7734,#7735);
#7734 = CARTESIAN_POINT('',(5.677642176891,-26.));
#7735 = VECTOR('',#7736,1.);
#7736 = DIRECTION('',(1.,0.));
#7737 = ( GEOMETRIC_REPRESENTATION_CONTEXT(2) 
PARAMETRIC_REPRESENTATION_CONTEXT() REPRESENTATION_CONTEXT('2D SPACE',''
  ) );
#7738 = ORIENTED_EDGE('',*,*,#7739,.T.);
#7739 = EDGE_CURVE('',#7717,#6877,#7740,.T.);
#7740 = SURFACE_CURVE('',#7741,(#7745,#7752),.PCURVE_S1.);
#7741 = LINE('',#7742,#7743);
#7742 = CARTESIAN_POINT('',(-27.5,26.,33.8));
#7743 = VECTOR('',#7744,1.);
#7744 = DIRECTION('',(1.,0.,0.));
#7745 = PCURVE('',#6892,#7746);
#7746 = DEFINITIONAL_REPRESENTATION('',(#7747),#7751);
#7747 = LINE('',#7748,#7749);
#7748 = CARTESIAN_POINT('',(2.,0.));
#7749 = VECTOR('',#7750,1.);
#7750 = DIRECTION('',(0.,1.));
#7751 = ( GEOMETRIC_REPRESENTATION_CONTEXT(2) 
PARAMETRIC_REPRESENTATION_CONTEXT() REPRESENTATION_CONTEXT('2D SPACE',''
  ) );
#7752 = PCURVE('',#6920,#7753);
#7753 = DEFINITIONAL_REPRESENTATION('',(#7754),#7758);
#7754 = LINE('',#7755,#7756);
#7755 = CARTESIAN_POINT('',(0.,11.));
#7756 = VECTOR('',#7757,1.);
#7757 = DIRECTION('',(1.,0.));
#7758 = ( GEOMETRIC_REPRESENTATION_CONTEXT(2) 
PARAMETRIC_REPRESENTATION_CONTEXT() REPRESENTATION_CONTEXT('2D SPACE',''
  ) );
#7759 = ORIENTED_EDGE('',*,*,#6876,.F.);
#7760 = ADVANCED_FACE('',(#7761),#6920,.T.);
#7761 = FACE_BOUND('',#7762,.T.);
#7762 = EDGE_LOOP('',(#7763,#7786,#7813,#7814));
#7763 = ORIENTED_EDGE('',*,*,#7764,.F.);
#7764 = EDGE_CURVE('',#7765,#7717,#7767,.T.);
#7765 = VERTEX_POINT('',#7766);
#7766 = CARTESIAN_POINT('',(-27.5,15.625384186259,33.8));
#7767 = SURFACE_CURVE('',#7768,(#7772,#7779),.PCURVE_S1.);
#7768 = LINE('',#7769,#7770);
#7769 = CARTESIAN_POINT('',(-27.5,15.,33.8));
#7770 = VECTOR('',#7771,1.);
#7771 = DIRECTION('',(0.,1.,0.));
#7772 = PCURVE('',#6920,#7773);
#7773 = DEFINITIONAL_REPRESENTATION('',(#7774),#7778);
#7774 = LINE('',#7775,#7776);
#7775 = CARTESIAN_POINT('',(0.,0.));
#7776 = VECTOR('',#7777,1.);
#7777 = DIRECTION('',(0.,1.));
#7778 = ( GEOMETRIC_REPRESENTATION_CONTEXT(2) 
PARAMETRIC_REPRESENTATION_CONTEXT() REPRESENTATION_CONTEXT('2D SPACE',''
  ) );
#7779 = PCURVE('',#7061,#7780);
#7780 = DEFINITIONAL_REPRESENTATION('',(#7781),#7785);
#7781 = LINE('',#7782,#7783);
#7782 = CARTESIAN_POINT('',(7.677642176891,-15.));
#7783 = VECTOR('',#7784,1.);
#7784 = DIRECTION('',(0.,-1.));
#7785 = ( GEOMETRIC_REPRESENTATION_CONTEXT(2) 
PARAMETRIC_REPRESENTATION_CONTEXT() REPRESENTATION_CONTEXT('2D SPACE',''
  ) );
#7786 = ORIENTED_EDGE('',*,*,#7787,.F.);
#7787 = EDGE_CURVE('',#6905,#7765,#7788,.T.);
#7788 = SURFACE_CURVE('',#7789,(#7795,#7804),.PCURVE_S1.);
#7789 = B_SPLINE_CURVE_WITH_KNOTS('',4,(#7790,#7791,#7792,#7793,#7794),
  .UNSPECIFIED.,.F.,.F.,(5,5),(0.,1.),.PIECEWISE_BEZIER_KNOTS.);
#7790 = CARTESIAN_POINT('',(-18.5,15.625384186259,33.8));
#7791 = CARTESIAN_POINT('',(-20.74999999977,15.625384186259,33.8));
#7792 = CARTESIAN_POINT('',(-23.00000000001,15.625384186259,33.8));
#7793 = CARTESIAN_POINT('',(-25.25000000022,15.625384186259,33.8));
#7794 = CARTESIAN_POINT('',(-27.5,15.625384186259,33.8));
#7795 = PCURVE('',#6920,#7796);
#7796 = DEFINITIONAL_REPRESENTATION('',(#7797),#7803);
#7797 = B_SPLINE_CURVE_WITH_KNOTS('',4,(#7798,#7799,#7800,#7801,#7802),
  .UNSPECIFIED.,.F.,.F.,(5,5),(0.,1.),.PIECEWISE_BEZIER_KNOTS.);
#7798 = CARTESIAN_POINT('',(9.,0.625384186259));
#7799 = CARTESIAN_POINT('',(6.750000000225,0.625384186259));
#7800 = CARTESIAN_POINT('',(4.499999999981,0.625384186259));
#7801 = CARTESIAN_POINT('',(2.249999999775,0.625384186259));
#7802 = CARTESIAN_POINT('',(0.,0.625384186259));
#7803 = ( GEOMETRIC_REPRESENTATION_CONTEXT(2) 
PARAMETRIC_REPRESENTATION_CONTEXT() REPRESENTATION_CONTEXT('2D SPACE',''
  ) );
#7804 = PCURVE('',#6949,#7805);
#7805 = DEFINITIONAL_REPRESENTATION('',(#7806),#7812);
#7806 = B_SPLINE_CURVE_WITH_KNOTS('',4,(#7807,#7808,#7809,#7810,#7811),
  .UNSPECIFIED.,.F.,.F.,(5,5),(0.,1.),.PIECEWISE_BEZIER_KNOTS.);
#7807 = CARTESIAN_POINT('',(5.154410265294,-8.9999999991));
#7808 = CARTESIAN_POINT('',(5.154410265294,-6.749999999325));
#7809 = CARTESIAN_POINT('',(5.154410265294,-4.500000000019));
#7810 = CARTESIAN_POINT('',(5.154410265294,-2.250000000675));
#7811 = CARTESIAN_POINT('',(5.154410265294,-8.999396783338E-10));
#7812 = ( GEOMETRIC_REPRESENTATION_CONTEXT(2) 
PARAMETRIC_REPRESENTATION_CONTEXT() REPRESENTATION_CONTEXT('2D SPACE',''
  ) );
#7813 = ORIENTED_EDGE('',*,*,#6904,.T.);
#7814 = ORIENTED_EDGE('',*,*,#7739,.F.);
#7815 = ADVANCED_FACE('',(#7816),#6949,.F.);
#7816 = FACE_BOUND('',#7817,.F.);
#7817 = EDGE_LOOP('',(#7818,#7819,#7820,#7821,#7850,#7873));
#7818 = ORIENTED_EDGE('',*,*,#7787,.F.);
#7819 = ORIENTED_EDGE('',*,*,#6932,.T.);
#7820 = ORIENTED_EDGE('',*,*,#6963,.T.);
#7821 = ORIENTED_EDGE('',*,*,#7822,.T.);
#7822 = EDGE_CURVE('',#6964,#7823,#7825,.T.);
#7823 = VERTEX_POINT('',#7824);
#7824 = CARTESIAN_POINT('',(-27.5,-15.62538418625,33.8));
#7825 = SURFACE_CURVE('',#7826,(#7832,#7841),.PCURVE_S1.);
#7826 = B_SPLINE_CURVE_WITH_KNOTS('',4,(#7827,#7828,#7829,#7830,#7831),
  .UNSPECIFIED.,.F.,.F.,(5,5),(0.,1.),.PIECEWISE_BEZIER_KNOTS.);
#7827 = CARTESIAN_POINT('',(-18.5,-15.62538418625,33.8));
#7828 = CARTESIAN_POINT('',(-20.74999999977,-15.62538418625,33.8));
#7829 = CARTESIAN_POINT('',(-23.00000000001,-15.62538418625,33.8));
#7830 = CARTESIAN_POINT('',(-25.25000000022,-15.62538418625,33.8));
#7831 = CARTESIAN_POINT('',(-27.5,-15.62538418625,33.8));
#7832 = PCURVE('',#6949,#7833);
#7833 = DEFINITIONAL_REPRESENTATION('',(#7834),#7840);
#7834 = B_SPLINE_CURVE_WITH_KNOTS('',4,(#7835,#7836,#7837,#7838,#7839),
  .UNSPECIFIED.,.F.,.F.,(5,5),(0.,1.),.PIECEWISE_BEZIER_KNOTS.);
#7835 = CARTESIAN_POINT('',(7.411960349066,-8.9999999991));
#7836 = CARTESIAN_POINT('',(7.411960349066,-6.749999999325));
#7837 = CARTESIAN_POINT('',(7.411960349066,-4.500000000019));
#7838 = CARTESIAN_POINT('',(7.411960349066,-2.250000000675));
#7839 = CARTESIAN_POINT('',(7.411960349066,-8.999396783338E-10));
#7840 = ( GEOMETRIC_REPRESENTATION_CONTEXT(2) 
PARAMETRIC_REPRESENTATION_CONTEXT() REPRESENTATION_CONTEXT('2D SPACE',''
  ) );
#7841 = PCURVE('',#7002,#7842);
#7842 = DEFINITIONAL_REPRESENTATION('',(#7843),#7849);
#7843 = B_SPLINE_CURVE_WITH_KNOTS('',4,(#7844,#7845,#7846,#7847,#7848),
  .UNSPECIFIED.,.F.,.F.,(5,5),(0.,1.),.PIECEWISE_BEZIER_KNOTS.);
#7844 = CARTESIAN_POINT('',(9.,10.374615813741));
#7845 = CARTESIAN_POINT('',(6.750000000225,10.374615813741));
#7846 = CARTESIAN_POINT('',(4.499999999981,10.374615813741));
#7847 = CARTESIAN_POINT('',(2.249999999775,10.374615813741));
#7848 = CARTESIAN_POINT('',(0.,10.374615813741));
#7849 = ( GEOMETRIC_REPRESENTATION_CONTEXT(2) 
PARAMETRIC_REPRESENTATION_CONTEXT() REPRESENTATION_CONTEXT('2D SPACE',''
  ) );
#7850 = ORIENTED_EDGE('',*,*,#7851,.F.);
#7851 = EDGE_CURVE('',#7852,#7823,#7854,.T.);
#7852 = VERTEX_POINT('',#7853);
#7853 = CARTESIAN_POINT('',(-27.5,2.024404036218E-15,44.234210526316));
#7854 = SURFACE_CURVE('',#7855,(#7860,#7866),.PCURVE_S1.);
#7855 = ELLIPSE('',#7856,18.234210526316,17.286842105263);
#7856 = AXIS2_PLACEMENT_3D('',#7857,#7858,#7859);
#7857 = CARTESIAN_POINT('',(-27.5,0.,26.));
#7858 = DIRECTION('',(1.,0.,-0.));
#7859 = DIRECTION('',(0.,1.110223024625E-16,1.));
#7860 = PCURVE('',#6949,#7861);
#7861 = DEFINITIONAL_REPRESENTATION('',(#7862),#7865);
#7862 = B_SPLINE_CURVE_WITH_KNOTS('',1,(#7863,#7864),.UNSPECIFIED.,.F.,
  .F.,(2,2),(0.,1.526908664453),.PIECEWISE_BEZIER_KNOTS.);
#7863 = CARTESIAN_POINT('',(6.28318530718,0.));
#7864 = CARTESIAN_POINT('',(7.810093971633,0.));
#7865 = ( GEOMETRIC_REPRESENTATION_CONTEXT(2) 
PARAMETRIC_REPRESENTATION_CONTEXT() REPRESENTATION_CONTEXT('2D SPACE',''
  ) );
#7866 = PCURVE('',#7061,#7867);
#7867 = DEFINITIONAL_REPRESENTATION('',(#7868),#7872);
#7868 = ELLIPSE('',#7869,18.234210526316,17.286842105263);
#7869 = AXIS2_PLACEMENT_2D('',#7870,#7871);
#7870 = CARTESIAN_POINT('',(-0.122357823109,-1.746000824833E-16));
#7871 = DIRECTION('',(1.,-1.110223024625E-16));
#7872 = ( GEOMETRIC_REPRESENTATION_CONTEXT(2) 
PARAMETRIC_REPRESENTATION_CONTEXT() REPRESENTATION_CONTEXT('2D SPACE',''
  ) );
#7873 = ORIENTED_EDGE('',*,*,#7874,.F.);
#7874 = EDGE_CURVE('',#7765,#7852,#7875,.T.);
#7875 = SURFACE_CURVE('',#7876,(#7881,#7887),.PCURVE_S1.);
#7876 = ELLIPSE('',#7877,18.234210526316,17.286842105263);
#7877 = AXIS2_PLACEMENT_3D('',#7878,#7879,#7880);
#7878 = CARTESIAN_POINT('',(-27.5,0.,26.));
#7879 = DIRECTION('',(1.,0.,-0.));
#7880 = DIRECTION('',(0.,1.110223024625E-16,1.));
#7881 = PCURVE('',#6949,#7882);
#7882 = DEFINITIONAL_REPRESENTATION('',(#7883),#7886);
#7883 = B_SPLINE_CURVE_WITH_KNOTS('',1,(#7884,#7885),.UNSPECIFIED.,.F.,
  .F.,(2,2),(4.756276642726,6.28318530718),.PIECEWISE_BEZIER_KNOTS.);
#7884 = CARTESIAN_POINT('',(4.756276642726,0.));
#7885 = CARTESIAN_POINT('',(6.28318530718,0.));
#7886 = ( GEOMETRIC_REPRESENTATION_CONTEXT(2) 
PARAMETRIC_REPRESENTATION_CONTEXT() REPRESENTATION_CONTEXT('2D SPACE',''
  ) );
#7887 = PCURVE('',#7061,#7888);
#7888 = DEFINITIONAL_REPRESENTATION('',(#7889),#7893);
#7889 = ELLIPSE('',#7890,18.234210526316,17.286842105263);
#7890 = AXIS2_PLACEMENT_2D('',#7891,#7892);
#7891 = CARTESIAN_POINT('',(-0.122357823109,-1.746000824833E-16));
#7892 = DIRECTION('',(1.,-1.110223024625E-16));
#7893 = ( GEOMETRIC_REPRESENTATION_CONTEXT(2) 
PARAMETRIC_REPRESENTATION_CONTEXT() REPRESENTATION_CONTEXT('2D SPACE',''
  ) );
#7894 = ADVANCED_FACE('',(#7895),#7002,.T.);
#7895 = FACE_BOUND('',#7896,.T.);
#7896 = EDGE_LOOP('',(#7897,#7920,#7941,#7942));
#7897 = ORIENTED_EDGE('',*,*,#7898,.F.);
#7898 = EDGE_CURVE('',#7899,#7823,#7901,.T.);
#7899 = VERTEX_POINT('',#7900);
#7900 = CARTESIAN_POINT('',(-27.5,-26.,33.8));
#7901 = SURFACE_CURVE('',#7902,(#7906,#7913),.PCURVE_S1.);
#7902 = LINE('',#7903,#7904);
#7903 = CARTESIAN_POINT('',(-27.5,-26.,33.8));
#7904 = VECTOR('',#7905,1.);
#7905 = DIRECTION('',(0.,1.,0.));
#7906 = PCURVE('',#7002,#7907);
#7907 = DEFINITIONAL_REPRESENTATION('',(#7908),#7912);
#7908 = LINE('',#7909,#7910);
#7909 = CARTESIAN_POINT('',(0.,0.));
#7910 = VECTOR('',#7911,1.);
#7911 = DIRECTION('',(0.,1.));
#7912 = ( GEOMETRIC_REPRESENTATION_CONTEXT(2) 
PARAMETRIC_REPRESENTATION_CONTEXT() REPRESENTATION_CONTEXT('2D SPACE',''
  ) );
#7913 = PCURVE('',#7061,#7914);
#7914 = DEFINITIONAL_REPRESENTATION('',(#7915),#7919);
#7915 = LINE('',#7916,#7917);
#7916 = CARTESIAN_POINT('',(7.677642176891,26.));
#7917 = VECTOR('',#7918,1.);
#7918 = DIRECTION('',(0.,-1.));
#7919 = ( GEOMETRIC_REPRESENTATION_CONTEXT(2) 
PARAMETRIC_REPRESENTATION_CONTEXT() REPRESENTATION_CONTEXT('2D SPACE',''
  ) );
#7920 = ORIENTED_EDGE('',*,*,#7921,.T.);
#7921 = EDGE_CURVE('',#7899,#6987,#7922,.T.);
#7922 = SURFACE_CURVE('',#7923,(#7927,#7934),.PCURVE_S1.);
#7923 = LINE('',#7924,#7925);
#7924 = CARTESIAN_POINT('',(-27.5,-26.,33.8));
#7925 = VECTOR('',#7926,1.);
#7926 = DIRECTION('',(1.,0.,0.));
#7927 = PCURVE('',#7002,#7928);
#7928 = DEFINITIONAL_REPRESENTATION('',(#7929),#7933);
#7929 = LINE('',#7930,#7931);
#7930 = CARTESIAN_POINT('',(0.,0.));
#7931 = VECTOR('',#7932,1.);
#7932 = DIRECTION('',(1.,0.));
#7933 = ( GEOMETRIC_REPRESENTATION_CONTEXT(2) 
PARAMETRIC_REPRESENTATION_CONTEXT() REPRESENTATION_CONTEXT('2D SPACE',''
  ) );
#7934 = PCURVE('',#7028,#7935);
#7935 = DEFINITIONAL_REPRESENTATION('',(#7936),#7940);
#7936 = LINE('',#7937,#7938);
#7937 = CARTESIAN_POINT('',(2.,0.));
#7938 = VECTOR('',#7939,1.);
#7939 = DIRECTION('',(0.,1.));
#7940 = ( GEOMETRIC_REPRESENTATION_CONTEXT(2) 
PARAMETRIC_REPRESENTATION_CONTEXT() REPRESENTATION_CONTEXT('2D SPACE',''
  ) );
#7941 = ORIENTED_EDGE('',*,*,#6986,.T.);
#7942 = ORIENTED_EDGE('',*,*,#7822,.T.);
#7943 = ADVANCED_FACE('',(#7944),#7028,.F.);
#7944 = FACE_BOUND('',#7945,.F.);
#7945 = EDGE_LOOP('',(#7946,#7947,#7968,#7969));
#7946 = ORIENTED_EDGE('',*,*,#7095,.F.);
#7947 = ORIENTED_EDGE('',*,*,#7948,.T.);
#7948 = EDGE_CURVE('',#7046,#7899,#7949,.T.);
#7949 = SURFACE_CURVE('',#7950,(#7954,#7961),.PCURVE_S1.);
#7950 = LINE('',#7951,#7952);
#7951 = CARTESIAN_POINT('',(-27.5,-26.,31.8));
#7952 = VECTOR('',#7953,1.);
#7953 = DIRECTION('',(0.,0.,1.));
#7954 = PCURVE('',#7028,#7955);
#7955 = DEFINITIONAL_REPRESENTATION('',(#7956),#7960);
#7956 = LINE('',#7957,#7958);
#7957 = CARTESIAN_POINT('',(0.,0.));
#7958 = VECTOR('',#7959,1.);
#7959 = DIRECTION('',(1.,0.));
#7960 = ( GEOMETRIC_REPRESENTATION_CONTEXT(2) 
PARAMETRIC_REPRESENTATION_CONTEXT() REPRESENTATION_CONTEXT('2D SPACE',''
  ) );
#7961 = PCURVE('',#7061,#7962);
#7962 = DEFINITIONAL_REPRESENTATION('',(#7963),#7967);
#7963 = LINE('',#7964,#7965);
#7964 = CARTESIAN_POINT('',(5.677642176891,26.));
#7965 = VECTOR('',#7966,1.);
#7966 = DIRECTION('',(1.,0.));
#7967 = ( GEOMETRIC_REPRESENTATION_CONTEXT(2) 
PARAMETRIC_REPRESENTATION_CONTEXT() REPRESENTATION_CONTEXT('2D SPACE',''
  ) );
#7968 = ORIENTED_EDGE('',*,*,#7921,.T.);
#7969 = ORIENTED_EDGE('',*,*,#7014,.F.);
#7970 = ADVANCED_FACE('',(#7971),#7061,.F.);
#7971 = FACE_BOUND('',#7972,.F.);
#7972 = EDGE_LOOP('',(#7973,#7974,#7975,#7976,#7977,#7978,#7979,#7980,
    #7981,#7982,#7983,#7984,#7985));
#7973 = ORIENTED_EDGE('',*,*,#7043,.F.);
#7974 = ORIENTED_EDGE('',*,*,#7177,.F.);
#7975 = ORIENTED_EDGE('',*,*,#7203,.T.);
#7976 = ORIENTED_EDGE('',*,*,#7290,.T.);
#7977 = ORIENTED_EDGE('',*,*,#7503,.T.);
#7978 = ORIENTED_EDGE('',*,*,#7588,.T.);
#7979 = ORIENTED_EDGE('',*,*,#7636,.F.);
#7980 = ORIENTED_EDGE('',*,*,#7716,.T.);
#7981 = ORIENTED_EDGE('',*,*,#7764,.F.);
#7982 = ORIENTED_EDGE('',*,*,#7874,.T.);
#7983 = ORIENTED_EDGE('',*,*,#7851,.T.);
#7984 = ORIENTED_EDGE('',*,*,#7898,.F.);
#7985 = ORIENTED_EDGE('',*,*,#7948,.F.);
#7986 = ADVANCED_FACE('',(#7987),#7139,.F.);
#7987 = FACE_BOUND('',#7988,.T.);
#7988 = EDGE_LOOP('',(#7989,#7990,#8011,#8012));
#7989 = ORIENTED_EDGE('',*,*,#7257,.T.);
#7990 = ORIENTED_EDGE('',*,*,#7991,.T.);
#7991 = EDGE_CURVE('',#7258,#7119,#7992,.T.);
#7992 = SEAM_CURVE('',#7993,(#7997,#8004),.PCURVE_S1.);
#7993 = LINE('',#7994,#7995);
#7994 = CARTESIAN_POINT('',(-21.3,-32.,26.));
#7995 = VECTOR('',#7996,1.);
#7996 = DIRECTION('',(0.,0.,1.));
#7997 = PCURVE('',#7139,#7998);
#7998 = DEFINITIONAL_REPRESENTATION('',(#7999),#8003);
#7999 = LINE('',#8000,#8001);
#8000 = CARTESIAN_POINT('',(-6.28318530718,0.));
#8001 = VECTOR('',#8002,1.);
#8002 = DIRECTION('',(-0.,-1.));
#8003 = ( GEOMETRIC_REPRESENTATION_CONTEXT(2) 
PARAMETRIC_REPRESENTATION_CONTEXT() REPRESENTATION_CONTEXT('2D SPACE',''
  ) );
#8004 = PCURVE('',#7139,#8005);
#8005 = DEFINITIONAL_REPRESENTATION('',(#8006),#8010);
#8006 = LINE('',#8007,#8008);
#8007 = CARTESIAN_POINT('',(-0.,0.));
#8008 = VECTOR('',#8009,1.);
#8009 = DIRECTION('',(-0.,-1.));
#8010 = ( GEOMETRIC_REPRESENTATION_CONTEXT(2) 
PARAMETRIC_REPRESENTATION_CONTEXT() REPRESENTATION_CONTEXT('2D SPACE',''
  ) );
#8011 = ORIENTED_EDGE('',*,*,#7118,.F.);
#8012 = ORIENTED_EDGE('',*,*,#7991,.F.);
#8013 = ADVANCED_FACE('',(#8014),#7572,.F.);
#8014 = FACE_BOUND('',#8015,.T.);
#8015 = EDGE_LOOP('',(#8016,#8017,#8038,#8039));
#8016 = ORIENTED_EDGE('',*,*,#7551,.T.);
#8017 = ORIENTED_EDGE('',*,*,#8018,.T.);
#8018 = EDGE_CURVE('',#7552,#7685,#8019,.T.);
#8019 = SEAM_CURVE('',#8020,(#8024,#8031),.PCURVE_S1.);
#8020 = LINE('',#8021,#8022);
#8021 = CARTESIAN_POINT('',(-21.3,32.,26.));
#8022 = VECTOR('',#8023,1.);
#8023 = DIRECTION('',(0.,0.,1.));
#8024 = PCURVE('',#7572,#8025);
#8025 = DEFINITIONAL_REPRESENTATION('',(#8026),#8030);
#8026 = LINE('',#8027,#8028);
#8027 = CARTESIAN_POINT('',(-6.28318530718,0.));
#8028 = VECTOR('',#8029,1.);
#8029 = DIRECTION('',(-0.,-1.));
#8030 = ( GEOMETRIC_REPRESENTATION_CONTEXT(2) 
PARAMETRIC_REPRESENTATION_CONTEXT() REPRESENTATION_CONTEXT('2D SPACE',''
  ) );
#8031 = PCURVE('',#7572,#8032);
#8032 = DEFINITIONAL_REPRESENTATION('',(#8033),#8037);
#8033 = LINE('',#8034,#8035);
#8034 = CARTESIAN_POINT('',(-0.,0.));
#8035 = VECTOR('',#8036,1.);
#8036 = DIRECTION('',(-0.,-1.));
#8037 = ( GEOMETRIC_REPRESENTATION_CONTEXT(2) 
PARAMETRIC_REPRESENTATION_CONTEXT() REPRESENTATION_CONTEXT('2D SPACE',''
  ) );
#8038 = ORIENTED_EDGE('',*,*,#7684,.F.);
#8039 = ORIENTED_EDGE('',*,*,#8018,.F.);
#8040 = ( GEOMETRIC_REPRESENTATION_CONTEXT(3) 
GLOBAL_UNCERTAINTY_ASSIGNED_CONTEXT((#8044)) 
GLOBAL_UNIT_ASSIGNED_CONTEXT((#8041,#8042,#8043)) REPRESENTATION_CONTEXT
('Context #1','3D Context with UNIT and UNCERTAINTY') );
#8041 = ( LENGTH_UNIT() NAMED_UNIT(*) SI_UNIT(.MILLI.,.METRE.) );
#8042 = ( NAMED_UNIT(*) PLANE_ANGLE_UNIT() SI_UNIT($,.RADIAN.) );
#8043 = ( NAMED_UNIT(*) SI_UNIT($,.STERADIAN.) SOLID_ANGLE_UNIT() );
#8044 = UNCERTAINTY_MEASURE_WITH_UNIT(LENGTH_MEASURE(1.E-06),#8041,
  'distance_accuracy_value','confusion accuracy');
#8045 = CONTEXT_DEPENDENT_SHAPE_REPRESENTATION(#8046,#8048);
#8046 = ( REPRESENTATION_RELATIONSHIP('','',#6503,#10) 
REPRESENTATION_RELATIONSHIP_WITH_TRANSFORMATION(#8047) 
SHAPE_REPRESENTATION_RELATIONSHIP() );
#8047 = ITEM_DEFINED_TRANSFORMATION('','',#11,#19);
#8048 = PRODUCT_DEFINITION_SHAPE('Placement','Placement of an item',
  #8049);
#8049 = NEXT_ASSEMBLY_USAGE_OCCURRENCE('5','','',#5,#6498,$);
#8050 = PRODUCT_RELATED_PRODUCT_CATEGORY('part',$,(#6500));
#8051 = SHAPE_DEFINITION_REPRESENTATION(#8052,#8058);
#8052 = PRODUCT_DEFINITION_SHAPE('','',#8053);
#8053 = PRODUCT_DEFINITION('design','',#8054,#8057);
#8054 = PRODUCT_DEFINITION_FORMATION('','',#8055);
#8055 = PRODUCT('Open CASCADE STEP translator 7.9 6.3',
  'Open CASCADE STEP translator 7.9 6.3','',(#8056));
#8056 = PRODUCT_CONTEXT('',#2,'mechanical');
#8057 = PRODUCT_DEFINITION_CONTEXT('part definition',#2,'design');
#8058 = ADVANCED_BREP_SHAPE_REPRESENTATION('',(#11,#8059),#9751);
#8059 = MANIFOLD_SOLID_BREP('',#8060);
#8060 = CLOSED_SHELL('',(#8061,#8242,#8762,#8811,#9251,#9278,#9366,#9393
    ,#9450,#9477,#9484,#9511,#9538,#9600,#9627,#9690,#9697,#9724));
#8061 = ADVANCED_FACE('',(#8062),#8077,.F.);
#8062 = FACE_BOUND('',#8063,.F.);
#8063 = EDGE_LOOP('',(#8064,#8102,#8125,#8159,#8187,#8210));
#8064 = ORIENTED_EDGE('',*,*,#8065,.F.);
#8065 = EDGE_CURVE('',#8066,#8068,#8070,.T.);
#8066 = VERTEX_POINT('',#8067);
#8067 = CARTESIAN_POINT('',(18.5,1.943766784956E-15,43.507894736842));
#8068 = VERTEX_POINT('',#8069);
#8069 = CARTESIAN_POINT('',(18.5,-15.,33.660529888417));
#8070 = SURFACE_CURVE('',#8071,(#8076,#8090),.PCURVE_S1.);
#8071 = ELLIPSE('',#8072,17.507894736842,16.681578947368);
#8072 = AXIS2_PLACEMENT_3D('',#8073,#8074,#8075);
#8073 = CARTESIAN_POINT('',(18.5,0.,26.));
#8074 = DIRECTION('',(1.,0.,-0.));
#8075 = DIRECTION('',(0.,1.110223024625E-16,1.));
#8076 = PCURVE('',#8077,#8085);
#8077 = SURFACE_OF_LINEAR_EXTRUSION('',#8078,#8083);
#8078 = ELLIPSE('',#8079,17.507894736842,16.681578947368);
#8079 = AXIS2_PLACEMENT_3D('',#8080,#8081,#8082);
#8080 = CARTESIAN_POINT('',(18.5,0.,26.));
#8081 = DIRECTION('',(1.,0.,-0.));
#8082 = DIRECTION('',(0.,1.110223024625E-16,1.));
#8083 = VECTOR('',#8084,1.);
#8084 = DIRECTION('',(-1.,-0.,-0.));
#8085 = DEFINITIONAL_REPRESENTATION('',(#8086),#8089);
#8086 = B_SPLINE_CURVE_WITH_KNOTS('',1,(#8087,#8088),.UNSPECIFIED.,.F.,
  .F.,(2,2),(0.,1.525086739084),.PIECEWISE_BEZIER_KNOTS.);
#8087 = CARTESIAN_POINT('',(6.28318530718,0.));
#8088 = CARTESIAN_POINT('',(7.808272046263,0.));
#8089 = ( GEOMETRIC_REPRESENTATION_CONTEXT(2) 
PARAMETRIC_REPRESENTATION_CONTEXT() REPRESENTATION_CONTEXT('2D SPACE',''
  ) );
#8090 = PCURVE('',#8091,#8096);
#8091 = PLANE('',#8092);
#8092 = AXIS2_PLACEMENT_3D('',#8093,#8094,#8095);
#8093 = CARTESIAN_POINT('',(18.5,-2.625415892908E-16,26.106401974852));
#8094 = DIRECTION('',(1.,0.,0.));
#8095 = DIRECTION('',(-0.,0.,1.));
#8096 = DEFINITIONAL_REPRESENTATION('',(#8097),#8101);
#8097 = ELLIPSE('',#8098,17.507894736842,16.681578947368);
#8098 = AXIS2_PLACEMENT_2D('',#8099,#8100);
#8099 = CARTESIAN_POINT('',(-0.106401974852,-2.625415892908E-16));
#8100 = DIRECTION('',(1.,-1.110223024625E-16));
#8101 = ( GEOMETRIC_REPRESENTATION_CONTEXT(2) 
PARAMETRIC_REPRESENTATION_CONTEXT() REPRESENTATION_CONTEXT('2D SPACE',''
  ) );
#8102 = ORIENTED_EDGE('',*,*,#8103,.F.);
#8103 = EDGE_CURVE('',#8104,#8066,#8106,.T.);
#8104 = VERTEX_POINT('',#8105);
#8105 = CARTESIAN_POINT('',(18.5,15.,33.660529888417));
#8106 = SURFACE_CURVE('',#8107,(#8112,#8118),.PCURVE_S1.);
#8107 = ELLIPSE('',#8108,17.507894736842,16.681578947368);
#8108 = AXIS2_PLACEMENT_3D('',#8109,#8110,#8111);
#8109 = CARTESIAN_POINT('',(18.5,0.,26.));
#8110 = DIRECTION('',(1.,0.,-0.));
#8111 = DIRECTION('',(0.,1.110223024625E-16,1.));
#8112 = PCURVE('',#8077,#8113);
#8113 = DEFINITIONAL_REPRESENTATION('',(#8114),#8117);
#8114 = B_SPLINE_CURVE_WITH_KNOTS('',1,(#8115,#8116),.UNSPECIFIED.,.F.,
  .F.,(2,2),(4.758098568096,6.28318530718),.PIECEWISE_BEZIER_KNOTS.);
#8115 = CARTESIAN_POINT('',(4.758098568096,0.));
#8116 = CARTESIAN_POINT('',(6.28318530718,0.));
#8117 = ( GEOMETRIC_REPRESENTATION_CONTEXT(2) 
PARAMETRIC_REPRESENTATION_CONTEXT() REPRESENTATION_CONTEXT('2D SPACE',''
  ) );
#8118 = PCURVE('',#8091,#8119);
#8119 = DEFINITIONAL_REPRESENTATION('',(#8120),#8124);
#8120 = ELLIPSE('',#8121,17.507894736842,16.681578947368);
#8121 = AXIS2_PLACEMENT_2D('',#8122,#8123);
#8122 = CARTESIAN_POINT('',(-0.106401974852,-2.625415892908E-16));
#8123 = DIRECTION('',(1.,-1.110223024625E-16));
#8124 = ( GEOMETRIC_REPRESENTATION_CONTEXT(2) 
PARAMETRIC_REPRESENTATION_CONTEXT() REPRESENTATION_CONTEXT('2D SPACE',''
  ) );
#8125 = ORIENTED_EDGE('',*,*,#8126,.F.);
#8126 = EDGE_CURVE('',#8127,#8104,#8129,.T.);
#8127 = VERTEX_POINT('',#8128);
#8128 = CARTESIAN_POINT('',(27.5,15.,33.660529888417));
#8129 = SURFACE_CURVE('',#8130,(#8136,#8145),.PCURVE_S1.);
#8130 = B_SPLINE_CURVE_WITH_KNOTS('',4,(#8131,#8132,#8133,#8134,#8135),
  .UNSPECIFIED.,.F.,.F.,(5,5),(0.,1.),.PIECEWISE_BEZIER_KNOTS.);
#8131 = CARTESIAN_POINT('',(27.5,15.,33.660529888418));
#8132 = CARTESIAN_POINT('',(25.250000000225,15.,33.660529888418));
#8133 = CARTESIAN_POINT('',(22.999999999981,15.,33.660529888418));
#8134 = CARTESIAN_POINT('',(20.749999999775,15.,33.660529888418));
#8135 = CARTESIAN_POINT('',(18.5,15.,33.660529888418));
#8136 = PCURVE('',#8077,#8137);
#8137 = DEFINITIONAL_REPRESENTATION('',(#8138),#8144);
#8138 = B_SPLINE_CURVE_WITH_KNOTS('',4,(#8139,#8140,#8141,#8142,#8143),
  .UNSPECIFIED.,.F.,.F.,(5,5),(0.,1.),.PIECEWISE_BEZIER_KNOTS.);
#8139 = CARTESIAN_POINT('',(5.165258038414,-8.9999999991));
#8140 = CARTESIAN_POINT('',(5.165258038414,-6.749999999325));
#8141 = CARTESIAN_POINT('',(5.165258038414,-4.500000000019));
#8142 = CARTESIAN_POINT('',(5.165258038414,-2.250000000675));
#8143 = CARTESIAN_POINT('',(5.165258038414,-8.999396783338E-10));
#8144 = ( GEOMETRIC_REPRESENTATION_CONTEXT(2) 
PARAMETRIC_REPRESENTATION_CONTEXT() REPRESENTATION_CONTEXT('2D SPACE',''
  ) );
#8145 = PCURVE('',#8146,#8151);
#8146 = PLANE('',#8147);
#8147 = AXIS2_PLACEMENT_3D('',#8148,#8149,#8150);
#8148 = CARTESIAN_POINT('',(18.5,15.,31.8));
#8149 = DIRECTION('',(0.,1.,0.));
#8150 = DIRECTION('',(0.,0.,1.));
#8151 = DEFINITIONAL_REPRESENTATION('',(#8152),#8158);
#8152 = B_SPLINE_CURVE_WITH_KNOTS('',4,(#8153,#8154,#8155,#8156,#8157),
  .UNSPECIFIED.,.F.,.F.,(5,5),(0.,1.),.PIECEWISE_BEZIER_KNOTS.);
#8153 = CARTESIAN_POINT('',(1.860529888418,9.));
#8154 = CARTESIAN_POINT('',(1.860529888418,6.750000000225));
#8155 = CARTESIAN_POINT('',(1.860529888418,4.499999999981));
#8156 = CARTESIAN_POINT('',(1.860529888418,2.249999999775));
#8157 = CARTESIAN_POINT('',(1.860529888418,0.));
#8158 = ( GEOMETRIC_REPRESENTATION_CONTEXT(2) 
PARAMETRIC_REPRESENTATION_CONTEXT() REPRESENTATION_CONTEXT('2D SPACE',''
  ) );
#8159 = ORIENTED_EDGE('',*,*,#8160,.T.);
#8160 = EDGE_CURVE('',#8127,#8161,#8163,.T.);
#8161 = VERTEX_POINT('',#8162);
#8162 = CARTESIAN_POINT('',(27.5,1.943766784956E-15,43.507894736842));
#8163 = SURFACE_CURVE('',#8164,(#8169,#8175),.PCURVE_S1.);
#8164 = ELLIPSE('',#8165,17.507894736842,16.681578947368);
#8165 = AXIS2_PLACEMENT_3D('',#8166,#8167,#8168);
#8166 = CARTESIAN_POINT('',(27.5,0.,26.));
#8167 = DIRECTION('',(1.,0.,-0.));
#8168 = DIRECTION('',(0.,1.110223024625E-16,1.));
#8169 = PCURVE('',#8077,#8170);
#8170 = DEFINITIONAL_REPRESENTATION('',(#8171),#8174);
#8171 = B_SPLINE_CURVE_WITH_KNOTS('',1,(#8172,#8173),.UNSPECIFIED.,.F.,
  .F.,(2,2),(4.758098568096,6.28318530718),.PIECEWISE_BEZIER_KNOTS.);
#8172 = CARTESIAN_POINT('',(4.758098568096,-9.));
#8173 = CARTESIAN_POINT('',(6.28318530718,-9.));
#8174 = ( GEOMETRIC_REPRESENTATION_CONTEXT(2) 
PARAMETRIC_REPRESENTATION_CONTEXT() REPRESENTATION_CONTEXT('2D SPACE',''
  ) );
#8175 = PCURVE('',#8176,#8181);
#8176 = PLANE('',#8177);
#8177 = AXIS2_PLACEMENT_3D('',#8178,#8179,#8180);
#8178 = CARTESIAN_POINT('',(27.5,-2.625415892908E-16,26.106401974852));
#8179 = DIRECTION('',(1.,0.,0.));
#8180 = DIRECTION('',(-0.,0.,1.));
#8181 = DEFINITIONAL_REPRESENTATION('',(#8182),#8186);
#8182 = ELLIPSE('',#8183,17.507894736842,16.681578947368);
#8183 = AXIS2_PLACEMENT_2D('',#8184,#8185);
#8184 = CARTESIAN_POINT('',(-0.106401974852,-2.625415892908E-16));
#8185 = DIRECTION('',(1.,-1.110223024625E-16));
#8186 = ( GEOMETRIC_REPRESENTATION_CONTEXT(2) 
PARAMETRIC_REPRESENTATION_CONTEXT() REPRESENTATION_CONTEXT('2D SPACE',''
  ) );
#8187 = ORIENTED_EDGE('',*,*,#8188,.T.);
#8188 = EDGE_CURVE('',#8161,#8189,#8191,.T.);
#8189 = VERTEX_POINT('',#8190);
#8190 = CARTESIAN_POINT('',(27.5,-15.,33.660529888417));
#8191 = SURFACE_CURVE('',#8192,(#8197,#8203),.PCURVE_S1.);
#8192 = ELLIPSE('',#8193,17.507894736842,16.681578947368);
#8193 = AXIS2_PLACEMENT_3D('',#8194,#8195,#8196);
#8194 = CARTESIAN_POINT('',(27.5,0.,26.));
#8195 = DIRECTION('',(1.,0.,-0.));
#8196 = DIRECTION('',(0.,1.110223024625E-16,1.));
#8197 = PCURVE('',#8077,#8198);
#8198 = DEFINITIONAL_REPRESENTATION('',(#8199),#8202);
#8199 = B_SPLINE_CURVE_WITH_KNOTS('',1,(#8200,#8201),.UNSPECIFIED.,.F.,
  .F.,(2,2),(0.,1.525086739084),.PIECEWISE_BEZIER_KNOTS.);
#8200 = CARTESIAN_POINT('',(6.28318530718,-9.));
#8201 = CARTESIAN_POINT('',(7.808272046263,-9.));
#8202 = ( GEOMETRIC_REPRESENTATION_CONTEXT(2) 
PARAMETRIC_REPRESENTATION_CONTEXT() REPRESENTATION_CONTEXT('2D SPACE',''
  ) );
#8203 = PCURVE('',#8176,#8204);
#8204 = DEFINITIONAL_REPRESENTATION('',(#8205),#8209);
#8205 = ELLIPSE('',#8206,17.507894736842,16.681578947368);
#8206 = AXIS2_PLACEMENT_2D('',#8207,#8208);
#8207 = CARTESIAN_POINT('',(-0.106401974852,-2.625415892908E-16));
#8208 = DIRECTION('',(1.,-1.110223024625E-16));
#8209 = ( GEOMETRIC_REPRESENTATION_CONTEXT(2) 
PARAMETRIC_REPRESENTATION_CONTEXT() REPRESENTATION_CONTEXT('2D SPACE',''
  ) );
#8210 = ORIENTED_EDGE('',*,*,#8211,.T.);
#8211 = EDGE_CURVE('',#8189,#8068,#8212,.T.);
#8212 = SURFACE_CURVE('',#8213,(#8219,#8228),.PCURVE_S1.);
#8213 = B_SPLINE_CURVE_WITH_KNOTS('',4,(#8214,#8215,#8216,#8217,#8218),
  .UNSPECIFIED.,.F.,.F.,(5,5),(0.,1.),.PIECEWISE_BEZIER_KNOTS.);
#8214 = CARTESIAN_POINT('',(27.5,-15.,33.660529888418));
#8215 = CARTESIAN_POINT('',(25.250000000225,-15.,33.660529888418));
#8216 = CARTESIAN_POINT('',(22.999999999981,-15.,33.660529888418));
#8217 = CARTESIAN_POINT('',(20.749999999775,-15.,33.660529888418));
#8218 = CARTESIAN_POINT('',(18.5,-15.,33.660529888418));
#8219 = PCURVE('',#8077,#8220);
#8220 = DEFINITIONAL_REPRESENTATION('',(#8221),#8227);
#8221 = B_SPLINE_CURVE_WITH_KNOTS('',4,(#8222,#8223,#8224,#8225,#8226),
  .UNSPECIFIED.,.F.,.F.,(5,5),(0.,1.),.PIECEWISE_BEZIER_KNOTS.);
#8222 = CARTESIAN_POINT('',(7.401112575945,-8.9999999991));
#8223 = CARTESIAN_POINT('',(7.401112575945,-6.749999999325));
#8224 = CARTESIAN_POINT('',(7.401112575945,-4.500000000019));
#8225 = CARTESIAN_POINT('',(7.401112575945,-2.250000000675));
#8226 = CARTESIAN_POINT('',(7.401112575945,-8.999396783338E-10));
#8227 = ( GEOMETRIC_REPRESENTATION_CONTEXT(2) 
PARAMETRIC_REPRESENTATION_CONTEXT() REPRESENTATION_CONTEXT('2D SPACE',''
  ) );
#8228 = PCURVE('',#8229,#8234);
#8229 = PLANE('',#8230);
#8230 = AXIS2_PLACEMENT_3D('',#8231,#8232,#8233);
#8231 = CARTESIAN_POINT('',(18.5,-15.,31.8));
#8232 = DIRECTION('',(0.,1.,0.));
#8233 = DIRECTION('',(0.,0.,1.));
#8234 = DEFINITIONAL_REPRESENTATION('',(#8235),#8241);
#8235 = B_SPLINE_CURVE_WITH_KNOTS('',4,(#8236,#8237,#8238,#8239,#8240),
  .UNSPECIFIED.,.F.,.F.,(5,5),(0.,1.),.PIECEWISE_BEZIER_KNOTS.);
#8236 = CARTESIAN_POINT('',(1.860529888418,9.));
#8237 = CARTESIAN_POINT('',(1.860529888418,6.750000000225));
#8238 = CARTESIAN_POINT('',(1.860529888418,4.499999999981));
#8239 = CARTESIAN_POINT('',(1.860529888418,2.249999999775));
#8240 = CARTESIAN_POINT('',(1.860529888418,0.));
#8241 = ( GEOMETRIC_REPRESENTATION_CONTEXT(2) 
PARAMETRIC_REPRESENTATION_CONTEXT() REPRESENTATION_CONTEXT('2D SPACE',''
  ) );
#8242 = ADVANCED_FACE('',(#8243),#8091,.F.);
#8243 = FACE_BOUND('',#8244,.F.);
#8244 = EDGE_LOOP('',(#8245,#8275,#8303,#8331,#8359,#8387,#8408,#8409,
    #8410,#8433,#8461,#8489,#8517,#8545,#8573));
#8245 = ORIENTED_EDGE('',*,*,#8246,.F.);
#8246 = EDGE_CURVE('',#8247,#8249,#8251,.T.);
#8247 = VERTEX_POINT('',#8248);
#8248 = CARTESIAN_POINT('',(18.5,38.5,26.8));
#8249 = VERTEX_POINT('',#8250);
#8250 = CARTESIAN_POINT('',(18.5,12.659318735032,26.8));
#8251 = SURFACE_CURVE('',#8252,(#8256,#8263),.PCURVE_S1.);
#8252 = LINE('',#8253,#8254);
#8253 = CARTESIAN_POINT('',(18.5,38.5,26.8));
#8254 = VECTOR('',#8255,1.);
#8255 = DIRECTION('',(0.,-1.,0.));
#8256 = PCURVE('',#8091,#8257);
#8257 = DEFINITIONAL_REPRESENTATION('',(#8258),#8262);
#8258 = LINE('',#8259,#8260);
#8259 = CARTESIAN_POINT('',(0.693598025148,-38.5));
#8260 = VECTOR('',#8261,1.);
#8261 = DIRECTION('',(0.,1.));
#8262 = ( GEOMETRIC_REPRESENTATION_CONTEXT(2) 
PARAMETRIC_REPRESENTATION_CONTEXT() REPRESENTATION_CONTEXT('2D SPACE',''
  ) );
#8263 = PCURVE('',#8264,#8269);
#8264 = PLANE('',#8265);
#8265 = AXIS2_PLACEMENT_3D('',#8266,#8267,#8268);
#8266 = CARTESIAN_POINT('',(-50.,-50.,26.8));
#8267 = DIRECTION('',(0.,0.,1.));
#8268 = DIRECTION('',(1.,0.,0.));
#8269 = DEFINITIONAL_REPRESENTATION('',(#8270),#8274);
#8270 = LINE('',#8271,#8272);
#8271 = CARTESIAN_POINT('',(68.5,88.5));
#8272 = VECTOR('',#8273,1.);
#8273 = DIRECTION('',(0.,-1.));
#8274 = ( GEOMETRIC_REPRESENTATION_CONTEXT(2) 
PARAMETRIC_REPRESENTATION_CONTEXT() REPRESENTATION_CONTEXT('2D SPACE',''
  ) );
#8275 = ORIENTED_EDGE('',*,*,#8276,.T.);
#8276 = EDGE_CURVE('',#8247,#8277,#8279,.T.);
#8277 = VERTEX_POINT('',#8278);
#8278 = CARTESIAN_POINT('',(18.5,38.5,31.8));
#8279 = SURFACE_CURVE('',#8280,(#8284,#8291),.PCURVE_S1.);
#8280 = LINE('',#8281,#8282);
#8281 = CARTESIAN_POINT('',(18.5,38.5,26.8));
#8282 = VECTOR('',#8283,1.);
#8283 = DIRECTION('',(0.,0.,1.));
#8284 = PCURVE('',#8091,#8285);
#8285 = DEFINITIONAL_REPRESENTATION('',(#8286),#8290);
#8286 = LINE('',#8287,#8288);
#8287 = CARTESIAN_POINT('',(0.693598025148,-38.5));
#8288 = VECTOR('',#8289,1.);
#8289 = DIRECTION('',(1.,0.));
#8290 = ( GEOMETRIC_REPRESENTATION_CONTEXT(2) 
PARAMETRIC_REPRESENTATION_CONTEXT() REPRESENTATION_CONTEXT('2D SPACE',''
  ) );
#8291 = PCURVE('',#8292,#8297);
#8292 = PLANE('',#8293);
#8293 = AXIS2_PLACEMENT_3D('',#8294,#8295,#8296);
#8294 = CARTESIAN_POINT('',(18.5,38.5,26.8));
#8295 = DIRECTION('',(0.,1.,0.));
#8296 = DIRECTION('',(0.,0.,1.));
#8297 = DEFINITIONAL_REPRESENTATION('',(#8298),#8302);
#8298 = LINE('',#8299,#8300);
#8299 = CARTESIAN_POINT('',(0.,0.));
#8300 = VECTOR('',#8301,1.);
#8301 = DIRECTION('',(1.,0.));
#8302 = ( GEOMETRIC_REPRESENTATION_CONTEXT(2) 
PARAMETRIC_REPRESENTATION_CONTEXT() REPRESENTATION_CONTEXT('2D SPACE',''
  ) );
#8303 = ORIENTED_EDGE('',*,*,#8304,.F.);
#8304 = EDGE_CURVE('',#8305,#8277,#8307,.T.);
#8305 = VERTEX_POINT('',#8306);
#8306 = CARTESIAN_POINT('',(18.5,26.,31.8));
#8307 = SURFACE_CURVE('',#8308,(#8312,#8319),.PCURVE_S1.);
#8308 = LINE('',#8309,#8310);
#8309 = CARTESIAN_POINT('',(18.5,15.,31.8));
#8310 = VECTOR('',#8311,1.);
#8311 = DIRECTION('',(0.,1.,0.));
#8312 = PCURVE('',#8091,#8313);
#8313 = DEFINITIONAL_REPRESENTATION('',(#8314),#8318);
#8314 = LINE('',#8315,#8316);
#8315 = CARTESIAN_POINT('',(5.693598025148,-15.));
#8316 = VECTOR('',#8317,1.);
#8317 = DIRECTION('',(0.,-1.));
#8318 = ( GEOMETRIC_REPRESENTATION_CONTEXT(2) 
PARAMETRIC_REPRESENTATION_CONTEXT() REPRESENTATION_CONTEXT('2D SPACE',''
  ) );
#8319 = PCURVE('',#8320,#8325);
#8320 = PLANE('',#8321);
#8321 = AXIS2_PLACEMENT_3D('',#8322,#8323,#8324);
#8322 = CARTESIAN_POINT('',(18.5,15.,31.8));
#8323 = DIRECTION('',(0.,0.,1.));
#8324 = DIRECTION('',(1.,0.,0.));
#8325 = DEFINITIONAL_REPRESENTATION('',(#8326),#8330);
#8326 = LINE('',#8327,#8328);
#8327 = CARTESIAN_POINT('',(0.,0.));
#8328 = VECTOR('',#8329,1.);
#8329 = DIRECTION('',(0.,1.));
#8330 = ( GEOMETRIC_REPRESENTATION_CONTEXT(2) 
PARAMETRIC_REPRESENTATION_CONTEXT() REPRESENTATION_CONTEXT('2D SPACE',''
  ) );
#8331 = ORIENTED_EDGE('',*,*,#8332,.T.);
#8332 = EDGE_CURVE('',#8305,#8333,#8335,.T.);
#8333 = VERTEX_POINT('',#8334);
#8334 = CARTESIAN_POINT('',(18.5,26.,33.8));
#8335 = SURFACE_CURVE('',#8336,(#8340,#8347),.PCURVE_S1.);
#8336 = LINE('',#8337,#8338);
#8337 = CARTESIAN_POINT('',(18.5,26.,31.8));
#8338 = VECTOR('',#8339,1.);
#8339 = DIRECTION('',(0.,0.,1.));
#8340 = PCURVE('',#8091,#8341);
#8341 = DEFINITIONAL_REPRESENTATION('',(#8342),#8346);
#8342 = LINE('',#8343,#8344);
#8343 = CARTESIAN_POINT('',(5.693598025148,-26.));
#8344 = VECTOR('',#8345,1.);
#8345 = DIRECTION('',(1.,0.));
#8346 = ( GEOMETRIC_REPRESENTATION_CONTEXT(2) 
PARAMETRIC_REPRESENTATION_CONTEXT() REPRESENTATION_CONTEXT('2D SPACE',''
  ) );
#8347 = PCURVE('',#8348,#8353);
#8348 = PLANE('',#8349);
#8349 = AXIS2_PLACEMENT_3D('',#8350,#8351,#8352);
#8350 = CARTESIAN_POINT('',(18.5,26.,31.8));
#8351 = DIRECTION('',(0.,1.,0.));
#8352 = DIRECTION('',(0.,0.,1.));
#8353 = DEFINITIONAL_REPRESENTATION('',(#8354),#8358);
#8354 = LINE('',#8355,#8356);
#8355 = CARTESIAN_POINT('',(0.,0.));
#8356 = VECTOR('',#8357,1.);
#8357 = DIRECTION('',(1.,0.));
#8358 = ( GEOMETRIC_REPRESENTATION_CONTEXT(2) 
PARAMETRIC_REPRESENTATION_CONTEXT() REPRESENTATION_CONTEXT('2D SPACE',''
  ) );
#8359 = ORIENTED_EDGE('',*,*,#8360,.F.);
#8360 = EDGE_CURVE('',#8361,#8333,#8363,.T.);
#8361 = VERTEX_POINT('',#8362);
#8362 = CARTESIAN_POINT('',(18.5,15.,33.8));
#8363 = SURFACE_CURVE('',#8364,(#8368,#8375),.PCURVE_S1.);
#8364 = LINE('',#8365,#8366);
#8365 = CARTESIAN_POINT('',(18.5,15.,33.8));
#8366 = VECTOR('',#8367,1.);
#8367 = DIRECTION('',(0.,1.,0.));
#8368 = PCURVE('',#8091,#8369);
#8369 = DEFINITIONAL_REPRESENTATION('',(#8370),#8374);
#8370 = LINE('',#8371,#8372);
#8371 = CARTESIAN_POINT('',(7.693598025148,-15.));
#8372 = VECTOR('',#8373,1.);
#8373 = DIRECTION('',(0.,-1.));
#8374 = ( GEOMETRIC_REPRESENTATION_CONTEXT(2) 
PARAMETRIC_REPRESENTATION_CONTEXT() REPRESENTATION_CONTEXT('2D SPACE',''
  ) );
#8375 = PCURVE('',#8376,#8381);
#8376 = PLANE('',#8377);
#8377 = AXIS2_PLACEMENT_3D('',#8378,#8379,#8380);
#8378 = CARTESIAN_POINT('',(18.5,15.,33.8));
#8379 = DIRECTION('',(0.,0.,1.));
#8380 = DIRECTION('',(1.,0.,0.));
#8381 = DEFINITIONAL_REPRESENTATION('',(#8382),#8386);
#8382 = LINE('',#8383,#8384);
#8383 = CARTESIAN_POINT('',(0.,0.));
#8384 = VECTOR('',#8385,1.);
#8385 = DIRECTION('',(0.,1.));
#8386 = ( GEOMETRIC_REPRESENTATION_CONTEXT(2) 
PARAMETRIC_REPRESENTATION_CONTEXT() REPRESENTATION_CONTEXT('2D SPACE',''
  ) );
#8387 = ORIENTED_EDGE('',*,*,#8388,.F.);
#8388 = EDGE_CURVE('',#8104,#8361,#8389,.T.);
#8389 = SURFACE_CURVE('',#8390,(#8394,#8401),.PCURVE_S1.);
#8390 = LINE('',#8391,#8392);
#8391 = CARTESIAN_POINT('',(18.5,15.,31.8));
#8392 = VECTOR('',#8393,1.);
#8393 = DIRECTION('',(0.,0.,1.));
#8394 = PCURVE('',#8091,#8395);
#8395 = DEFINITIONAL_REPRESENTATION('',(#8396),#8400);
#8396 = LINE('',#8397,#8398);
#8397 = CARTESIAN_POINT('',(5.693598025148,-15.));
#8398 = VECTOR('',#8399,1.);
#8399 = DIRECTION('',(1.,0.));
#8400 = ( GEOMETRIC_REPRESENTATION_CONTEXT(2) 
PARAMETRIC_REPRESENTATION_CONTEXT() REPRESENTATION_CONTEXT('2D SPACE',''
  ) );
#8401 = PCURVE('',#8146,#8402);
#8402 = DEFINITIONAL_REPRESENTATION('',(#8403),#8407);
#8403 = LINE('',#8404,#8405);
#8404 = CARTESIAN_POINT('',(0.,0.));
#8405 = VECTOR('',#8406,1.);
#8406 = DIRECTION('',(1.,0.));
#8407 = ( GEOMETRIC_REPRESENTATION_CONTEXT(2) 
PARAMETRIC_REPRESENTATION_CONTEXT() REPRESENTATION_CONTEXT('2D SPACE',''
  ) );
#8408 = ORIENTED_EDGE('',*,*,#8103,.T.);
#8409 = ORIENTED_EDGE('',*,*,#8065,.T.);
#8410 = ORIENTED_EDGE('',*,*,#8411,.T.);
#8411 = EDGE_CURVE('',#8068,#8412,#8414,.T.);
#8412 = VERTEX_POINT('',#8413);
#8413 = CARTESIAN_POINT('',(18.5,-15.,33.8));
#8414 = SURFACE_CURVE('',#8415,(#8419,#8426),.PCURVE_S1.);
#8415 = LINE('',#8416,#8417);
#8416 = CARTESIAN_POINT('',(18.5,-15.,31.8));
#8417 = VECTOR('',#8418,1.);
#8418 = DIRECTION('',(0.,0.,1.));
#8419 = PCURVE('',#8091,#8420);
#8420 = DEFINITIONAL_REPRESENTATION('',(#8421),#8425);
#8421 = LINE('',#8422,#8423);
#8422 = CARTESIAN_POINT('',(5.693598025148,15.));
#8423 = VECTOR('',#8424,1.);
#8424 = DIRECTION('',(1.,0.));
#8425 = ( GEOMETRIC_REPRESENTATION_CONTEXT(2) 
PARAMETRIC_REPRESENTATION_CONTEXT() REPRESENTATION_CONTEXT('2D SPACE',''
  ) );
#8426 = PCURVE('',#8229,#8427);
#8427 = DEFINITIONAL_REPRESENTATION('',(#8428),#8432);
#8428 = LINE('',#8429,#8430);
#8429 = CARTESIAN_POINT('',(0.,0.));
#8430 = VECTOR('',#8431,1.);
#8431 = DIRECTION('',(1.,0.));
#8432 = ( GEOMETRIC_REPRESENTATION_CONTEXT(2) 
PARAMETRIC_REPRESENTATION_CONTEXT() REPRESENTATION_CONTEXT('2D SPACE',''
  ) );
#8433 = ORIENTED_EDGE('',*,*,#8434,.F.);
#8434 = EDGE_CURVE('',#8435,#8412,#8437,.T.);
#8435 = VERTEX_POINT('',#8436);
#8436 = CARTESIAN_POINT('',(18.5,-26.,33.8));
#8437 = SURFACE_CURVE('',#8438,(#8442,#8449),.PCURVE_S1.);
#8438 = LINE('',#8439,#8440);
#8439 = CARTESIAN_POINT('',(18.5,-26.,33.8));
#8440 = VECTOR('',#8441,1.);
#8441 = DIRECTION('',(0.,1.,0.));
#8442 = PCURVE('',#8091,#8443);
#8443 = DEFINITIONAL_REPRESENTATION('',(#8444),#8448);
#8444 = LINE('',#8445,#8446);
#8445 = CARTESIAN_POINT('',(7.693598025148,26.));
#8446 = VECTOR('',#8447,1.);
#8447 = DIRECTION('',(0.,-1.));
#8448 = ( GEOMETRIC_REPRESENTATION_CONTEXT(2) 
PARAMETRIC_REPRESENTATION_CONTEXT() REPRESENTATION_CONTEXT('2D SPACE',''
  ) );
#8449 = PCURVE('',#8450,#8455);
#8450 = PLANE('',#8451);
#8451 = AXIS2_PLACEMENT_3D('',#8452,#8453,#8454);
#8452 = CARTESIAN_POINT('',(18.5,-26.,33.8));
#8453 = DIRECTION('',(0.,0.,1.));
#8454 = DIRECTION('',(1.,0.,0.));
#8455 = DEFINITIONAL_REPRESENTATION('',(#8456),#8460);
#8456 = LINE('',#8457,#8458);
#8457 = CARTESIAN_POINT('',(0.,0.));
#8458 = VECTOR('',#8459,1.);
#8459 = DIRECTION('',(0.,1.));
#8460 = ( GEOMETRIC_REPRESENTATION_CONTEXT(2) 
PARAMETRIC_REPRESENTATION_CONTEXT() REPRESENTATION_CONTEXT('2D SPACE',''
  ) );
#8461 = ORIENTED_EDGE('',*,*,#8462,.F.);
#8462 = EDGE_CURVE('',#8463,#8435,#8465,.T.);
#8463 = VERTEX_POINT('',#8464);
#8464 = CARTESIAN_POINT('',(18.5,-26.,31.8));
#8465 = SURFACE_CURVE('',#8466,(#8470,#8477),.PCURVE_S1.);
#8466 = LINE('',#8467,#8468);
#8467 = CARTESIAN_POINT('',(18.5,-26.,31.8));
#8468 = VECTOR('',#8469,1.);
#8469 = DIRECTION('',(0.,0.,1.));
#8470 = PCURVE('',#8091,#8471);
#8471 = DEFINITIONAL_REPRESENTATION('',(#8472),#8476);
#8472 = LINE('',#8473,#8474);
#8473 = CARTESIAN_POINT('',(5.693598025148,26.));
#8474 = VECTOR('',#8475,1.);
#8475 = DIRECTION('',(1.,0.));
#8476 = ( GEOMETRIC_REPRESENTATION_CONTEXT(2) 
PARAMETRIC_REPRESENTATION_CONTEXT() REPRESENTATION_CONTEXT('2D SPACE',''
  ) );
#8477 = PCURVE('',#8478,#8483);
#8478 = PLANE('',#8479);
#8479 = AXIS2_PLACEMENT_3D('',#8480,#8481,#8482);
#8480 = CARTESIAN_POINT('',(18.5,-26.,31.8));
#8481 = DIRECTION('',(0.,1.,0.));
#8482 = DIRECTION('',(0.,0.,1.));
#8483 = DEFINITIONAL_REPRESENTATION('',(#8484),#8488);
#8484 = LINE('',#8485,#8486);
#8485 = CARTESIAN_POINT('',(0.,0.));
#8486 = VECTOR('',#8487,1.);
#8487 = DIRECTION('',(1.,0.));
#8488 = ( GEOMETRIC_REPRESENTATION_CONTEXT(2) 
PARAMETRIC_REPRESENTATION_CONTEXT() REPRESENTATION_CONTEXT('2D SPACE',''
  ) );
#8489 = ORIENTED_EDGE('',*,*,#8490,.F.);
#8490 = EDGE_CURVE('',#8491,#8463,#8493,.T.);
#8491 = VERTEX_POINT('',#8492);
#8492 = CARTESIAN_POINT('',(18.5,-38.5,31.8));
#8493 = SURFACE_CURVE('',#8494,(#8498,#8505),.PCURVE_S1.);
#8494 = LINE('',#8495,#8496);
#8495 = CARTESIAN_POINT('',(18.5,-38.5,31.8));
#8496 = VECTOR('',#8497,1.);
#8497 = DIRECTION('',(0.,1.,0.));
#8498 = PCURVE('',#8091,#8499);
#8499 = DEFINITIONAL_REPRESENTATION('',(#8500),#8504);
#8500 = LINE('',#8501,#8502);
#8501 = CARTESIAN_POINT('',(5.693598025148,38.5));
#8502 = VECTOR('',#8503,1.);
#8503 = DIRECTION('',(0.,-1.));
#8504 = ( GEOMETRIC_REPRESENTATION_CONTEXT(2) 
PARAMETRIC_REPRESENTATION_CONTEXT() REPRESENTATION_CONTEXT('2D SPACE',''
  ) );
#8505 = PCURVE('',#8506,#8511);
#8506 = PLANE('',#8507);
#8507 = AXIS2_PLACEMENT_3D('',#8508,#8509,#8510);
#8508 = CARTESIAN_POINT('',(18.5,-38.5,31.8));
#8509 = DIRECTION('',(0.,0.,1.));
#8510 = DIRECTION('',(1.,0.,0.));
#8511 = DEFINITIONAL_REPRESENTATION('',(#8512),#8516);
#8512 = LINE('',#8513,#8514);
#8513 = CARTESIAN_POINT('',(0.,0.));
#8514 = VECTOR('',#8515,1.);
#8515 = DIRECTION('',(0.,1.));
#8516 = ( GEOMETRIC_REPRESENTATION_CONTEXT(2) 
PARAMETRIC_REPRESENTATION_CONTEXT() REPRESENTATION_CONTEXT('2D SPACE',''
  ) );
#8517 = ORIENTED_EDGE('',*,*,#8518,.F.);
#8518 = EDGE_CURVE('',#8519,#8491,#8521,.T.);
#8519 = VERTEX_POINT('',#8520);
#8520 = CARTESIAN_POINT('',(18.5,-38.5,26.8));
#8521 = SURFACE_CURVE('',#8522,(#8526,#8533),.PCURVE_S1.);
#8522 = LINE('',#8523,#8524);
#8523 = CARTESIAN_POINT('',(18.5,-38.5,26.8));
#8524 = VECTOR('',#8525,1.);
#8525 = DIRECTION('',(0.,0.,1.));
#8526 = PCURVE('',#8091,#8527);
#8527 = DEFINITIONAL_REPRESENTATION('',(#8528),#8532);
#8528 = LINE('',#8529,#8530);
#8529 = CARTESIAN_POINT('',(0.693598025148,38.5));
#8530 = VECTOR('',#8531,1.);
#8531 = DIRECTION('',(1.,0.));
#8532 = ( GEOMETRIC_REPRESENTATION_CONTEXT(2) 
PARAMETRIC_REPRESENTATION_CONTEXT() REPRESENTATION_CONTEXT('2D SPACE',''
  ) );
#8533 = PCURVE('',#8534,#8539);
#8534 = PLANE('',#8535);
#8535 = AXIS2_PLACEMENT_3D('',#8536,#8537,#8538);
#8536 = CARTESIAN_POINT('',(18.5,-38.5,26.8));
#8537 = DIRECTION('',(0.,1.,0.));
#8538 = DIRECTION('',(0.,0.,1.));
#8539 = DEFINITIONAL_REPRESENTATION('',(#8540),#8544);
#8540 = LINE('',#8541,#8542);
#8541 = CARTESIAN_POINT('',(0.,0.));
#8542 = VECTOR('',#8543,1.);
#8543 = DIRECTION('',(1.,0.));
#8544 = ( GEOMETRIC_REPRESENTATION_CONTEXT(2) 
PARAMETRIC_REPRESENTATION_CONTEXT() REPRESENTATION_CONTEXT('2D SPACE',''
  ) );
#8545 = ORIENTED_EDGE('',*,*,#8546,.F.);
#8546 = EDGE_CURVE('',#8547,#8519,#8549,.T.);
#8547 = VERTEX_POINT('',#8548);
#8548 = CARTESIAN_POINT('',(18.5,-12.65931873503,26.8));
#8549 = SURFACE_CURVE('',#8550,(#8554,#8561),.PCURVE_S1.);
#8550 = LINE('',#8551,#8552);
#8551 = CARTESIAN_POINT('',(18.5,38.5,26.8));
#8552 = VECTOR('',#8553,1.);
#8553 = DIRECTION('',(0.,-1.,0.));
#8554 = PCURVE('',#8091,#8555);
#8555 = DEFINITIONAL_REPRESENTATION('',(#8556),#8560);
#8556 = LINE('',#8557,#8558);
#8557 = CARTESIAN_POINT('',(0.693598025148,-38.5));
#8558 = VECTOR('',#8559,1.);
#8559 = DIRECTION('',(0.,1.));
#8560 = ( GEOMETRIC_REPRESENTATION_CONTEXT(2) 
PARAMETRIC_REPRESENTATION_CONTEXT() REPRESENTATION_CONTEXT('2D SPACE',''
  ) );
#8561 = PCURVE('',#8562,#8567);
#8562 = PLANE('',#8563);
#8563 = AXIS2_PLACEMENT_3D('',#8564,#8565,#8566);
#8564 = CARTESIAN_POINT('',(-50.,-50.,26.8));
#8565 = DIRECTION('',(0.,0.,1.));
#8566 = DIRECTION('',(1.,0.,0.));
#8567 = DEFINITIONAL_REPRESENTATION('',(#8568),#8572);
#8568 = LINE('',#8569,#8570);
#8569 = CARTESIAN_POINT('',(68.5,88.5));
#8570 = VECTOR('',#8571,1.);
#8571 = DIRECTION('',(0.,-1.));
#8572 = ( GEOMETRIC_REPRESENTATION_CONTEXT(2) 
PARAMETRIC_REPRESENTATION_CONTEXT() REPRESENTATION_CONTEXT('2D SPACE',''
  ) );
#8573 = ORIENTED_EDGE('',*,*,#8574,.F.);
#8574 = EDGE_CURVE('',#8249,#8547,#8575,.T.);
#8575 = SURFACE_CURVE('',#8576,(#8627,#8681),.PCURVE_S1.);
#8576 = B_SPLINE_CURVE_WITH_KNOTS('',7,(#8577,#8578,#8579,#8580,#8581,
    #8582,#8583,#8584,#8585,#8586,#8587,#8588,#8589,#8590,#8591,#8592,
    #8593,#8594,#8595,#8596,#8597,#8598,#8599,#8600,#8601,#8602,#8603,
    #8604,#8605,#8606,#8607,#8608,#8609,#8610,#8611,#8612,#8613,#8614,
    #8615,#8616,#8617,#8618,#8619,#8620,#8621,#8622,#8623,#8624,#8625,
    #8626),.UNSPECIFIED.,.F.,.F.,(8,6,6,6,6,6,6,6,8),(0.,0.339268537252,
    0.515126365107,0.684070212938,1.,1.315929787062,1.484873634892,
    1.660731462747,2.),.UNSPECIFIED.);
#8577 = CARTESIAN_POINT('',(18.5,12.659318735032,26.8));
#8578 = CARTESIAN_POINT('',(18.5,12.606014485543,27.756997617361));
#8579 = CARTESIAN_POINT('',(18.5,12.478288042415,28.709836642301));
#8580 = CARTESIAN_POINT('',(18.5,12.276368662387,29.651608554742));
#8581 = CARTESIAN_POINT('',(18.5,12.00096765597,30.575284418486));
#8582 = CARTESIAN_POINT('',(18.5,11.653346592262,31.473730606434));
#8583 = CARTESIAN_POINT('',(18.5,11.235420300511,32.339741510232));
#8584 = CARTESIAN_POINT('',(18.5,10.498225345568,33.594421660884));
#8585 = CARTESIAN_POINT('',(18.5,10.228401698808,34.01208312032));
#8586 = CARTESIAN_POINT('',(18.5,9.940812048135,34.418055136863));
#8587 = CARTESIAN_POINT('',(18.5,9.635906137378,34.811316822739));
#8588 = CARTESIAN_POINT('',(18.5,9.314203363356,35.190851601668));
#8589 = CARTESIAN_POINT('',(18.5,8.976301005056,35.555653932358));
#8590 = CARTESIAN_POINT('',(18.5,8.28335881122,36.240093711793));
#8591 = CARTESIAN_POINT('',(18.5,7.929510320825,36.560947509418));
#8592 = CARTESIAN_POINT('',(18.5,7.561949392246,36.86641699389));
#8593 = CARTESIAN_POINT('',(18.5,7.181354275813,37.155646356102));
#8594 = CARTESIAN_POINT('',(18.5,6.788475498618,37.427813554904));
#8595 = CARTESIAN_POINT('',(18.5,6.384142301596,37.682139463181));
#8596 = CARTESIAN_POINT('',(18.5,5.193444379115,38.358770320412));
#8597 = CARTESIAN_POINT('',(18.5,4.38047315776,38.734874861645));
#8598 = CARTESIAN_POINT('',(18.5,3.536683734418,39.041157251475));
#8599 = CARTESIAN_POINT('',(18.5,2.668996735925,39.273750898301));
#8600 = CARTESIAN_POINT('',(18.5,1.784869999043,39.429871153108));
#8601 = CARTESIAN_POINT('',(18.5,0.892314784638,39.507894736842));
#8602 = CARTESIAN_POINT('',(18.5,-0.892314784637,39.507894736842));
#8603 = CARTESIAN_POINT('',(18.5,-1.784869999049,39.429871153106));
#8604 = CARTESIAN_POINT('',(18.5,-2.668996735916,39.273750898305));
#8605 = CARTESIAN_POINT('',(18.5,-3.536683734429,39.041157251469));
#8606 = CARTESIAN_POINT('',(18.5,-4.380473157755,38.734874861648));
#8607 = CARTESIAN_POINT('',(18.5,-5.193444379118,38.35877032041));
#8608 = CARTESIAN_POINT('',(18.5,-6.384142301598,37.68213946318));
#8609 = CARTESIAN_POINT('',(18.5,-6.78847549862,37.427813554903));
#8610 = CARTESIAN_POINT('',(18.5,-7.181354275814,37.155646356101));
#8611 = CARTESIAN_POINT('',(18.5,-7.561949392248,36.866416993889));
#8612 = CARTESIAN_POINT('',(18.5,-7.929510320826,36.560947509417));
#8613 = CARTESIAN_POINT('',(18.5,-8.283358811222,36.240093711791));
#8614 = CARTESIAN_POINT('',(18.5,-8.976301005058,35.555653932356));
#8615 = CARTESIAN_POINT('',(18.5,-9.314203363358,35.190851601666));
#8616 = CARTESIAN_POINT('',(18.5,-9.635906137379,34.811316822737));
#8617 = CARTESIAN_POINT('',(18.5,-9.940812048137,34.418055136861));
#8618 = CARTESIAN_POINT('',(18.5,-10.22840169881,34.012083120318));
#8619 = CARTESIAN_POINT('',(18.5,-10.49822534556,33.594421660882));
#8620 = CARTESIAN_POINT('',(18.5,-11.23542030051,32.33974151023));
#8621 = CARTESIAN_POINT('',(18.5,-11.65334659226,31.473730606432));
#8622 = CARTESIAN_POINT('',(18.5,-12.00096765597,30.575284418485));
#8623 = CARTESIAN_POINT('',(18.5,-12.27636866238,29.651608554741));
#8624 = CARTESIAN_POINT('',(18.5,-12.47828804241,28.7098366423));
#8625 = CARTESIAN_POINT('',(18.5,-12.60601448554,27.756997617361));
#8626 = CARTESIAN_POINT('',(18.5,-12.65931873503,26.8));
#8627 = PCURVE('',#8091,#8628);
#8628 = DEFINITIONAL_REPRESENTATION('',(#8629),#8680);
#8629 = B_SPLINE_CURVE_WITH_KNOTS('',7,(#8630,#8631,#8632,#8633,#8634,
    #8635,#8636,#8637,#8638,#8639,#8640,#8641,#8642,#8643,#8644,#8645,
    #8646,#8647,#8648,#8649,#8650,#8651,#8652,#8653,#8654,#8655,#8656,
    #8657,#8658,#8659,#8660,#8661,#8662,#8663,#8664,#8665,#8666,#8667,
    #8668,#8669,#8670,#8671,#8672,#8673,#8674,#8675,#8676,#8677,#8678,
    #8679),.UNSPECIFIED.,.F.,.F.,(8,6,6,6,6,6,6,6,8),(0.,0.339268537252,
    0.515126365107,0.684070212938,1.,1.315929787062,1.484873634892,
    1.660731462747,2.),.UNSPECIFIED.);
#8630 = CARTESIAN_POINT('',(0.693598025148,-12.65931873503));
#8631 = CARTESIAN_POINT('',(1.650595642509,-12.60601448554));
#8632 = CARTESIAN_POINT('',(2.603434667448,-12.47828804241));
#8633 = CARTESIAN_POINT('',(3.54520657989,-12.27636866238));
#8634 = CARTESIAN_POINT('',(4.468882443634,-12.00096765597));
#8635 = CARTESIAN_POINT('',(5.367328631582,-11.65334659226));
#8636 = CARTESIAN_POINT('',(6.233339535379,-11.23542030051));
#8637 = CARTESIAN_POINT('',(7.488019686032,-10.49822534556));
#8638 = CARTESIAN_POINT('',(7.905681145467,-10.2284016988));
#8639 = CARTESIAN_POINT('',(8.311653162011,-9.940812048135));
#8640 = CARTESIAN_POINT('',(8.704914847887,-9.635906137378));
#8641 = CARTESIAN_POINT('',(9.084449626815,-9.314203363356));
#8642 = CARTESIAN_POINT('',(9.449251957506,-8.976301005056));
#8643 = CARTESIAN_POINT('',(10.13369173694,-8.28335881122));
#8644 = CARTESIAN_POINT('',(10.454545534566,-7.929510320825));
#8645 = CARTESIAN_POINT('',(10.760015019037,-7.561949392246));
#8646 = CARTESIAN_POINT('',(11.049244381249,-7.181354275813));
#8647 = CARTESIAN_POINT('',(11.321411580052,-6.788475498618));
#8648 = CARTESIAN_POINT('',(11.575737488329,-6.384142301596));
#8649 = CARTESIAN_POINT('',(12.252368345559,-5.193444379115));
#8650 = CARTESIAN_POINT('',(12.628472886792,-4.38047315776));
#8651 = CARTESIAN_POINT('',(12.934755276622,-3.536683734418));
#8652 = CARTESIAN_POINT('',(13.167348923449,-2.668996735925));
#8653 = CARTESIAN_POINT('',(13.323469178255,-1.784869999043));
#8654 = CARTESIAN_POINT('',(13.40149276199,-0.892314784638));
#8655 = CARTESIAN_POINT('',(13.40149276199,0.892314784637));
#8656 = CARTESIAN_POINT('',(13.323469178254,1.784869999049));
#8657 = CARTESIAN_POINT('',(13.167348923453,2.668996735916));
#8658 = CARTESIAN_POINT('',(12.934755276617,3.536683734429));
#8659 = CARTESIAN_POINT('',(12.628472886795,4.380473157755));
#8660 = CARTESIAN_POINT('',(12.252368345558,5.193444379118));
#8661 = CARTESIAN_POINT('',(11.575737488328,6.384142301598));
#8662 = CARTESIAN_POINT('',(11.321411580051,6.78847549862));
#8663 = CARTESIAN_POINT('',(11.049244381248,7.181354275814));
#8664 = CARTESIAN_POINT('',(10.760015019036,7.561949392248));
#8665 = CARTESIAN_POINT('',(10.454545534564,7.929510320826));
#8666 = CARTESIAN_POINT('',(10.133691736939,8.283358811222));
#8667 = CARTESIAN_POINT('',(9.449251957504,8.976301005058));
#8668 = CARTESIAN_POINT('',(9.084449626814,9.314203363358));
#8669 = CARTESIAN_POINT('',(8.704914847885,9.635906137379));
#8670 = CARTESIAN_POINT('',(8.311653162009,9.940812048137));
#8671 = CARTESIAN_POINT('',(7.905681145465,10.22840169881));
#8672 = CARTESIAN_POINT('',(7.48801968603,10.498225345569));
#8673 = CARTESIAN_POINT('',(6.233339535377,11.235420300512));
#8674 = CARTESIAN_POINT('',(5.36732863158,11.653346592263));
#8675 = CARTESIAN_POINT('',(4.468882443632,12.00096765597));
#8676 = CARTESIAN_POINT('',(3.545206579889,12.276368662387));
#8677 = CARTESIAN_POINT('',(2.603434667447,12.478288042415));
#8678 = CARTESIAN_POINT('',(1.650595642508,12.606014485543));
#8679 = CARTESIAN_POINT('',(0.693598025148,12.659318735032));
#8680 = ( GEOMETRIC_REPRESENTATION_CONTEXT(2) 
PARAMETRIC_REPRESENTATION_CONTEXT() REPRESENTATION_CONTEXT('2D SPACE',''
  ) );
#8681 = PCURVE('',#8682,#8690);
#8682 = SURFACE_OF_LINEAR_EXTRUSION('',#8683,#8688);
#8683 = ELLIPSE('',#8684,13.507894736842,12.681578947368);
#8684 = AXIS2_PLACEMENT_3D('',#8685,#8686,#8687);
#8685 = CARTESIAN_POINT('',(17.5,0.,26.));
#8686 = DIRECTION('',(1.,0.,-0.));
#8687 = DIRECTION('',(0.,1.110223024625E-16,1.));
#8688 = VECTOR('',#8689,1.);
#8689 = DIRECTION('',(-1.,-0.,-0.));
#8690 = DEFINITIONAL_REPRESENTATION('',(#8691),#8761);
#8691 = B_SPLINE_CURVE_WITH_KNOTS('',3,(#8692,#8693,#8694,#8695,#8696,
    #8697,#8698,#8699,#8700,#8701,#8702,#8703,#8704,#8705,#8706,#8707,
    #8708,#8709,#8710,#8711,#8712,#8713,#8714,#8715,#8716,#8717,#8718,
    #8719,#8720,#8721,#8722,#8723,#8724,#8725,#8726,#8727,#8728,#8729,
    #8730,#8731,#8732,#8733,#8734,#8735,#8736,#8737,#8738,#8739,#8740,
    #8741,#8742,#8743,#8744,#8745,#8746,#8747,#8748,#8749,#8750,#8751,
    #8752,#8753,#8754,#8755,#8756,#8757,#8758,#8759,#8760),
  .UNSPECIFIED.,.F.,.F.,(4,1,1,1,1,1,1,1,1,1,1,1,1,1,1,1,1,1,1,1,1,1,1,1
    ,1,1,1,1,1,1,1,1,1,1,1,1,1,1,1,1,1,1,1,1,1,1,1,1,1,1,1,1,1,1,1,1,1,1
    ,1,1,1,1,1,1,1,1,4),(0.,3.030303030302E-02,6.060606060605E-02,
    9.090909090907E-02,0.121212121212,0.151515151515,0.181818181818,
    0.212121212121,0.242424242424,0.272727272727,0.30303030303,
    0.333333333333,0.363636363636,0.393939393939,0.424242424242,
    0.454545454545,0.484848484848,0.515151515151,0.545454545454,
    0.575757575757,0.60606060606,0.636363636364,0.666666666667,
    0.69696969697,0.727272727273,0.757575757576,0.787878787879,
    0.818181818182,0.848484848485,0.878787878788,0.909090909091,
    0.939393939394,0.969696969697,1.,1.030303030303,1.060606060606,
    1.090909090909,1.121212121212,1.151515151515,1.181818181818,
    1.212121212121,1.242424242424,1.272727272727,1.30303030303,
    1.333333333333,1.363636363636,1.393939393939,1.424242424242,
    1.454545454545,1.484848484848,1.515151515151,1.545454545454,
    1.575757575757,1.60606060606,1.636363636363,1.666666666666,
    1.696969696969,1.727272727272,1.757575757575,1.787878787878,
    1.818181818181,1.848484848485,1.878787878788,1.909090909091,
    1.939393939394,1.969696969697,2.),.QUASI_UNIFORM_KNOTS.);
#8692 = CARTESIAN_POINT('',(4.771648282406,-1.));
#8693 = CARTESIAN_POINT('',(4.786439519912,-1.));
#8694 = CARTESIAN_POINT('',(4.816026610787,-1.));
#8695 = CARTESIAN_POINT('',(4.86043127917,-1.));
#8696 = CARTESIAN_POINT('',(4.904870304932,-1.));
#8697 = CARTESIAN_POINT('',(4.949353520499,-1.));
#8698 = CARTESIAN_POINT('',(4.99389047586,-1.));
#8699 = CARTESIAN_POINT('',(5.038490412917,-1.));
#8700 = CARTESIAN_POINT('',(5.083162292512,-1.));
#8701 = CARTESIAN_POINT('',(5.12791479191,-1.));
#8702 = CARTESIAN_POINT('',(5.172756306371,-1.));
#8703 = CARTESIAN_POINT('',(5.217694897159,-1.));
#8704 = CARTESIAN_POINT('',(5.262738379134,-1.));
#8705 = CARTESIAN_POINT('',(5.307893830894,-1.));
#8706 = CARTESIAN_POINT('',(5.353165498158,-1.));
#8707 = CARTESIAN_POINT('',(5.398558544988,-1.));
#8708 = CARTESIAN_POINT('',(5.444076996829,-1.));
#8709 = CARTESIAN_POINT('',(5.489724170282,-1.));
#8710 = CARTESIAN_POINT('',(5.535502235881,-1.));
#8711 = CARTESIAN_POINT('',(5.581412710338,-1.));
#8712 = CARTESIAN_POINT('',(5.627455413711,-1.));
#8713 = CARTESIAN_POINT('',(5.673628970179,-1.));
#8714 = CARTESIAN_POINT('',(5.719931105612,-1.));
#8715 = CARTESIAN_POINT('',(5.766358705806,-1.));
#8716 = CARTESIAN_POINT('',(5.812905760812,-1.));
#8717 = CARTESIAN_POINT('',(5.859574663158,-1.));
#8718 = CARTESIAN_POINT('',(5.906352201078,-1.));
#8719 = CARTESIAN_POINT('',(5.953227731226,-1.));
#8720 = CARTESIAN_POINT('',(6.000190749593,-1.));
#8721 = CARTESIAN_POINT('',(6.047231011722,-1.));
#8722 = CARTESIAN_POINT('',(6.094337949782,-1.));
#8723 = CARTESIAN_POINT('',(6.141500349617,-1.));
#8724 = CARTESIAN_POINT('',(6.188705597648,-1.));
#8725 = CARTESIAN_POINT('',(6.235940189605,-1.));
#8726 = CARTESIAN_POINT('',(6.283185307179,-1.));
#8727 = CARTESIAN_POINT('',(6.330430424754,-1.));
#8728 = CARTESIAN_POINT('',(6.377665016711,-1.));
#8729 = CARTESIAN_POINT('',(6.424870264742,-1.));
#8730 = CARTESIAN_POINT('',(6.472032664577,-1.));
#8731 = CARTESIAN_POINT('',(6.519139602637,-1.));
#8732 = CARTESIAN_POINT('',(6.566179864766,-1.));
#8733 = CARTESIAN_POINT('',(6.613142883133,-1.));
#8734 = CARTESIAN_POINT('',(6.660018413281,-1.));
#8735 = CARTESIAN_POINT('',(6.706795951201,-1.));
#8736 = CARTESIAN_POINT('',(6.753464853548,-1.));
#8737 = CARTESIAN_POINT('',(6.800011908554,-1.));
#8738 = CARTESIAN_POINT('',(6.846439508747,-1.));
#8739 = CARTESIAN_POINT('',(6.892741644181,-1.));
#8740 = CARTESIAN_POINT('',(6.938915200649,-1.));
#8741 = CARTESIAN_POINT('',(6.984957904021,-1.));
#8742 = CARTESIAN_POINT('',(7.030868378478,-1.));
#8743 = CARTESIAN_POINT('',(7.076646444078,-1.));
#8744 = CARTESIAN_POINT('',(7.122293617531,-1.));
#8745 = CARTESIAN_POINT('',(7.167812069371,-1.));
#8746 = CARTESIAN_POINT('',(7.213205116201,-1.));
#8747 = CARTESIAN_POINT('',(7.258476783466,-1.));
#8748 = CARTESIAN_POINT('',(7.303632235225,-1.));
#8749 = CARTESIAN_POINT('',(7.348675717201,-1.));
#8750 = CARTESIAN_POINT('',(7.393614307988,-1.));
#8751 = CARTESIAN_POINT('',(7.438455822449,-1.));
#8752 = CARTESIAN_POINT('',(7.483208321847,-1.));
#8753 = CARTESIAN_POINT('',(7.527880201442,-1.));
#8754 = CARTESIAN_POINT('',(7.572480138499,-1.));
#8755 = CARTESIAN_POINT('',(7.61701709386,-1.));
#8756 = CARTESIAN_POINT('',(7.661500309427,-1.));
#8757 = CARTESIAN_POINT('',(7.70593933519,-1.));
#8758 = CARTESIAN_POINT('',(7.750344003573,-1.));
#8759 = CARTESIAN_POINT('',(7.779931094447,-1.));
#8760 = CARTESIAN_POINT('',(7.794722331953,-1.));
#8761 = ( GEOMETRIC_REPRESENTATION_CONTEXT(2) 
PARAMETRIC_REPRESENTATION_CONTEXT() REPRESENTATION_CONTEXT('2D SPACE',''
  ) );
#8762 = ADVANCED_FACE('',(#8763),#8229,.T.);
#8763 = FACE_BOUND('',#8764,.T.);
#8764 = EDGE_LOOP('',(#8765,#8788,#8789,#8790));
#8765 = ORIENTED_EDGE('',*,*,#8766,.F.);
#8766 = EDGE_CURVE('',#8189,#8767,#8769,.T.);
#8767 = VERTEX_POINT('',#8768);
#8768 = CARTESIAN_POINT('',(27.5,-15.,33.8));
#8769 = SURFACE_CURVE('',#8770,(#8774,#8781),.PCURVE_S1.);
#8770 = LINE('',#8771,#8772);
#8771 = CARTESIAN_POINT('',(27.5,-15.,31.8));
#8772 = VECTOR('',#8773,1.);
#8773 = DIRECTION('',(0.,0.,1.));
#8774 = PCURVE('',#8229,#8775);
#8775 = DEFINITIONAL_REPRESENTATION('',(#8776),#8780);
#8776 = LINE('',#8777,#8778);
#8777 = CARTESIAN_POINT('',(0.,9.));
#8778 = VECTOR('',#8779,1.);
#8779 = DIRECTION('',(1.,0.));
#8780 = ( GEOMETRIC_REPRESENTATION_CONTEXT(2) 
PARAMETRIC_REPRESENTATION_CONTEXT() REPRESENTATION_CONTEXT('2D SPACE',''
  ) );
#8781 = PCURVE('',#8176,#8782);
#8782 = DEFINITIONAL_REPRESENTATION('',(#8783),#8787);
#8783 = LINE('',#8784,#8785);
#8784 = CARTESIAN_POINT('',(5.693598025148,15.));
#8785 = VECTOR('',#8786,1.);
#8786 = DIRECTION('',(1.,0.));
#8787 = ( GEOMETRIC_REPRESENTATION_CONTEXT(2) 
PARAMETRIC_REPRESENTATION_CONTEXT() REPRESENTATION_CONTEXT('2D SPACE',''
  ) );
#8788 = ORIENTED_EDGE('',*,*,#8211,.T.);
#8789 = ORIENTED_EDGE('',*,*,#8411,.T.);
#8790 = ORIENTED_EDGE('',*,*,#8791,.T.);
#8791 = EDGE_CURVE('',#8412,#8767,#8792,.T.);
#8792 = SURFACE_CURVE('',#8793,(#8797,#8804),.PCURVE_S1.);
#8793 = LINE('',#8794,#8795);
#8794 = CARTESIAN_POINT('',(18.5,-15.,33.8));
#8795 = VECTOR('',#8796,1.);
#8796 = DIRECTION('',(1.,0.,0.));
#8797 = PCURVE('',#8229,#8798);
#8798 = DEFINITIONAL_REPRESENTATION('',(#8799),#8803);
#8799 = LINE('',#8800,#8801);
#8800 = CARTESIAN_POINT('',(2.,0.));
#8801 = VECTOR('',#8802,1.);
#8802 = DIRECTION('',(0.,1.));
#8803 = ( GEOMETRIC_REPRESENTATION_CONTEXT(2) 
PARAMETRIC_REPRESENTATION_CONTEXT() REPRESENTATION_CONTEXT('2D SPACE',''
  ) );
#8804 = PCURVE('',#8450,#8805);
#8805 = DEFINITIONAL_REPRESENTATION('',(#8806),#8810);
#8806 = LINE('',#8807,#8808);
#8807 = CARTESIAN_POINT('',(0.,11.));
#8808 = VECTOR('',#8809,1.);
#8809 = DIRECTION('',(1.,0.));
#8810 = ( GEOMETRIC_REPRESENTATION_CONTEXT(2) 
PARAMETRIC_REPRESENTATION_CONTEXT() REPRESENTATION_CONTEXT('2D SPACE',''
  ) );
#8811 = ADVANCED_FACE('',(#8812),#8176,.T.);
#8812 = FACE_BOUND('',#8813,.T.);
#8813 = EDGE_LOOP('',(#8814,#8839,#8862,#8885,#9068,#9091,#9114,#9137,
    #9160,#9183,#9204,#9205,#9206,#9207,#9230));
#8814 = ORIENTED_EDGE('',*,*,#8815,.F.);
#8815 = EDGE_CURVE('',#8816,#8818,#8820,.T.);
#8816 = VERTEX_POINT('',#8817);
#8817 = CARTESIAN_POINT('',(27.5,-38.5,31.8));
#8818 = VERTEX_POINT('',#8819);
#8819 = CARTESIAN_POINT('',(27.5,-26.,31.8));
#8820 = SURFACE_CURVE('',#8821,(#8825,#8832),.PCURVE_S1.);
#8821 = LINE('',#8822,#8823);
#8822 = CARTESIAN_POINT('',(27.5,-38.5,31.8));
#8823 = VECTOR('',#8824,1.);
#8824 = DIRECTION('',(0.,1.,0.));
#8825 = PCURVE('',#8176,#8826);
#8826 = DEFINITIONAL_REPRESENTATION('',(#8827),#8831);
#8827 = LINE('',#8828,#8829);
#8828 = CARTESIAN_POINT('',(5.693598025148,38.5));
#8829 = VECTOR('',#8830,1.);
#8830 = DIRECTION('',(0.,-1.));
#8831 = ( GEOMETRIC_REPRESENTATION_CONTEXT(2) 
PARAMETRIC_REPRESENTATION_CONTEXT() REPRESENTATION_CONTEXT('2D SPACE',''
  ) );
#8832 = PCURVE('',#8506,#8833);
#8833 = DEFINITIONAL_REPRESENTATION('',(#8834),#8838);
#8834 = LINE('',#8835,#8836);
#8835 = CARTESIAN_POINT('',(9.,0.));
#8836 = VECTOR('',#8837,1.);
#8837 = DIRECTION('',(0.,1.));
#8838 = ( GEOMETRIC_REPRESENTATION_CONTEXT(2) 
PARAMETRIC_REPRESENTATION_CONTEXT() REPRESENTATION_CONTEXT('2D SPACE',''
  ) );
#8839 = ORIENTED_EDGE('',*,*,#8840,.F.);
#8840 = EDGE_CURVE('',#8841,#8816,#8843,.T.);
#8841 = VERTEX_POINT('',#8842);
#8842 = CARTESIAN_POINT('',(27.5,-38.5,26.8));
#8843 = SURFACE_CURVE('',#8844,(#8848,#8855),.PCURVE_S1.);
#8844 = LINE('',#8845,#8846);
#8845 = CARTESIAN_POINT('',(27.5,-38.5,26.8));
#8846 = VECTOR('',#8847,1.);
#8847 = DIRECTION('',(0.,0.,1.));
#8848 = PCURVE('',#8176,#8849);
#8849 = DEFINITIONAL_REPRESENTATION('',(#8850),#8854);
#8850 = LINE('',#8851,#8852);
#8851 = CARTESIAN_POINT('',(0.693598025148,38.5));
#8852 = VECTOR('',#8853,1.);
#8853 = DIRECTION('',(1.,0.));
#8854 = ( GEOMETRIC_REPRESENTATION_CONTEXT(2) 
PARAMETRIC_REPRESENTATION_CONTEXT() REPRESENTATION_CONTEXT('2D SPACE',''
  ) );
#8855 = PCURVE('',#8534,#8856);
#8856 = DEFINITIONAL_REPRESENTATION('',(#8857),#8861);
#8857 = LINE('',#8858,#8859);
#8858 = CARTESIAN_POINT('',(0.,9.));
#8859 = VECTOR('',#8860,1.);
#8860 = DIRECTION('',(1.,0.));
#8861 = ( GEOMETRIC_REPRESENTATION_CONTEXT(2) 
PARAMETRIC_REPRESENTATION_CONTEXT() REPRESENTATION_CONTEXT('2D SPACE',''
  ) );
#8862 = ORIENTED_EDGE('',*,*,#8863,.T.);
#8863 = EDGE_CURVE('',#8841,#8864,#8866,.T.);
#8864 = VERTEX_POINT('',#8865);
#8865 = CARTESIAN_POINT('',(27.5,-12.65931873503,26.8));
#8866 = SURFACE_CURVE('',#8867,(#8871,#8878),.PCURVE_S1.);
#8867 = LINE('',#8868,#8869);
#8868 = CARTESIAN_POINT('',(27.5,-38.5,26.8));
#8869 = VECTOR('',#8870,1.);
#8870 = DIRECTION('',(0.,1.,0.));
#8871 = PCURVE('',#8176,#8872);
#8872 = DEFINITIONAL_REPRESENTATION('',(#8873),#8877);
#8873 = LINE('',#8874,#8875);
#8874 = CARTESIAN_POINT('',(0.693598025148,38.5));
#8875 = VECTOR('',#8876,1.);
#8876 = DIRECTION('',(0.,-1.));
#8877 = ( GEOMETRIC_REPRESENTATION_CONTEXT(2) 
PARAMETRIC_REPRESENTATION_CONTEXT() REPRESENTATION_CONTEXT('2D SPACE',''
  ) );
#8878 = PCURVE('',#8562,#8879);
#8879 = DEFINITIONAL_REPRESENTATION('',(#8880),#8884);
#8880 = LINE('',#8881,#8882);
#8881 = CARTESIAN_POINT('',(77.5,11.5));
#8882 = VECTOR('',#8883,1.);
#8883 = DIRECTION('',(0.,1.));
#8884 = ( GEOMETRIC_REPRESENTATION_CONTEXT(2) 
PARAMETRIC_REPRESENTATION_CONTEXT() REPRESENTATION_CONTEXT('2D SPACE',''
  ) );
#8885 = ORIENTED_EDGE('',*,*,#8886,.T.);
#8886 = EDGE_CURVE('',#8864,#8887,#8889,.T.);
#8887 = VERTEX_POINT('',#8888);
#8888 = CARTESIAN_POINT('',(27.5,12.659318735032,26.8));
#8889 = SURFACE_CURVE('',#8890,(#8941,#8995),.PCURVE_S1.);
#8890 = B_SPLINE_CURVE_WITH_KNOTS('',7,(#8891,#8892,#8893,#8894,#8895,
    #8896,#8897,#8898,#8899,#8900,#8901,#8902,#8903,#8904,#8905,#8906,
    #8907,#8908,#8909,#8910,#8911,#8912,#8913,#8914,#8915,#8916,#8917,
    #8918,#8919,#8920,#8921,#8922,#8923,#8924,#8925,#8926,#8927,#8928,
    #8929,#8930,#8931,#8932,#8933,#8934,#8935,#8936,#8937,#8938,#8939,
    #8940),.UNSPECIFIED.,.F.,.F.,(8,6,6,6,6,6,6,6,8),(0.,0.339268537252,
    0.515126365107,0.684070212938,1.,1.315929787062,1.484873634893,
    1.660731462748,2.),.UNSPECIFIED.);
#8891 = CARTESIAN_POINT('',(27.5,-12.65931873503,26.8));
#8892 = CARTESIAN_POINT('',(27.5,-12.60601448554,27.756997617361));
#8893 = CARTESIAN_POINT('',(27.5,-12.47828804241,28.7098366423));
#8894 = CARTESIAN_POINT('',(27.5,-12.27636866238,29.651608554741));
#8895 = CARTESIAN_POINT('',(27.5,-12.00096765597,30.575284418485));
#8896 = CARTESIAN_POINT('',(27.5,-11.65334659226,31.473730606432));
#8897 = CARTESIAN_POINT('',(27.5,-11.23542030051,32.33974151023));
#8898 = CARTESIAN_POINT('',(27.5,-10.49822534556,33.594421660882));
#8899 = CARTESIAN_POINT('',(27.5,-10.22840169881,34.012083120318));
#8900 = CARTESIAN_POINT('',(27.5,-9.940812048137,34.418055136861));
#8901 = CARTESIAN_POINT('',(27.5,-9.635906137379,34.811316822737));
#8902 = CARTESIAN_POINT('',(27.5,-9.314203363358,35.190851601666));
#8903 = CARTESIAN_POINT('',(27.5,-8.976301005058,35.555653932356));
#8904 = CARTESIAN_POINT('',(27.5,-8.283358811222,36.240093711791));
#8905 = CARTESIAN_POINT('',(27.5,-7.929510320826,36.560947509417));
#8906 = CARTESIAN_POINT('',(27.5,-7.561949392248,36.866416993889));
#8907 = CARTESIAN_POINT('',(27.5,-7.181354275814,37.155646356101));
#8908 = CARTESIAN_POINT('',(27.5,-6.78847549862,37.427813554903));
#8909 = CARTESIAN_POINT('',(27.5,-6.384142301598,37.68213946318));
#8910 = CARTESIAN_POINT('',(27.5,-5.193444379118,38.35877032041));
#8911 = CARTESIAN_POINT('',(27.5,-4.380473157755,38.734874861648));
#8912 = CARTESIAN_POINT('',(27.5,-3.536683734429,39.041157251469));
#8913 = CARTESIAN_POINT('',(27.5,-2.668996735916,39.273750898305));
#8914 = CARTESIAN_POINT('',(27.5,-1.784869999049,39.429871153106));
#8915 = CARTESIAN_POINT('',(27.5,-0.892314784637,39.507894736842));
#8916 = CARTESIAN_POINT('',(27.5,0.892314784638,39.507894736842));
#8917 = CARTESIAN_POINT('',(27.5,1.784869999043,39.429871153108));
#8918 = CARTESIAN_POINT('',(27.5,2.668996735925,39.273750898301));
#8919 = CARTESIAN_POINT('',(27.5,3.536683734418,39.041157251475));
#8920 = CARTESIAN_POINT('',(27.5,4.38047315776,38.734874861645));
#8921 = CARTESIAN_POINT('',(27.5,5.193444379115,38.358770320412));
#8922 = CARTESIAN_POINT('',(27.5,6.384142301596,37.682139463181));
#8923 = CARTESIAN_POINT('',(27.5,6.788475498618,37.427813554904));
#8924 = CARTESIAN_POINT('',(27.5,7.181354275813,37.155646356102));
#8925 = CARTESIAN_POINT('',(27.5,7.561949392246,36.86641699389));
#8926 = CARTESIAN_POINT('',(27.5,7.929510320825,36.560947509418));
#8927 = CARTESIAN_POINT('',(27.5,8.28335881122,36.240093711793));
#8928 = CARTESIAN_POINT('',(27.5,8.976301005056,35.555653932358));
#8929 = CARTESIAN_POINT('',(27.5,9.314203363356,35.190851601668));
#8930 = CARTESIAN_POINT('',(27.5,9.635906137378,34.811316822739));
#8931 = CARTESIAN_POINT('',(27.5,9.940812048135,34.418055136863));
#8932 = CARTESIAN_POINT('',(27.5,10.228401698808,34.01208312032));
#8933 = CARTESIAN_POINT('',(27.5,10.498225345568,33.594421660884));
#8934 = CARTESIAN_POINT('',(27.5,11.235420300511,32.339741510232));
#8935 = CARTESIAN_POINT('',(27.5,11.653346592262,31.473730606434));
#8936 = CARTESIAN_POINT('',(27.5,12.00096765597,30.575284418486));
#8937 = CARTESIAN_POINT('',(27.5,12.276368662387,29.651608554742));
#8938 = CARTESIAN_POINT('',(27.5,12.478288042415,28.709836642301));
#8939 = CARTESIAN_POINT('',(27.5,12.606014485543,27.756997617361));
#8940 = CARTESIAN_POINT('',(27.5,12.659318735032,26.8));
#8941 = PCURVE('',#8176,#8942);
#8942 = DEFINITIONAL_REPRESENTATION('',(#8943),#8994);
#8943 = B_SPLINE_CURVE_WITH_KNOTS('',7,(#8944,#8945,#8946,#8947,#8948,
    #8949,#8950,#8951,#8952,#8953,#8954,#8955,#8956,#8957,#8958,#8959,
    #8960,#8961,#8962,#8963,#8964,#8965,#8966,#8967,#8968,#8969,#8970,
    #8971,#8972,#8973,#8974,#8975,#8976,#8977,#8978,#8979,#8980,#8981,
    #8982,#8983,#8984,#8985,#8986,#8987,#8988,#8989,#8990,#8991,#8992,
    #8993),.UNSPECIFIED.,.F.,.F.,(8,6,6,6,6,6,6,6,8),(0.,0.339268537252,
    0.515126365107,0.684070212938,1.,1.315929787062,1.484873634893,
    1.660731462748,2.),.UNSPECIFIED.);
#8944 = CARTESIAN_POINT('',(0.693598025148,12.659318735032));
#8945 = CARTESIAN_POINT('',(1.650595642508,12.606014485543));
#8946 = CARTESIAN_POINT('',(2.603434667447,12.478288042415));
#8947 = CARTESIAN_POINT('',(3.545206579889,12.276368662387));
#8948 = CARTESIAN_POINT('',(4.468882443632,12.00096765597));
#8949 = CARTESIAN_POINT('',(5.36732863158,11.653346592263));
#8950 = CARTESIAN_POINT('',(6.233339535377,11.235420300512));
#8951 = CARTESIAN_POINT('',(7.48801968603,10.498225345569));
#8952 = CARTESIAN_POINT('',(7.905681145465,10.22840169881));
#8953 = CARTESIAN_POINT('',(8.311653162009,9.940812048137));
#8954 = CARTESIAN_POINT('',(8.704914847885,9.635906137379));
#8955 = CARTESIAN_POINT('',(9.084449626814,9.314203363358));
#8956 = CARTESIAN_POINT('',(9.449251957504,8.976301005058));
#8957 = CARTESIAN_POINT('',(10.133691736939,8.283358811222));
#8958 = CARTESIAN_POINT('',(10.454545534564,7.929510320826));
#8959 = CARTESIAN_POINT('',(10.760015019036,7.561949392248));
#8960 = CARTESIAN_POINT('',(11.049244381248,7.181354275814));
#8961 = CARTESIAN_POINT('',(11.321411580051,6.78847549862));
#8962 = CARTESIAN_POINT('',(11.575737488328,6.384142301598));
#8963 = CARTESIAN_POINT('',(12.252368345558,5.193444379118));
#8964 = CARTESIAN_POINT('',(12.628472886795,4.380473157755));
#8965 = CARTESIAN_POINT('',(12.934755276617,3.536683734429));
#8966 = CARTESIAN_POINT('',(13.167348923453,2.668996735916));
#8967 = CARTESIAN_POINT('',(13.323469178254,1.784869999049));
#8968 = CARTESIAN_POINT('',(13.40149276199,0.892314784637));
#8969 = CARTESIAN_POINT('',(13.40149276199,-0.892314784638));
#8970 = CARTESIAN_POINT('',(13.323469178255,-1.784869999043));
#8971 = CARTESIAN_POINT('',(13.167348923449,-2.668996735925));
#8972 = CARTESIAN_POINT('',(12.934755276622,-3.536683734418));
#8973 = CARTESIAN_POINT('',(12.628472886792,-4.38047315776));
#8974 = CARTESIAN_POINT('',(12.252368345559,-5.193444379115));
#8975 = CARTESIAN_POINT('',(11.575737488329,-6.384142301596));
#8976 = CARTESIAN_POINT('',(11.321411580052,-6.788475498618));
#8977 = CARTESIAN_POINT('',(11.049244381249,-7.181354275813));
#8978 = CARTESIAN_POINT('',(10.760015019037,-7.561949392246));
#8979 = CARTESIAN_POINT('',(10.454545534566,-7.929510320825));
#8980 = CARTESIAN_POINT('',(10.13369173694,-8.28335881122));
#8981 = CARTESIAN_POINT('',(9.449251957506,-8.976301005056));
#8982 = CARTESIAN_POINT('',(9.084449626815,-9.314203363356));
#8983 = CARTESIAN_POINT('',(8.704914847887,-9.635906137378));
#8984 = CARTESIAN_POINT('',(8.311653162011,-9.940812048135));
#8985 = CARTESIAN_POINT('',(7.905681145467,-10.2284016988));
#8986 = CARTESIAN_POINT('',(7.488019686032,-10.49822534556));
#8987 = CARTESIAN_POINT('',(6.233339535379,-11.23542030051));
#8988 = CARTESIAN_POINT('',(5.367328631582,-11.65334659226));
#8989 = CARTESIAN_POINT('',(4.468882443634,-12.00096765597));
#8990 = CARTESIAN_POINT('',(3.54520657989,-12.27636866238));
#8991 = CARTESIAN_POINT('',(2.603434667448,-12.47828804241));
#8992 = CARTESIAN_POINT('',(1.650595642509,-12.60601448554));
#8993 = CARTESIAN_POINT('',(0.693598025148,-12.65931873503));
#8994 = ( GEOMETRIC_REPRESENTATION_CONTEXT(2) 
PARAMETRIC_REPRESENTATION_CONTEXT() REPRESENTATION_CONTEXT('2D SPACE',''
  ) );
#8995 = PCURVE('',#8682,#8996);
#8996 = DEFINITIONAL_REPRESENTATION('',(#8997),#9067);
#8997 = B_SPLINE_CURVE_WITH_KNOTS('',3,(#8998,#8999,#9000,#9001,#9002,
    #9003,#9004,#9005,#9006,#9007,#9008,#9009,#9010,#9011,#9012,#9013,
    #9014,#9015,#9016,#9017,#9018,#9019,#9020,#9021,#9022,#9023,#9024,
    #9025,#9026,#9027,#9028,#9029,#9030,#9031,#9032,#9033,#9034,#9035,
    #9036,#9037,#9038,#9039,#9040,#9041,#9042,#9043,#9044,#9045,#9046,
    #9047,#9048,#9049,#9050,#9051,#9052,#9053,#9054,#9055,#9056,#9057,
    #9058,#9059,#9060,#9061,#9062,#9063,#9064,#9065,#9066),
  .UNSPECIFIED.,.F.,.F.,(4,1,1,1,1,1,1,1,1,1,1,1,1,1,1,1,1,1,1,1,1,1,1,1
    ,1,1,1,1,1,1,1,1,1,1,1,1,1,1,1,1,1,1,1,1,1,1,1,1,1,1,1,1,1,1,1,1,1,1
    ,1,1,1,1,1,1,1,1,4),(0.,3.030303030304E-02,6.060606060607E-02,
    9.090909090911E-02,0.121212121212,0.151515151515,0.181818181818,
    0.212121212121,0.242424242424,0.272727272727,0.30303030303,
    0.333333333333,0.363636363636,0.393939393939,0.424242424242,
    0.454545454546,0.484848484849,0.515151515152,0.545454545455,
    0.575757575758,0.606060606061,0.636363636364,0.666666666667,
    0.69696969697,0.727272727273,0.757575757576,0.787878787879,
    0.818181818182,0.848484848485,0.878787878788,0.909090909091,
    0.939393939394,0.969696969697,1.,1.030303030303,1.060606060606,
    1.090909090909,1.121212121212,1.151515151515,1.181818181818,
    1.212121212121,1.242424242424,1.272727272727,1.303030303031,
    1.333333333334,1.363636363637,1.39393939394,1.424242424243,
    1.454545454546,1.484848484849,1.515151515152,1.545454545455,
    1.575757575758,1.606060606061,1.636363636364,1.666666666667,
    1.69696969697,1.727272727273,1.757575757576,1.787878787879,
    1.818181818182,1.848484848485,1.878787878788,1.909090909091,
    1.939393939394,1.969696969697,2.),.QUASI_UNIFORM_KNOTS.);
#8998 = CARTESIAN_POINT('',(7.794722331953,-10.));
#8999 = CARTESIAN_POINT('',(7.779931094447,-10.));
#9000 = CARTESIAN_POINT('',(7.750344003573,-10.));
#9001 = CARTESIAN_POINT('',(7.70593933519,-10.));
#9002 = CARTESIAN_POINT('',(7.661500309427,-10.));
#9003 = CARTESIAN_POINT('',(7.61701709386,-10.));
#9004 = CARTESIAN_POINT('',(7.572480138499,-10.));
#9005 = CARTESIAN_POINT('',(7.527880201442,-10.));
#9006 = CARTESIAN_POINT('',(7.483208321847,-10.));
#9007 = CARTESIAN_POINT('',(7.438455822449,-10.));
#9008 = CARTESIAN_POINT('',(7.393614307988,-10.));
#9009 = CARTESIAN_POINT('',(7.348675717201,-10.));
#9010 = CARTESIAN_POINT('',(7.303632235225,-10.));
#9011 = CARTESIAN_POINT('',(7.258476783466,-10.));
#9012 = CARTESIAN_POINT('',(7.213205116201,-10.));
#9013 = CARTESIAN_POINT('',(7.167812069371,-10.));
#9014 = CARTESIAN_POINT('',(7.122293617531,-10.));
#9015 = CARTESIAN_POINT('',(7.076646444078,-10.));
#9016 = CARTESIAN_POINT('',(7.030868378478,-10.));
#9017 = CARTESIAN_POINT('',(6.984957904021,-10.));
#9018 = CARTESIAN_POINT('',(6.938915200649,-10.));
#9019 = CARTESIAN_POINT('',(6.892741644181,-10.));
#9020 = CARTESIAN_POINT('',(6.846439508747,-10.));
#9021 = CARTESIAN_POINT('',(6.800011908554,-10.));
#9022 = CARTESIAN_POINT('',(6.753464853548,-10.));
#9023 = CARTESIAN_POINT('',(6.706795951201,-10.));
#9024 = CARTESIAN_POINT('',(6.660018413281,-10.));
#9025 = CARTESIAN_POINT('',(6.613142883133,-10.));
#9026 = CARTESIAN_POINT('',(6.566179864766,-10.));
#9027 = CARTESIAN_POINT('',(6.519139602637,-10.));
#9028 = CARTESIAN_POINT('',(6.472032664577,-10.));
#9029 = CARTESIAN_POINT('',(6.424870264742,-10.));
#9030 = CARTESIAN_POINT('',(6.377665016711,-10.));
#9031 = CARTESIAN_POINT('',(6.330430424754,-10.));
#9032 = CARTESIAN_POINT('',(6.283185307179,-10.));
#9033 = CARTESIAN_POINT('',(6.235940189605,-10.));
#9034 = CARTESIAN_POINT('',(6.188705597648,-10.));
#9035 = CARTESIAN_POINT('',(6.141500349617,-10.));
#9036 = CARTESIAN_POINT('',(6.094337949782,-10.));
#9037 = CARTESIAN_POINT('',(6.047231011722,-10.));
#9038 = CARTESIAN_POINT('',(6.000190749593,-10.));
#9039 = CARTESIAN_POINT('',(5.953227731226,-10.));
#9040 = CARTESIAN_POINT('',(5.906352201078,-10.));
#9041 = CARTESIAN_POINT('',(5.859574663158,-10.));
#9042 = CARTESIAN_POINT('',(5.812905760812,-10.));
#9043 = CARTESIAN_POINT('',(5.766358705806,-10.));
#9044 = CARTESIAN_POINT('',(5.719931105612,-10.));
#9045 = CARTESIAN_POINT('',(5.673628970179,-10.));
#9046 = CARTESIAN_POINT('',(5.627455413711,-10.));
#9047 = CARTESIAN_POINT('',(5.581412710338,-10.));
#9048 = CARTESIAN_POINT('',(5.535502235881,-10.));
#9049 = CARTESIAN_POINT('',(5.489724170282,-10.));
#9050 = CARTESIAN_POINT('',(5.444076996829,-10.));
#9051 = CARTESIAN_POINT('',(5.398558544988,-10.));
#9052 = CARTESIAN_POINT('',(5.353165498158,-10.));
#9053 = CARTESIAN_POINT('',(5.307893830894,-10.));
#9054 = CARTESIAN_POINT('',(5.262738379134,-10.));
#9055 = CARTESIAN_POINT('',(5.217694897159,-10.));
#9056 = CARTESIAN_POINT('',(5.172756306371,-10.));
#9057 = CARTESIAN_POINT('',(5.12791479191,-10.));
#9058 = CARTESIAN_POINT('',(5.083162292512,-10.));
#9059 = CARTESIAN_POINT('',(5.038490412917,-10.));
#9060 = CARTESIAN_POINT('',(4.99389047586,-10.));
#9061 = CARTESIAN_POINT('',(4.949353520499,-10.));
#9062 = CARTESIAN_POINT('',(4.904870304932,-10.));
#9063 = CARTESIAN_POINT('',(4.86043127917,-10.));
#9064 = CARTESIAN_POINT('',(4.816026610787,-10.));
#9065 = CARTESIAN_POINT('',(4.786439519912,-10.));
#9066 = CARTESIAN_POINT('',(4.771648282406,-10.));
#9067 = ( GEOMETRIC_REPRESENTATION_CONTEXT(2) 
PARAMETRIC_REPRESENTATION_CONTEXT() REPRESENTATION_CONTEXT('2D SPACE',''
  ) );
#9068 = ORIENTED_EDGE('',*,*,#9069,.T.);
#9069 = EDGE_CURVE('',#8887,#9070,#9072,.T.);
#9070 = VERTEX_POINT('',#9071);
#9071 = CARTESIAN_POINT('',(27.5,38.5,26.8));
#9072 = SURFACE_CURVE('',#9073,(#9077,#9084),.PCURVE_S1.);
#9073 = LINE('',#9074,#9075);
#9074 = CARTESIAN_POINT('',(27.5,-38.5,26.8));
#9075 = VECTOR('',#9076,1.);
#9076 = DIRECTION('',(0.,1.,0.));
#9077 = PCURVE('',#8176,#9078);
#9078 = DEFINITIONAL_REPRESENTATION('',(#9079),#9083);
#9079 = LINE('',#9080,#9081);
#9080 = CARTESIAN_POINT('',(0.693598025148,38.5));
#9081 = VECTOR('',#9082,1.);
#9082 = DIRECTION('',(0.,-1.));
#9083 = ( GEOMETRIC_REPRESENTATION_CONTEXT(2) 
PARAMETRIC_REPRESENTATION_CONTEXT() REPRESENTATION_CONTEXT('2D SPACE',''
  ) );
#9084 = PCURVE('',#8264,#9085);
#9085 = DEFINITIONAL_REPRESENTATION('',(#9086),#9090);
#9086 = LINE('',#9087,#9088);
#9087 = CARTESIAN_POINT('',(77.5,11.5));
#9088 = VECTOR('',#9089,1.);
#9089 = DIRECTION('',(0.,1.));
#9090 = ( GEOMETRIC_REPRESENTATION_CONTEXT(2) 
PARAMETRIC_REPRESENTATION_CONTEXT() REPRESENTATION_CONTEXT('2D SPACE',''
  ) );
#9091 = ORIENTED_EDGE('',*,*,#9092,.T.);
#9092 = EDGE_CURVE('',#9070,#9093,#9095,.T.);
#9093 = VERTEX_POINT('',#9094);
#9094 = CARTESIAN_POINT('',(27.5,38.5,31.8));
#9095 = SURFACE_CURVE('',#9096,(#9100,#9107),.PCURVE_S1.);
#9096 = LINE('',#9097,#9098);
#9097 = CARTESIAN_POINT('',(27.5,38.5,26.8));
#9098 = VECTOR('',#9099,1.);
#9099 = DIRECTION('',(0.,0.,1.));
#9100 = PCURVE('',#8176,#9101);
#9101 = DEFINITIONAL_REPRESENTATION('',(#9102),#9106);
#9102 = LINE('',#9103,#9104);
#9103 = CARTESIAN_POINT('',(0.693598025148,-38.5));
#9104 = VECTOR('',#9105,1.);
#9105 = DIRECTION('',(1.,0.));
#9106 = ( GEOMETRIC_REPRESENTATION_CONTEXT(2) 
PARAMETRIC_REPRESENTATION_CONTEXT() REPRESENTATION_CONTEXT('2D SPACE',''
  ) );
#9107 = PCURVE('',#8292,#9108);
#9108 = DEFINITIONAL_REPRESENTATION('',(#9109),#9113);
#9109 = LINE('',#9110,#9111);
#9110 = CARTESIAN_POINT('',(0.,9.));
#9111 = VECTOR('',#9112,1.);
#9112 = DIRECTION('',(1.,0.));
#9113 = ( GEOMETRIC_REPRESENTATION_CONTEXT(2) 
PARAMETRIC_REPRESENTATION_CONTEXT() REPRESENTATION_CONTEXT('2D SPACE',''
  ) );
#9114 = ORIENTED_EDGE('',*,*,#9115,.F.);
#9115 = EDGE_CURVE('',#9116,#9093,#9118,.T.);
#9116 = VERTEX_POINT('',#9117);
#9117 = CARTESIAN_POINT('',(27.5,26.,31.8));
#9118 = SURFACE_CURVE('',#9119,(#9123,#9130),.PCURVE_S1.);
#9119 = LINE('',#9120,#9121);
#9120 = CARTESIAN_POINT('',(27.5,15.,31.8));
#9121 = VECTOR('',#9122,1.);
#9122 = DIRECTION('',(0.,1.,0.));
#9123 = PCURVE('',#8176,#9124);
#9124 = DEFINITIONAL_REPRESENTATION('',(#9125),#9129);
#9125 = LINE('',#9126,#9127);
#9126 = CARTESIAN_POINT('',(5.693598025148,-15.));
#9127 = VECTOR('',#9128,1.);
#9128 = DIRECTION('',(0.,-1.));
#9129 = ( GEOMETRIC_REPRESENTATION_CONTEXT(2) 
PARAMETRIC_REPRESENTATION_CONTEXT() REPRESENTATION_CONTEXT('2D SPACE',''
  ) );
#9130 = PCURVE('',#8320,#9131);
#9131 = DEFINITIONAL_REPRESENTATION('',(#9132),#9136);
#9132 = LINE('',#9133,#9134);
#9133 = CARTESIAN_POINT('',(9.,0.));
#9134 = VECTOR('',#9135,1.);
#9135 = DIRECTION('',(0.,1.));
#9136 = ( GEOMETRIC_REPRESENTATION_CONTEXT(2) 
PARAMETRIC_REPRESENTATION_CONTEXT() REPRESENTATION_CONTEXT('2D SPACE',''
  ) );
#9137 = ORIENTED_EDGE('',*,*,#9138,.T.);
#9138 = EDGE_CURVE('',#9116,#9139,#9141,.T.);
#9139 = VERTEX_POINT('',#9140);
#9140 = CARTESIAN_POINT('',(27.5,26.,33.8));
#9141 = SURFACE_CURVE('',#9142,(#9146,#9153),.PCURVE_S1.);
#9142 = LINE('',#9143,#9144);
#9143 = CARTESIAN_POINT('',(27.5,26.,31.8));
#9144 = VECTOR('',#9145,1.);
#9145 = DIRECTION('',(0.,0.,1.));
#9146 = PCURVE('',#8176,#9147);
#9147 = DEFINITIONAL_REPRESENTATION('',(#9148),#9152);
#9148 = LINE('',#9149,#9150);
#9149 = CARTESIAN_POINT('',(5.693598025148,-26.));
#9150 = VECTOR('',#9151,1.);
#9151 = DIRECTION('',(1.,0.));
#9152 = ( GEOMETRIC_REPRESENTATION_CONTEXT(2) 
PARAMETRIC_REPRESENTATION_CONTEXT() REPRESENTATION_CONTEXT('2D SPACE',''
  ) );
#9153 = PCURVE('',#8348,#9154);
#9154 = DEFINITIONAL_REPRESENTATION('',(#9155),#9159);
#9155 = LINE('',#9156,#9157);
#9156 = CARTESIAN_POINT('',(0.,9.));
#9157 = VECTOR('',#9158,1.);
#9158 = DIRECTION('',(1.,0.));
#9159 = ( GEOMETRIC_REPRESENTATION_CONTEXT(2) 
PARAMETRIC_REPRESENTATION_CONTEXT() REPRESENTATION_CONTEXT('2D SPACE',''
  ) );
#9160 = ORIENTED_EDGE('',*,*,#9161,.F.);
#9161 = EDGE_CURVE('',#9162,#9139,#9164,.T.);
#9162 = VERTEX_POINT('',#9163);
#9163 = CARTESIAN_POINT('',(27.5,15.,33.8));
#9164 = SURFACE_CURVE('',#9165,(#9169,#9176),.PCURVE_S1.);
#9165 = LINE('',#9166,#9167);
#9166 = CARTESIAN_POINT('',(27.5,15.,33.8));
#9167 = VECTOR('',#9168,1.);
#9168 = DIRECTION('',(0.,1.,0.));
#9169 = PCURVE('',#8176,#9170);
#9170 = DEFINITIONAL_REPRESENTATION('',(#9171),#9175);
#9171 = LINE('',#9172,#9173);
#9172 = CARTESIAN_POINT('',(7.693598025148,-15.));
#9173 = VECTOR('',#9174,1.);
#9174 = DIRECTION('',(0.,-1.));
#9175 = ( GEOMETRIC_REPRESENTATION_CONTEXT(2) 
PARAMETRIC_REPRESENTATION_CONTEXT() REPRESENTATION_CONTEXT('2D SPACE',''
  ) );
#9176 = PCURVE('',#8376,#9177);
#9177 = DEFINITIONAL_REPRESENTATION('',(#9178),#9182);
#9178 = LINE('',#9179,#9180);
#9179 = CARTESIAN_POINT('',(9.,0.));
#9180 = VECTOR('',#9181,1.);
#9181 = DIRECTION('',(0.,1.));
#9182 = ( GEOMETRIC_REPRESENTATION_CONTEXT(2) 
PARAMETRIC_REPRESENTATION_CONTEXT() REPRESENTATION_CONTEXT('2D SPACE',''
  ) );
#9183 = ORIENTED_EDGE('',*,*,#9184,.F.);
#9184 = EDGE_CURVE('',#8127,#9162,#9185,.T.);
#9185 = SURFACE_CURVE('',#9186,(#9190,#9197),.PCURVE_S1.);
#9186 = LINE('',#9187,#9188);
#9187 = CARTESIAN_POINT('',(27.5,15.,31.8));
#9188 = VECTOR('',#9189,1.);
#9189 = DIRECTION('',(0.,0.,1.));
#9190 = PCURVE('',#8176,#9191);
#9191 = DEFINITIONAL_REPRESENTATION('',(#9192),#9196);
#9192 = LINE('',#9193,#9194);
#9193 = CARTESIAN_POINT('',(5.693598025148,-15.));
#9194 = VECTOR('',#9195,1.);
#9195 = DIRECTION('',(1.,0.));
#9196 = ( GEOMETRIC_REPRESENTATION_CONTEXT(2) 
PARAMETRIC_REPRESENTATION_CONTEXT() REPRESENTATION_CONTEXT('2D SPACE',''
  ) );
#9197 = PCURVE('',#8146,#9198);
#9198 = DEFINITIONAL_REPRESENTATION('',(#9199),#9203);
#9199 = LINE('',#9200,#9201);
#9200 = CARTESIAN_POINT('',(0.,9.));
#9201 = VECTOR('',#9202,1.);
#9202 = DIRECTION('',(1.,0.));
#9203 = ( GEOMETRIC_REPRESENTATION_CONTEXT(2) 
PARAMETRIC_REPRESENTATION_CONTEXT() REPRESENTATION_CONTEXT('2D SPACE',''
  ) );
#9204 = ORIENTED_EDGE('',*,*,#8160,.T.);
#9205 = ORIENTED_EDGE('',*,*,#8188,.T.);
#9206 = ORIENTED_EDGE('',*,*,#8766,.T.);
#9207 = ORIENTED_EDGE('',*,*,#9208,.F.);
#9208 = EDGE_CURVE('',#9209,#8767,#9211,.T.);
#9209 = VERTEX_POINT('',#9210);
#9210 = CARTESIAN_POINT('',(27.5,-26.,33.8));
#9211 = SURFACE_CURVE('',#9212,(#9216,#9223),.PCURVE_S1.);
#9212 = LINE('',#9213,#9214);
#9213 = CARTESIAN_POINT('',(27.5,-26.,33.8));
#9214 = VECTOR('',#9215,1.);
#9215 = DIRECTION('',(0.,1.,0.));
#9216 = PCURVE('',#8176,#9217);
#9217 = DEFINITIONAL_REPRESENTATION('',(#9218),#9222);
#9218 = LINE('',#9219,#9220);
#9219 = CARTESIAN_POINT('',(7.693598025148,26.));
#9220 = VECTOR('',#9221,1.);
#9221 = DIRECTION('',(0.,-1.));
#9222 = ( GEOMETRIC_REPRESENTATION_CONTEXT(2) 
PARAMETRIC_REPRESENTATION_CONTEXT() REPRESENTATION_CONTEXT('2D SPACE',''
  ) );
#9223 = PCURVE('',#8450,#9224);
#9224 = DEFINITIONAL_REPRESENTATION('',(#9225),#9229);
#9225 = LINE('',#9226,#9227);
#9226 = CARTESIAN_POINT('',(9.,0.));
#9227 = VECTOR('',#9228,1.);
#9228 = DIRECTION('',(0.,1.));
#9229 = ( GEOMETRIC_REPRESENTATION_CONTEXT(2) 
PARAMETRIC_REPRESENTATION_CONTEXT() REPRESENTATION_CONTEXT('2D SPACE',''
  ) );
#9230 = ORIENTED_EDGE('',*,*,#9231,.F.);
#9231 = EDGE_CURVE('',#8818,#9209,#9232,.T.);
#9232 = SURFACE_CURVE('',#9233,(#9237,#9244),.PCURVE_S1.);
#9233 = LINE('',#9234,#9235);
#9234 = CARTESIAN_POINT('',(27.5,-26.,31.8));
#9235 = VECTOR('',#9236,1.);
#9236 = DIRECTION('',(0.,0.,1.));
#9237 = PCURVE('',#8176,#9238);
#9238 = DEFINITIONAL_REPRESENTATION('',(#9239),#9243);
#9239 = LINE('',#9240,#9241);
#9240 = CARTESIAN_POINT('',(5.693598025148,26.));
#9241 = VECTOR('',#9242,1.);
#9242 = DIRECTION('',(1.,0.));
#9243 = ( GEOMETRIC_REPRESENTATION_CONTEXT(2) 
PARAMETRIC_REPRESENTATION_CONTEXT() REPRESENTATION_CONTEXT('2D SPACE',''
  ) );
#9244 = PCURVE('',#8478,#9245);
#9245 = DEFINITIONAL_REPRESENTATION('',(#9246),#9250);
#9246 = LINE('',#9247,#9248);
#9247 = CARTESIAN_POINT('',(0.,9.));
#9248 = VECTOR('',#9249,1.);
#9249 = DIRECTION('',(1.,0.));
#9250 = ( GEOMETRIC_REPRESENTATION_CONTEXT(2) 
PARAMETRIC_REPRESENTATION_CONTEXT() REPRESENTATION_CONTEXT('2D SPACE',''
  ) );
#9251 = ADVANCED_FACE('',(#9252),#8146,.F.);
#9252 = FACE_BOUND('',#9253,.F.);
#9253 = EDGE_LOOP('',(#9254,#9255,#9256,#9257));
#9254 = ORIENTED_EDGE('',*,*,#9184,.F.);
#9255 = ORIENTED_EDGE('',*,*,#8126,.T.);
#9256 = ORIENTED_EDGE('',*,*,#8388,.T.);
#9257 = ORIENTED_EDGE('',*,*,#9258,.T.);
#9258 = EDGE_CURVE('',#8361,#9162,#9259,.T.);
#9259 = SURFACE_CURVE('',#9260,(#9264,#9271),.PCURVE_S1.);
#9260 = LINE('',#9261,#9262);
#9261 = CARTESIAN_POINT('',(18.5,15.,33.8));
#9262 = VECTOR('',#9263,1.);
#9263 = DIRECTION('',(1.,0.,0.));
#9264 = PCURVE('',#8146,#9265);
#9265 = DEFINITIONAL_REPRESENTATION('',(#9266),#9270);
#9266 = LINE('',#9267,#9268);
#9267 = CARTESIAN_POINT('',(2.,0.));
#9268 = VECTOR('',#9269,1.);
#9269 = DIRECTION('',(0.,1.));
#9270 = ( GEOMETRIC_REPRESENTATION_CONTEXT(2) 
PARAMETRIC_REPRESENTATION_CONTEXT() REPRESENTATION_CONTEXT('2D SPACE',''
  ) );
#9271 = PCURVE('',#8376,#9272);
#9272 = DEFINITIONAL_REPRESENTATION('',(#9273),#9277);
#9273 = LINE('',#9274,#9275);
#9274 = CARTESIAN_POINT('',(0.,0.));
#9275 = VECTOR('',#9276,1.);
#9276 = DIRECTION('',(1.,0.));
#9277 = ( GEOMETRIC_REPRESENTATION_CONTEXT(2) 
PARAMETRIC_REPRESENTATION_CONTEXT() REPRESENTATION_CONTEXT('2D SPACE',''
  ) );
#9278 = ADVANCED_FACE('',(#9279,#9331),#8264,.F.);
#9279 = FACE_BOUND('',#9280,.F.);
#9280 = EDGE_LOOP('',(#9281,#9308,#9309,#9330));
#9281 = ORIENTED_EDGE('',*,*,#9282,.F.);
#9282 = EDGE_CURVE('',#8887,#8249,#9283,.T.);
#9283 = SURFACE_CURVE('',#9284,(#9290,#9299),.PCURVE_S1.);
#9284 = B_SPLINE_CURVE_WITH_KNOTS('',4,(#9285,#9286,#9287,#9288,#9289),
  .UNSPECIFIED.,.F.,.F.,(5,5),(0.,1.),.PIECEWISE_BEZIER_KNOTS.);
#9285 = CARTESIAN_POINT('',(27.5,12.659318735032,26.8));
#9286 = CARTESIAN_POINT('',(25.25,12.659318735032,26.8));
#9287 = CARTESIAN_POINT('',(23.,12.659318735032,26.8));
#9288 = CARTESIAN_POINT('',(20.75,12.659318735032,26.8));
#9289 = CARTESIAN_POINT('',(18.5,12.659318735032,26.8));
#9290 = PCURVE('',#8264,#9291);
#9291 = DEFINITIONAL_REPRESENTATION('',(#9292),#9298);
#9292 = B_SPLINE_CURVE_WITH_KNOTS('',4,(#9293,#9294,#9295,#9296,#9297),
  .UNSPECIFIED.,.F.,.F.,(5,5),(0.,1.),.PIECEWISE_BEZIER_KNOTS.);
#9293 = CARTESIAN_POINT('',(77.5,62.659318735032));
#9294 = CARTESIAN_POINT('',(75.25,62.659318735032));
#9295 = CARTESIAN_POINT('',(73.,62.659318735032));
#9296 = CARTESIAN_POINT('',(70.75,62.659318735032));
#9297 = CARTESIAN_POINT('',(68.5,62.659318735032));
#9298 = ( GEOMETRIC_REPRESENTATION_CONTEXT(2) 
PARAMETRIC_REPRESENTATION_CONTEXT() REPRESENTATION_CONTEXT('2D SPACE',''
  ) );
#9299 = PCURVE('',#8682,#9300);
#9300 = DEFINITIONAL_REPRESENTATION('',(#9301),#9307);
#9301 = B_SPLINE_CURVE_WITH_KNOTS('',4,(#9302,#9303,#9304,#9305,#9306),
  .UNSPECIFIED.,.F.,.F.,(5,5),(0.,1.),.PIECEWISE_BEZIER_KNOTS.);
#9302 = CARTESIAN_POINT('',(4.771648282406,-10.));
#9303 = CARTESIAN_POINT('',(4.771648282406,-7.75));
#9304 = CARTESIAN_POINT('',(4.771648282406,-5.5));
#9305 = CARTESIAN_POINT('',(4.771648282406,-3.25));
#9306 = CARTESIAN_POINT('',(4.771648282406,-1.));
#9307 = ( GEOMETRIC_REPRESENTATION_CONTEXT(2) 
PARAMETRIC_REPRESENTATION_CONTEXT() REPRESENTATION_CONTEXT('2D SPACE',''
  ) );
#9308 = ORIENTED_EDGE('',*,*,#9069,.T.);
#9309 = ORIENTED_EDGE('',*,*,#9310,.F.);
#9310 = EDGE_CURVE('',#8247,#9070,#9311,.T.);
#9311 = SURFACE_CURVE('',#9312,(#9316,#9323),.PCURVE_S1.);
#9312 = LINE('',#9313,#9314);
#9313 = CARTESIAN_POINT('',(18.5,38.5,26.8));
#9314 = VECTOR('',#9315,1.);
#9315 = DIRECTION('',(1.,0.,0.));
#9316 = PCURVE('',#8264,#9317);
#9317 = DEFINITIONAL_REPRESENTATION('',(#9318),#9322);
#9318 = LINE('',#9319,#9320);
#9319 = CARTESIAN_POINT('',(68.5,88.5));
#9320 = VECTOR('',#9321,1.);
#9321 = DIRECTION('',(1.,0.));
#9322 = ( GEOMETRIC_REPRESENTATION_CONTEXT(2) 
PARAMETRIC_REPRESENTATION_CONTEXT() REPRESENTATION_CONTEXT('2D SPACE',''
  ) );
#9323 = PCURVE('',#8292,#9324);
#9324 = DEFINITIONAL_REPRESENTATION('',(#9325),#9329);
#9325 = LINE('',#9326,#9327);
#9326 = CARTESIAN_POINT('',(0.,0.));
#9327 = VECTOR('',#9328,1.);
#9328 = DIRECTION('',(0.,1.));
#9329 = ( GEOMETRIC_REPRESENTATION_CONTEXT(2) 
PARAMETRIC_REPRESENTATION_CONTEXT() REPRESENTATION_CONTEXT('2D SPACE',''
  ) );
#9330 = ORIENTED_EDGE('',*,*,#8246,.T.);
#9331 = FACE_BOUND('',#9332,.F.);
#9332 = EDGE_LOOP('',(#9333));
#9333 = ORIENTED_EDGE('',*,*,#9334,.T.);
#9334 = EDGE_CURVE('',#9335,#9335,#9337,.T.);
#9335 = VERTEX_POINT('',#9336);
#9336 = CARTESIAN_POINT('',(24.7,32.,26.8));
#9337 = SURFACE_CURVE('',#9338,(#9343,#9354),.PCURVE_S1.);
#9338 = CIRCLE('',#9339,1.7);
#9339 = AXIS2_PLACEMENT_3D('',#9340,#9341,#9342);
#9340 = CARTESIAN_POINT('',(23.,32.,26.8));
#9341 = DIRECTION('',(0.,0.,-1.));
#9342 = DIRECTION('',(1.,0.,0.));
#9343 = PCURVE('',#8264,#9344);
#9344 = DEFINITIONAL_REPRESENTATION('',(#9345),#9353);
#9345 = ( BOUNDED_CURVE() B_SPLINE_CURVE(2,(#9346,#9347,#9348,#9349,
#9350,#9351,#9352),.UNSPECIFIED.,.T.,.F.) B_SPLINE_CURVE_WITH_KNOTS((1,2
    ,2,2,2,1),(-2.094395102393,0.,2.094395102393,4.188790204786,
6.28318530718,8.377580409573),.UNSPECIFIED.) CURVE() 
GEOMETRIC_REPRESENTATION_ITEM() RATIONAL_B_SPLINE_CURVE((1.,0.5,1.,0.5,
1.,0.5,1.)) REPRESENTATION_ITEM('') );
#9346 = CARTESIAN_POINT('',(74.7,82.));
#9347 = CARTESIAN_POINT('',(74.7,79.055513627133));
#9348 = CARTESIAN_POINT('',(72.15,80.527756813566));
#9349 = CARTESIAN_POINT('',(69.6,82.));
#9350 = CARTESIAN_POINT('',(72.15,83.472243186434));
#9351 = CARTESIAN_POINT('',(74.7,84.944486372867));
#9352 = CARTESIAN_POINT('',(74.7,82.));
#9353 = ( GEOMETRIC_REPRESENTATION_CONTEXT(2) 
PARAMETRIC_REPRESENTATION_CONTEXT() REPRESENTATION_CONTEXT('2D SPACE',''
  ) );
#9354 = PCURVE('',#9355,#9360);
#9355 = CYLINDRICAL_SURFACE('',#9356,1.7);
#9356 = AXIS2_PLACEMENT_3D('',#9357,#9358,#9359);
#9357 = CARTESIAN_POINT('',(23.,32.,26.));
#9358 = DIRECTION('',(-0.,-0.,-1.));
#9359 = DIRECTION('',(1.,0.,0.));
#9360 = DEFINITIONAL_REPRESENTATION('',(#9361),#9365);
#9361 = LINE('',#9362,#9363);
#9362 = CARTESIAN_POINT('',(-6.28318530718,-0.8));
#9363 = VECTOR('',#9364,1.);
#9364 = DIRECTION('',(1.,-0.));
#9365 = ( GEOMETRIC_REPRESENTATION_CONTEXT(2) 
PARAMETRIC_REPRESENTATION_CONTEXT() REPRESENTATION_CONTEXT('2D SPACE',''
  ) );
#9366 = ADVANCED_FACE('',(#9367),#8292,.T.);
#9367 = FACE_BOUND('',#9368,.T.);
#9368 = EDGE_LOOP('',(#9369,#9370,#9371,#9392));
#9369 = ORIENTED_EDGE('',*,*,#9310,.F.);
#9370 = ORIENTED_EDGE('',*,*,#8276,.T.);
#9371 = ORIENTED_EDGE('',*,*,#9372,.T.);
#9372 = EDGE_CURVE('',#8277,#9093,#9373,.T.);
#9373 = SURFACE_CURVE('',#9374,(#9378,#9385),.PCURVE_S1.);
#9374 = LINE('',#9375,#9376);
#9375 = CARTESIAN_POINT('',(18.5,38.5,31.8));
#9376 = VECTOR('',#9377,1.);
#9377 = DIRECTION('',(1.,0.,0.));
#9378 = PCURVE('',#8292,#9379);
#9379 = DEFINITIONAL_REPRESENTATION('',(#9380),#9384);
#9380 = LINE('',#9381,#9382);
#9381 = CARTESIAN_POINT('',(5.,0.));
#9382 = VECTOR('',#9383,1.);
#9383 = DIRECTION('',(0.,1.));
#9384 = ( GEOMETRIC_REPRESENTATION_CONTEXT(2) 
PARAMETRIC_REPRESENTATION_CONTEXT() REPRESENTATION_CONTEXT('2D SPACE',''
  ) );
#9385 = PCURVE('',#8320,#9386);
#9386 = DEFINITIONAL_REPRESENTATION('',(#9387),#9391);
#9387 = LINE('',#9388,#9389);
#9388 = CARTESIAN_POINT('',(0.,23.5));
#9389 = VECTOR('',#9390,1.);
#9390 = DIRECTION('',(1.,0.));
#9391 = ( GEOMETRIC_REPRESENTATION_CONTEXT(2) 
PARAMETRIC_REPRESENTATION_CONTEXT() REPRESENTATION_CONTEXT('2D SPACE',''
  ) );
#9392 = ORIENTED_EDGE('',*,*,#9092,.F.);
#9393 = ADVANCED_FACE('',(#9394,#9420),#8320,.T.);
#9394 = FACE_BOUND('',#9395,.T.);
#9395 = EDGE_LOOP('',(#9396,#9397,#9418,#9419));
#9396 = ORIENTED_EDGE('',*,*,#8304,.F.);
#9397 = ORIENTED_EDGE('',*,*,#9398,.T.);
#9398 = EDGE_CURVE('',#8305,#9116,#9399,.T.);
#9399 = SURFACE_CURVE('',#9400,(#9404,#9411),.PCURVE_S1.);
#9400 = LINE('',#9401,#9402);
#9401 = CARTESIAN_POINT('',(18.5,26.,31.8));
#9402 = VECTOR('',#9403,1.);
#9403 = DIRECTION('',(1.,0.,0.));
#9404 = PCURVE('',#8320,#9405);
#9405 = DEFINITIONAL_REPRESENTATION('',(#9406),#9410);
#9406 = LINE('',#9407,#9408);
#9407 = CARTESIAN_POINT('',(0.,11.));
#9408 = VECTOR('',#9409,1.);
#9409 = DIRECTION('',(1.,0.));
#9410 = ( GEOMETRIC_REPRESENTATION_CONTEXT(2) 
PARAMETRIC_REPRESENTATION_CONTEXT() REPRESENTATION_CONTEXT('2D SPACE',''
  ) );
#9411 = PCURVE('',#8348,#9412);
#9412 = DEFINITIONAL_REPRESENTATION('',(#9413),#9417);
#9413 = LINE('',#9414,#9415);
#9414 = CARTESIAN_POINT('',(0.,0.));
#9415 = VECTOR('',#9416,1.);
#9416 = DIRECTION('',(0.,1.));
#9417 = ( GEOMETRIC_REPRESENTATION_CONTEXT(2) 
PARAMETRIC_REPRESENTATION_CONTEXT() REPRESENTATION_CONTEXT('2D SPACE',''
  ) );
#9418 = ORIENTED_EDGE('',*,*,#9115,.T.);
#9419 = ORIENTED_EDGE('',*,*,#9372,.F.);
#9420 = FACE_BOUND('',#9421,.T.);
#9421 = EDGE_LOOP('',(#9422));
#9422 = ORIENTED_EDGE('',*,*,#9423,.T.);
#9423 = EDGE_CURVE('',#9424,#9424,#9426,.T.);
#9424 = VERTEX_POINT('',#9425);
#9425 = CARTESIAN_POINT('',(24.7,32.,31.8));
#9426 = SURFACE_CURVE('',#9427,(#9432,#9443),.PCURVE_S1.);
#9427 = CIRCLE('',#9428,1.7);
#9428 = AXIS2_PLACEMENT_3D('',#9429,#9430,#9431);
#9429 = CARTESIAN_POINT('',(23.,32.,31.8));
#9430 = DIRECTION('',(0.,0.,-1.));
#9431 = DIRECTION('',(1.,0.,0.));
#9432 = PCURVE('',#8320,#9433);
#9433 = DEFINITIONAL_REPRESENTATION('',(#9434),#9442);
#9434 = ( BOUNDED_CURVE() B_SPLINE_CURVE(2,(#9435,#9436,#9437,#9438,
#9439,#9440,#9441),.UNSPECIFIED.,.T.,.F.) B_SPLINE_CURVE_WITH_KNOTS((1,2
    ,2,2,2,1),(-2.094395102393,0.,2.094395102393,4.188790204786,
6.28318530718,8.377580409573),.UNSPECIFIED.) CURVE() 
GEOMETRIC_REPRESENTATION_ITEM() RATIONAL_B_SPLINE_CURVE((1.,0.5,1.,0.5,
1.,0.5,1.)) REPRESENTATION_ITEM('') );
#9435 = CARTESIAN_POINT('',(6.2,17.));
#9436 = CARTESIAN_POINT('',(6.2,14.055513627133));
#9437 = CARTESIAN_POINT('',(3.65,15.527756813566));
#9438 = CARTESIAN_POINT('',(1.1,17.));
#9439 = CARTESIAN_POINT('',(3.65,18.472243186434));
#9440 = CARTESIAN_POINT('',(6.2,19.944486372867));
#9441 = CARTESIAN_POINT('',(6.2,17.));
#9442 = ( GEOMETRIC_REPRESENTATION_CONTEXT(2) 
PARAMETRIC_REPRESENTATION_CONTEXT() REPRESENTATION_CONTEXT('2D SPACE',''
  ) );
#9443 = PCURVE('',#9355,#9444);
#9444 = DEFINITIONAL_REPRESENTATION('',(#9445),#9449);
#9445 = LINE('',#9446,#9447);
#9446 = CARTESIAN_POINT('',(-6.28318530718,-5.8));
#9447 = VECTOR('',#9448,1.);
#9448 = DIRECTION('',(1.,-0.));
#9449 = ( GEOMETRIC_REPRESENTATION_CONTEXT(2) 
PARAMETRIC_REPRESENTATION_CONTEXT() REPRESENTATION_CONTEXT('2D SPACE',''
  ) );
#9450 = ADVANCED_FACE('',(#9451),#8348,.T.);
#9451 = FACE_BOUND('',#9452,.T.);
#9452 = EDGE_LOOP('',(#9453,#9454,#9455,#9476));
#9453 = ORIENTED_EDGE('',*,*,#9398,.F.);
#9454 = ORIENTED_EDGE('',*,*,#8332,.T.);
#9455 = ORIENTED_EDGE('',*,*,#9456,.T.);
#9456 = EDGE_CURVE('',#8333,#9139,#9457,.T.);
#9457 = SURFACE_CURVE('',#9458,(#9462,#9469),.PCURVE_S1.);
#9458 = LINE('',#9459,#9460);
#9459 = CARTESIAN_POINT('',(18.5,26.,33.8));
#9460 = VECTOR('',#9461,1.);
#9461 = DIRECTION('',(1.,0.,0.));
#9462 = PCURVE('',#8348,#9463);
#9463 = DEFINITIONAL_REPRESENTATION('',(#9464),#9468);
#9464 = LINE('',#9465,#9466);
#9465 = CARTESIAN_POINT('',(2.,0.));
#9466 = VECTOR('',#9467,1.);
#9467 = DIRECTION('',(0.,1.));
#9468 = ( GEOMETRIC_REPRESENTATION_CONTEXT(2) 
PARAMETRIC_REPRESENTATION_CONTEXT() REPRESENTATION_CONTEXT('2D SPACE',''
  ) );
#9469 = PCURVE('',#8376,#9470);
#9470 = DEFINITIONAL_REPRESENTATION('',(#9471),#9475);
#9471 = LINE('',#9472,#9473);
#9472 = CARTESIAN_POINT('',(0.,11.));
#9473 = VECTOR('',#9474,1.);
#9474 = DIRECTION('',(1.,0.));
#9475 = ( GEOMETRIC_REPRESENTATION_CONTEXT(2) 
PARAMETRIC_REPRESENTATION_CONTEXT() REPRESENTATION_CONTEXT('2D SPACE',''
  ) );
#9476 = ORIENTED_EDGE('',*,*,#9138,.F.);
#9477 = ADVANCED_FACE('',(#9478),#8376,.T.);
#9478 = FACE_BOUND('',#9479,.T.);
#9479 = EDGE_LOOP('',(#9480,#9481,#9482,#9483));
#9480 = ORIENTED_EDGE('',*,*,#8360,.F.);
#9481 = ORIENTED_EDGE('',*,*,#9258,.T.);
#9482 = ORIENTED_EDGE('',*,*,#9161,.T.);
#9483 = ORIENTED_EDGE('',*,*,#9456,.F.);
#9484 = ADVANCED_FACE('',(#9485),#8450,.T.);
#9485 = FACE_BOUND('',#9486,.T.);
#9486 = EDGE_LOOP('',(#9487,#9488,#9509,#9510));
#9487 = ORIENTED_EDGE('',*,*,#8434,.F.);
#9488 = ORIENTED_EDGE('',*,*,#9489,.T.);
#9489 = EDGE_CURVE('',#8435,#9209,#9490,.T.);
#9490 = SURFACE_CURVE('',#9491,(#9495,#9502),.PCURVE_S1.);
#9491 = LINE('',#9492,#9493);
#9492 = CARTESIAN_POINT('',(18.5,-26.,33.8));
#9493 = VECTOR('',#9494,1.);
#9494 = DIRECTION('',(1.,0.,0.));
#9495 = PCURVE('',#8450,#9496);
#9496 = DEFINITIONAL_REPRESENTATION('',(#9497),#9501);
#9497 = LINE('',#9498,#9499);
#9498 = CARTESIAN_POINT('',(0.,0.));
#9499 = VECTOR('',#9500,1.);
#9500 = DIRECTION('',(1.,0.));
#9501 = ( GEOMETRIC_REPRESENTATION_CONTEXT(2) 
PARAMETRIC_REPRESENTATION_CONTEXT() REPRESENTATION_CONTEXT('2D SPACE',''
  ) );
#9502 = PCURVE('',#8478,#9503);
#9503 = DEFINITIONAL_REPRESENTATION('',(#9504),#9508);
#9504 = LINE('',#9505,#9506);
#9505 = CARTESIAN_POINT('',(2.,0.));
#9506 = VECTOR('',#9507,1.);
#9507 = DIRECTION('',(0.,1.));
#9508 = ( GEOMETRIC_REPRESENTATION_CONTEXT(2) 
PARAMETRIC_REPRESENTATION_CONTEXT() REPRESENTATION_CONTEXT('2D SPACE',''
  ) );
#9509 = ORIENTED_EDGE('',*,*,#9208,.T.);
#9510 = ORIENTED_EDGE('',*,*,#8791,.F.);
#9511 = ADVANCED_FACE('',(#9512),#8478,.F.);
#9512 = FACE_BOUND('',#9513,.F.);
#9513 = EDGE_LOOP('',(#9514,#9535,#9536,#9537));
#9514 = ORIENTED_EDGE('',*,*,#9515,.F.);
#9515 = EDGE_CURVE('',#8463,#8818,#9516,.T.);
#9516 = SURFACE_CURVE('',#9517,(#9521,#9528),.PCURVE_S1.);
#9517 = LINE('',#9518,#9519);
#9518 = CARTESIAN_POINT('',(18.5,-26.,31.8));
#9519 = VECTOR('',#9520,1.);
#9520 = DIRECTION('',(1.,0.,0.));
#9521 = PCURVE('',#8478,#9522);
#9522 = DEFINITIONAL_REPRESENTATION('',(#9523),#9527);
#9523 = LINE('',#9524,#9525);
#9524 = CARTESIAN_POINT('',(0.,0.));
#9525 = VECTOR('',#9526,1.);
#9526 = DIRECTION('',(0.,1.));
#9527 = ( GEOMETRIC_REPRESENTATION_CONTEXT(2) 
PARAMETRIC_REPRESENTATION_CONTEXT() REPRESENTATION_CONTEXT('2D SPACE',''
  ) );
#9528 = PCURVE('',#8506,#9529);
#9529 = DEFINITIONAL_REPRESENTATION('',(#9530),#9534);
#9530 = LINE('',#9531,#9532);
#9531 = CARTESIAN_POINT('',(0.,12.5));
#9532 = VECTOR('',#9533,1.);
#9533 = DIRECTION('',(1.,0.));
#9534 = ( GEOMETRIC_REPRESENTATION_CONTEXT(2) 
PARAMETRIC_REPRESENTATION_CONTEXT() REPRESENTATION_CONTEXT('2D SPACE',''
  ) );
#9535 = ORIENTED_EDGE('',*,*,#8462,.T.);
#9536 = ORIENTED_EDGE('',*,*,#9489,.T.);
#9537 = ORIENTED_EDGE('',*,*,#9231,.F.);
#9538 = ADVANCED_FACE('',(#9539,#9565),#8506,.T.);
#9539 = FACE_BOUND('',#9540,.T.);
#9540 = EDGE_LOOP('',(#9541,#9542,#9563,#9564));
#9541 = ORIENTED_EDGE('',*,*,#8490,.F.);
#9542 = ORIENTED_EDGE('',*,*,#9543,.T.);
#9543 = EDGE_CURVE('',#8491,#8816,#9544,.T.);
#9544 = SURFACE_CURVE('',#9545,(#9549,#9556),.PCURVE_S1.);
#9545 = LINE('',#9546,#9547);
#9546 = CARTESIAN_POINT('',(18.5,-38.5,31.8));
#9547 = VECTOR('',#9548,1.);
#9548 = DIRECTION('',(1.,0.,0.));
#9549 = PCURVE('',#8506,#9550);
#9550 = DEFINITIONAL_REPRESENTATION('',(#9551),#9555);
#9551 = LINE('',#9552,#9553);
#9552 = CARTESIAN_POINT('',(0.,0.));
#9553 = VECTOR('',#9554,1.);
#9554 = DIRECTION('',(1.,0.));
#9555 = ( GEOMETRIC_REPRESENTATION_CONTEXT(2) 
PARAMETRIC_REPRESENTATION_CONTEXT() REPRESENTATION_CONTEXT('2D SPACE',''
  ) );
#9556 = PCURVE('',#8534,#9557);
#9557 = DEFINITIONAL_REPRESENTATION('',(#9558),#9562);
#9558 = LINE('',#9559,#9560);
#9559 = CARTESIAN_POINT('',(5.,0.));
#9560 = VECTOR('',#9561,1.);
#9561 = DIRECTION('',(0.,1.));
#9562 = ( GEOMETRIC_REPRESENTATION_CONTEXT(2) 
PARAMETRIC_REPRESENTATION_CONTEXT() REPRESENTATION_CONTEXT('2D SPACE',''
  ) );
#9563 = ORIENTED_EDGE('',*,*,#8815,.T.);
#9564 = ORIENTED_EDGE('',*,*,#9515,.F.);
#9565 = FACE_BOUND('',#9566,.T.);
#9566 = EDGE_LOOP('',(#9567));
#9567 = ORIENTED_EDGE('',*,*,#9568,.T.);
#9568 = EDGE_CURVE('',#9569,#9569,#9571,.T.);
#9569 = VERTEX_POINT('',#9570);
#9570 = CARTESIAN_POINT('',(24.7,-32.,31.8));
#9571 = SURFACE_CURVE('',#9572,(#9577,#9588),.PCURVE_S1.);
#9572 = CIRCLE('',#9573,1.7);
#9573 = AXIS2_PLACEMENT_3D('',#9574,#9575,#9576);
#9574 = CARTESIAN_POINT('',(23.,-32.,31.8));
#9575 = DIRECTION('',(0.,0.,-1.));
#9576 = DIRECTION('',(1.,0.,0.));
#9577 = PCURVE('',#8506,#9578);
#9578 = DEFINITIONAL_REPRESENTATION('',(#9579),#9587);
#9579 = ( BOUNDED_CURVE() B_SPLINE_CURVE(2,(#9580,#9581,#9582,#9583,
#9584,#9585,#9586),.UNSPECIFIED.,.T.,.F.) B_SPLINE_CURVE_WITH_KNOTS((1,2
    ,2,2,2,1),(-2.094395102393,0.,2.094395102393,4.188790204786,
6.28318530718,8.377580409573),.UNSPECIFIED.) CURVE() 
GEOMETRIC_REPRESENTATION_ITEM() RATIONAL_B_SPLINE_CURVE((1.,0.5,1.,0.5,
1.,0.5,1.)) REPRESENTATION_ITEM('') );
#9580 = CARTESIAN_POINT('',(6.2,6.5));
#9581 = CARTESIAN_POINT('',(6.2,3.555513627133));
#9582 = CARTESIAN_POINT('',(3.65,5.027756813566));
#9583 = CARTESIAN_POINT('',(1.1,6.5));
#9584 = CARTESIAN_POINT('',(3.65,7.972243186434));
#9585 = CARTESIAN_POINT('',(6.2,9.444486372867));
#9586 = CARTESIAN_POINT('',(6.2,6.5));
#9587 = ( GEOMETRIC_REPRESENTATION_CONTEXT(2) 
PARAMETRIC_REPRESENTATION_CONTEXT() REPRESENTATION_CONTEXT('2D SPACE',''
  ) );
#9588 = PCURVE('',#9589,#9594);
#9589 = CYLINDRICAL_SURFACE('',#9590,1.7);
#9590 = AXIS2_PLACEMENT_3D('',#9591,#9592,#9593);
#9591 = CARTESIAN_POINT('',(23.,-32.,26.));
#9592 = DIRECTION('',(-0.,-0.,-1.));
#9593 = DIRECTION('',(1.,0.,0.));
#9594 = DEFINITIONAL_REPRESENTATION('',(#9595),#9599);
#9595 = LINE('',#9596,#9597);
#9596 = CARTESIAN_POINT('',(-6.28318530718,-5.8));
#9597 = VECTOR('',#9598,1.);
#9598 = DIRECTION('',(1.,-0.));
#9599 = ( GEOMETRIC_REPRESENTATION_CONTEXT(2) 
PARAMETRIC_REPRESENTATION_CONTEXT() REPRESENTATION_CONTEXT('2D SPACE',''
  ) );
#9600 = ADVANCED_FACE('',(#9601),#8534,.F.);
#9601 = FACE_BOUND('',#9602,.F.);
#9602 = EDGE_LOOP('',(#9603,#9624,#9625,#9626));
#9603 = ORIENTED_EDGE('',*,*,#9604,.F.);
#9604 = EDGE_CURVE('',#8519,#8841,#9605,.T.);
#9605 = SURFACE_CURVE('',#9606,(#9610,#9617),.PCURVE_S1.);
#9606 = LINE('',#9607,#9608);
#9607 = CARTESIAN_POINT('',(18.5,-38.5,26.8));
#9608 = VECTOR('',#9609,1.);
#9609 = DIRECTION('',(1.,0.,0.));
#9610 = PCURVE('',#8534,#9611);
#9611 = DEFINITIONAL_REPRESENTATION('',(#9612),#9616);
#9612 = LINE('',#9613,#9614);
#9613 = CARTESIAN_POINT('',(0.,0.));
#9614 = VECTOR('',#9615,1.);
#9615 = DIRECTION('',(0.,1.));
#9616 = ( GEOMETRIC_REPRESENTATION_CONTEXT(2) 
PARAMETRIC_REPRESENTATION_CONTEXT() REPRESENTATION_CONTEXT('2D SPACE',''
  ) );
#9617 = PCURVE('',#8562,#9618);
#9618 = DEFINITIONAL_REPRESENTATION('',(#9619),#9623);
#9619 = LINE('',#9620,#9621);
#9620 = CARTESIAN_POINT('',(68.5,11.5));
#9621 = VECTOR('',#9622,1.);
#9622 = DIRECTION('',(1.,0.));
#9623 = ( GEOMETRIC_REPRESENTATION_CONTEXT(2) 
PARAMETRIC_REPRESENTATION_CONTEXT() REPRESENTATION_CONTEXT('2D SPACE',''
  ) );
#9624 = ORIENTED_EDGE('',*,*,#8518,.T.);
#9625 = ORIENTED_EDGE('',*,*,#9543,.T.);
#9626 = ORIENTED_EDGE('',*,*,#8840,.F.);
#9627 = ADVANCED_FACE('',(#9628,#9660),#8562,.F.);
#9628 = FACE_BOUND('',#9629,.F.);
#9629 = EDGE_LOOP('',(#9630,#9631,#9632,#9659));
#9630 = ORIENTED_EDGE('',*,*,#9604,.T.);
#9631 = ORIENTED_EDGE('',*,*,#8863,.T.);
#9632 = ORIENTED_EDGE('',*,*,#9633,.T.);
#9633 = EDGE_CURVE('',#8864,#8547,#9634,.T.);
#9634 = SURFACE_CURVE('',#9635,(#9641,#9650),.PCURVE_S1.);
#9635 = B_SPLINE_CURVE_WITH_KNOTS('',4,(#9636,#9637,#9638,#9639,#9640),
  .UNSPECIFIED.,.F.,.F.,(5,5),(0.,1.),.PIECEWISE_BEZIER_KNOTS.);
#9636 = CARTESIAN_POINT('',(27.5,-12.65931873503,26.8));
#9637 = CARTESIAN_POINT('',(25.25,-12.65931873503,26.8));
#9638 = CARTESIAN_POINT('',(23.,-12.65931873503,26.8));
#9639 = CARTESIAN_POINT('',(20.75,-12.65931873503,26.8));
#9640 = CARTESIAN_POINT('',(18.5,-12.65931873503,26.8));
#9641 = PCURVE('',#8562,#9642);
#9642 = DEFINITIONAL_REPRESENTATION('',(#9643),#9649);
#9643 = B_SPLINE_CURVE_WITH_KNOTS('',4,(#9644,#9645,#9646,#9647,#9648),
  .UNSPECIFIED.,.F.,.F.,(5,5),(0.,1.),.PIECEWISE_BEZIER_KNOTS.);
#9644 = CARTESIAN_POINT('',(77.5,37.340681264968));
#9645 = CARTESIAN_POINT('',(75.25,37.340681264968));
#9646 = CARTESIAN_POINT('',(73.,37.340681264968));
#9647 = CARTESIAN_POINT('',(70.75,37.340681264968));
#9648 = CARTESIAN_POINT('',(68.5,37.340681264968));
#9649 = ( GEOMETRIC_REPRESENTATION_CONTEXT(2) 
PARAMETRIC_REPRESENTATION_CONTEXT() REPRESENTATION_CONTEXT('2D SPACE',''
  ) );
#9650 = PCURVE('',#8682,#9651);
#9651 = DEFINITIONAL_REPRESENTATION('',(#9652),#9658);
#9652 = B_SPLINE_CURVE_WITH_KNOTS('',4,(#9653,#9654,#9655,#9656,#9657),
  .UNSPECIFIED.,.F.,.F.,(5,5),(0.,1.),.PIECEWISE_BEZIER_KNOTS.);
#9653 = CARTESIAN_POINT('',(7.794722331953,-10.));
#9654 = CARTESIAN_POINT('',(7.794722331953,-7.75));
#9655 = CARTESIAN_POINT('',(7.794722331953,-5.5));
#9656 = CARTESIAN_POINT('',(7.794722331953,-3.25));
#9657 = CARTESIAN_POINT('',(7.794722331953,-1.));
#9658 = ( GEOMETRIC_REPRESENTATION_CONTEXT(2) 
PARAMETRIC_REPRESENTATION_CONTEXT() REPRESENTATION_CONTEXT('2D SPACE',''
  ) );
#9659 = ORIENTED_EDGE('',*,*,#8546,.T.);
#9660 = FACE_BOUND('',#9661,.F.);
#9661 = EDGE_LOOP('',(#9662));
#9662 = ORIENTED_EDGE('',*,*,#9663,.T.);
#9663 = EDGE_CURVE('',#9664,#9664,#9666,.T.);
#9664 = VERTEX_POINT('',#9665);
#9665 = CARTESIAN_POINT('',(24.7,-32.,26.8));
#9666 = SURFACE_CURVE('',#9667,(#9672,#9683),.PCURVE_S1.);
#9667 = CIRCLE('',#9668,1.7);
#9668 = AXIS2_PLACEMENT_3D('',#9669,#9670,#9671);
#9669 = CARTESIAN_POINT('',(23.,-32.,26.8));
#9670 = DIRECTION('',(0.,0.,-1.));
#9671 = DIRECTION('',(1.,0.,0.));
#9672 = PCURVE('',#8562,#9673);
#9673 = DEFINITIONAL_REPRESENTATION('',(#9674),#9682);
#9674 = ( BOUNDED_CURVE() B_SPLINE_CURVE(2,(#9675,#9676,#9677,#9678,
#9679,#9680,#9681),.UNSPECIFIED.,.T.,.F.) B_SPLINE_CURVE_WITH_KNOTS((1,2
    ,2,2,2,1),(-2.094395102393,0.,2.094395102393,4.188790204786,
6.28318530718,8.377580409573),.UNSPECIFIED.) CURVE() 
GEOMETRIC_REPRESENTATION_ITEM() RATIONAL_B_SPLINE_CURVE((1.,0.5,1.,0.5,
1.,0.5,1.)) REPRESENTATION_ITEM('') );
#9675 = CARTESIAN_POINT('',(74.7,18.));
#9676 = CARTESIAN_POINT('',(74.7,15.055513627133));
#9677 = CARTESIAN_POINT('',(72.15,16.527756813566));
#9678 = CARTESIAN_POINT('',(69.6,18.));
#9679 = CARTESIAN_POINT('',(72.15,19.472243186434));
#9680 = CARTESIAN_POINT('',(74.7,20.944486372867));
#9681 = CARTESIAN_POINT('',(74.7,18.));
#9682 = ( GEOMETRIC_REPRESENTATION_CONTEXT(2) 
PARAMETRIC_REPRESENTATION_CONTEXT() REPRESENTATION_CONTEXT('2D SPACE',''
  ) );
#9683 = PCURVE('',#9589,#9684);
#9684 = DEFINITIONAL_REPRESENTATION('',(#9685),#9689);
#9685 = LINE('',#9686,#9687);
#9686 = CARTESIAN_POINT('',(-6.28318530718,-0.8));
#9687 = VECTOR('',#9688,1.);
#9688 = DIRECTION('',(1.,-0.));
#9689 = ( GEOMETRIC_REPRESENTATION_CONTEXT(2) 
PARAMETRIC_REPRESENTATION_CONTEXT() REPRESENTATION_CONTEXT('2D SPACE',''
  ) );
#9690 = ADVANCED_FACE('',(#9691),#8682,.T.);
#9691 = FACE_BOUND('',#9692,.T.);
#9692 = EDGE_LOOP('',(#9693,#9694,#9695,#9696));
#9693 = ORIENTED_EDGE('',*,*,#8886,.F.);
#9694 = ORIENTED_EDGE('',*,*,#9633,.T.);
#9695 = ORIENTED_EDGE('',*,*,#8574,.F.);
#9696 = ORIENTED_EDGE('',*,*,#9282,.F.);
#9697 = ADVANCED_FACE('',(#9698),#9355,.F.);
#9698 = FACE_BOUND('',#9699,.T.);
#9699 = EDGE_LOOP('',(#9700,#9701,#9722,#9723));
#9700 = ORIENTED_EDGE('',*,*,#9334,.T.);
#9701 = ORIENTED_EDGE('',*,*,#9702,.T.);
#9702 = EDGE_CURVE('',#9335,#9424,#9703,.T.);
#9703 = SEAM_CURVE('',#9704,(#9708,#9715),.PCURVE_S1.);
#9704 = LINE('',#9705,#9706);
#9705 = CARTESIAN_POINT('',(24.7,32.,26.));
#9706 = VECTOR('',#9707,1.);
#9707 = DIRECTION('',(0.,0.,1.));
#9708 = PCURVE('',#9355,#9709);
#9709 = DEFINITIONAL_REPRESENTATION('',(#9710),#9714);
#9710 = LINE('',#9711,#9712);
#9711 = CARTESIAN_POINT('',(-6.28318530718,0.));
#9712 = VECTOR('',#9713,1.);
#9713 = DIRECTION('',(-0.,-1.));
#9714 = ( GEOMETRIC_REPRESENTATION_CONTEXT(2) 
PARAMETRIC_REPRESENTATION_CONTEXT() REPRESENTATION_CONTEXT('2D SPACE',''
  ) );
#9715 = PCURVE('',#9355,#9716);
#9716 = DEFINITIONAL_REPRESENTATION('',(#9717),#9721);
#9717 = LINE('',#9718,#9719);
#9718 = CARTESIAN_POINT('',(-0.,0.));
#9719 = VECTOR('',#9720,1.);
#9720 = DIRECTION('',(-0.,-1.));
#9721 = ( GEOMETRIC_REPRESENTATION_CONTEXT(2) 
PARAMETRIC_REPRESENTATION_CONTEXT() REPRESENTATION_CONTEXT('2D SPACE',''
  ) );
#9722 = ORIENTED_EDGE('',*,*,#9423,.F.);
#9723 = ORIENTED_EDGE('',*,*,#9702,.F.);
#9724 = ADVANCED_FACE('',(#9725),#9589,.F.);
#9725 = FACE_BOUND('',#9726,.T.);
#9726 = EDGE_LOOP('',(#9727,#9728,#9749,#9750));
#9727 = ORIENTED_EDGE('',*,*,#9663,.T.);
#9728 = ORIENTED_EDGE('',*,*,#9729,.T.);
#9729 = EDGE_CURVE('',#9664,#9569,#9730,.T.);
#9730 = SEAM_CURVE('',#9731,(#9735,#9742),.PCURVE_S1.);
#9731 = LINE('',#9732,#9733);
#9732 = CARTESIAN_POINT('',(24.7,-32.,26.));
#9733 = VECTOR('',#9734,1.);
#9734 = DIRECTION('',(0.,0.,1.));
#9735 = PCURVE('',#9589,#9736);
#9736 = DEFINITIONAL_REPRESENTATION('',(#9737),#9741);
#9737 = LINE('',#9738,#9739);
#9738 = CARTESIAN_POINT('',(-6.28318530718,0.));
#9739 = VECTOR('',#9740,1.);
#9740 = DIRECTION('',(-0.,-1.));
#9741 = ( GEOMETRIC_REPRESENTATION_CONTEXT(2) 
PARAMETRIC_REPRESENTATION_CONTEXT() REPRESENTATION_CONTEXT('2D SPACE',''
  ) );
#9742 = PCURVE('',#9589,#9743);
#9743 = DEFINITIONAL_REPRESENTATION('',(#9744),#9748);
#9744 = LINE('',#9745,#9746);
#9745 = CARTESIAN_POINT('',(-0.,0.));
#9746 = VECTOR('',#9747,1.);
#9747 = DIRECTION('',(-0.,-1.));
#9748 = ( GEOMETRIC_REPRESENTATION_CONTEXT(2) 
PARAMETRIC_REPRESENTATION_CONTEXT() REPRESENTATION_CONTEXT('2D SPACE',''
  ) );
#9749 = ORIENTED_EDGE('',*,*,#9568,.F.);
#9750 = ORIENTED_EDGE('',*,*,#9729,.F.);
#9751 = ( GEOMETRIC_REPRESENTATION_CONTEXT(3) 
GLOBAL_UNCERTAINTY_ASSIGNED_CONTEXT((#9755)) 
GLOBAL_UNIT_ASSIGNED_CONTEXT((#9752,#9753,#9754)) REPRESENTATION_CONTEXT
('Context #1','3D Context with UNIT and UNCERTAINTY') );
#9752 = ( LENGTH_UNIT() NAMED_UNIT(*) SI_UNIT(.MILLI.,.METRE.) );
#9753 = ( NAMED_UNIT(*) PLANE_ANGLE_UNIT() SI_UNIT($,.RADIAN.) );
#9754 = ( NAMED_UNIT(*) SI_UNIT($,.STERADIAN.) SOLID_ANGLE_UNIT() );
#9755 = UNCERTAINTY_MEASURE_WITH_UNIT(LENGTH_MEASURE(1.E-06),#9752,
  'distance_accuracy_value','confusion accuracy');
#9756 = CONTEXT_DEPENDENT_SHAPE_REPRESENTATION(#9757,#9759);
#9757 = ( REPRESENTATION_RELATIONSHIP('','',#8058,#10) 
REPRESENTATION_RELATIONSHIP_WITH_TRANSFORMATION(#9758) 
SHAPE_REPRESENTATION_RELATIONSHIP() );
#9758 = ITEM_DEFINED_TRANSFORMATION('','',#11,#23);
#9759 = PRODUCT_DEFINITION_SHAPE('Placement','Placement of an item',
  #9760);
#9760 = NEXT_ASSEMBLY_USAGE_OCCURRENCE('6','','',#5,#8053,$);
#9761 = PRODUCT_RELATED_PRODUCT_CATEGORY('part',$,(#8055));
#9762 = SHAPE_DEFINITION_REPRESENTATION(#9763,#9769);
#9763 = PRODUCT_DEFINITION_SHAPE('','',#9764);
#9764 = PRODUCT_DEFINITION('design','',#9765,#9768);
#9765 = PRODUCT_DEFINITION_FORMATION('','',#9766);
#9766 = PRODUCT('Open CASCADE STEP translator 7.9 6.4',
  'Open CASCADE STEP translator 7.9 6.4','',(#9767));
#9767 = PRODUCT_CONTEXT('',#2,'mechanical');
#9768 = PRODUCT_DEFINITION_CONTEXT('part definition',#2,'design');
#9769 = ADVANCED_BREP_SHAPE_REPRESENTATION('',(#11,#9770),#9893);
#9770 = MANIFOLD_SOLID_BREP('',#9771);
#9771 = CLOSED_SHELL('',(#9772,#9885,#9889));
#9772 = ADVANCED_FACE('',(#9773),#9786,.T.);
#9773 = FACE_BOUND('',#9774,.T.);
#9774 = EDGE_LOOP('',(#9775,#9835,#9857,#9884));
#9775 = ORIENTED_EDGE('',*,*,#9776,.T.);
#9776 = EDGE_CURVE('',#9777,#9777,#9779,.T.);
#9777 = VERTEX_POINT('',#9778);
#9778 = CARTESIAN_POINT('',(-47.5,1.582067810091E-15,40.25));
#9779 = SURFACE_CURVE('',#9780,(#9785,#9823),.PCURVE_S1.);
#9780 = ELLIPSE('',#9781,14.25,13.25);
#9781 = AXIS2_PLACEMENT_3D('',#9782,#9783,#9784);
#9782 = CARTESIAN_POINT('',(-47.5,0.,26.));
#9783 = DIRECTION('',(1.,0.,-0.));
#9784 = DIRECTION('',(0.,1.110223024625E-16,1.));
#9785 = PCURVE('',#9786,#9817);
#9786 = B_SPLINE_SURFACE_WITH_KNOTS('',14,1,(
    (#9787,#9788)
    ,(#9789,#9790)
    ,(#9791,#9792)
    ,(#9793,#9794)
    ,(#9795,#9796)
    ,(#9797,#9798)
    ,(#9799,#9800)
    ,(#9801,#9802)
    ,(#9803,#9804)
    ,(#9805,#9806)
    ,(#9807,#9808)
    ,(#9809,#9810)
    ,(#9811,#9812)
    ,(#9813,#9814)
    ,(#9815,#9816
    )),.UNSPECIFIED.,.T.,.F.,.F.,(15,15),(2,2),(0.,6.28318530718),(0.,1.
    ),.PIECEWISE_BEZIER_KNOTS.);
#9787 = CARTESIAN_POINT('',(-47.5,3.347282597412E-15,40.25));
#9788 = CARTESIAN_POINT('',(47.5,4.29810881114E-15,38.75));
#9789 = CARTESIAN_POINT('',(-47.5,-5.946586094299,40.250000000001));
#9790 = CARTESIAN_POINT('',(47.500000000002,-5.385587406159,
    38.749999999999));
#9791 = CARTESIAN_POINT('',(-47.49999999999,-11.8931743836,
    37.158970352906));
#9792 = CARTESIAN_POINT('',(47.499999999996,-10.77117680024,
    35.984341894714));
#9793 = CARTESIAN_POINT('',(-47.49999999999,-16.3348563421,
    30.976907107124));
#9794 = CARTESIAN_POINT('',(47.499999999997,-14.79383215889,
    30.453022148454));
#9795 = CARTESIAN_POINT('',(-47.50000000004,-17.76689314468,
    22.628298740044));
#9796 = CARTESIAN_POINT('',(47.500000000041,-16.09077114988,
    22.983214662201));
#9797 = CARTESIAN_POINT('',(-47.49999999987,-15.2239434084,
    13.961946839099));
#9798 = CARTESIAN_POINT('',(47.499999999874,-13.78772233217,
    15.229110329619));
#9799 = CARTESIAN_POINT('',(-47.50000000024,-8.822979499722,
    7.346155751618));
#9800 = CARTESIAN_POINT('',(47.500000000244,-7.990622943108,
    9.309718304225));
#9801 = CARTESIAN_POINT('',(-47.49999999965,-2.1393731231E-10,
    4.855442420487));
#9802 = CARTESIAN_POINT('',(47.499999999657,-2.26823004823E-10,
    7.08118532342));
#9803 = CARTESIAN_POINT('',(-47.50000000037,8.822979500114,
    7.346155751686));
#9804 = CARTESIAN_POINT('',(47.50000000037,7.990622943523,9.309718304308
    ));
#9805 = CARTESIAN_POINT('',(-47.49999999968,15.223943408104,
    13.961946838998));
#9806 = CARTESIAN_POINT('',(47.499999999685,13.787722331855,
    15.229110329498));
#9807 = CARTESIAN_POINT('',(-47.50000000021,17.766893144873,
    22.628298740134));
#9808 = CARTESIAN_POINT('',(47.500000000211,16.090771150078,
    22.983214662309));
#9809 = CARTESIAN_POINT('',(-47.49999999989,16.334856342006,
    30.976907107068));
#9810 = CARTESIAN_POINT('',(47.499999999891,14.793832158796,
    30.453022148388));
#9811 = CARTESIAN_POINT('',(-47.50000000004,11.893174383643,
    37.15897035293));
#9812 = CARTESIAN_POINT('',(47.500000000041,10.77117680028,
    35.984341894741));
#9813 = CARTESIAN_POINT('',(-47.49999999999,5.946586094292,
    40.249999999996));
#9814 = CARTESIAN_POINT('',(47.499999999991,5.385587406151,
    38.749999999993));
#9815 = CARTESIAN_POINT('',(-47.5,-6.588723793556E-15,40.25));
#9816 = CARTESIAN_POINT('',(47.5,6.82902288637E-15,38.75));
#9817 = DEFINITIONAL_REPRESENTATION('',(#9818),#9822);
#9818 = LINE('',#9819,#9820);
#9819 = CARTESIAN_POINT('',(0.,0.));
#9820 = VECTOR('',#9821,1.);
#9821 = DIRECTION('',(1.,0.));
#9822 = ( GEOMETRIC_REPRESENTATION_CONTEXT(2) 
PARAMETRIC_REPRESENTATION_CONTEXT() REPRESENTATION_CONTEXT('2D SPACE',''
  ) );
#9823 = PCURVE('',#9824,#9829);
#9824 = PLANE('',#9825);
#9825 = AXIS2_PLACEMENT_3D('',#9826,#9827,#9828);
#9826 = CARTESIAN_POINT('',(-47.5,0.,26.));
#9827 = DIRECTION('',(1.,0.,-0.));
#9828 = DIRECTION('',(0.,1.110223024625E-16,1.));
#9829 = DEFINITIONAL_REPRESENTATION('',(#9830),#9834);
#9830 = ELLIPSE('',#9831,14.25,13.25);
#9831 = AXIS2_PLACEMENT_2D('',#9832,#9833);
#9832 = CARTESIAN_POINT('',(0.,0.));
#9833 = DIRECTION('',(1.,0.));
#9834 = ( GEOMETRIC_REPRESENTATION_CONTEXT(2) 
PARAMETRIC_REPRESENTATION_CONTEXT() REPRESENTATION_CONTEXT('2D SPACE',''
  ) );
#9835 = ORIENTED_EDGE('',*,*,#9836,.T.);
#9836 = EDGE_CURVE('',#9777,#9837,#9839,.T.);
#9837 = VERTEX_POINT('',#9838);
#9838 = CARTESIAN_POINT('',(47.5,1.415534356397E-15,38.75));
#9839 = SEAM_CURVE('',#9840,(#9843,#9850),.PCURVE_S1.);
#9840 = B_SPLINE_CURVE_WITH_KNOTS('',1,(#9841,#9842),.UNSPECIFIED.,.F.,
  .F.,(2,2),(0.,1.),.PIECEWISE_BEZIER_KNOTS.);
#9841 = CARTESIAN_POINT('',(-47.5,3.347282597412E-15,40.25));
#9842 = CARTESIAN_POINT('',(47.5,4.29810881114E-15,38.75));
#9843 = PCURVE('',#9786,#9844);
#9844 = DEFINITIONAL_REPRESENTATION('',(#9845),#9849);
#9845 = LINE('',#9846,#9847);
#9846 = CARTESIAN_POINT('',(6.28318530718,0.));
#9847 = VECTOR('',#9848,1.);
#9848 = DIRECTION('',(0.,1.));
#9849 = ( GEOMETRIC_REPRESENTATION_CONTEXT(2) 
PARAMETRIC_REPRESENTATION_CONTEXT() REPRESENTATION_CONTEXT('2D SPACE',''
  ) );
#9850 = PCURVE('',#9786,#9851);
#9851 = DEFINITIONAL_REPRESENTATION('',(#9852),#9856);
#9852 = LINE('',#9853,#9854);
#9853 = CARTESIAN_POINT('',(0.,0.));
#9854 = VECTOR('',#9855,1.);
#9855 = DIRECTION('',(0.,1.));
#9856 = ( GEOMETRIC_REPRESENTATION_CONTEXT(2) 
PARAMETRIC_REPRESENTATION_CONTEXT() REPRESENTATION_CONTEXT('2D SPACE',''
  ) );
#9857 = ORIENTED_EDGE('',*,*,#9858,.F.);
#9858 = EDGE_CURVE('',#9837,#9837,#9859,.T.);
#9859 = SURFACE_CURVE('',#9860,(#9865,#9872),.PCURVE_S1.);
#9860 = ELLIPSE('',#9861,12.75,12.);
#9861 = AXIS2_PLACEMENT_3D('',#9862,#9863,#9864);
#9862 = CARTESIAN_POINT('',(47.5,0.,26.));
#9863 = DIRECTION('',(1.,0.,-0.));
#9864 = DIRECTION('',(0.,1.110223024625E-16,1.));
#9865 = PCURVE('',#9786,#9866);
#9866 = DEFINITIONAL_REPRESENTATION('',(#9867),#9871);
#9867 = LINE('',#9868,#9869);
#9868 = CARTESIAN_POINT('',(0.,1.));
#9869 = VECTOR('',#9870,1.);
#9870 = DIRECTION('',(1.,0.));
#9871 = ( GEOMETRIC_REPRESENTATION_CONTEXT(2) 
PARAMETRIC_REPRESENTATION_CONTEXT() REPRESENTATION_CONTEXT('2D SPACE',''
  ) );
#9872 = PCURVE('',#9873,#9878);
#9873 = PLANE('',#9874);
#9874 = AXIS2_PLACEMENT_3D('',#9875,#9876,#9877);
#9875 = CARTESIAN_POINT('',(47.5,0.,26.));
#9876 = DIRECTION('',(1.,0.,-0.));
#9877 = DIRECTION('',(0.,1.110223024625E-16,1.));
#9878 = DEFINITIONAL_REPRESENTATION('',(#9879),#9883);
#9879 = ELLIPSE('',#9880,12.75,12.);
#9880 = AXIS2_PLACEMENT_2D('',#9881,#9882);
#9881 = CARTESIAN_POINT('',(0.,0.));
#9882 = DIRECTION('',(1.,0.));
#9883 = ( GEOMETRIC_REPRESENTATION_CONTEXT(2) 
PARAMETRIC_REPRESENTATION_CONTEXT() REPRESENTATION_CONTEXT('2D SPACE',''
  ) );
#9884 = ORIENTED_EDGE('',*,*,#9836,.F.);
#9885 = ADVANCED_FACE('',(#9886),#9824,.F.);
#9886 = FACE_BOUND('',#9887,.F.);
#9887 = EDGE_LOOP('',(#9888));
#9888 = ORIENTED_EDGE('',*,*,#9776,.T.);
#9889 = ADVANCED_FACE('',(#9890),#9873,.T.);
#9890 = FACE_BOUND('',#9891,.T.);
#9891 = EDGE_LOOP('',(#9892));
#9892 = ORIENTED_EDGE('',*,*,#9858,.T.);
#9893 = ( GEOMETRIC_REPRESENTATION_CONTEXT(3) 
GLOBAL_UNCERTAINTY_ASSIGNED_CONTEXT((#9897)) 
GLOBAL_UNIT_ASSIGNED_CONTEXT((#9894,#9895,#9896)) REPRESENTATION_CONTEXT
('Context #1','3D Context with UNIT and UNCERTAINTY') );
#9894 = ( LENGTH_UNIT() NAMED_UNIT(*) SI_UNIT(.MILLI.,.METRE.) );
#9895 = ( NAMED_UNIT(*) PLANE_ANGLE_UNIT() SI_UNIT($,.RADIAN.) );
#9896 = ( NAMED_UNIT(*) SI_UNIT($,.STERADIAN.) SOLID_ANGLE_UNIT() );
#9897 = UNCERTAINTY_MEASURE_WITH_UNIT(LENGTH_MEASURE(1.E-07),#9894,
  'distance_accuracy_value','confusion accuracy');
#9898 = CONTEXT_DEPENDENT_SHAPE_REPRESENTATION(#9899,#9901);
#9899 = ( REPRESENTATION_RELATIONSHIP('','',#9769,#10) 
REPRESENTATION_RELATIONSHIP_WITH_TRANSFORMATION(#9900) 
SHAPE_REPRESENTATION_RELATIONSHIP() );
#9900 = ITEM_DEFINED_TRANSFORMATION('','',#11,#27);
#9901 = PRODUCT_DEFINITION_SHAPE('Placement','Placement of an item',
  #9902);
#9902 = NEXT_ASSEMBLY_USAGE_OCCURRENCE('7','','',#5,#9764,$);
#9903 = PRODUCT_RELATED_PRODUCT_CATEGORY('part',$,(#9766));
#9904 = SHAPE_DEFINITION_REPRESENTATION(#9905,#9911);
#9905 = PRODUCT_DEFINITION_SHAPE('','',#9906);
#9906 = PRODUCT_DEFINITION('design','',#9907,#9910);
#9907 = PRODUCT_DEFINITION_FORMATION('','',#9908);
#9908 = PRODUCT('Open CASCADE STEP translator 7.9 6.5',
  'Open CASCADE STEP translator 7.9 6.5','',(#9909));
#9909 = PRODUCT_CONTEXT('',#2,'mechanical');
#9910 = PRODUCT_DEFINITION_CONTEXT('part definition',#2,'design');
#9911 = ADVANCED_BREP_SHAPE_REPRESENTATION('',(#11,#9912),#10320);
#9912 = MANIFOLD_SOLID_BREP('',#9913);
#9913 = CLOSED_SHELL('',(#9914,#10034,#10110,#10186,#10257,#10304,#10312
    ));
#9914 = ADVANCED_FACE('',(#9915),#9929,.F.);
#9915 = FACE_BOUND('',#9916,.F.);
#9916 = EDGE_LOOP('',(#9917,#9952,#9980,#10008));
#9917 = ORIENTED_EDGE('',*,*,#9918,.T.);
#9918 = EDGE_CURVE('',#9919,#9921,#9923,.T.);
#9919 = VERTEX_POINT('',#9920);
#9920 = CARTESIAN_POINT('',(-49.5,-21.,67.25));
#9921 = VERTEX_POINT('',#9922);
#9922 = CARTESIAN_POINT('',(-49.5,-21.,68.25));
#9923 = SURFACE_CURVE('',#9924,(#9928,#9940),.PCURVE_S1.);
#9924 = LINE('',#9925,#9926);
#9925 = CARTESIAN_POINT('',(-49.5,-21.,67.25));
#9926 = VECTOR('',#9927,1.);
#9927 = DIRECTION('',(0.,0.,1.));
#9928 = PCURVE('',#9929,#9934);
#9929 = PLANE('',#9930);
#9930 = AXIS2_PLACEMENT_3D('',#9931,#9932,#9933);
#9931 = CARTESIAN_POINT('',(-49.5,-21.,67.25));
#9932 = DIRECTION('',(-3.497858217562E-02,0.999388062161,0.));
#9933 = DIRECTION('',(0.999388062161,3.497858217562E-02,0.));
#9934 = DEFINITIONAL_REPRESENTATION('',(#9935),#9939);
#9935 = LINE('',#9936,#9937);
#9936 = CARTESIAN_POINT('',(0.,0.));
#9937 = VECTOR('',#9938,1.);
#9938 = DIRECTION('',(0.,-1.));
#9939 = ( GEOMETRIC_REPRESENTATION_CONTEXT(2) 
PARAMETRIC_REPRESENTATION_CONTEXT() REPRESENTATION_CONTEXT('2D SPACE',''
  ) );
#9940 = PCURVE('',#9941,#9946);
#9941 = PLANE('',#9942);
#9942 = AXIS2_PLACEMENT_3D('',#9943,#9944,#9945);
#9943 = CARTESIAN_POINT('',(-49.5,21.,67.25));
#9944 = DIRECTION('',(1.,0.,-0.));
#9945 = DIRECTION('',(0.,-1.,0.));
#9946 = DEFINITIONAL_REPRESENTATION('',(#9947),#9951);
#9947 = LINE('',#9948,#9949);
#9948 = CARTESIAN_POINT('',(42.,0.));
#9949 = VECTOR('',#9950,1.);
#9950 = DIRECTION('',(0.,-1.));
#9951 = ( GEOMETRIC_REPRESENTATION_CONTEXT(2) 
PARAMETRIC_REPRESENTATION_CONTEXT() REPRESENTATION_CONTEXT('2D SPACE',''
  ) );
#9952 = ORIENTED_EDGE('',*,*,#9953,.T.);
#9953 = EDGE_CURVE('',#9921,#9954,#9956,.T.);
#9954 = VERTEX_POINT('',#9955);
#9955 = CARTESIAN_POINT('',(50.5,-17.5,68.25));
#9956 = SURFACE_CURVE('',#9957,(#9961,#9968),.PCURVE_S1.);
#9957 = LINE('',#9958,#9959);
#9958 = CARTESIAN_POINT('',(-49.5,-21.,68.25));
#9959 = VECTOR('',#9960,1.);
#9960 = DIRECTION('',(0.999388062161,3.497858217562E-02,0.));
#9961 = PCURVE('',#9929,#9962);
#9962 = DEFINITIONAL_REPRESENTATION('',(#9963),#9967);
#9963 = LINE('',#9964,#9965);
#9964 = CARTESIAN_POINT('',(0.,-1.));
#9965 = VECTOR('',#9966,1.);
#9966 = DIRECTION('',(1.,0.));
#9967 = ( GEOMETRIC_REPRESENTATION_CONTEXT(2) 
PARAMETRIC_REPRESENTATION_CONTEXT() REPRESENTATION_CONTEXT('2D SPACE',''
  ) );
#9968 = PCURVE('',#9969,#9974);
#9969 = PLANE('',#9970);
#9970 = AXIS2_PLACEMENT_3D('',#9971,#9972,#9973);
#9971 = CARTESIAN_POINT('',(5.750374034704,7.540718903546E-16,68.25));
#9972 = DIRECTION('',(0.,0.,1.));
#9973 = DIRECTION('',(1.,0.,-0.));
#9974 = DEFINITIONAL_REPRESENTATION('',(#9975),#9979);
#9975 = LINE('',#9976,#9977);
#9976 = CARTESIAN_POINT('',(-55.2503740347,-21.));
#9977 = VECTOR('',#9978,1.);
#9978 = DIRECTION('',(0.999388062161,3.497858217562E-02));
#9979 = ( GEOMETRIC_REPRESENTATION_CONTEXT(2) 
PARAMETRIC_REPRESENTATION_CONTEXT() REPRESENTATION_CONTEXT('2D SPACE',''
  ) );
#9980 = ORIENTED_EDGE('',*,*,#9981,.F.);
#9981 = EDGE_CURVE('',#9982,#9954,#9984,.T.);
#9982 = VERTEX_POINT('',#9983);
#9983 = CARTESIAN_POINT('',(50.5,-17.5,67.25));
#9984 = SURFACE_CURVE('',#9985,(#9989,#9996),.PCURVE_S1.);
#9985 = LINE('',#9986,#9987);
#9986 = CARTESIAN_POINT('',(50.5,-17.5,67.25));
#9987 = VECTOR('',#9988,1.);
#9988 = DIRECTION('',(0.,0.,1.));
#9989 = PCURVE('',#9929,#9990);
#9990 = DEFINITIONAL_REPRESENTATION('',(#9991),#9995);
#9991 = LINE('',#9992,#9993);
#9992 = CARTESIAN_POINT('',(100.06123125366,0.));
#9993 = VECTOR('',#9994,1.);
#9994 = DIRECTION('',(0.,-1.));
#9995 = ( GEOMETRIC_REPRESENTATION_CONTEXT(2) 
PARAMETRIC_REPRESENTATION_CONTEXT() REPRESENTATION_CONTEXT('2D SPACE',''
  ) );
#9996 = PCURVE('',#9997,#10002);
#9997 = PLANE('',#9998);
#9998 = AXIS2_PLACEMENT_3D('',#9999,#10000,#10001);
#9999 = CARTESIAN_POINT('',(50.5,-17.5,67.25));
#10000 = DIRECTION('',(-0.589172157449,0.808007530216,0.));
#10001 = DIRECTION('',(0.808007530216,0.589172157449,0.));
#10002 = DEFINITIONAL_REPRESENTATION('',(#10003),#10007);
#10003 = LINE('',#10004,#10005);
#10004 = CARTESIAN_POINT('',(0.,0.));
#10005 = VECTOR('',#10006,1.);
#10006 = DIRECTION('',(0.,-1.));
#10007 = ( GEOMETRIC_REPRESENTATION_CONTEXT(2) 
PARAMETRIC_REPRESENTATION_CONTEXT() REPRESENTATION_CONTEXT('2D SPACE',''
  ) );
#10008 = ORIENTED_EDGE('',*,*,#10009,.F.);
#10009 = EDGE_CURVE('',#9919,#9982,#10010,.T.);
#10010 = SURFACE_CURVE('',#10011,(#10015,#10022),.PCURVE_S1.);
#10011 = LINE('',#10012,#10013);
#10012 = CARTESIAN_POINT('',(-49.5,-21.,67.25));
#10013 = VECTOR('',#10014,1.);
#10014 = DIRECTION('',(0.999388062161,3.497858217562E-02,0.));
#10015 = PCURVE('',#9929,#10016);
#10016 = DEFINITIONAL_REPRESENTATION('',(#10017),#10021);
#10017 = LINE('',#10018,#10019);
#10018 = CARTESIAN_POINT('',(0.,0.));
#10019 = VECTOR('',#10020,1.);
#10020 = DIRECTION('',(1.,0.));
#10021 = ( GEOMETRIC_REPRESENTATION_CONTEXT(2) 
PARAMETRIC_REPRESENTATION_CONTEXT() REPRESENTATION_CONTEXT('2D SPACE',''
  ) );
#10022 = PCURVE('',#10023,#10028);
#10023 = PLANE('',#10024);
#10024 = AXIS2_PLACEMENT_3D('',#10025,#10026,#10027);
#10025 = CARTESIAN_POINT('',(5.750374034704,7.540718903546E-16,67.25));
#10026 = DIRECTION('',(0.,0.,1.));
#10027 = DIRECTION('',(1.,0.,-0.));
#10028 = DEFINITIONAL_REPRESENTATION('',(#10029),#10033);
#10029 = LINE('',#10030,#10031);
#10030 = CARTESIAN_POINT('',(-55.2503740347,-21.));
#10031 = VECTOR('',#10032,1.);
#10032 = DIRECTION('',(0.999388062161,3.497858217562E-02));
#10033 = ( GEOMETRIC_REPRESENTATION_CONTEXT(2) 
PARAMETRIC_REPRESENTATION_CONTEXT() REPRESENTATION_CONTEXT('2D SPACE',''
  ) );
#10034 = ADVANCED_FACE('',(#10035),#9997,.F.);
#10035 = FACE_BOUND('',#10036,.F.);
#10036 = EDGE_LOOP('',(#10037,#10038,#10061,#10089));
#10037 = ORIENTED_EDGE('',*,*,#9981,.T.);
#10038 = ORIENTED_EDGE('',*,*,#10039,.T.);
#10039 = EDGE_CURVE('',#9954,#10040,#10042,.T.);
#10040 = VERTEX_POINT('',#10041);
#10041 = CARTESIAN_POINT('',(74.5,0.,68.25));
#10042 = SURFACE_CURVE('',#10043,(#10047,#10054),.PCURVE_S1.);
#10043 = LINE('',#10044,#10045);
#10044 = CARTESIAN_POINT('',(50.5,-17.5,68.25));
#10045 = VECTOR('',#10046,1.);
#10046 = DIRECTION('',(0.808007530216,0.589172157449,0.));
#10047 = PCURVE('',#9997,#10048);
#10048 = DEFINITIONAL_REPRESENTATION('',(#10049),#10053);
#10049 = LINE('',#10050,#10051);
#10050 = CARTESIAN_POINT('',(0.,-1.));
#10051 = VECTOR('',#10052,1.);
#10052 = DIRECTION('',(1.,0.));
#10053 = ( GEOMETRIC_REPRESENTATION_CONTEXT(2) 
PARAMETRIC_REPRESENTATION_CONTEXT() REPRESENTATION_CONTEXT('2D SPACE',''
  ) );
#10054 = PCURVE('',#9969,#10055);
#10055 = DEFINITIONAL_REPRESENTATION('',(#10056),#10060);
#10056 = LINE('',#10057,#10058);
#10057 = CARTESIAN_POINT('',(44.749625965296,-17.5));
#10058 = VECTOR('',#10059,1.);
#10059 = DIRECTION('',(0.808007530216,0.589172157449));
#10060 = ( GEOMETRIC_REPRESENTATION_CONTEXT(2) 
PARAMETRIC_REPRESENTATION_CONTEXT() REPRESENTATION_CONTEXT('2D SPACE',''
  ) );
#10061 = ORIENTED_EDGE('',*,*,#10062,.F.);
#10062 = EDGE_CURVE('',#10063,#10040,#10065,.T.);
#10063 = VERTEX_POINT('',#10064);
#10064 = CARTESIAN_POINT('',(74.5,0.,67.25));
#10065 = SURFACE_CURVE('',#10066,(#10070,#10077),.PCURVE_S1.);
#10066 = LINE('',#10067,#10068);
#10067 = CARTESIAN_POINT('',(74.5,0.,67.25));
#10068 = VECTOR('',#10069,1.);
#10069 = DIRECTION('',(0.,0.,1.));
#10070 = PCURVE('',#9997,#10071);
#10071 = DEFINITIONAL_REPRESENTATION('',(#10072),#10076);
#10072 = LINE('',#10073,#10074);
#10073 = CARTESIAN_POINT('',(29.702693480558,0.));
#10074 = VECTOR('',#10075,1.);
#10075 = DIRECTION('',(0.,-1.));
#10076 = ( GEOMETRIC_REPRESENTATION_CONTEXT(2) 
PARAMETRIC_REPRESENTATION_CONTEXT() REPRESENTATION_CONTEXT('2D SPACE',''
  ) );
#10077 = PCURVE('',#10078,#10083);
#10078 = PLANE('',#10079);
#10079 = AXIS2_PLACEMENT_3D('',#10080,#10081,#10082);
#10080 = CARTESIAN_POINT('',(74.5,0.,67.25));
#10081 = DIRECTION('',(-0.589172157449,-0.808007530216,0.));
#10082 = DIRECTION('',(-0.808007530216,0.589172157449,0.));
#10083 = DEFINITIONAL_REPRESENTATION('',(#10084),#10088);
#10084 = LINE('',#10085,#10086);
#10085 = CARTESIAN_POINT('',(0.,0.));
#10086 = VECTOR('',#10087,1.);
#10087 = DIRECTION('',(0.,-1.));
#10088 = ( GEOMETRIC_REPRESENTATION_CONTEXT(2) 
PARAMETRIC_REPRESENTATION_CONTEXT() REPRESENTATION_CONTEXT('2D SPACE',''
  ) );
#10089 = ORIENTED_EDGE('',*,*,#10090,.F.);
#10090 = EDGE_CURVE('',#9982,#10063,#10091,.T.);
#10091 = SURFACE_CURVE('',#10092,(#10096,#10103),.PCURVE_S1.);
#10092 = LINE('',#10093,#10094);
#10093 = CARTESIAN_POINT('',(50.5,-17.5,67.25));
#10094 = VECTOR('',#10095,1.);
#10095 = DIRECTION('',(0.808007530216,0.589172157449,0.));
#10096 = PCURVE('',#9997,#10097);
#10097 = DEFINITIONAL_REPRESENTATION('',(#10098),#10102);
#10098 = LINE('',#10099,#10100);
#10099 = CARTESIAN_POINT('',(0.,0.));
#10100 = VECTOR('',#10101,1.);
#10101 = DIRECTION('',(1.,0.));
#10102 = ( GEOMETRIC_REPRESENTATION_CONTEXT(2) 
PARAMETRIC_REPRESENTATION_CONTEXT() REPRESENTATION_CONTEXT('2D SPACE',''
  ) );
#10103 = PCURVE('',#10023,#10104);
#10104 = DEFINITIONAL_REPRESENTATION('',(#10105),#10109);
#10105 = LINE('',#10106,#10107);
#10106 = CARTESIAN_POINT('',(44.749625965296,-17.5));
#10107 = VECTOR('',#10108,1.);
#10108 = DIRECTION('',(0.808007530216,0.589172157449));
#10109 = ( GEOMETRIC_REPRESENTATION_CONTEXT(2) 
PARAMETRIC_REPRESENTATION_CONTEXT() REPRESENTATION_CONTEXT('2D SPACE',''
  ) );
#10110 = ADVANCED_FACE('',(#10111),#10078,.F.);
#10111 = FACE_BOUND('',#10112,.F.);
#10112 = EDGE_LOOP('',(#10113,#10114,#10137,#10165));
#10113 = ORIENTED_EDGE('',*,*,#10062,.T.);
#10114 = ORIENTED_EDGE('',*,*,#10115,.T.);
#10115 = EDGE_CURVE('',#10040,#10116,#10118,.T.);
#10116 = VERTEX_POINT('',#10117);
#10117 = CARTESIAN_POINT('',(50.5,17.5,68.25));
#10118 = SURFACE_CURVE('',#10119,(#10123,#10130),.PCURVE_S1.);
#10119 = LINE('',#10120,#10121);
#10120 = CARTESIAN_POINT('',(74.5,0.,68.25));
#10121 = VECTOR('',#10122,1.);
#10122 = DIRECTION('',(-0.808007530216,0.589172157449,0.));
#10123 = PCURVE('',#10078,#10124);
#10124 = DEFINITIONAL_REPRESENTATION('',(#10125),#10129);
#10125 = LINE('',#10126,#10127);
#10126 = CARTESIAN_POINT('',(0.,-1.));
#10127 = VECTOR('',#10128,1.);
#10128 = DIRECTION('',(1.,0.));
#10129 = ( GEOMETRIC_REPRESENTATION_CONTEXT(2) 
PARAMETRIC_REPRESENTATION_CONTEXT() REPRESENTATION_CONTEXT('2D SPACE',''
  ) );
#10130 = PCURVE('',#9969,#10131);
#10131 = DEFINITIONAL_REPRESENTATION('',(#10132),#10136);
#10132 = LINE('',#10133,#10134);
#10133 = CARTESIAN_POINT('',(68.749625965296,-7.540718903546E-16));
#10134 = VECTOR('',#10135,1.);
#10135 = DIRECTION('',(-0.808007530216,0.589172157449));
#10136 = ( GEOMETRIC_REPRESENTATION_CONTEXT(2) 
PARAMETRIC_REPRESENTATION_CONTEXT() REPRESENTATION_CONTEXT('2D SPACE',''
  ) );
#10137 = ORIENTED_EDGE('',*,*,#10138,.F.);
#10138 = EDGE_CURVE('',#10139,#10116,#10141,.T.);
#10139 = VERTEX_POINT('',#10140);
#10140 = CARTESIAN_POINT('',(50.5,17.5,67.25));
#10141 = SURFACE_CURVE('',#10142,(#10146,#10153),.PCURVE_S1.);
#10142 = LINE('',#10143,#10144);
#10143 = CARTESIAN_POINT('',(50.5,17.5,67.25));
#10144 = VECTOR('',#10145,1.);
#10145 = DIRECTION('',(0.,0.,1.));
#10146 = PCURVE('',#10078,#10147);
#10147 = DEFINITIONAL_REPRESENTATION('',(#10148),#10152);
#10148 = LINE('',#10149,#10150);
#10149 = CARTESIAN_POINT('',(29.702693480558,0.));
#10150 = VECTOR('',#10151,1.);
#10151 = DIRECTION('',(0.,-1.));
#10152 = ( GEOMETRIC_REPRESENTATION_CONTEXT(2) 
PARAMETRIC_REPRESENTATION_CONTEXT() REPRESENTATION_CONTEXT('2D SPACE',''
  ) );
#10153 = PCURVE('',#10154,#10159);
#10154 = PLANE('',#10155);
#10155 = AXIS2_PLACEMENT_3D('',#10156,#10157,#10158);
#10156 = CARTESIAN_POINT('',(50.5,17.5,67.25));
#10157 = DIRECTION('',(-3.497858217562E-02,-0.999388062161,0.));
#10158 = DIRECTION('',(-0.999388062161,3.497858217562E-02,0.));
#10159 = DEFINITIONAL_REPRESENTATION('',(#10160),#10164);
#10160 = LINE('',#10161,#10162);
#10161 = CARTESIAN_POINT('',(0.,0.));
#10162 = VECTOR('',#10163,1.);
#10163 = DIRECTION('',(0.,-1.));
#10164 = ( GEOMETRIC_REPRESENTATION_CONTEXT(2) 
PARAMETRIC_REPRESENTATION_CONTEXT() REPRESENTATION_CONTEXT('2D SPACE',''
  ) );
#10165 = ORIENTED_EDGE('',*,*,#10166,.F.);
#10166 = EDGE_CURVE('',#10063,#10139,#10167,.T.);
#10167 = SURFACE_CURVE('',#10168,(#10172,#10179),.PCURVE_S1.);
#10168 = LINE('',#10169,#10170);
#10169 = CARTESIAN_POINT('',(74.5,0.,67.25));
#10170 = VECTOR('',#10171,1.);
#10171 = DIRECTION('',(-0.808007530216,0.589172157449,0.));
#10172 = PCURVE('',#10078,#10173);
#10173 = DEFINITIONAL_REPRESENTATION('',(#10174),#10178);
#10174 = LINE('',#10175,#10176);
#10175 = CARTESIAN_POINT('',(0.,0.));
#10176 = VECTOR('',#10177,1.);
#10177 = DIRECTION('',(1.,0.));
#10178 = ( GEOMETRIC_REPRESENTATION_CONTEXT(2) 
PARAMETRIC_REPRESENTATION_CONTEXT() REPRESENTATION_CONTEXT('2D SPACE',''
  ) );
#10179 = PCURVE('',#10023,#10180);
#10180 = DEFINITIONAL_REPRESENTATION('',(#10181),#10185);
#10181 = LINE('',#10182,#10183);
#10182 = CARTESIAN_POINT('',(68.749625965296,-7.540718903546E-16));
#10183 = VECTOR('',#10184,1.);
#10184 = DIRECTION('',(-0.808007530216,0.589172157449));
#10185 = ( GEOMETRIC_REPRESENTATION_CONTEXT(2) 
PARAMETRIC_REPRESENTATION_CONTEXT() REPRESENTATION_CONTEXT('2D SPACE',''
  ) );
#10186 = ADVANCED_FACE('',(#10187),#10154,.F.);
#10187 = FACE_BOUND('',#10188,.F.);
#10188 = EDGE_LOOP('',(#10189,#10190,#10213,#10236));
#10189 = ORIENTED_EDGE('',*,*,#10138,.T.);
#10190 = ORIENTED_EDGE('',*,*,#10191,.T.);
#10191 = EDGE_CURVE('',#10116,#10192,#10194,.T.);
#10192 = VERTEX_POINT('',#10193);
#10193 = CARTESIAN_POINT('',(-49.5,21.,68.25));
#10194 = SURFACE_CURVE('',#10195,(#10199,#10206),.PCURVE_S1.);
#10195 = LINE('',#10196,#10197);
#10196 = CARTESIAN_POINT('',(50.5,17.5,68.25));
#10197 = VECTOR('',#10198,1.);
#10198 = DIRECTION('',(-0.999388062161,3.497858217562E-02,0.));
#10199 = PCURVE('',#10154,#10200);
#10200 = DEFINITIONAL_REPRESENTATION('',(#10201),#10205);
#10201 = LINE('',#10202,#10203);
#10202 = CARTESIAN_POINT('',(0.,-1.));
#10203 = VECTOR('',#10204,1.);
#10204 = DIRECTION('',(1.,0.));
#10205 = ( GEOMETRIC_REPRESENTATION_CONTEXT(2) 
PARAMETRIC_REPRESENTATION_CONTEXT() REPRESENTATION_CONTEXT('2D SPACE',''
  ) );
#10206 = PCURVE('',#9969,#10207);
#10207 = DEFINITIONAL_REPRESENTATION('',(#10208),#10212);
#10208 = LINE('',#10209,#10210);
#10209 = CARTESIAN_POINT('',(44.749625965296,17.5));
#10210 = VECTOR('',#10211,1.);
#10211 = DIRECTION('',(-0.999388062161,3.497858217562E-02));
#10212 = ( GEOMETRIC_REPRESENTATION_CONTEXT(2) 
PARAMETRIC_REPRESENTATION_CONTEXT() REPRESENTATION_CONTEXT('2D SPACE',''
  ) );
#10213 = ORIENTED_EDGE('',*,*,#10214,.F.);
#10214 = EDGE_CURVE('',#10215,#10192,#10217,.T.);
#10215 = VERTEX_POINT('',#10216);
#10216 = CARTESIAN_POINT('',(-49.5,21.,67.25));
#10217 = SURFACE_CURVE('',#10218,(#10222,#10229),.PCURVE_S1.);
#10218 = LINE('',#10219,#10220);
#10219 = CARTESIAN_POINT('',(-49.5,21.,67.25));
#10220 = VECTOR('',#10221,1.);
#10221 = DIRECTION('',(0.,0.,1.));
#10222 = PCURVE('',#10154,#10223);
#10223 = DEFINITIONAL_REPRESENTATION('',(#10224),#10228);
#10224 = LINE('',#10225,#10226);
#10225 = CARTESIAN_POINT('',(100.06123125366,0.));
#10226 = VECTOR('',#10227,1.);
#10227 = DIRECTION('',(0.,-1.));
#10228 = ( GEOMETRIC_REPRESENTATION_CONTEXT(2) 
PARAMETRIC_REPRESENTATION_CONTEXT() REPRESENTATION_CONTEXT('2D SPACE',''
  ) );
#10229 = PCURVE('',#9941,#10230);
#10230 = DEFINITIONAL_REPRESENTATION('',(#10231),#10235);
#10231 = LINE('',#10232,#10233);
#10232 = CARTESIAN_POINT('',(0.,0.));
#10233 = VECTOR('',#10234,1.);
#10234 = DIRECTION('',(0.,-1.));
#10235 = ( GEOMETRIC_REPRESENTATION_CONTEXT(2) 
PARAMETRIC_REPRESENTATION_CONTEXT() REPRESENTATION_CONTEXT('2D SPACE',''
  ) );
#10236 = ORIENTED_EDGE('',*,*,#10237,.F.);
#10237 = EDGE_CURVE('',#10139,#10215,#10238,.T.);
#10238 = SURFACE_CURVE('',#10239,(#10243,#10250),.PCURVE_S1.);
#10239 = LINE('',#10240,#10241);
#10240 = CARTESIAN_POINT('',(50.5,17.5,67.25));
#10241 = VECTOR('',#10242,1.);
#10242 = DIRECTION('',(-0.999388062161,3.497858217562E-02,0.));
#10243 = PCURVE('',#10154,#10244);
#10244 = DEFINITIONAL_REPRESENTATION('',(#10245),#10249);
#10245 = LINE('',#10246,#10247);
#10246 = CARTESIAN_POINT('',(0.,0.));
#10247 = VECTOR('',#10248,1.);
#10248 = DIRECTION('',(1.,0.));
#10249 = ( GEOMETRIC_REPRESENTATION_CONTEXT(2) 
PARAMETRIC_REPRESENTATION_CONTEXT() REPRESENTATION_CONTEXT('2D SPACE',''
  ) );
#10250 = PCURVE('',#10023,#10251);
#10251 = DEFINITIONAL_REPRESENTATION('',(#10252),#10256);
#10252 = LINE('',#10253,#10254);
#10253 = CARTESIAN_POINT('',(44.749625965296,17.5));
#10254 = VECTOR('',#10255,1.);
#10255 = DIRECTION('',(-0.999388062161,3.497858217562E-02));
#10256 = ( GEOMETRIC_REPRESENTATION_CONTEXT(2) 
PARAMETRIC_REPRESENTATION_CONTEXT() REPRESENTATION_CONTEXT('2D SPACE',''
  ) );
#10257 = ADVANCED_FACE('',(#10258),#9941,.F.);
#10258 = FACE_BOUND('',#10259,.F.);
#10259 = EDGE_LOOP('',(#10260,#10261,#10282,#10283));
#10260 = ORIENTED_EDGE('',*,*,#10214,.T.);
#10261 = ORIENTED_EDGE('',*,*,#10262,.T.);
#10262 = EDGE_CURVE('',#10192,#9921,#10263,.T.);
#10263 = SURFACE_CURVE('',#10264,(#10268,#10275),.PCURVE_S1.);
#10264 = LINE('',#10265,#10266);
#10265 = CARTESIAN_POINT('',(-49.5,21.,68.25));
#10266 = VECTOR('',#10267,1.);
#10267 = DIRECTION('',(0.,-1.,0.));
#10268 = PCURVE('',#9941,#10269);
#10269 = DEFINITIONAL_REPRESENTATION('',(#10270),#10274);
#10270 = LINE('',#10271,#10272);
#10271 = CARTESIAN_POINT('',(0.,-1.));
#10272 = VECTOR('',#10273,1.);
#10273 = DIRECTION('',(1.,0.));
#10274 = ( GEOMETRIC_REPRESENTATION_CONTEXT(2) 
PARAMETRIC_REPRESENTATION_CONTEXT() REPRESENTATION_CONTEXT('2D SPACE',''
  ) );
#10275 = PCURVE('',#9969,#10276);
#10276 = DEFINITIONAL_REPRESENTATION('',(#10277),#10281);
#10277 = LINE('',#10278,#10279);
#10278 = CARTESIAN_POINT('',(-55.2503740347,21.));
#10279 = VECTOR('',#10280,1.);
#10280 = DIRECTION('',(0.,-1.));
#10281 = ( GEOMETRIC_REPRESENTATION_CONTEXT(2) 
PARAMETRIC_REPRESENTATION_CONTEXT() REPRESENTATION_CONTEXT('2D SPACE',''
  ) );
#10282 = ORIENTED_EDGE('',*,*,#9918,.F.);
#10283 = ORIENTED_EDGE('',*,*,#10284,.F.);
#10284 = EDGE_CURVE('',#10215,#9919,#10285,.T.);
#10285 = SURFACE_CURVE('',#10286,(#10290,#10297),.PCURVE_S1.);
#10286 = LINE('',#10287,#10288);
#10287 = CARTESIAN_POINT('',(-49.5,21.,67.25));
#10288 = VECTOR('',#10289,1.);
#10289 = DIRECTION('',(0.,-1.,0.));
#10290 = PCURVE('',#9941,#10291);
#10291 = DEFINITIONAL_REPRESENTATION('',(#10292),#10296);
#10292 = LINE('',#10293,#10294);
#10293 = CARTESIAN_POINT('',(0.,0.));
#10294 = VECTOR('',#10295,1.);
#10295 = DIRECTION('',(1.,0.));
#10296 = ( GEOMETRIC_REPRESENTATION_CONTEXT(2) 
PARAMETRIC_REPRESENTATION_CONTEXT() REPRESENTATION_CONTEXT('2D SPACE',''
  ) );
#10297 = PCURVE('',#10023,#10298);
#10298 = DEFINITIONAL_REPRESENTATION('',(#10299),#10303);
#10299 = LINE('',#10300,#10301);
#10300 = CARTESIAN_POINT('',(-55.2503740347,21.));
#10301 = VECTOR('',#10302,1.);
#10302 = DIRECTION('',(0.,-1.));
#10303 = ( GEOMETRIC_REPRESENTATION_CONTEXT(2) 
PARAMETRIC_REPRESENTATION_CONTEXT() REPRESENTATION_CONTEXT('2D SPACE',''
  ) );
#10304 = ADVANCED_FACE('',(#10305),#10023,.F.);
#10305 = FACE_BOUND('',#10306,.F.);
#10306 = EDGE_LOOP('',(#10307,#10308,#10309,#10310,#10311));
#10307 = ORIENTED_EDGE('',*,*,#10009,.T.);
#10308 = ORIENTED_EDGE('',*,*,#10090,.T.);
#10309 = ORIENTED_EDGE('',*,*,#10166,.T.);
#10310 = ORIENTED_EDGE('',*,*,#10237,.T.);
#10311 = ORIENTED_EDGE('',*,*,#10284,.T.);
#10312 = ADVANCED_FACE('',(#10313),#9969,.T.);
#10313 = FACE_BOUND('',#10314,.T.);
#10314 = EDGE_LOOP('',(#10315,#10316,#10317,#10318,#10319));
#10315 = ORIENTED_EDGE('',*,*,#9953,.T.);
#10316 = ORIENTED_EDGE('',*,*,#10039,.T.);
#10317 = ORIENTED_EDGE('',*,*,#10115,.T.);
#10318 = ORIENTED_EDGE('',*,*,#10191,.T.);
#10319 = ORIENTED_EDGE('',*,*,#10262,.T.);
#10320 = ( GEOMETRIC_REPRESENTATION_CONTEXT(3) 
GLOBAL_UNCERTAINTY_ASSIGNED_CONTEXT((#10324)) 
GLOBAL_UNIT_ASSIGNED_CONTEXT((#10321,#10322,#10323)) 
REPRESENTATION_CONTEXT('Context #1',
  '3D Context with UNIT and UNCERTAINTY') );
#10321 = ( LENGTH_UNIT() NAMED_UNIT(*) SI_UNIT(.MILLI.,.METRE.) );
#10322 = ( NAMED_UNIT(*) PLANE_ANGLE_UNIT() SI_UNIT($,.RADIAN.) );
#10323 = ( NAMED_UNIT(*) SI_UNIT($,.STERADIAN.) SOLID_ANGLE_UNIT() );
#10324 = UNCERTAINTY_MEASURE_WITH_UNIT(LENGTH_MEASURE(1.E-07),#10321,
  'distance_accuracy_value','confusion accuracy');
#10325 = CONTEXT_DEPENDENT_SHAPE_REPRESENTATION(#10326,#10328);
#10326 = ( REPRESENTATION_RELATIONSHIP('','',#9911,#10) 
REPRESENTATION_RELATIONSHIP_WITH_TRANSFORMATION(#10327) 
SHAPE_REPRESENTATION_RELATIONSHIP() );
#10327 = ITEM_DEFINED_TRANSFORMATION('','',#11,#31);
#10328 = PRODUCT_DEFINITION_SHAPE('Placement','Placement of an item',
  #10329);
#10329 = NEXT_ASSEMBLY_USAGE_OCCURRENCE('8','','',#5,#9906,$);
#10330 = PRODUCT_RELATED_PRODUCT_CATEGORY('part',$,(#9908));
#10331 = SHAPE_DEFINITION_REPRESENTATION(#10332,#10338);
#10332 = PRODUCT_DEFINITION_SHAPE('','',#10333);
#10333 = PRODUCT_DEFINITION('design','',#10334,#10337);
#10334 = PRODUCT_DEFINITION_FORMATION('','',#10335);
#10335 = PRODUCT('Open CASCADE STEP translator 7.9 6.6',
  'Open CASCADE STEP translator 7.9 6.6','',(#10336));
#10336 = PRODUCT_CONTEXT('',#2,'mechanical');
#10337 = PRODUCT_DEFINITION_CONTEXT('part definition',#2,'design');
#10338 = ADVANCED_BREP_SHAPE_REPRESENTATION('',(#11,#10339),#10669);
#10339 = MANIFOLD_SOLID_BREP('',#10340);
#10340 = CLOSED_SHELL('',(#10341,#10461,#10561,#10608,#10655,#10662));
#10341 = ADVANCED_FACE('',(#10342),#10356,.F.);
#10342 = FACE_BOUND('',#10343,.F.);
#10343 = EDGE_LOOP('',(#10344,#10379,#10407,#10435));
#10344 = ORIENTED_EDGE('',*,*,#10345,.F.);
#10345 = EDGE_CURVE('',#10346,#10348,#10350,.T.);
#10346 = VERTEX_POINT('',#10347);
#10347 = CARTESIAN_POINT('',(-10.,-3.5,39.25));
#10348 = VERTEX_POINT('',#10349);
#10349 = CARTESIAN_POINT('',(-10.,-3.5,67.25));
#10350 = SURFACE_CURVE('',#10351,(#10355,#10367),.PCURVE_S1.);
#10351 = LINE('',#10352,#10353);
#10352 = CARTESIAN_POINT('',(-10.,-3.5,39.25));
#10353 = VECTOR('',#10354,1.);
#10354 = DIRECTION('',(0.,0.,1.));
#10355 = PCURVE('',#10356,#10361);
#10356 = PLANE('',#10357);
#10357 = AXIS2_PLACEMENT_3D('',#10358,#10359,#10360);
#10358 = CARTESIAN_POINT('',(-10.,-3.5,39.25));
#10359 = DIRECTION('',(1.,0.,0.));
#10360 = DIRECTION('',(0.,0.,1.));
#10361 = DEFINITIONAL_REPRESENTATION('',(#10362),#10366);
#10362 = LINE('',#10363,#10364);
#10363 = CARTESIAN_POINT('',(0.,0.));
#10364 = VECTOR('',#10365,1.);
#10365 = DIRECTION('',(1.,0.));
#10366 = ( GEOMETRIC_REPRESENTATION_CONTEXT(2) 
PARAMETRIC_REPRESENTATION_CONTEXT() REPRESENTATION_CONTEXT('2D SPACE',''
  ) );
#10367 = PCURVE('',#10368,#10373);
#10368 = PLANE('',#10369);
#10369 = AXIS2_PLACEMENT_3D('',#10370,#10371,#10372);
#10370 = CARTESIAN_POINT('',(-10.,-3.5,39.25));
#10371 = DIRECTION('',(0.,1.,0.));
#10372 = DIRECTION('',(0.,0.,1.));
#10373 = DEFINITIONAL_REPRESENTATION('',(#10374),#10378);
#10374 = LINE('',#10375,#10376);
#10375 = CARTESIAN_POINT('',(0.,0.));
#10376 = VECTOR('',#10377,1.);
#10377 = DIRECTION('',(1.,0.));
#10378 = ( GEOMETRIC_REPRESENTATION_CONTEXT(2) 
PARAMETRIC_REPRESENTATION_CONTEXT() REPRESENTATION_CONTEXT('2D SPACE',''
  ) );
#10379 = ORIENTED_EDGE('',*,*,#10380,.T.);
#10380 = EDGE_CURVE('',#10346,#10381,#10383,.T.);
#10381 = VERTEX_POINT('',#10382);
#10382 = CARTESIAN_POINT('',(-10.,3.5,39.25));
#10383 = SURFACE_CURVE('',#10384,(#10388,#10395),.PCURVE_S1.);
#10384 = LINE('',#10385,#10386);
#10385 = CARTESIAN_POINT('',(-10.,-3.5,39.25));
#10386 = VECTOR('',#10387,1.);
#10387 = DIRECTION('',(0.,1.,0.));
#10388 = PCURVE('',#10356,#10389);
#10389 = DEFINITIONAL_REPRESENTATION('',(#10390),#10394);
#10390 = LINE('',#10391,#10392);
#10391 = CARTESIAN_POINT('',(0.,0.));
#10392 = VECTOR('',#10393,1.);
#10393 = DIRECTION('',(0.,-1.));
#10394 = ( GEOMETRIC_REPRESENTATION_CONTEXT(2) 
PARAMETRIC_REPRESENTATION_CONTEXT() REPRESENTATION_CONTEXT('2D SPACE',''
  ) );
#10395 = PCURVE('',#10396,#10401);
#10396 = PLANE('',#10397);
#10397 = AXIS2_PLACEMENT_3D('',#10398,#10399,#10400);
#10398 = CARTESIAN_POINT('',(-10.,-3.5,39.25));
#10399 = DIRECTION('',(0.,0.,1.));
#10400 = DIRECTION('',(1.,0.,0.));
#10401 = DEFINITIONAL_REPRESENTATION('',(#10402),#10406);
#10402 = LINE('',#10403,#10404);
#10403 = CARTESIAN_POINT('',(0.,0.));
#10404 = VECTOR('',#10405,1.);
#10405 = DIRECTION('',(0.,1.));
#10406 = ( GEOMETRIC_REPRESENTATION_CONTEXT(2) 
PARAMETRIC_REPRESENTATION_CONTEXT() REPRESENTATION_CONTEXT('2D SPACE',''
  ) );
#10407 = ORIENTED_EDGE('',*,*,#10408,.T.);
#10408 = EDGE_CURVE('',#10381,#10409,#10411,.T.);
#10409 = VERTEX_POINT('',#10410);
#10410 = CARTESIAN_POINT('',(-10.,3.5,67.25));
#10411 = SURFACE_CURVE('',#10412,(#10416,#10423),.PCURVE_S1.);
#10412 = LINE('',#10413,#10414);
#10413 = CARTESIAN_POINT('',(-10.,3.5,39.25));
#10414 = VECTOR('',#10415,1.);
#10415 = DIRECTION('',(0.,0.,1.));
#10416 = PCURVE('',#10356,#10417);
#10417 = DEFINITIONAL_REPRESENTATION('',(#10418),#10422);
#10418 = LINE('',#10419,#10420);
#10419 = CARTESIAN_POINT('',(0.,-7.));
#10420 = VECTOR('',#10421,1.);
#10421 = DIRECTION('',(1.,0.));
#10422 = ( GEOMETRIC_REPRESENTATION_CONTEXT(2) 
PARAMETRIC_REPRESENTATION_CONTEXT() REPRESENTATION_CONTEXT('2D SPACE',''
  ) );
#10423 = PCURVE('',#10424,#10429);
#10424 = PLANE('',#10425);
#10425 = AXIS2_PLACEMENT_3D('',#10426,#10427,#10428);
#10426 = CARTESIAN_POINT('',(-10.,3.5,39.25));
#10427 = DIRECTION('',(0.,1.,0.));
#10428 = DIRECTION('',(0.,0.,1.));
#10429 = DEFINITIONAL_REPRESENTATION('',(#10430),#10434);
#10430 = LINE('',#10431,#10432);
#10431 = CARTESIAN_POINT('',(0.,0.));
#10432 = VECTOR('',#10433,1.);
#10433 = DIRECTION('',(1.,0.));
#10434 = ( GEOMETRIC_REPRESENTATION_CONTEXT(2) 
PARAMETRIC_REPRESENTATION_CONTEXT() REPRESENTATION_CONTEXT('2D SPACE',''
  ) );
#10435 = ORIENTED_EDGE('',*,*,#10436,.F.);
#10436 = EDGE_CURVE('',#10348,#10409,#10437,.T.);
#10437 = SURFACE_CURVE('',#10438,(#10442,#10449),.PCURVE_S1.);
#10438 = LINE('',#10439,#10440);
#10439 = CARTESIAN_POINT('',(-10.,-3.5,67.25));
#10440 = VECTOR('',#10441,1.);
#10441 = DIRECTION('',(0.,1.,0.));
#10442 = PCURVE('',#10356,#10443);
#10443 = DEFINITIONAL_REPRESENTATION('',(#10444),#10448);
#10444 = LINE('',#10445,#10446);
#10445 = CARTESIAN_POINT('',(28.,0.));
#10446 = VECTOR('',#10447,1.);
#10447 = DIRECTION('',(0.,-1.));
#10448 = ( GEOMETRIC_REPRESENTATION_CONTEXT(2) 
PARAMETRIC_REPRESENTATION_CONTEXT() REPRESENTATION_CONTEXT('2D SPACE',''
  ) );
#10449 = PCURVE('',#10450,#10455);
#10450 = PLANE('',#10451);
#10451 = AXIS2_PLACEMENT_3D('',#10452,#10453,#10454);
#10452 = CARTESIAN_POINT('',(-10.,-3.5,67.25));
#10453 = DIRECTION('',(0.,0.,1.));
#10454 = DIRECTION('',(1.,0.,0.));
#10455 = DEFINITIONAL_REPRESENTATION('',(#10456),#10460);
#10456 = LINE('',#10457,#10458);
#10457 = CARTESIAN_POINT('',(0.,0.));
#10458 = VECTOR('',#10459,1.);
#10459 = DIRECTION('',(0.,1.));
#10460 = ( GEOMETRIC_REPRESENTATION_CONTEXT(2) 
PARAMETRIC_REPRESENTATION_CONTEXT() REPRESENTATION_CONTEXT('2D SPACE',''
  ) );
#10461 = ADVANCED_FACE('',(#10462),#10476,.T.);
#10462 = FACE_BOUND('',#10463,.T.);
#10463 = EDGE_LOOP('',(#10464,#10494,#10517,#10540));
#10464 = ORIENTED_EDGE('',*,*,#10465,.F.);
#10465 = EDGE_CURVE('',#10466,#10468,#10470,.T.);
#10466 = VERTEX_POINT('',#10467);
#10467 = CARTESIAN_POINT('',(-3.,-3.5,39.25));
#10468 = VERTEX_POINT('',#10469);
#10469 = CARTESIAN_POINT('',(-3.,-3.5,67.25));
#10470 = SURFACE_CURVE('',#10471,(#10475,#10487),.PCURVE_S1.);
#10471 = LINE('',#10472,#10473);
#10472 = CARTESIAN_POINT('',(-3.,-3.5,39.25));
#10473 = VECTOR('',#10474,1.);
#10474 = DIRECTION('',(0.,0.,1.));
#10475 = PCURVE('',#10476,#10481);
#10476 = PLANE('',#10477);
#10477 = AXIS2_PLACEMENT_3D('',#10478,#10479,#10480);
#10478 = CARTESIAN_POINT('',(-3.,-3.5,39.25));
#10479 = DIRECTION('',(1.,0.,0.));
#10480 = DIRECTION('',(0.,0.,1.));
#10481 = DEFINITIONAL_REPRESENTATION('',(#10482),#10486);
#10482 = LINE('',#10483,#10484);
#10483 = CARTESIAN_POINT('',(0.,0.));
#10484 = VECTOR('',#10485,1.);
#10485 = DIRECTION('',(1.,0.));
#10486 = ( GEOMETRIC_REPRESENTATION_CONTEXT(2) 
PARAMETRIC_REPRESENTATION_CONTEXT() REPRESENTATION_CONTEXT('2D SPACE',''
  ) );
#10487 = PCURVE('',#10368,#10488);
#10488 = DEFINITIONAL_REPRESENTATION('',(#10489),#10493);
#10489 = LINE('',#10490,#10491);
#10490 = CARTESIAN_POINT('',(0.,7.));
#10491 = VECTOR('',#10492,1.);
#10492 = DIRECTION('',(1.,0.));
#10493 = ( GEOMETRIC_REPRESENTATION_CONTEXT(2) 
PARAMETRIC_REPRESENTATION_CONTEXT() REPRESENTATION_CONTEXT('2D SPACE',''
  ) );
#10494 = ORIENTED_EDGE('',*,*,#10495,.T.);
#10495 = EDGE_CURVE('',#10466,#10496,#10498,.T.);
#10496 = VERTEX_POINT('',#10497);
#10497 = CARTESIAN_POINT('',(-3.,3.5,39.25));
#10498 = SURFACE_CURVE('',#10499,(#10503,#10510),.PCURVE_S1.);
#10499 = LINE('',#10500,#10501);
#10500 = CARTESIAN_POINT('',(-3.,-3.5,39.25));
#10501 = VECTOR('',#10502,1.);
#10502 = DIRECTION('',(0.,1.,0.));
#10503 = PCURVE('',#10476,#10504);
#10504 = DEFINITIONAL_REPRESENTATION('',(#10505),#10509);
#10505 = LINE('',#10506,#10507);
#10506 = CARTESIAN_POINT('',(0.,0.));
#10507 = VECTOR('',#10508,1.);
#10508 = DIRECTION('',(0.,-1.));
#10509 = ( GEOMETRIC_REPRESENTATION_CONTEXT(2) 
PARAMETRIC_REPRESENTATION_CONTEXT() REPRESENTATION_CONTEXT('2D SPACE',''
  ) );
#10510 = PCURVE('',#10396,#10511);
#10511 = DEFINITIONAL_REPRESENTATION('',(#10512),#10516);
#10512 = LINE('',#10513,#10514);
#10513 = CARTESIAN_POINT('',(7.,0.));
#10514 = VECTOR('',#10515,1.);
#10515 = DIRECTION('',(0.,1.));
#10516 = ( GEOMETRIC_REPRESENTATION_CONTEXT(2) 
PARAMETRIC_REPRESENTATION_CONTEXT() REPRESENTATION_CONTEXT('2D SPACE',''
  ) );
#10517 = ORIENTED_EDGE('',*,*,#10518,.T.);
#10518 = EDGE_CURVE('',#10496,#10519,#10521,.T.);
#10519 = VERTEX_POINT('',#10520);
#10520 = CARTESIAN_POINT('',(-3.,3.5,67.25));
#10521 = SURFACE_CURVE('',#10522,(#10526,#10533),.PCURVE_S1.);
#10522 = LINE('',#10523,#10524);
#10523 = CARTESIAN_POINT('',(-3.,3.5,39.25));
#10524 = VECTOR('',#10525,1.);
#10525 = DIRECTION('',(0.,0.,1.));
#10526 = PCURVE('',#10476,#10527);
#10527 = DEFINITIONAL_REPRESENTATION('',(#10528),#10532);
#10528 = LINE('',#10529,#10530);
#10529 = CARTESIAN_POINT('',(0.,-7.));
#10530 = VECTOR('',#10531,1.);
#10531 = DIRECTION('',(1.,0.));
#10532 = ( GEOMETRIC_REPRESENTATION_CONTEXT(2) 
PARAMETRIC_REPRESENTATION_CONTEXT() REPRESENTATION_CONTEXT('2D SPACE',''
  ) );
#10533 = PCURVE('',#10424,#10534);
#10534 = DEFINITIONAL_REPRESENTATION('',(#10535),#10539);
#10535 = LINE('',#10536,#10537);
#10536 = CARTESIAN_POINT('',(0.,7.));
#10537 = VECTOR('',#10538,1.);
#10538 = DIRECTION('',(1.,0.));
#10539 = ( GEOMETRIC_REPRESENTATION_CONTEXT(2) 
PARAMETRIC_REPRESENTATION_CONTEXT() REPRESENTATION_CONTEXT('2D SPACE',''
  ) );
#10540 = ORIENTED_EDGE('',*,*,#10541,.F.);
#10541 = EDGE_CURVE('',#10468,#10519,#10542,.T.);
#10542 = SURFACE_CURVE('',#10543,(#10547,#10554),.PCURVE_S1.);
#10543 = LINE('',#10544,#10545);
#10544 = CARTESIAN_POINT('',(-3.,-3.5,67.25));
#10545 = VECTOR('',#10546,1.);
#10546 = DIRECTION('',(0.,1.,0.));
#10547 = PCURVE('',#10476,#10548);
#10548 = DEFINITIONAL_REPRESENTATION('',(#10549),#10553);
#10549 = LINE('',#10550,#10551);
#10550 = CARTESIAN_POINT('',(28.,0.));
#10551 = VECTOR('',#10552,1.);
#10552 = DIRECTION('',(0.,-1.));
#10553 = ( GEOMETRIC_REPRESENTATION_CONTEXT(2) 
PARAMETRIC_REPRESENTATION_CONTEXT() REPRESENTATION_CONTEXT('2D SPACE',''
  ) );
#10554 = PCURVE('',#10450,#10555);
#10555 = DEFINITIONAL_REPRESENTATION('',(#10556),#10560);
#10556 = LINE('',#10557,#10558);
#10557 = CARTESIAN_POINT('',(7.,0.));
#10558 = VECTOR('',#10559,1.);
#10559 = DIRECTION('',(0.,1.));
#10560 = ( GEOMETRIC_REPRESENTATION_CONTEXT(2) 
PARAMETRIC_REPRESENTATION_CONTEXT() REPRESENTATION_CONTEXT('2D SPACE',''
  ) );
#10561 = ADVANCED_FACE('',(#10562),#10368,.F.);
#10562 = FACE_BOUND('',#10563,.F.);
#10563 = EDGE_LOOP('',(#10564,#10585,#10586,#10607));
#10564 = ORIENTED_EDGE('',*,*,#10565,.F.);
#10565 = EDGE_CURVE('',#10346,#10466,#10566,.T.);
#10566 = SURFACE_CURVE('',#10567,(#10571,#10578),.PCURVE_S1.);
#10567 = LINE('',#10568,#10569);
#10568 = CARTESIAN_POINT('',(-10.,-3.5,39.25));
#10569 = VECTOR('',#10570,1.);
#10570 = DIRECTION('',(1.,0.,0.));
#10571 = PCURVE('',#10368,#10572);
#10572 = DEFINITIONAL_REPRESENTATION('',(#10573),#10577);
#10573 = LINE('',#10574,#10575);
#10574 = CARTESIAN_POINT('',(0.,0.));
#10575 = VECTOR('',#10576,1.);
#10576 = DIRECTION('',(0.,1.));
#10577 = ( GEOMETRIC_REPRESENTATION_CONTEXT(2) 
PARAMETRIC_REPRESENTATION_CONTEXT() REPRESENTATION_CONTEXT('2D SPACE',''
  ) );
#10578 = PCURVE('',#10396,#10579);
#10579 = DEFINITIONAL_REPRESENTATION('',(#10580),#10584);
#10580 = LINE('',#10581,#10582);
#10581 = CARTESIAN_POINT('',(0.,0.));
#10582 = VECTOR('',#10583,1.);
#10583 = DIRECTION('',(1.,0.));
#10584 = ( GEOMETRIC_REPRESENTATION_CONTEXT(2) 
PARAMETRIC_REPRESENTATION_CONTEXT() REPRESENTATION_CONTEXT('2D SPACE',''
  ) );
#10585 = ORIENTED_EDGE('',*,*,#10345,.T.);
#10586 = ORIENTED_EDGE('',*,*,#10587,.T.);
#10587 = EDGE_CURVE('',#10348,#10468,#10588,.T.);
#10588 = SURFACE_CURVE('',#10589,(#10593,#10600),.PCURVE_S1.);
#10589 = LINE('',#10590,#10591);
#10590 = CARTESIAN_POINT('',(-10.,-3.5,67.25));
#10591 = VECTOR('',#10592,1.);
#10592 = DIRECTION('',(1.,0.,0.));
#10593 = PCURVE('',#10368,#10594);
#10594 = DEFINITIONAL_REPRESENTATION('',(#10595),#10599);
#10595 = LINE('',#10596,#10597);
#10596 = CARTESIAN_POINT('',(28.,0.));
#10597 = VECTOR('',#10598,1.);
#10598 = DIRECTION('',(0.,1.));
#10599 = ( GEOMETRIC_REPRESENTATION_CONTEXT(2) 
PARAMETRIC_REPRESENTATION_CONTEXT() REPRESENTATION_CONTEXT('2D SPACE',''
  ) );
#10600 = PCURVE('',#10450,#10601);
#10601 = DEFINITIONAL_REPRESENTATION('',(#10602),#10606);
#10602 = LINE('',#10603,#10604);
#10603 = CARTESIAN_POINT('',(0.,0.));
#10604 = VECTOR('',#10605,1.);
#10605 = DIRECTION('',(1.,0.));
#10606 = ( GEOMETRIC_REPRESENTATION_CONTEXT(2) 
PARAMETRIC_REPRESENTATION_CONTEXT() REPRESENTATION_CONTEXT('2D SPACE',''
  ) );
#10607 = ORIENTED_EDGE('',*,*,#10465,.F.);
#10608 = ADVANCED_FACE('',(#10609),#10424,.T.);
#10609 = FACE_BOUND('',#10610,.T.);
#10610 = EDGE_LOOP('',(#10611,#10632,#10633,#10654));
#10611 = ORIENTED_EDGE('',*,*,#10612,.F.);
#10612 = EDGE_CURVE('',#10381,#10496,#10613,.T.);
#10613 = SURFACE_CURVE('',#10614,(#10618,#10625),.PCURVE_S1.);
#10614 = LINE('',#10615,#10616);
#10615 = CARTESIAN_POINT('',(-10.,3.5,39.25));
#10616 = VECTOR('',#10617,1.);
#10617 = DIRECTION('',(1.,0.,0.));
#10618 = PCURVE('',#10424,#10619);
#10619 = DEFINITIONAL_REPRESENTATION('',(#10620),#10624);
#10620 = LINE('',#10621,#10622);
#10621 = CARTESIAN_POINT('',(0.,0.));
#10622 = VECTOR('',#10623,1.);
#10623 = DIRECTION('',(0.,1.));
#10624 = ( GEOMETRIC_REPRESENTATION_CONTEXT(2) 
PARAMETRIC_REPRESENTATION_CONTEXT() REPRESENTATION_CONTEXT('2D SPACE',''
  ) );
#10625 = PCURVE('',#10396,#10626);
#10626 = DEFINITIONAL_REPRESENTATION('',(#10627),#10631);
#10627 = LINE('',#10628,#10629);
#10628 = CARTESIAN_POINT('',(0.,7.));
#10629 = VECTOR('',#10630,1.);
#10630 = DIRECTION('',(1.,0.));
#10631 = ( GEOMETRIC_REPRESENTATION_CONTEXT(2) 
PARAMETRIC_REPRESENTATION_CONTEXT() REPRESENTATION_CONTEXT('2D SPACE',''
  ) );
#10632 = ORIENTED_EDGE('',*,*,#10408,.T.);
#10633 = ORIENTED_EDGE('',*,*,#10634,.T.);
#10634 = EDGE_CURVE('',#10409,#10519,#10635,.T.);
#10635 = SURFACE_CURVE('',#10636,(#10640,#10647),.PCURVE_S1.);
#10636 = LINE('',#10637,#10638);
#10637 = CARTESIAN_POINT('',(-10.,3.5,67.25));
#10638 = VECTOR('',#10639,1.);
#10639 = DIRECTION('',(1.,0.,0.));
#10640 = PCURVE('',#10424,#10641);
#10641 = DEFINITIONAL_REPRESENTATION('',(#10642),#10646);
#10642 = LINE('',#10643,#10644);
#10643 = CARTESIAN_POINT('',(28.,0.));
#10644 = VECTOR('',#10645,1.);
#10645 = DIRECTION('',(0.,1.));
#10646 = ( GEOMETRIC_REPRESENTATION_CONTEXT(2) 
PARAMETRIC_REPRESENTATION_CONTEXT() REPRESENTATION_CONTEXT('2D SPACE',''
  ) );
#10647 = PCURVE('',#10450,#10648);
#10648 = DEFINITIONAL_REPRESENTATION('',(#10649),#10653);
#10649 = LINE('',#10650,#10651);
#10650 = CARTESIAN_POINT('',(0.,7.));
#10651 = VECTOR('',#10652,1.);
#10652 = DIRECTION('',(1.,0.));
#10653 = ( GEOMETRIC_REPRESENTATION_CONTEXT(2) 
PARAMETRIC_REPRESENTATION_CONTEXT() REPRESENTATION_CONTEXT('2D SPACE',''
  ) );
#10654 = ORIENTED_EDGE('',*,*,#10518,.F.);
#10655 = ADVANCED_FACE('',(#10656),#10396,.F.);
#10656 = FACE_BOUND('',#10657,.F.);
#10657 = EDGE_LOOP('',(#10658,#10659,#10660,#10661));
#10658 = ORIENTED_EDGE('',*,*,#10380,.F.);
#10659 = ORIENTED_EDGE('',*,*,#10565,.T.);
#10660 = ORIENTED_EDGE('',*,*,#10495,.T.);
#10661 = ORIENTED_EDGE('',*,*,#10612,.F.);
#10662 = ADVANCED_FACE('',(#10663),#10450,.T.);
#10663 = FACE_BOUND('',#10664,.T.);
#10664 = EDGE_LOOP('',(#10665,#10666,#10667,#10668));
#10665 = ORIENTED_EDGE('',*,*,#10436,.F.);
#10666 = ORIENTED_EDGE('',*,*,#10587,.T.);
#10667 = ORIENTED_EDGE('',*,*,#10541,.T.);
#10668 = ORIENTED_EDGE('',*,*,#10634,.F.);
#10669 = ( GEOMETRIC_REPRESENTATION_CONTEXT(3) 
GLOBAL_UNCERTAINTY_ASSIGNED_CONTEXT((#10673)) 
GLOBAL_UNIT_ASSIGNED_CONTEXT((#10670,#10671,#10672)) 
REPRESENTATION_CONTEXT('Context #1',
  '3D Context with UNIT and UNCERTAINTY') );
#10670 = ( LENGTH_UNIT() NAMED_UNIT(*) SI_UNIT(.MILLI.,.METRE.) );
#10671 = ( NAMED_UNIT(*) PLANE_ANGLE_UNIT() SI_UNIT($,.RADIAN.) );
#10672 = ( NAMED_UNIT(*) SI_UNIT($,.STERADIAN.) SOLID_ANGLE_UNIT() );
#10673 = UNCERTAINTY_MEASURE_WITH_UNIT(LENGTH_MEASURE(1.E-07),#10670,
  'distance_accuracy_value','confusion accuracy');
#10674 = CONTEXT_DEPENDENT_SHAPE_REPRESENTATION(#10675,#10677);
#10675 = ( REPRESENTATION_RELATIONSHIP('','',#10338,#10) 
REPRESENTATION_RELATIONSHIP_WITH_TRANSFORMATION(#10676) 
SHAPE_REPRESENTATION_RELATIONSHIP() );
#10676 = ITEM_DEFINED_TRANSFORMATION('','',#11,#35);
#10677 = PRODUCT_DEFINITION_SHAPE('Placement','Placement of an item',
  #10678);
#10678 = NEXT_ASSEMBLY_USAGE_OCCURRENCE('9','','',#5,#10333,$);
#10679 = PRODUCT_RELATED_PRODUCT_CATEGORY('part',$,(#10335));
#10680 = SHAPE_DEFINITION_REPRESENTATION(#10681,#10687);
#10681 = PRODUCT_DEFINITION_SHAPE('','',#10682);
#10682 = PRODUCT_DEFINITION('design','',#10683,#10686);
#10683 = PRODUCT_DEFINITION_FORMATION('','',#10684);
#10684 = PRODUCT('Open CASCADE STEP translator 7.9 6.7',
  'Open CASCADE STEP translator 7.9 6.7','',(#10685));
#10685 = PRODUCT_CONTEXT('',#2,'mechanical');
#10686 = PRODUCT_DEFINITION_CONTEXT('part definition',#2,'design');
#10687 = ADVANCED_BREP_SHAPE_REPRESENTATION('',(#11,#10688),#11018);
#10688 = MANIFOLD_SOLID_BREP('',#10689);
#10689 = CLOSED_SHELL('',(#10690,#10810,#10910,#10957,#11004,#11011));
#10690 = ADVANCED_FACE('',(#10691),#10705,.F.);
#10691 = FACE_BOUND('',#10692,.F.);
#10692 = EDGE_LOOP('',(#10693,#10728,#10756,#10784));
#10693 = ORIENTED_EDGE('',*,*,#10694,.F.);
#10694 = EDGE_CURVE('',#10695,#10697,#10699,.T.);
#10695 = VERTEX_POINT('',#10696);
#10696 = CARTESIAN_POINT('',(-45.,57.475,14.));
#10697 = VERTEX_POINT('',#10698);
#10698 = CARTESIAN_POINT('',(-45.,57.475,39.));
#10699 = SURFACE_CURVE('',#10700,(#10704,#10716),.PCURVE_S1.);
#10700 = LINE('',#10701,#10702);
#10701 = CARTESIAN_POINT('',(-45.,57.475,14.));
#10702 = VECTOR('',#10703,1.);
#10703 = DIRECTION('',(0.,0.,1.));
#10704 = PCURVE('',#10705,#10710);
#10705 = PLANE('',#10706);
#10706 = AXIS2_PLACEMENT_3D('',#10707,#10708,#10709);
#10707 = CARTESIAN_POINT('',(-45.,57.475,14.));
#10708 = DIRECTION('',(1.,0.,0.));
#10709 = DIRECTION('',(0.,0.,1.));
#10710 = DEFINITIONAL_REPRESENTATION('',(#10711),#10715);
#10711 = LINE('',#10712,#10713);
#10712 = CARTESIAN_POINT('',(0.,0.));
#10713 = VECTOR('',#10714,1.);
#10714 = DIRECTION('',(1.,0.));
#10715 = ( GEOMETRIC_REPRESENTATION_CONTEXT(2) 
PARAMETRIC_REPRESENTATION_CONTEXT() REPRESENTATION_CONTEXT('2D SPACE',''
  ) );
#10716 = PCURVE('',#10717,#10722);
#10717 = PLANE('',#10718);
#10718 = AXIS2_PLACEMENT_3D('',#10719,#10720,#10721);
#10719 = CARTESIAN_POINT('',(-45.,57.475,14.));
#10720 = DIRECTION('',(0.,1.,0.));
#10721 = DIRECTION('',(0.,0.,1.));
#10722 = DEFINITIONAL_REPRESENTATION('',(#10723),#10727);
#10723 = LINE('',#10724,#10725);
#10724 = CARTESIAN_POINT('',(0.,0.));
#10725 = VECTOR('',#10726,1.);
#10726 = DIRECTION('',(1.,0.));
#10727 = ( GEOMETRIC_REPRESENTATION_CONTEXT(2) 
PARAMETRIC_REPRESENTATION_CONTEXT() REPRESENTATION_CONTEXT('2D SPACE',''
  ) );
#10728 = ORIENTED_EDGE('',*,*,#10729,.T.);
#10729 = EDGE_CURVE('',#10695,#10730,#10732,.T.);
#10730 = VERTEX_POINT('',#10731);
#10731 = CARTESIAN_POINT('',(-45.,82.525,14.));
#10732 = SURFACE_CURVE('',#10733,(#10737,#10744),.PCURVE_S1.);
#10733 = LINE('',#10734,#10735);
#10734 = CARTESIAN_POINT('',(-45.,57.475,14.));
#10735 = VECTOR('',#10736,1.);
#10736 = DIRECTION('',(0.,1.,0.));
#10737 = PCURVE('',#10705,#10738);
#10738 = DEFINITIONAL_REPRESENTATION('',(#10739),#10743);
#10739 = LINE('',#10740,#10741);
#10740 = CARTESIAN_POINT('',(0.,0.));
#10741 = VECTOR('',#10742,1.);
#10742 = DIRECTION('',(0.,-1.));
#10743 = ( GEOMETRIC_REPRESENTATION_CONTEXT(2) 
PARAMETRIC_REPRESENTATION_CONTEXT() REPRESENTATION_CONTEXT('2D SPACE',''
  ) );
#10744 = PCURVE('',#10745,#10750);
#10745 = PLANE('',#10746);
#10746 = AXIS2_PLACEMENT_3D('',#10747,#10748,#10749);
#10747 = CARTESIAN_POINT('',(-45.,57.475,14.));
#10748 = DIRECTION('',(0.,0.,1.));
#10749 = DIRECTION('',(1.,0.,0.));
#10750 = DEFINITIONAL_REPRESENTATION('',(#10751),#10755);
#10751 = LINE('',#10752,#10753);
#10752 = CARTESIAN_POINT('',(0.,0.));
#10753 = VECTOR('',#10754,1.);
#10754 = DIRECTION('',(0.,1.));
#10755 = ( GEOMETRIC_REPRESENTATION_CONTEXT(2) 
PARAMETRIC_REPRESENTATION_CONTEXT() REPRESENTATION_CONTEXT('2D SPACE',''
  ) );
#10756 = ORIENTED_EDGE('',*,*,#10757,.T.);
#10757 = EDGE_CURVE('',#10730,#10758,#10760,.T.);
#10758 = VERTEX_POINT('',#10759);
#10759 = CARTESIAN_POINT('',(-45.,82.525,39.));
#10760 = SURFACE_CURVE('',#10761,(#10765,#10772),.PCURVE_S1.);
#10761 = LINE('',#10762,#10763);
#10762 = CARTESIAN_POINT('',(-45.,82.525,14.));
#10763 = VECTOR('',#10764,1.);
#10764 = DIRECTION('',(0.,0.,1.));
#10765 = PCURVE('',#10705,#10766);
#10766 = DEFINITIONAL_REPRESENTATION('',(#10767),#10771);
#10767 = LINE('',#10768,#10769);
#10768 = CARTESIAN_POINT('',(0.,-25.05));
#10769 = VECTOR('',#10770,1.);
#10770 = DIRECTION('',(1.,0.));
#10771 = ( GEOMETRIC_REPRESENTATION_CONTEXT(2) 
PARAMETRIC_REPRESENTATION_CONTEXT() REPRESENTATION_CONTEXT('2D SPACE',''
  ) );
#10772 = PCURVE('',#10773,#10778);
#10773 = PLANE('',#10774);
#10774 = AXIS2_PLACEMENT_3D('',#10775,#10776,#10777);
#10775 = CARTESIAN_POINT('',(-45.,82.525,14.));
#10776 = DIRECTION('',(0.,1.,0.));
#10777 = DIRECTION('',(0.,0.,1.));
#10778 = DEFINITIONAL_REPRESENTATION('',(#10779),#10783);
#10779 = LINE('',#10780,#10781);
#10780 = CARTESIAN_POINT('',(0.,0.));
#10781 = VECTOR('',#10782,1.);
#10782 = DIRECTION('',(1.,0.));
#10783 = ( GEOMETRIC_REPRESENTATION_CONTEXT(2) 
PARAMETRIC_REPRESENTATION_CONTEXT() REPRESENTATION_CONTEXT('2D SPACE',''
  ) );
#10784 = ORIENTED_EDGE('',*,*,#10785,.F.);
#10785 = EDGE_CURVE('',#10697,#10758,#10786,.T.);
#10786 = SURFACE_CURVE('',#10787,(#10791,#10798),.PCURVE_S1.);
#10787 = LINE('',#10788,#10789);
#10788 = CARTESIAN_POINT('',(-45.,57.475,39.));
#10789 = VECTOR('',#10790,1.);
#10790 = DIRECTION('',(0.,1.,0.));
#10791 = PCURVE('',#10705,#10792);
#10792 = DEFINITIONAL_REPRESENTATION('',(#10793),#10797);
#10793 = LINE('',#10794,#10795);
#10794 = CARTESIAN_POINT('',(25.,0.));
#10795 = VECTOR('',#10796,1.);
#10796 = DIRECTION('',(0.,-1.));
#10797 = ( GEOMETRIC_REPRESENTATION_CONTEXT(2) 
PARAMETRIC_REPRESENTATION_CONTEXT() REPRESENTATION_CONTEXT('2D SPACE',''
  ) );
#10798 = PCURVE('',#10799,#10804);
#10799 = PLANE('',#10800);
#10800 = AXIS2_PLACEMENT_3D('',#10801,#10802,#10803);
#10801 = CARTESIAN_POINT('',(-45.,57.475,39.));
#10802 = DIRECTION('',(0.,0.,1.));
#10803 = DIRECTION('',(1.,0.,0.));
#10804 = DEFINITIONAL_REPRESENTATION('',(#10805),#10809);
#10805 = LINE('',#10806,#10807);
#10806 = CARTESIAN_POINT('',(0.,0.));
#10807 = VECTOR('',#10808,1.);
#10808 = DIRECTION('',(0.,1.));
#10809 = ( GEOMETRIC_REPRESENTATION_CONTEXT(2) 
PARAMETRIC_REPRESENTATION_CONTEXT() REPRESENTATION_CONTEXT('2D SPACE',''
  ) );
#10810 = ADVANCED_FACE('',(#10811),#10825,.T.);
#10811 = FACE_BOUND('',#10812,.T.);
#10812 = EDGE_LOOP('',(#10813,#10843,#10866,#10889));
#10813 = ORIENTED_EDGE('',*,*,#10814,.F.);
#10814 = EDGE_CURVE('',#10815,#10817,#10819,.T.);
#10815 = VERTEX_POINT('',#10816);
#10816 = CARTESIAN_POINT('',(45.,57.475,14.));
#10817 = VERTEX_POINT('',#10818);
#10818 = CARTESIAN_POINT('',(45.,57.475,39.));
#10819 = SURFACE_CURVE('',#10820,(#10824,#10836),.PCURVE_S1.);
#10820 = LINE('',#10821,#10822);
#10821 = CARTESIAN_POINT('',(45.,57.475,14.));
#10822 = VECTOR('',#10823,1.);
#10823 = DIRECTION('',(0.,0.,1.));
#10824 = PCURVE('',#10825,#10830);
#10825 = PLANE('',#10826);
#10826 = AXIS2_PLACEMENT_3D('',#10827,#10828,#10829);
#10827 = CARTESIAN_POINT('',(45.,57.475,14.));
#10828 = DIRECTION('',(1.,0.,0.));
#10829 = DIRECTION('',(0.,0.,1.));
#10830 = DEFINITIONAL_REPRESENTATION('',(#10831),#10835);
#10831 = LINE('',#10832,#10833);
#10832 = CARTESIAN_POINT('',(0.,0.));
#10833 = VECTOR('',#10834,1.);
#10834 = DIRECTION('',(1.,0.));
#10835 = ( GEOMETRIC_REPRESENTATION_CONTEXT(2) 
PARAMETRIC_REPRESENTATION_CONTEXT() REPRESENTATION_CONTEXT('2D SPACE',''
  ) );
#10836 = PCURVE('',#10717,#10837);
#10837 = DEFINITIONAL_REPRESENTATION('',(#10838),#10842);
#10838 = LINE('',#10839,#10840);
#10839 = CARTESIAN_POINT('',(0.,90.));
#10840 = VECTOR('',#10841,1.);
#10841 = DIRECTION('',(1.,0.));
#10842 = ( GEOMETRIC_REPRESENTATION_CONTEXT(2) 
PARAMETRIC_REPRESENTATION_CONTEXT() REPRESENTATION_CONTEXT('2D SPACE',''
  ) );
#10843 = ORIENTED_EDGE('',*,*,#10844,.T.);
#10844 = EDGE_CURVE('',#10815,#10845,#10847,.T.);
#10845 = VERTEX_POINT('',#10846);
#10846 = CARTESIAN_POINT('',(45.,82.525,14.));
#10847 = SURFACE_CURVE('',#10848,(#10852,#10859),.PCURVE_S1.);
#10848 = LINE('',#10849,#10850);
#10849 = CARTESIAN_POINT('',(45.,57.475,14.));
#10850 = VECTOR('',#10851,1.);
#10851 = DIRECTION('',(0.,1.,0.));
#10852 = PCURVE('',#10825,#10853);
#10853 = DEFINITIONAL_REPRESENTATION('',(#10854),#10858);
#10854 = LINE('',#10855,#10856);
#10855 = CARTESIAN_POINT('',(0.,0.));
#10856 = VECTOR('',#10857,1.);
#10857 = DIRECTION('',(0.,-1.));
#10858 = ( GEOMETRIC_REPRESENTATION_CONTEXT(2) 
PARAMETRIC_REPRESENTATION_CONTEXT() REPRESENTATION_CONTEXT('2D SPACE',''
  ) );
#10859 = PCURVE('',#10745,#10860);
#10860 = DEFINITIONAL_REPRESENTATION('',(#10861),#10865);
#10861 = LINE('',#10862,#10863);
#10862 = CARTESIAN_POINT('',(90.,0.));
#10863 = VECTOR('',#10864,1.);
#10864 = DIRECTION('',(0.,1.));
#10865 = ( GEOMETRIC_REPRESENTATION_CONTEXT(2) 
PARAMETRIC_REPRESENTATION_CONTEXT() REPRESENTATION_CONTEXT('2D SPACE',''
  ) );
#10866 = ORIENTED_EDGE('',*,*,#10867,.T.);
#10867 = EDGE_CURVE('',#10845,#10868,#10870,.T.);
#10868 = VERTEX_POINT('',#10869);
#10869 = CARTESIAN_POINT('',(45.,82.525,39.));
#10870 = SURFACE_CURVE('',#10871,(#10875,#10882),.PCURVE_S1.);
#10871 = LINE('',#10872,#10873);
#10872 = CARTESIAN_POINT('',(45.,82.525,14.));
#10873 = VECTOR('',#10874,1.);
#10874 = DIRECTION('',(0.,0.,1.));
#10875 = PCURVE('',#10825,#10876);
#10876 = DEFINITIONAL_REPRESENTATION('',(#10877),#10881);
#10877 = LINE('',#10878,#10879);
#10878 = CARTESIAN_POINT('',(0.,-25.05));
#10879 = VECTOR('',#10880,1.);
#10880 = DIRECTION('',(1.,0.));
#10881 = ( GEOMETRIC_REPRESENTATION_CONTEXT(2) 
PARAMETRIC_REPRESENTATION_CONTEXT() REPRESENTATION_CONTEXT('2D SPACE',''
  ) );
#10882 = PCURVE('',#10773,#10883);
#10883 = DEFINITIONAL_REPRESENTATION('',(#10884),#10888);
#10884 = LINE('',#10885,#10886);
#10885 = CARTESIAN_POINT('',(0.,90.));
#10886 = VECTOR('',#10887,1.);
#10887 = DIRECTION('',(1.,0.));
#10888 = ( GEOMETRIC_REPRESENTATION_CONTEXT(2) 
PARAMETRIC_REPRESENTATION_CONTEXT() REPRESENTATION_CONTEXT('2D SPACE',''
  ) );
#10889 = ORIENTED_EDGE('',*,*,#10890,.F.);
#10890 = EDGE_CURVE('',#10817,#10868,#10891,.T.);
#10891 = SURFACE_CURVE('',#10892,(#10896,#10903),.PCURVE_S1.);
#10892 = LINE('',#10893,#10894);
#10893 = CARTESIAN_POINT('',(45.,57.475,39.));
#10894 = VECTOR('',#10895,1.);
#10895 = DIRECTION('',(0.,1.,0.));
#10896 = PCURVE('',#10825,#10897);
#10897 = DEFINITIONAL_REPRESENTATION('',(#10898),#10902);
#10898 = LINE('',#10899,#10900);
#10899 = CARTESIAN_POINT('',(25.,0.));
#10900 = VECTOR('',#10901,1.);
#10901 = DIRECTION('',(0.,-1.));
#10902 = ( GEOMETRIC_REPRESENTATION_CONTEXT(2) 
PARAMETRIC_REPRESENTATION_CONTEXT() REPRESENTATION_CONTEXT('2D SPACE',''
  ) );
#10903 = PCURVE('',#10799,#10904);
#10904 = DEFINITIONAL_REPRESENTATION('',(#10905),#10909);
#10905 = LINE('',#10906,#10907);
#10906 = CARTESIAN_POINT('',(90.,0.));
#10907 = VECTOR('',#10908,1.);
#10908 = DIRECTION('',(0.,1.));
#10909 = ( GEOMETRIC_REPRESENTATION_CONTEXT(2) 
PARAMETRIC_REPRESENTATION_CONTEXT() REPRESENTATION_CONTEXT('2D SPACE',''
  ) );
#10910 = ADVANCED_FACE('',(#10911),#10717,.F.);
#10911 = FACE_BOUND('',#10912,.F.);
#10912 = EDGE_LOOP('',(#10913,#10934,#10935,#10956));
#10913 = ORIENTED_EDGE('',*,*,#10914,.F.);
#10914 = EDGE_CURVE('',#10695,#10815,#10915,.T.);
#10915 = SURFACE_CURVE('',#10916,(#10920,#10927),.PCURVE_S1.);
#10916 = LINE('',#10917,#10918);
#10917 = CARTESIAN_POINT('',(-45.,57.475,14.));
#10918 = VECTOR('',#10919,1.);
#10919 = DIRECTION('',(1.,0.,0.));
#10920 = PCURVE('',#10717,#10921);
#10921 = DEFINITIONAL_REPRESENTATION('',(#10922),#10926);
#10922 = LINE('',#10923,#10924);
#10923 = CARTESIAN_POINT('',(0.,0.));
#10924 = VECTOR('',#10925,1.);
#10925 = DIRECTION('',(0.,1.));
#10926 = ( GEOMETRIC_REPRESENTATION_CONTEXT(2) 
PARAMETRIC_REPRESENTATION_CONTEXT() REPRESENTATION_CONTEXT('2D SPACE',''
  ) );
#10927 = PCURVE('',#10745,#10928);
#10928 = DEFINITIONAL_REPRESENTATION('',(#10929),#10933);
#10929 = LINE('',#10930,#10931);
#10930 = CARTESIAN_POINT('',(0.,0.));
#10931 = VECTOR('',#10932,1.);
#10932 = DIRECTION('',(1.,0.));
#10933 = ( GEOMETRIC_REPRESENTATION_CONTEXT(2) 
PARAMETRIC_REPRESENTATION_CONTEXT() REPRESENTATION_CONTEXT('2D SPACE',''
  ) );
#10934 = ORIENTED_EDGE('',*,*,#10694,.T.);
#10935 = ORIENTED_EDGE('',*,*,#10936,.T.);
#10936 = EDGE_CURVE('',#10697,#10817,#10937,.T.);
#10937 = SURFACE_CURVE('',#10938,(#10942,#10949),.PCURVE_S1.);
#10938 = LINE('',#10939,#10940);
#10939 = CARTESIAN_POINT('',(-45.,57.475,39.));
#10940 = VECTOR('',#10941,1.);
#10941 = DIRECTION('',(1.,0.,0.));
#10942 = PCURVE('',#10717,#10943);
#10943 = DEFINITIONAL_REPRESENTATION('',(#10944),#10948);
#10944 = LINE('',#10945,#10946);
#10945 = CARTESIAN_POINT('',(25.,0.));
#10946 = VECTOR('',#10947,1.);
#10947 = DIRECTION('',(0.,1.));
#10948 = ( GEOMETRIC_REPRESENTATION_CONTEXT(2) 
PARAMETRIC_REPRESENTATION_CONTEXT() REPRESENTATION_CONTEXT('2D SPACE',''
  ) );
#10949 = PCURVE('',#10799,#10950);
#10950 = DEFINITIONAL_REPRESENTATION('',(#10951),#10955);
#10951 = LINE('',#10952,#10953);
#10952 = CARTESIAN_POINT('',(0.,0.));
#10953 = VECTOR('',#10954,1.);
#10954 = DIRECTION('',(1.,0.));
#10955 = ( GEOMETRIC_REPRESENTATION_CONTEXT(2) 
PARAMETRIC_REPRESENTATION_CONTEXT() REPRESENTATION_CONTEXT('2D SPACE',''
  ) );
#10956 = ORIENTED_EDGE('',*,*,#10814,.F.);
#10957 = ADVANCED_FACE('',(#10958),#10773,.T.);
#10958 = FACE_BOUND('',#10959,.T.);
#10959 = EDGE_LOOP('',(#10960,#10981,#10982,#11003));
#10960 = ORIENTED_EDGE('',*,*,#10961,.F.);
#10961 = EDGE_CURVE('',#10730,#10845,#10962,.T.);
#10962 = SURFACE_CURVE('',#10963,(#10967,#10974),.PCURVE_S1.);
#10963 = LINE('',#10964,#10965);
#10964 = CARTESIAN_POINT('',(-45.,82.525,14.));
#10965 = VECTOR('',#10966,1.);
#10966 = DIRECTION('',(1.,0.,0.));
#10967 = PCURVE('',#10773,#10968);
#10968 = DEFINITIONAL_REPRESENTATION('',(#10969),#10973);
#10969 = LINE('',#10970,#10971);
#10970 = CARTESIAN_POINT('',(0.,0.));
#10971 = VECTOR('',#10972,1.);
#10972 = DIRECTION('',(0.,1.));
#10973 = ( GEOMETRIC_REPRESENTATION_CONTEXT(2) 
PARAMETRIC_REPRESENTATION_CONTEXT() REPRESENTATION_CONTEXT('2D SPACE',''
  ) );
#10974 = PCURVE('',#10745,#10975);
#10975 = DEFINITIONAL_REPRESENTATION('',(#10976),#10980);
#10976 = LINE('',#10977,#10978);
#10977 = CARTESIAN_POINT('',(0.,25.05));
#10978 = VECTOR('',#10979,1.);
#10979 = DIRECTION('',(1.,0.));
#10980 = ( GEOMETRIC_REPRESENTATION_CONTEXT(2) 
PARAMETRIC_REPRESENTATION_CONTEXT() REPRESENTATION_CONTEXT('2D SPACE',''
  ) );
#10981 = ORIENTED_EDGE('',*,*,#10757,.T.);
#10982 = ORIENTED_EDGE('',*,*,#10983,.T.);
#10983 = EDGE_CURVE('',#10758,#10868,#10984,.T.);
#10984 = SURFACE_CURVE('',#10985,(#10989,#10996),.PCURVE_S1.);
#10985 = LINE('',#10986,#10987);
#10986 = CARTESIAN_POINT('',(-45.,82.525,39.));
#10987 = VECTOR('',#10988,1.);
#10988 = DIRECTION('',(1.,0.,0.));
#10989 = PCURVE('',#10773,#10990);
#10990 = DEFINITIONAL_REPRESENTATION('',(#10991),#10995);
#10991 = LINE('',#10992,#10993);
#10992 = CARTESIAN_POINT('',(25.,0.));
#10993 = VECTOR('',#10994,1.);
#10994 = DIRECTION('',(0.,1.));
#10995 = ( GEOMETRIC_REPRESENTATION_CONTEXT(2) 
PARAMETRIC_REPRESENTATION_CONTEXT() REPRESENTATION_CONTEXT('2D SPACE',''
  ) );
#10996 = PCURVE('',#10799,#10997);
#10997 = DEFINITIONAL_REPRESENTATION('',(#10998),#11002);
#10998 = LINE('',#10999,#11000);
#10999 = CARTESIAN_POINT('',(0.,25.05));
#11000 = VECTOR('',#11001,1.);
#11001 = DIRECTION('',(1.,0.));
#11002 = ( GEOMETRIC_REPRESENTATION_CONTEXT(2) 
PARAMETRIC_REPRESENTATION_CONTEXT() REPRESENTATION_CONTEXT('2D SPACE',''
  ) );
#11003 = ORIENTED_EDGE('',*,*,#10867,.F.);
#11004 = ADVANCED_FACE('',(#11005),#10745,.F.);
#11005 = FACE_BOUND('',#11006,.F.);
#11006 = EDGE_LOOP('',(#11007,#11008,#11009,#11010));
#11007 = ORIENTED_EDGE('',*,*,#10729,.F.);
#11008 = ORIENTED_EDGE('',*,*,#10914,.T.);
#11009 = ORIENTED_EDGE('',*,*,#10844,.T.);
#11010 = ORIENTED_EDGE('',*,*,#10961,.F.);
#11011 = ADVANCED_FACE('',(#11012),#10799,.T.);
#11012 = FACE_BOUND('',#11013,.T.);
#11013 = EDGE_LOOP('',(#11014,#11015,#11016,#11017));
#11014 = ORIENTED_EDGE('',*,*,#10785,.F.);
#11015 = ORIENTED_EDGE('',*,*,#10936,.T.);
#11016 = ORIENTED_EDGE('',*,*,#10890,.T.);
#11017 = ORIENTED_EDGE('',*,*,#10983,.F.);
#11018 = ( GEOMETRIC_REPRESENTATION_CONTEXT(3) 
GLOBAL_UNCERTAINTY_ASSIGNED_CONTEXT((#11022)) 
GLOBAL_UNIT_ASSIGNED_CONTEXT((#11019,#11020,#11021)) 
REPRESENTATION_CONTEXT('Context #1',
  '3D Context with UNIT and UNCERTAINTY') );
#11019 = ( LENGTH_UNIT() NAMED_UNIT(*) SI_UNIT(.MILLI.,.METRE.) );
#11020 = ( NAMED_UNIT(*) PLANE_ANGLE_UNIT() SI_UNIT($,.RADIAN.) );
#11021 = ( NAMED_UNIT(*) SI_UNIT($,.STERADIAN.) SOLID_ANGLE_UNIT() );
#11022 = UNCERTAINTY_MEASURE_WITH_UNIT(LENGTH_MEASURE(1.E-07),#11019,
  'distance_accuracy_value','confusion accuracy');
#11023 = CONTEXT_DEPENDENT_SHAPE_REPRESENTATION(#11024,#11026);
#11024 = ( REPRESENTATION_RELATIONSHIP('','',#10687,#10) 
REPRESENTATION_RELATIONSHIP_WITH_TRANSFORMATION(#11025) 
SHAPE_REPRESENTATION_RELATIONSHIP() );
#11025 = ITEM_DEFINED_TRANSFORMATION('','',#11,#39);
#11026 = PRODUCT_DEFINITION_SHAPE('Placement','Placement of an item',
  #11027);
#11027 = NEXT_ASSEMBLY_USAGE_OCCURRENCE('10','','',#5,#10682,$);
#11028 = PRODUCT_RELATED_PRODUCT_CATEGORY('part',$,(#10684));
ENDSEC;
END-ISO-10303-21;
